Command: rustup run 1.52.1 cargo check --locked --offline --tests
Started: 2026-09-25T17:28:17.334846+00:00
STDOUT:

STDERR:
    Checking time v0.3.0-alpha-0 (/home/runner/work/_temp/upstream)
error[E0432]: unresolved import `crate::formatting`
 --> src/tests.rs:6:12
  |
6 | use crate::formatting::DigitCount;
  |            ^^^^^^^^^^ could not find `formatting` in the crate root

error[E0432]: unresolved import `time::macros`
 --> tests/integration/date.rs:6:11
  |
6 | use time::macros::{date, datetime, time};
  |           ^^^^^^ could not find `macros` in `time`

error[E0432]: unresolved imports `time::error::Format`, `time::error::IndeterminateOffset`, `time::error::InvalidFormatDescription`, `time::error::Parse`, `time::error::ParseFromDescription`, `time::error::TryFromParsed`
 --> tests/integration/error.rs:4:45
  |
4 |     ComponentRange, ConversionRange, Error, Format, IndeterminateOffset, InvalidFormatDescription,
  |                                             ^^^^^^  ^^^^^^^^^^^^^^^^^^^  ^^^^^^^^^^^^^^^^^^^^^^^^ no `InvalidFormatDescription` in `error`
  |                                             |       |
  |                                             |       no `IndeterminateOffset` in `error`
  |                                             no `Format` in `error`
5 |     Parse, ParseFromDescription, TryFromParsed,
  |     ^^^^^  ^^^^^^^^^^^^^^^^^^^^  ^^^^^^^^^^^^^ no `TryFromParsed` in `error`
  |     |      |
  |     |      no `ParseFromDescription` in `error`
  |     no `Parse` in `error`

error[E0433]: failed to resolve: could not find `format_description` in `time`
 --> tests/integration/error.rs:7:11
  |
7 | use time::format_description::modifier::{self, Padding};
  |           ^^^^^^^^^^^^^^^^^^ could not find `format_description` in `time`

error[E0432]: unresolved import `time::format_description`
 --> tests/integration/error.rs:7:11
  |
7 | use time::format_description::modifier::{self, Padding};
  |           ^^^^^^^^^^^^^^^^^^ could not find `format_description` in `time`

error[E0432]: unresolved import `time::format_description`
 --> tests/integration/error.rs:8:11
  |
8 | use time::format_description::{Component, FormatItem};
  |           ^^^^^^^^^^^^^^^^^^ could not find `format_description` in `time`

error[E0432]: unresolved import `time::macros`
 --> tests/integration/error.rs:9:11
  |
9 | use time::macros::format_description;
  |           ^^^^^^ could not find `macros` in `time`

error[E0432]: unresolved import `time::macros`
 --> tests/integration/formatting.rs:4:11
  |
4 | use time::macros::{date, datetime, format_description as fd, offset, time};
  |           ^^^^^^ could not find `macros` in `time`

error[E0433]: failed to resolve: could not find `format_description` in `time`
 --> tests/integration/parse_format_description.rs:2:15
  |
2 |     use time::format_description::modifier::{
  |               ^^^^^^^^^^^^^^^^^^ could not find `format_description` in `time`

error[E0432]: unresolved import `time::macros`
 --> tests/integration/offset_date_time.rs:5:11
  |
5 | use time::macros::{date, datetime, offset, time};
  |           ^^^^^^ could not find `macros` in `time`

error[E0432]: unresolved import `time::error::InvalidFormatDescription`
  --> tests/integration/parse_format_description.rs:82:5
   |
82 | use time::error::InvalidFormatDescription;
   |     ^^^^^^^^^^^^^^^^^^^^^^^^^^^^^^^^^^^^^ no `InvalidFormatDescription` in `error`

error[E0433]: failed to resolve: could not find `format_description` in `time`
  --> tests/integration/parse_format_description.rs:83:11
   |
83 | use time::format_description::modifier::{
   |           ^^^^^^^^^^^^^^^^^^ could not find `format_description` in `time`

error[E0432]: unresolved import `time::format_description`
  --> tests/integration/parse_format_description.rs:83:11
   |
83 | use time::format_description::modifier::{
   |           ^^^^^^^^^^^^^^^^^^ could not find `format_description` in `time`

error[E0432]: unresolved imports `time::format_description`, `time::format_description`
  --> tests/integration/parse_format_description.rs:86:11
   |
86 | use time::format_description::{self, Component, FormatItem};
   |           ^^^^^^^^^^^^^^^^^^   ^^^^ no `format_description` in the root
   |           |
   |           could not find `format_description` in `time`

error[E0432]: unresolved import `time::macros`
 --> tests/integration/parsing.rs:5:11
  |
5 | use time::macros::{date, datetime, time};
  |           ^^^^^^ could not find `macros` in `time`

error[E0432]: unresolved import `time::macros`
 --> tests/integration/primitive_date_time.rs:4:11
  |
4 | use time::macros::{date, datetime, offset, time};
  |           ^^^^^^ could not find `macros` in `time`

error[E0432]: unresolved import `time::macros`
 --> tests/integration/serde.rs:2:11
  |
2 | use time::macros::{date, datetime, offset, time};
  |           ^^^^^^ could not find `macros` in `time`

error[E0432]: unresolved import `time::macros`
 --> tests/integration/time.rs:2:11
  |
2 | use time::macros::time;
  |           ^^^^^^ could not find `macros` in `time`

error[E0432]: unresolved import `time::macros`
 --> tests/integration/utc_offset.rs:1:11
  |
1 | use time::macros::offset;
  |           ^^^^^^ could not find `macros` in `time`

error[E0432]: unresolved imports `quickcheck_dep`, `time::ext::NumericalDuration`, `time::ext::NumericalStdDuration`, `time::macros::date`, `time::macros::datetime`, `time::util`, `time::Date`, `time::Weekday`, `time::format_description::well_known::Rfc3339`, `time::macros::date`, `time::macros::datetime`, `time::macros::format_description`, `time::macros::offset`, `time::format_description`, `time::Time`, `time::ext::NumericalDuration`, `time::ext::NumericalStdDuration`, `time::macros::date`, `time::macros::datetime`, `time::macros::offset`, `time::Date`, `time::Duration`, `time::OffsetDateTime`, `time::Weekday`, `time::format_description::well_known::Rfc3339`, `time::format_description::modifier`, `time::format_description::Component`, `time::macros::date`, `time::macros::datetime`, `time::parsing::Parsed`, `time::format_description`, `time::Date`, `time::OffsetDateTime`, `time::Time`, `time::UtcOffset`, `time::Weekday`, `time::ext::NumericalDuration`, `time::ext::NumericalStdDuration`, `time::macros::date`, `time::macros::datetime`, `time::macros::offset`, `time::PrimitiveDateTime`, `time::Weekday`, `time::macros::date`, `time::macros::datetime`, `time::macros::offset`, `time::Duration`, `time::Time`, `time::Weekday`, `time::ext::NumericalDuration`, `time::ext::NumericalStdDuration`, `time::Result`, `time::Time`
 --> tests/integration/date.rs:5:17
  |
5 | use time::ext::{NumericalDuration, NumericalStdDuration};
  |                 ^^^^^^^^^^^^^^^^^  ^^^^^^^^^^^^^^^^^^^^
6 | use time::macros::{date, datetime, time};
  |                    ^^^^  ^^^^^^^^
7 | use time::{util, Date, Weekday};
  |            ^^^^  ^^^^  ^^^^^^^
  | 
 ::: tests/integration/quickcheck.rs:1:5
  |
1 | use quickcheck_dep::{quickcheck, Arbitrary, TestResult};
  |     ^^^^^^^^^^^^^^ use of undeclared crate or module `quickcheck_dep`
  | 
 ::: tests/integration/formatting.rs:3:5
  |
3 | use time::format_description::well_known::Rfc3339;
  |     ^^^^^^^^^^^^^^^^^^^^^^^^^^^^^^^^^^^^^^^^^^^^^
4 | use time::macros::{date, datetime, format_description as fd, offset, time};
  |                    ^^^^  ^^^^^^^^  ^^^^^^^^^^^^^^^^^^^^^^^^  ^^^^^^
5 | use time::{format_description, Time};
  |            ^^^^^^^^^^^^^^^^^^  ^^^^
  | 
 ::: tests/integration/offset_date_time.rs:4:17
  |
4 | use time::ext::{NumericalDuration, NumericalStdDuration};
  |                 ^^^^^^^^^^^^^^^^^  ^^^^^^^^^^^^^^^^^^^^
5 | use time::macros::{date, datetime, offset, time};
  |                    ^^^^  ^^^^^^^^  ^^^^^^
6 | use time::{Date, Duration, OffsetDateTime, Weekday};
  |            ^^^^  ^^^^^^^^  ^^^^^^^^^^^^^^  ^^^^^^^
  | 
 ::: tests/integration/parsing.rs:3:5
  |
3 | use time::format_description::well_known::Rfc3339;
  |     ^^^^^^^^^^^^^^^^^^^^^^^^^^^^^^^^^^^^^^^^^^^^^
4 | use time::format_description::{modifier, Component};
  |                                ^^^^^^^^  ^^^^^^^^^
5 | use time::macros::{date, datetime, time};
  |                    ^^^^  ^^^^^^^^
6 | use time::parsing::Parsed;
  |     ^^^^^^^^^^^^^^^^^^^^^
7 | use time::{format_description as fd, Date, OffsetDateTime, Time, UtcOffset, Weekday};
  |            ^^^^^^^^^^^^^^^^^^^^^^^^  ^^^^  ^^^^^^^^^^^^^^  ^^^^  ^^^^^^^^^  ^^^^^^^
  | 
 ::: tests/integration/primitive_date_time.rs:3:17
  |
3 | use time::ext::{NumericalDuration, NumericalStdDuration};
  |                 ^^^^^^^^^^^^^^^^^  ^^^^^^^^^^^^^^^^^^^^
4 | use time::macros::{date, datetime, offset, time};
  |                    ^^^^  ^^^^^^^^  ^^^^^^
5 | use time::{PrimitiveDateTime, Weekday};
  |            ^^^^^^^^^^^^^^^^^  ^^^^^^^
  | 
 ::: tests/integration/serde.rs:2:20
  |
2 | use time::macros::{date, datetime, offset, time};
  |                    ^^^^  ^^^^^^^^  ^^^^^^
3 | use time::{Duration, Time, Weekday};
  |            ^^^^^^^^  ^^^^  ^^^^^^^
  | 
 ::: tests/integration/time.rs:1:17
  |
1 | use time::ext::{NumericalDuration, NumericalStdDuration};
  |                 ^^^^^^^^^^^^^^^^^  ^^^^^^^^^^^^^^^^^^^^
2 | use time::macros::time;
3 | use time::{Result, Time};
  |            ^^^^^^  ^^^^

error[E0432]: unresolved import `Weekday`
   --> tests/integration/date.rs:430:9
    |
430 |     use Weekday::*;
    |         ^^^^^^^ use of undeclared type `Weekday`

error[E0432]: unresolved import `Weekday`
   --> tests/integration/date.rs:493:9
    |
493 |     use Weekday::*;
    |         ^^^^^^^ use of undeclared type `Weekday`

error[E0432]: unresolved import `Weekday`
   --> tests/integration/date.rs:503:9
    |
503 |     use Weekday::*;
    |         ^^^^^^^ use of undeclared type `Weekday`

error[E0432]: unresolved import `Weekday`
   --> tests/integration/offset_date_time.rs:212:9
    |
212 |     use Weekday::*;
    |         ^^^^^^^ use of undeclared type `Weekday`

error[E0432]: unresolved import `Weekday`
   --> tests/integration/offset_date_time.rs:237:9
    |
237 |     use Weekday::*;
    |         ^^^^^^^ use of undeclared type `Weekday`

error[E0432]: unresolved import `Weekday`
  --> tests/integration/primitive_date_time.rs:90:9
   |
90 |     use Weekday::*;
   |         ^^^^^^^ use of undeclared type `Weekday`

error[E0432]: unresolved import `Weekday`
   --> tests/integration/primitive_date_time.rs:115:9
    |
115 |     use Weekday::*;
    |         ^^^^^^^ use of undeclared type `Weekday`

error: cannot find macro `date` in this scope
  --> tests/integration/date.rs:12:25
   |
12 |         format!("{:?}", date!("2020-02-03")),
   |                         ^^^^

error: cannot find macro `date` in this scope
  --> tests/integration/date.rs:47:16
   |
47 |     assert_eq!(date!("2023-01-01").monday_based_week(), 0);
   |                ^^^^

error: cannot find macro `date` in this scope
  --> tests/integration/date.rs:48:16
   |
48 |     assert_eq!(date!("2023-01-02").monday_based_week(), 1);
   |                ^^^^

error: cannot find macro `date` in this scope
  --> tests/integration/date.rs:49:16
   |
49 |     assert_eq!(date!("2023-01-03").monday_based_week(), 1);
   |                ^^^^

error: cannot find macro `date` in this scope
  --> tests/integration/date.rs:50:16
   |
50 |     assert_eq!(date!("2023-01-04").monday_based_week(), 1);
   |                ^^^^

error: cannot find macro `date` in this scope
  --> tests/integration/date.rs:51:16
   |
51 |     assert_eq!(date!("2023-01-05").monday_based_week(), 1);
   |                ^^^^

error: cannot find macro `date` in this scope
  --> tests/integration/date.rs:52:16
   |
52 |     assert_eq!(date!("2023-01-06").monday_based_week(), 1);
   |                ^^^^

error: cannot find macro `date` in this scope
  --> tests/integration/date.rs:53:16
   |
53 |     assert_eq!(date!("2023-01-07").monday_based_week(), 1);
   |                ^^^^

error: cannot find macro `date` in this scope
  --> tests/integration/date.rs:56:16
   |
56 |     assert_eq!(date!("2022-01-01").monday_based_week(), 0);
   |                ^^^^

error: cannot find macro `date` in this scope
  --> tests/integration/date.rs:57:16
   |
57 |     assert_eq!(date!("2022-01-02").monday_based_week(), 0);
   |                ^^^^

error: cannot find macro `date` in this scope
  --> tests/integration/date.rs:58:16
   |
58 |     assert_eq!(date!("2022-01-03").monday_based_week(), 1);
   |                ^^^^

error: cannot find macro `date` in this scope
  --> tests/integration/date.rs:59:16
   |
59 |     assert_eq!(date!("2022-01-04").monday_based_week(), 1);
   |                ^^^^

error: cannot find macro `date` in this scope
  --> tests/integration/date.rs:60:16
   |
60 |     assert_eq!(date!("2022-01-05").monday_based_week(), 1);
   |                ^^^^

error: cannot find macro `date` in this scope
  --> tests/integration/date.rs:61:16
   |
61 |     assert_eq!(date!("2022-01-06").monday_based_week(), 1);
   |                ^^^^

error: cannot find macro `date` in this scope
  --> tests/integration/date.rs:62:16
   |
62 |     assert_eq!(date!("2022-01-07").monday_based_week(), 1);
   |                ^^^^

error: cannot find macro `date` in this scope
  --> tests/integration/date.rs:65:16
   |
65 |     assert_eq!(date!("2021-01-01").monday_based_week(), 0);
   |                ^^^^

error: cannot find macro `date` in this scope
  --> tests/integration/date.rs:66:16
   |
66 |     assert_eq!(date!("2021-01-02").monday_based_week(), 0);
   |                ^^^^

error: cannot find macro `date` in this scope
  --> tests/integration/date.rs:67:16
   |
67 |     assert_eq!(date!("2021-01-03").monday_based_week(), 0);
   |                ^^^^

error: cannot find macro `date` in this scope
  --> tests/integration/date.rs:68:16
   |
68 |     assert_eq!(date!("2021-01-04").monday_based_week(), 1);
   |                ^^^^

error: cannot find macro `date` in this scope
  --> tests/integration/date.rs:69:16
   |
69 |     assert_eq!(date!("2021-01-05").monday_based_week(), 1);
   |                ^^^^

error: cannot find macro `date` in this scope
  --> tests/integration/date.rs:70:16
   |
70 |     assert_eq!(date!("2021-01-06").monday_based_week(), 1);
   |                ^^^^

error: cannot find macro `date` in this scope
  --> tests/integration/date.rs:71:16
   |
71 |     assert_eq!(date!("2021-01-07").monday_based_week(), 1);
   |                ^^^^

error: cannot find macro `date` in this scope
  --> tests/integration/date.rs:74:16
   |
74 |     assert_eq!(date!("2026-01-01").monday_based_week(), 0);
   |                ^^^^

error: cannot find macro `date` in this scope
  --> tests/integration/date.rs:75:16
   |
75 |     assert_eq!(date!("2026-01-02").monday_based_week(), 0);
   |                ^^^^

error: cannot find macro `date` in this scope
  --> tests/integration/date.rs:76:16
   |
76 |     assert_eq!(date!("2026-01-03").monday_based_week(), 0);
   |                ^^^^

error: cannot find macro `date` in this scope
  --> tests/integration/date.rs:77:16
   |
77 |     assert_eq!(date!("2026-01-04").monday_based_week(), 0);
   |                ^^^^

error: cannot find macro `date` in this scope
  --> tests/integration/date.rs:78:16
   |
78 |     assert_eq!(date!("2026-01-05").monday_based_week(), 1);
   |                ^^^^

error: cannot find macro `date` in this scope
  --> tests/integration/date.rs:79:16
   |
79 |     assert_eq!(date!("2026-01-06").monday_based_week(), 1);
   |                ^^^^

error: cannot find macro `date` in this scope
  --> tests/integration/date.rs:80:16
   |
80 |     assert_eq!(date!("2026-01-07").monday_based_week(), 1);
   |                ^^^^

error: cannot find macro `date` in this scope
  --> tests/integration/date.rs:83:16
   |
83 |     assert_eq!(date!("2025-01-01").monday_based_week(), 0);
   |                ^^^^

error: cannot find macro `date` in this scope
  --> tests/integration/date.rs:84:16
   |
84 |     assert_eq!(date!("2025-01-02").monday_based_week(), 0);
   |                ^^^^

error: cannot find macro `date` in this scope
  --> tests/integration/date.rs:85:16
   |
85 |     assert_eq!(date!("2025-01-03").monday_based_week(), 0);
   |                ^^^^

error: cannot find macro `date` in this scope
  --> tests/integration/date.rs:86:16
   |
86 |     assert_eq!(date!("2025-01-04").monday_based_week(), 0);
   |                ^^^^

error: cannot find macro `date` in this scope
  --> tests/integration/date.rs:87:16
   |
87 |     assert_eq!(date!("2025-01-05").monday_based_week(), 0);
   |                ^^^^

error: cannot find macro `date` in this scope
  --> tests/integration/date.rs:88:16
   |
88 |     assert_eq!(date!("2025-01-06").monday_based_week(), 1);
   |                ^^^^

error: cannot find macro `date` in this scope
  --> tests/integration/date.rs:89:16
   |
89 |     assert_eq!(date!("2025-01-07").monday_based_week(), 1);
   |                ^^^^

error: cannot find macro `date` in this scope
  --> tests/integration/date.rs:92:16
   |
92 |     assert_eq!(date!("2019-01-01").monday_based_week(), 0);
   |                ^^^^

error: cannot find macro `date` in this scope
  --> tests/integration/date.rs:93:16
   |
93 |     assert_eq!(date!("2019-01-02").monday_based_week(), 0);
   |                ^^^^

error: cannot find macro `date` in this scope
  --> tests/integration/date.rs:94:16
   |
94 |     assert_eq!(date!("2019-01-03").monday_based_week(), 0);
   |                ^^^^

error: cannot find macro `date` in this scope
  --> tests/integration/date.rs:95:16
   |
95 |     assert_eq!(date!("2019-01-04").monday_based_week(), 0);
   |                ^^^^

error: cannot find macro `date` in this scope
  --> tests/integration/date.rs:96:16
   |
96 |     assert_eq!(date!("2019-01-05").monday_based_week(), 0);
   |                ^^^^

error: cannot find macro `date` in this scope
  --> tests/integration/date.rs:97:16
   |
97 |     assert_eq!(date!("2019-01-06").monday_based_week(), 0);
   |                ^^^^

error: cannot find macro `date` in this scope
  --> tests/integration/date.rs:98:16
   |
98 |     assert_eq!(date!("2019-01-07").monday_based_week(), 1);
   |                ^^^^

error: cannot find macro `date` in this scope
   --> tests/integration/date.rs:101:16
    |
101 |     assert_eq!(date!("2018-01-01").monday_based_week(), 1);
    |                ^^^^

error: cannot find macro `date` in this scope
   --> tests/integration/date.rs:102:16
    |
102 |     assert_eq!(date!("2018-01-02").monday_based_week(), 1);
    |                ^^^^

error: cannot find macro `date` in this scope
   --> tests/integration/date.rs:103:16
    |
103 |     assert_eq!(date!("2018-01-03").monday_based_week(), 1);
    |                ^^^^

error: cannot find macro `date` in this scope
   --> tests/integration/date.rs:104:16
    |
104 |     assert_eq!(date!("2018-01-04").monday_based_week(), 1);
    |                ^^^^

error: cannot find macro `date` in this scope
   --> tests/integration/date.rs:105:16
    |
105 |     assert_eq!(date!("2018-01-05").monday_based_week(), 1);
    |                ^^^^

error: cannot find macro `date` in this scope
   --> tests/integration/date.rs:106:16
    |
106 |     assert_eq!(date!("2018-01-06").monday_based_week(), 1);
    |                ^^^^

error: cannot find macro `date` in this scope
   --> tests/integration/date.rs:107:16
    |
107 |     assert_eq!(date!("2018-01-07").monday_based_week(), 1);
    |                ^^^^

error: cannot find macro `date` in this scope
   --> tests/integration/date.rs:110:16
    |
110 |     assert_eq!(date!("2012-01-01").monday_based_week(), 0);
    |                ^^^^

error: cannot find macro `date` in this scope
   --> tests/integration/date.rs:111:16
    |
111 |     assert_eq!(date!("2012-01-02").monday_based_week(), 1);
    |                ^^^^

error: cannot find macro `date` in this scope
   --> tests/integration/date.rs:112:16
    |
112 |     assert_eq!(date!("2012-01-03").monday_based_week(), 1);
    |                ^^^^

error: cannot find macro `date` in this scope
   --> tests/integration/date.rs:113:16
    |
113 |     assert_eq!(date!("2012-01-04").monday_based_week(), 1);
    |                ^^^^

error: cannot find macro `date` in this scope
   --> tests/integration/date.rs:114:16
    |
114 |     assert_eq!(date!("2012-01-05").monday_based_week(), 1);
    |                ^^^^

error: cannot find macro `date` in this scope
   --> tests/integration/date.rs:115:16
    |
115 |     assert_eq!(date!("2012-01-06").monday_based_week(), 1);
    |                ^^^^

error: cannot find macro `date` in this scope
   --> tests/integration/date.rs:116:16
    |
116 |     assert_eq!(date!("2012-01-07").monday_based_week(), 1);
    |                ^^^^

error: cannot find macro `date` in this scope
   --> tests/integration/date.rs:117:16
    |
117 |     assert_eq!(date!("2012-02-28").monday_based_week(), 9);
    |                ^^^^

error: cannot find macro `date` in this scope
   --> tests/integration/date.rs:118:16
    |
118 |     assert_eq!(date!("2012-02-29").monday_based_week(), 9);
    |                ^^^^

error: cannot find macro `date` in this scope
   --> tests/integration/date.rs:119:16
    |
119 |     assert_eq!(date!("2012-03-01").monday_based_week(), 9);
    |                ^^^^

error: cannot find macro `date` in this scope
   --> tests/integration/date.rs:120:16
    |
120 |     assert_eq!(date!("2012-03-02").monday_based_week(), 9);
    |                ^^^^

error: cannot find macro `date` in this scope
   --> tests/integration/date.rs:121:16
    |
121 |     assert_eq!(date!("2012-03-03").monday_based_week(), 9);
    |                ^^^^

error: cannot find macro `date` in this scope
   --> tests/integration/date.rs:122:16
    |
122 |     assert_eq!(date!("2012-03-04").monday_based_week(), 9);
    |                ^^^^

error: cannot find macro `date` in this scope
   --> tests/integration/date.rs:123:16
    |
123 |     assert_eq!(date!("2012-03-05").monday_based_week(), 10);
    |                ^^^^

error: cannot find macro `date` in this scope
   --> tests/integration/date.rs:124:16
    |
124 |     assert_eq!(date!("2012-03-06").monday_based_week(), 10);
    |                ^^^^

error: cannot find macro `date` in this scope
   --> tests/integration/date.rs:125:16
    |
125 |     assert_eq!(date!("2012-03-07").monday_based_week(), 10);
    |                ^^^^

error: cannot find macro `date` in this scope
   --> tests/integration/date.rs:128:16
    |
128 |     assert_eq!(date!("2028-01-01").monday_based_week(), 0);
    |                ^^^^

error: cannot find macro `date` in this scope
   --> tests/integration/date.rs:129:16
    |
129 |     assert_eq!(date!("2028-01-02").monday_based_week(), 0);
    |                ^^^^

error: cannot find macro `date` in this scope
   --> tests/integration/date.rs:130:16
    |
130 |     assert_eq!(date!("2028-01-03").monday_based_week(), 1);
    |                ^^^^

error: cannot find macro `date` in this scope
   --> tests/integration/date.rs:131:16
    |
131 |     assert_eq!(date!("2028-01-04").monday_based_week(), 1);
    |                ^^^^

error: cannot find macro `date` in this scope
   --> tests/integration/date.rs:132:16
    |
132 |     assert_eq!(date!("2028-01-05").monday_based_week(), 1);
    |                ^^^^

error: cannot find macro `date` in this scope
   --> tests/integration/date.rs:133:16
    |
133 |     assert_eq!(date!("2028-01-06").monday_based_week(), 1);
    |                ^^^^

error: cannot find macro `date` in this scope
   --> tests/integration/date.rs:134:16
    |
134 |     assert_eq!(date!("2028-01-07").monday_based_week(), 1);
    |                ^^^^

error: cannot find macro `date` in this scope
   --> tests/integration/date.rs:135:16
    |
135 |     assert_eq!(date!("2028-02-28").monday_based_week(), 9);
    |                ^^^^

error: cannot find macro `date` in this scope
   --> tests/integration/date.rs:136:16
    |
136 |     assert_eq!(date!("2028-02-29").monday_based_week(), 9);
    |                ^^^^

error: cannot find macro `date` in this scope
   --> tests/integration/date.rs:137:16
    |
137 |     assert_eq!(date!("2028-03-01").monday_based_week(), 9);
    |                ^^^^

error: cannot find macro `date` in this scope
   --> tests/integration/date.rs:138:16
    |
138 |     assert_eq!(date!("2028-03-02").monday_based_week(), 9);
    |                ^^^^

error: cannot find macro `date` in this scope
   --> tests/integration/date.rs:139:16
    |
139 |     assert_eq!(date!("2028-03-03").monday_based_week(), 9);
    |                ^^^^

error: cannot find macro `date` in this scope
   --> tests/integration/date.rs:140:16
    |
140 |     assert_eq!(date!("2028-03-04").monday_based_week(), 9);
    |                ^^^^

error: cannot find macro `date` in this scope
   --> tests/integration/date.rs:141:16
    |
141 |     assert_eq!(date!("2028-03-05").monday_based_week(), 9);
    |                ^^^^

error: cannot find macro `date` in this scope
   --> tests/integration/date.rs:142:16
    |
142 |     assert_eq!(date!("2028-03-06").monday_based_week(), 10);
    |                ^^^^

error: cannot find macro `date` in this scope
   --> tests/integration/date.rs:143:16
    |
143 |     assert_eq!(date!("2028-03-07").monday_based_week(), 10);
    |                ^^^^

error: cannot find macro `date` in this scope
   --> tests/integration/date.rs:146:16
    |
146 |     assert_eq!(date!("2016-01-01").monday_based_week(), 0);
    |                ^^^^

error: cannot find macro `date` in this scope
   --> tests/integration/date.rs:147:16
    |
147 |     assert_eq!(date!("2016-01-02").monday_based_week(), 0);
    |                ^^^^

error: cannot find macro `date` in this scope
   --> tests/integration/date.rs:148:16
    |
148 |     assert_eq!(date!("2016-01-03").monday_based_week(), 0);
    |                ^^^^

error: cannot find macro `date` in this scope
   --> tests/integration/date.rs:149:16
    |
149 |     assert_eq!(date!("2016-01-04").monday_based_week(), 1);
    |                ^^^^

error: cannot find macro `date` in this scope
   --> tests/integration/date.rs:150:16
    |
150 |     assert_eq!(date!("2016-01-05").monday_based_week(), 1);
    |                ^^^^

error: cannot find macro `date` in this scope
   --> tests/integration/date.rs:151:16
    |
151 |     assert_eq!(date!("2016-01-06").monday_based_week(), 1);
    |                ^^^^

error: cannot find macro `date` in this scope
   --> tests/integration/date.rs:152:16
    |
152 |     assert_eq!(date!("2016-01-07").monday_based_week(), 1);
    |                ^^^^

error: cannot find macro `date` in this scope
   --> tests/integration/date.rs:153:16
    |
153 |     assert_eq!(date!("2016-02-28").monday_based_week(), 8);
    |                ^^^^

error: cannot find macro `date` in this scope
   --> tests/integration/date.rs:154:16
    |
154 |     assert_eq!(date!("2016-02-29").monday_based_week(), 9);
    |                ^^^^

error: cannot find macro `date` in this scope
   --> tests/integration/date.rs:155:16
    |
155 |     assert_eq!(date!("2016-03-01").monday_based_week(), 9);
    |                ^^^^

error: cannot find macro `date` in this scope
   --> tests/integration/date.rs:156:16
    |
156 |     assert_eq!(date!("2016-03-02").monday_based_week(), 9);
    |                ^^^^

error: cannot find macro `date` in this scope
   --> tests/integration/date.rs:157:16
    |
157 |     assert_eq!(date!("2016-03-03").monday_based_week(), 9);
    |                ^^^^

error: cannot find macro `date` in this scope
   --> tests/integration/date.rs:158:16
    |
158 |     assert_eq!(date!("2016-03-04").monday_based_week(), 9);
    |                ^^^^

error: cannot find macro `date` in this scope
   --> tests/integration/date.rs:159:16
    |
159 |     assert_eq!(date!("2016-03-05").monday_based_week(), 9);
    |                ^^^^

error: cannot find macro `date` in this scope
   --> tests/integration/date.rs:160:16
    |
160 |     assert_eq!(date!("2016-03-06").monday_based_week(), 9);
    |                ^^^^

error: cannot find macro `date` in this scope
   --> tests/integration/date.rs:161:16
    |
161 |     assert_eq!(date!("2016-03-07").monday_based_week(), 10);
    |                ^^^^

error: cannot find macro `date` in this scope
   --> tests/integration/date.rs:164:16
    |
164 |     assert_eq!(date!("2032-01-01").monday_based_week(), 0);
    |                ^^^^

error: cannot find macro `date` in this scope
   --> tests/integration/date.rs:165:16
    |
165 |     assert_eq!(date!("2032-01-02").monday_based_week(), 0);
    |                ^^^^

error: cannot find macro `date` in this scope
   --> tests/integration/date.rs:166:16
    |
166 |     assert_eq!(date!("2032-01-03").monday_based_week(), 0);
    |                ^^^^

error: cannot find macro `date` in this scope
   --> tests/integration/date.rs:167:16
    |
167 |     assert_eq!(date!("2032-01-04").monday_based_week(), 0);
    |                ^^^^

error: cannot find macro `date` in this scope
   --> tests/integration/date.rs:168:16
    |
168 |     assert_eq!(date!("2032-01-05").monday_based_week(), 1);
    |                ^^^^

error: cannot find macro `date` in this scope
   --> tests/integration/date.rs:169:16
    |
169 |     assert_eq!(date!("2032-01-06").monday_based_week(), 1);
    |                ^^^^

error: cannot find macro `date` in this scope
   --> tests/integration/date.rs:170:16
    |
170 |     assert_eq!(date!("2032-01-07").monday_based_week(), 1);
    |                ^^^^

error: cannot find macro `date` in this scope
   --> tests/integration/date.rs:171:16
    |
171 |     assert_eq!(date!("2032-02-28").monday_based_week(), 8);
    |                ^^^^

error: cannot find macro `date` in this scope
   --> tests/integration/date.rs:172:16
    |
172 |     assert_eq!(date!("2032-02-29").monday_based_week(), 8);
    |                ^^^^

error: cannot find macro `date` in this scope
   --> tests/integration/date.rs:173:16
    |
173 |     assert_eq!(date!("2032-03-01").monday_based_week(), 9);
    |                ^^^^

error: cannot find macro `date` in this scope
   --> tests/integration/date.rs:174:16
    |
174 |     assert_eq!(date!("2032-03-02").monday_based_week(), 9);
    |                ^^^^

error: cannot find macro `date` in this scope
   --> tests/integration/date.rs:175:16
    |
175 |     assert_eq!(date!("2032-03-03").monday_based_week(), 9);
    |                ^^^^

error: cannot find macro `date` in this scope
   --> tests/integration/date.rs:176:16
    |
176 |     assert_eq!(date!("2032-03-04").monday_based_week(), 9);
    |                ^^^^

error: cannot find macro `date` in this scope
   --> tests/integration/date.rs:177:16
    |
177 |     assert_eq!(date!("2032-03-05").monday_based_week(), 9);
    |                ^^^^

error: cannot find macro `date` in this scope
   --> tests/integration/date.rs:178:16
    |
178 |     assert_eq!(date!("2032-03-06").monday_based_week(), 9);
    |                ^^^^

error: cannot find macro `date` in this scope
   --> tests/integration/date.rs:179:16
    |
179 |     assert_eq!(date!("2032-03-07").monday_based_week(), 9);
    |                ^^^^

error: cannot find macro `date` in this scope
   --> tests/integration/date.rs:182:16
    |
182 |     assert_eq!(date!("2020-01-01").monday_based_week(), 0);
    |                ^^^^

error: cannot find macro `date` in this scope
   --> tests/integration/date.rs:183:16
    |
183 |     assert_eq!(date!("2020-01-02").monday_based_week(), 0);
    |                ^^^^

error: cannot find macro `date` in this scope
   --> tests/integration/date.rs:184:16
    |
184 |     assert_eq!(date!("2020-01-03").monday_based_week(), 0);
    |                ^^^^

error: cannot find macro `date` in this scope
   --> tests/integration/date.rs:185:16
    |
185 |     assert_eq!(date!("2020-01-04").monday_based_week(), 0);
    |                ^^^^

error: cannot find macro `date` in this scope
   --> tests/integration/date.rs:186:16
    |
186 |     assert_eq!(date!("2020-01-05").monday_based_week(), 0);
    |                ^^^^

error: cannot find macro `date` in this scope
   --> tests/integration/date.rs:187:16
    |
187 |     assert_eq!(date!("2020-01-06").monday_based_week(), 1);
    |                ^^^^

error: cannot find macro `date` in this scope
   --> tests/integration/date.rs:188:16
    |
188 |     assert_eq!(date!("2020-01-07").monday_based_week(), 1);
    |                ^^^^

error: cannot find macro `date` in this scope
   --> tests/integration/date.rs:189:16
    |
189 |     assert_eq!(date!("2020-02-28").monday_based_week(), 8);
    |                ^^^^

error: cannot find macro `date` in this scope
   --> tests/integration/date.rs:190:16
    |
190 |     assert_eq!(date!("2020-02-29").monday_based_week(), 8);
    |                ^^^^

error: cannot find macro `date` in this scope
   --> tests/integration/date.rs:191:16
    |
191 |     assert_eq!(date!("2020-03-01").monday_based_week(), 8);
    |                ^^^^

error: cannot find macro `date` in this scope
   --> tests/integration/date.rs:192:16
    |
192 |     assert_eq!(date!("2020-03-02").monday_based_week(), 9);
    |                ^^^^

error: cannot find macro `date` in this scope
   --> tests/integration/date.rs:193:16
    |
193 |     assert_eq!(date!("2020-03-03").monday_based_week(), 9);
    |                ^^^^

error: cannot find macro `date` in this scope
   --> tests/integration/date.rs:194:16
    |
194 |     assert_eq!(date!("2020-03-04").monday_based_week(), 9);
    |                ^^^^

error: cannot find macro `date` in this scope
   --> tests/integration/date.rs:195:16
    |
195 |     assert_eq!(date!("2020-03-05").monday_based_week(), 9);
    |                ^^^^

error: cannot find macro `date` in this scope
   --> tests/integration/date.rs:196:16
    |
196 |     assert_eq!(date!("2020-03-06").monday_based_week(), 9);
    |                ^^^^

error: cannot find macro `date` in this scope
   --> tests/integration/date.rs:197:16
    |
197 |     assert_eq!(date!("2020-03-07").monday_based_week(), 9);
    |                ^^^^

error: cannot find macro `date` in this scope
   --> tests/integration/date.rs:200:16
    |
200 |     assert_eq!(date!("2036-01-01").monday_based_week(), 0);
    |                ^^^^

error: cannot find macro `date` in this scope
   --> tests/integration/date.rs:201:16
    |
201 |     assert_eq!(date!("2036-01-02").monday_based_week(), 0);
    |                ^^^^

error: cannot find macro `date` in this scope
   --> tests/integration/date.rs:202:16
    |
202 |     assert_eq!(date!("2036-01-03").monday_based_week(), 0);
    |                ^^^^

error[E0599]: no method named `num_digits` found for type `u8` in the current scope
  --> src/tests.rs:11:21
   |
11 |     assert_eq!(1_u8.num_digits(), 1);
   |                     ^^^^^^^^^^ method not found in `u8`

error: cannot find macro `date` in this scope
   --> tests/integration/date.rs:203:16
    |
203 |     assert_eq!(date!("2036-01-04").monday_based_week(), 0);
    |                ^^^^

error[E0599]: no method named `num_digits` found for type `u8` in the current scope
  --> src/tests.rs:12:22
   |
12 |     assert_eq!(10_u8.num_digits(), 2);
   |                      ^^^^^^^^^^ method not found in `u8`

error: cannot find macro `date` in this scope
   --> tests/integration/date.rs:204:16
    |
204 |     assert_eq!(date!("2036-01-05").monday_based_week(), 0);
    |                ^^^^

error[E0599]: no method named `num_digits` found for type `u8` in the current scope
  --> src/tests.rs:13:23
   |
13 |     assert_eq!(100_u8.num_digits(), 3);
   |                       ^^^^^^^^^^ method not found in `u8`

error: cannot find macro `date` in this scope
   --> tests/integration/date.rs:205:16
    |
205 |     assert_eq!(date!("2036-01-06").monday_based_week(), 0);
    |                ^^^^

error[E0599]: no method named `num_digits` found for type `u16` in the current scope
  --> src/tests.rs:15:22
   |
15 |     assert_eq!(1_u16.num_digits(), 1);
   |                      ^^^^^^^^^^ method not found in `u16`

error: cannot find macro `date` in this scope
   --> tests/integration/date.rs:206:16
    |
206 |     assert_eq!(date!("2036-01-07").monday_based_week(), 1);
    |                ^^^^

error[E0599]: no method named `num_digits` found for type `u16` in the current scope
  --> src/tests.rs:16:23
   |
16 |     assert_eq!(10_u16.num_digits(), 2);
   |                       ^^^^^^^^^^ method not found in `u16`

error: cannot find macro `date` in this scope
   --> tests/integration/date.rs:207:16
    |
207 |     assert_eq!(date!("2036-02-28").monday_based_week(), 8);
    |                ^^^^

error[E0599]: no method named `num_digits` found for type `u16` in the current scope
  --> src/tests.rs:17:24
   |
17 |     assert_eq!(100_u16.num_digits(), 3);
   |                        ^^^^^^^^^^ method not found in `u16`

error: cannot find macro `date` in this scope
   --> tests/integration/date.rs:208:16
    |
208 |     assert_eq!(date!("2036-02-29").monday_based_week(), 8);
    |                ^^^^

error[E0599]: no method named `num_digits` found for type `u16` in the current scope
  --> src/tests.rs:18:26
   |
18 |     assert_eq!(1_000_u16.num_digits(), 4);
   |                          ^^^^^^^^^^ method not found in `u16`

error: cannot find macro `date` in this scope
   --> tests/integration/date.rs:209:16
    |
209 |     assert_eq!(date!("2036-03-01").monday_based_week(), 8);
    |                ^^^^

error[E0599]: no method named `num_digits` found for type `u16` in the current scope
  --> src/tests.rs:19:27
   |
19 |     assert_eq!(10_000_u16.num_digits(), 5);
   |                           ^^^^^^^^^^ method not found in `u16`

error: cannot find macro `date` in this scope
   --> tests/integration/date.rs:210:16
    |
210 |     assert_eq!(date!("2036-03-02").monday_based_week(), 8);
    |                ^^^^

error[E0599]: no method named `num_digits` found for type `u32` in the current scope
  --> src/tests.rs:21:22
   |
21 |     assert_eq!(1_u32.num_digits(), 1);
   |                      ^^^^^^^^^^ method not found in `u32`

error: cannot find macro `date` in this scope
   --> tests/integration/date.rs:211:16
    |
211 |     assert_eq!(date!("2036-03-03").monday_based_week(), 9);
    |                ^^^^

error[E0599]: no method named `num_digits` found for type `u32` in the current scope
  --> src/tests.rs:22:23
   |
22 |     assert_eq!(10_u32.num_digits(), 2);
   |                       ^^^^^^^^^^ method not found in `u32`

error: cannot find macro `date` in this scope
   --> tests/integration/date.rs:212:16
    |
212 |     assert_eq!(date!("2036-03-04").monday_based_week(), 9);
    |                ^^^^

error[E0599]: no method named `num_digits` found for type `u32` in the current scope
  --> src/tests.rs:23:24
   |
23 |     assert_eq!(100_u32.num_digits(), 3);
   |                        ^^^^^^^^^^ method not found in `u32`

error: cannot find macro `date` in this scope
   --> tests/integration/date.rs:213:16
    |
213 |     assert_eq!(date!("2036-03-05").monday_based_week(), 9);
    |                ^^^^

error[E0599]: no method named `num_digits` found for type `u32` in the current scope
  --> src/tests.rs:24:26
   |
24 |     assert_eq!(1_000_u32.num_digits(), 4);
   |                          ^^^^^^^^^^ method not found in `u32`

error: cannot find macro `date` in this scope
   --> tests/integration/date.rs:214:16
    |
214 |     assert_eq!(date!("2036-03-06").monday_based_week(), 9);
    |                ^^^^

error[E0599]: no method named `num_digits` found for type `u32` in the current scope
  --> src/tests.rs:25:27
   |
25 |     assert_eq!(10_000_u32.num_digits(), 5);
   |                           ^^^^^^^^^^ method not found in `u32`

error: cannot find macro `date` in this scope
   --> tests/integration/date.rs:215:16
    |
215 |     assert_eq!(date!("2036-03-07").monday_based_week(), 9);
    |                ^^^^

error[E0599]: no method named `num_digits` found for type `u32` in the current scope
  --> src/tests.rs:26:28
   |
26 |     assert_eq!(100_000_u32.num_digits(), 6);
   |                            ^^^^^^^^^^ method not found in `u32`

error: cannot find macro `date` in this scope
   --> tests/integration/date.rs:218:16
    |
218 |     assert_eq!(date!("2024-01-01").monday_based_week(), 1);
    |                ^^^^

error[E0599]: no method named `num_digits` found for type `u32` in the current scope
  --> src/tests.rs:27:30
   |
27 |     assert_eq!(1_000_000_u32.num_digits(), 7);
   |                              ^^^^^^^^^^ method not found in `u32`

error: cannot find macro `date` in this scope
   --> tests/integration/date.rs:219:16
    |
219 |     assert_eq!(date!("2024-01-02").monday_based_week(), 1);
    |                ^^^^

error[E0599]: no method named `num_digits` found for type `u32` in the current scope
  --> src/tests.rs:28:31
   |
28 |     assert_eq!(10_000_000_u32.num_digits(), 8);
   |                               ^^^^^^^^^^ method not found in `u32`

error: cannot find macro `date` in this scope
   --> tests/integration/date.rs:220:16
    |
220 |     assert_eq!(date!("2024-01-03").monday_based_week(), 1);
    |                ^^^^

error[E0599]: no method named `num_digits` found for type `u32` in the current scope
  --> src/tests.rs:29:32
   |
29 |     assert_eq!(100_000_000_u32.num_digits(), 9);
   |                                ^^^^^^^^^^ method not found in `u32`

error: cannot find macro `date` in this scope
   --> tests/integration/date.rs:221:16
    |
221 |     assert_eq!(date!("2024-01-04").monday_based_week(), 1);
    |                ^^^^

error[E0599]: no method named `num_digits` found for type `u32` in the current scope
  --> src/tests.rs:30:34
   |
30 |     assert_eq!(1_000_000_000_u32.num_digits(), 10);
   |                                  ^^^^^^^^^^ method not found in `u32`

error: cannot find macro `date` in this scope
   --> tests/integration/date.rs:222:16
    |
222 |     assert_eq!(date!("2024-01-05").monday_based_week(), 1);
    |                ^^^^

error: cannot find macro `date` in this scope
   --> tests/integration/date.rs:223:16
    |
223 |     assert_eq!(date!("2024-01-06").monday_based_week(), 1);
    |                ^^^^

error: cannot find macro `date` in this scope
   --> tests/integration/date.rs:224:16
    |
224 |     assert_eq!(date!("2024-01-07").monday_based_week(), 1);
    |                ^^^^

error: cannot find macro `date` in this scope
   --> tests/integration/date.rs:225:16
    |
225 |     assert_eq!(date!("2024-02-28").monday_based_week(), 9);
    |                ^^^^

error: cannot find macro `date` in this scope
   --> tests/integration/date.rs:226:16
    |
226 |     assert_eq!(date!("2024-02-29").monday_based_week(), 9);
    |                ^^^^

error: cannot find macro `date` in this scope
   --> tests/integration/date.rs:227:16
    |
227 |     assert_eq!(date!("2024-03-01").monday_based_week(), 9);
    |                ^^^^

error: cannot find macro `date` in this scope
   --> tests/integration/date.rs:228:16
    |
228 |     assert_eq!(date!("2024-03-02").monday_based_week(), 9);
    |                ^^^^

error: cannot find macro `date` in this scope
   --> tests/integration/date.rs:229:16
    |
229 |     assert_eq!(date!("2024-03-03").monday_based_week(), 9);
    |                ^^^^

error: cannot find macro `date` in this scope
   --> tests/integration/date.rs:230:16
    |
230 |     assert_eq!(date!("2024-03-04").monday_based_week(), 10);
    |                ^^^^

error: cannot find macro `date` in this scope
   --> tests/integration/date.rs:231:16
    |
231 |     assert_eq!(date!("2024-03-05").monday_based_week(), 10);
    |                ^^^^

error: cannot find macro `date` in this scope
   --> tests/integration/date.rs:232:16
    |
232 |     assert_eq!(date!("2024-03-06").monday_based_week(), 10);
    |                ^^^^

error: cannot find macro `date` in this scope
   --> tests/integration/date.rs:233:16
    |
233 |     assert_eq!(date!("2024-03-07").monday_based_week(), 10);
    |                ^^^^

error: cannot find macro `date` in this scope
   --> tests/integration/date.rs:239:16
    |
239 |     assert_eq!(date!("2023-01-01").sunday_based_week(), 1);
    |                ^^^^

error: cannot find macro `date` in this scope
   --> tests/integration/date.rs:240:16
    |
240 |     assert_eq!(date!("2023-01-02").sunday_based_week(), 1);
    |                ^^^^

error: cannot find macro `date` in this scope
   --> tests/integration/date.rs:241:16
    |
241 |     assert_eq!(date!("2023-01-03").sunday_based_week(), 1);
    |                ^^^^

error: cannot find macro `date` in this scope
   --> tests/integration/date.rs:242:16
    |
242 |     assert_eq!(date!("2023-01-04").sunday_based_week(), 1);
    |                ^^^^

error: cannot find macro `date` in this scope
   --> tests/integration/date.rs:243:16
    |
243 |     assert_eq!(date!("2023-01-05").sunday_based_week(), 1);
    |                ^^^^

error: cannot find macro `date` in this scope
   --> tests/integration/date.rs:244:16
    |
244 |     assert_eq!(date!("2023-01-06").sunday_based_week(), 1);
    |                ^^^^

error: cannot find macro `date` in this scope
   --> tests/integration/date.rs:245:16
    |
245 |     assert_eq!(date!("2023-01-07").sunday_based_week(), 1);
    |                ^^^^

error: cannot find macro `date` in this scope
   --> tests/integration/date.rs:248:16
    |
248 |     assert_eq!(date!("2022-01-01").sunday_based_week(), 0);
    |                ^^^^

error: cannot find macro `date` in this scope
   --> tests/integration/date.rs:249:16
    |
249 |     assert_eq!(date!("2022-01-02").sunday_based_week(), 1);
    |                ^^^^

error: cannot find macro `date` in this scope
   --> tests/integration/date.rs:250:16
    |
250 |     assert_eq!(date!("2022-01-03").sunday_based_week(), 1);
    |                ^^^^

error: cannot find macro `date` in this scope
   --> tests/integration/date.rs:251:16
    |
251 |     assert_eq!(date!("2022-01-04").sunday_based_week(), 1);
    |                ^^^^

error: cannot find macro `date` in this scope
   --> tests/integration/date.rs:252:16
    |
252 |     assert_eq!(date!("2022-01-05").sunday_based_week(), 1);
    |                ^^^^

error: cannot find macro `date` in this scope
   --> tests/integration/date.rs:253:16
    |
253 |     assert_eq!(date!("2022-01-06").sunday_based_week(), 1);
    |                ^^^^

error: cannot find macro `date` in this scope
   --> tests/integration/date.rs:254:16
    |
254 |     assert_eq!(date!("2022-01-07").sunday_based_week(), 1);
    |                ^^^^

error: cannot find macro `date` in this scope
   --> tests/integration/date.rs:257:16
    |
257 |     assert_eq!(date!("2021-01-01").sunday_based_week(), 0);
    |                ^^^^

error: aborting due to 19 previous errors

Some errors have detailed explanations: E0432, E0599.
For more information about an error, try `rustc --explain E0432`.
error: cannot find macro `date` in this scope
   --> tests/integration/date.rs:258:16
    |
258 |     assert_eq!(date!("2021-01-02").sunday_based_week(), 0);
    |                ^^^^

error: cannot find macro `date` in this scope
   --> tests/integration/date.rs:259:16
    |
259 |     assert_eq!(date!("2021-01-03").sunday_based_week(), 1);
    |                ^^^^

error: cannot find macro `date` in this scope
   --> tests/integration/date.rs:260:16
    |
260 |     assert_eq!(date!("2021-01-04").sunday_based_week(), 1);
    |                ^^^^

error: could not compile `time`

To learn more, run the command again with --verbose.
warning: build failed, waiting for other jobs to finish...
error: cannot find macro `date` in this scope
   --> tests/integration/date.rs:261:16
    |
261 |     assert_eq!(date!("2021-01-05").sunday_based_week(), 1);
    |                ^^^^

error: cannot find macro `date` in this scope
   --> tests/integration/date.rs:262:16
    |
262 |     assert_eq!(date!("2021-01-06").sunday_based_week(), 1);
    |                ^^^^

error: cannot find macro `date` in this scope
   --> tests/integration/date.rs:263:16
    |
263 |     assert_eq!(date!("2021-01-07").sunday_based_week(), 1);
    |                ^^^^

error: cannot find macro `date` in this scope
   --> tests/integration/date.rs:266:16
    |
266 |     assert_eq!(date!("2026-01-01").sunday_based_week(), 0);
    |                ^^^^

error: cannot find macro `date` in this scope
   --> tests/integration/date.rs:267:16
    |
267 |     assert_eq!(date!("2026-01-02").sunday_based_week(), 0);
    |                ^^^^

error: cannot find macro `date` in this scope
   --> tests/integration/date.rs:268:16
    |
268 |     assert_eq!(date!("2026-01-03").sunday_based_week(), 0);
    |                ^^^^

error: cannot find macro `date` in this scope
   --> tests/integration/date.rs:269:16
    |
269 |     assert_eq!(date!("2026-01-04").sunday_based_week(), 1);
    |                ^^^^

error: cannot find macro `date` in this scope
   --> tests/integration/date.rs:270:16
    |
270 |     assert_eq!(date!("2026-01-05").sunday_based_week(), 1);
    |                ^^^^

error: cannot find macro `date` in this scope
   --> tests/integration/date.rs:271:16
    |
271 |     assert_eq!(date!("2026-01-06").sunday_based_week(), 1);
    |                ^^^^

error: cannot find macro `date` in this scope
   --> tests/integration/date.rs:272:16
    |
272 |     assert_eq!(date!("2026-01-07").sunday_based_week(), 1);
    |                ^^^^

error: cannot find macro `date` in this scope
   --> tests/integration/date.rs:275:16
    |
275 |     assert_eq!(date!("2025-01-01").sunday_based_week(), 0);
    |                ^^^^

error: cannot find macro `date` in this scope
   --> tests/integration/date.rs:276:16
    |
276 |     assert_eq!(date!("2025-01-02").sunday_based_week(), 0);
    |                ^^^^

error: cannot find macro `date` in this scope
   --> tests/integration/date.rs:277:16
    |
277 |     assert_eq!(date!("2025-01-03").sunday_based_week(), 0);
    |                ^^^^

error: cannot find macro `date` in this scope
   --> tests/integration/date.rs:278:16
    |
278 |     assert_eq!(date!("2025-01-04").sunday_based_week(), 0);
    |                ^^^^

error: cannot find macro `date` in this scope
   --> tests/integration/date.rs:279:16
    |
279 |     assert_eq!(date!("2025-01-05").sunday_based_week(), 1);
    |                ^^^^

error: cannot find macro `date` in this scope
   --> tests/integration/date.rs:280:16
    |
280 |     assert_eq!(date!("2025-01-06").sunday_based_week(), 1);
    |                ^^^^

error: cannot find macro `date` in this scope
   --> tests/integration/date.rs:281:16
    |
281 |     assert_eq!(date!("2025-01-07").sunday_based_week(), 1);
    |                ^^^^

error: cannot find macro `date` in this scope
   --> tests/integration/date.rs:284:16
    |
284 |     assert_eq!(date!("2019-01-01").sunday_based_week(), 0);
    |                ^^^^

error: cannot find macro `date` in this scope
   --> tests/integration/date.rs:285:16
    |
285 |     assert_eq!(date!("2019-01-02").sunday_based_week(), 0);
    |                ^^^^

error: cannot find macro `date` in this scope
   --> tests/integration/date.rs:286:16
    |
286 |     assert_eq!(date!("2019-01-03").sunday_based_week(), 0);
    |                ^^^^

error: cannot find macro `date` in this scope
   --> tests/integration/date.rs:287:16
    |
287 |     assert_eq!(date!("2019-01-04").sunday_based_week(), 0);
    |                ^^^^

error: cannot find macro `date` in this scope
   --> tests/integration/date.rs:288:16
    |
288 |     assert_eq!(date!("2019-01-05").sunday_based_week(), 0);
    |                ^^^^

error: cannot find macro `date` in this scope
   --> tests/integration/date.rs:289:16
    |
289 |     assert_eq!(date!("2019-01-06").sunday_based_week(), 1);
    |                ^^^^

error: cannot find macro `date` in this scope
   --> tests/integration/date.rs:290:16
    |
290 |     assert_eq!(date!("2019-01-07").sunday_based_week(), 1);
    |                ^^^^

error: cannot find macro `date` in this scope
   --> tests/integration/date.rs:293:16
    |
293 |     assert_eq!(date!("2018-01-01").sunday_based_week(), 0);
    |                ^^^^

error: cannot find macro `date` in this scope
   --> tests/integration/date.rs:294:16
    |
294 |     assert_eq!(date!("2018-01-02").sunday_based_week(), 0);
    |                ^^^^

error: cannot find macro `date` in this scope
   --> tests/integration/date.rs:295:16
    |
295 |     assert_eq!(date!("2018-01-03").sunday_based_week(), 0);
    |                ^^^^

error: cannot find macro `date` in this scope
   --> tests/integration/date.rs:296:16
    |
296 |     assert_eq!(date!("2018-01-04").sunday_based_week(), 0);
    |                ^^^^

error: cannot find macro `date` in this scope
   --> tests/integration/date.rs:297:16
    |
297 |     assert_eq!(date!("2018-01-05").sunday_based_week(), 0);
    |                ^^^^

error: cannot find macro `date` in this scope
   --> tests/integration/date.rs:298:16
    |
298 |     assert_eq!(date!("2018-01-06").sunday_based_week(), 0);
    |                ^^^^

error: cannot find macro `date` in this scope
   --> tests/integration/date.rs:299:16
    |
299 |     assert_eq!(date!("2018-01-07").sunday_based_week(), 1);
    |                ^^^^

error: cannot find macro `date` in this scope
   --> tests/integration/date.rs:302:16
    |
302 |     assert_eq!(date!("2012-01-01").sunday_based_week(), 1);
    |                ^^^^

error: cannot find macro `date` in this scope
   --> tests/integration/date.rs:303:16
    |
303 |     assert_eq!(date!("2012-01-02").sunday_based_week(), 1);
    |                ^^^^

error: cannot find macro `date` in this scope
   --> tests/integration/date.rs:304:16
    |
304 |     assert_eq!(date!("2012-01-03").sunday_based_week(), 1);
    |                ^^^^

error: cannot find macro `date` in this scope
   --> tests/integration/date.rs:305:16
    |
305 |     assert_eq!(date!("2012-01-04").sunday_based_week(), 1);
    |                ^^^^

error: cannot find macro `date` in this scope
   --> tests/integration/date.rs:306:16
    |
306 |     assert_eq!(date!("2012-01-05").sunday_based_week(), 1);
    |                ^^^^

error: cannot find macro `date` in this scope
   --> tests/integration/date.rs:307:16
    |
307 |     assert_eq!(date!("2012-01-06").sunday_based_week(), 1);
    |                ^^^^

error: cannot find macro `date` in this scope
   --> tests/integration/date.rs:308:16
    |
308 |     assert_eq!(date!("2012-01-07").sunday_based_week(), 1);
    |                ^^^^

error: cannot find macro `date` in this scope
   --> tests/integration/date.rs:309:16
    |
309 |     assert_eq!(date!("2012-02-28").sunday_based_week(), 9);
    |                ^^^^

error: cannot find macro `date` in this scope
   --> tests/integration/date.rs:310:16
    |
310 |     assert_eq!(date!("2012-02-29").sunday_based_week(), 9);
    |                ^^^^

error: cannot find macro `date` in this scope
   --> tests/integration/date.rs:311:16
    |
311 |     assert_eq!(date!("2012-03-01").sunday_based_week(), 9);
    |                ^^^^

error: cannot find macro `date` in this scope
   --> tests/integration/date.rs:312:16
    |
312 |     assert_eq!(date!("2012-03-02").sunday_based_week(), 9);
    |                ^^^^

error: cannot find macro `date` in this scope
   --> tests/integration/date.rs:313:16
    |
313 |     assert_eq!(date!("2012-03-03").sunday_based_week(), 9);
    |                ^^^^

error: cannot find macro `date` in this scope
   --> tests/integration/date.rs:314:16
    |
314 |     assert_eq!(date!("2012-03-04").sunday_based_week(), 10);
    |                ^^^^

error: cannot find macro `date` in this scope
   --> tests/integration/date.rs:315:16
    |
315 |     assert_eq!(date!("2012-03-05").sunday_based_week(), 10);
    |                ^^^^

error: cannot find macro `date` in this scope
   --> tests/integration/date.rs:316:16
    |
316 |     assert_eq!(date!("2012-03-06").sunday_based_week(), 10);
    |                ^^^^

error: cannot find macro `date` in this scope
   --> tests/integration/date.rs:317:16
    |
317 |     assert_eq!(date!("2012-03-07").sunday_based_week(), 10);
    |                ^^^^

error: cannot find macro `date` in this scope
   --> tests/integration/date.rs:320:16
    |
320 |     assert_eq!(date!("2028-01-01").sunday_based_week(), 0);
    |                ^^^^

error: cannot find macro `date` in this scope
   --> tests/integration/date.rs:321:16
    |
321 |     assert_eq!(date!("2028-01-02").sunday_based_week(), 1);
    |                ^^^^

error: cannot find macro `date` in this scope
   --> tests/integration/date.rs:322:16
    |
322 |     assert_eq!(date!("2028-01-03").sunday_based_week(), 1);
    |                ^^^^

error: cannot find macro `date` in this scope
   --> tests/integration/date.rs:323:16
    |
323 |     assert_eq!(date!("2028-01-04").sunday_based_week(), 1);
    |                ^^^^

error: cannot find macro `date` in this scope
   --> tests/integration/date.rs:324:16
    |
324 |     assert_eq!(date!("2028-01-05").sunday_based_week(), 1);
    |                ^^^^

error: cannot find macro `date` in this scope
   --> tests/integration/date.rs:325:16
    |
325 |     assert_eq!(date!("2028-01-06").sunday_based_week(), 1);
    |                ^^^^

error: cannot find macro `date` in this scope
   --> tests/integration/date.rs:326:16
    |
326 |     assert_eq!(date!("2028-01-07").sunday_based_week(), 1);
    |                ^^^^

error: cannot find macro `date` in this scope
   --> tests/integration/date.rs:327:16
    |
327 |     assert_eq!(date!("2028-02-28").sunday_based_week(), 9);
    |                ^^^^

error: cannot find macro `date` in this scope
   --> tests/integration/date.rs:328:16
    |
328 |     assert_eq!(date!("2028-02-29").sunday_based_week(), 9);
    |                ^^^^

error: cannot find macro `date` in this scope
   --> tests/integration/date.rs:329:16
    |
329 |     assert_eq!(date!("2028-03-01").sunday_based_week(), 9);
    |                ^^^^

error: cannot find macro `date` in this scope
   --> tests/integration/date.rs:330:16
    |
330 |     assert_eq!(date!("2028-03-02").sunday_based_week(), 9);
    |                ^^^^

error: cannot find macro `date` in this scope
   --> tests/integration/date.rs:331:16
    |
331 |     assert_eq!(date!("2028-03-03").sunday_based_week(), 9);
    |                ^^^^

error: cannot find macro `date` in this scope
   --> tests/integration/date.rs:332:16
    |
332 |     assert_eq!(date!("2028-03-04").sunday_based_week(), 9);
    |                ^^^^

error: cannot find macro `date` in this scope
   --> tests/integration/date.rs:333:16
    |
333 |     assert_eq!(date!("2028-03-05").sunday_based_week(), 10);
    |                ^^^^

error: cannot find macro `date` in this scope
   --> tests/integration/date.rs:334:16
    |
334 |     assert_eq!(date!("2028-03-06").sunday_based_week(), 10);
    |                ^^^^

error: cannot find macro `date` in this scope
   --> tests/integration/date.rs:335:16
    |
335 |     assert_eq!(date!("2028-03-07").sunday_based_week(), 10);
    |                ^^^^

error: cannot find macro `date` in this scope
   --> tests/integration/date.rs:338:16
    |
338 |     assert_eq!(date!("2016-01-01").sunday_based_week(), 0);
    |                ^^^^

error: cannot find macro `date` in this scope
   --> tests/integration/date.rs:339:16
    |
339 |     assert_eq!(date!("2016-01-02").sunday_based_week(), 0);
    |                ^^^^

error: cannot find macro `date` in this scope
   --> tests/integration/date.rs:340:16
    |
340 |     assert_eq!(date!("2016-01-03").sunday_based_week(), 1);
    |                ^^^^

error: cannot find macro `date` in this scope
   --> tests/integration/date.rs:341:16
    |
341 |     assert_eq!(date!("2016-01-04").sunday_based_week(), 1);
    |                ^^^^

error: cannot find macro `date` in this scope
   --> tests/integration/date.rs:342:16
    |
342 |     assert_eq!(date!("2016-01-05").sunday_based_week(), 1);
    |                ^^^^

error: cannot find macro `date` in this scope
   --> tests/integration/date.rs:343:16
    |
343 |     assert_eq!(date!("2016-01-06").sunday_based_week(), 1);
    |                ^^^^

error: cannot find macro `date` in this scope
   --> tests/integration/date.rs:344:16
    |
344 |     assert_eq!(date!("2016-01-07").sunday_based_week(), 1);
    |                ^^^^

error: cannot find macro `date` in this scope
   --> tests/integration/date.rs:345:16
    |
345 |     assert_eq!(date!("2016-02-28").sunday_based_week(), 9);
    |                ^^^^

error: cannot find macro `date` in this scope
   --> tests/integration/date.rs:346:16
    |
346 |     assert_eq!(date!("2016-02-29").sunday_based_week(), 9);
    |                ^^^^

error: cannot find macro `date` in this scope
   --> tests/integration/date.rs:347:16
    |
347 |     assert_eq!(date!("2016-03-01").sunday_based_week(), 9);
    |                ^^^^

error: cannot find macro `date` in this scope
   --> tests/integration/date.rs:348:16
    |
348 |     assert_eq!(date!("2016-03-02").sunday_based_week(), 9);
    |                ^^^^

error: cannot find macro `date` in this scope
   --> tests/integration/date.rs:349:16
    |
349 |     assert_eq!(date!("2016-03-03").sunday_based_week(), 9);
    |                ^^^^

error: cannot find macro `date` in this scope
   --> tests/integration/date.rs:350:16
    |
350 |     assert_eq!(date!("2016-03-04").sunday_based_week(), 9);
    |                ^^^^

error: cannot find macro `date` in this scope
   --> tests/integration/date.rs:351:16
    |
351 |     assert_eq!(date!("2016-03-05").sunday_based_week(), 9);
    |                ^^^^

error: cannot find macro `date` in this scope
   --> tests/integration/date.rs:352:16
    |
352 |     assert_eq!(date!("2016-03-06").sunday_based_week(), 10);
    |                ^^^^

error: cannot find macro `date` in this scope
   --> tests/integration/date.rs:353:16
    |
353 |     assert_eq!(date!("2016-03-07").sunday_based_week(), 10);
    |                ^^^^

error: cannot find macro `date` in this scope
   --> tests/integration/date.rs:356:16
    |
356 |     assert_eq!(date!("2032-01-01").sunday_based_week(), 0);
    |                ^^^^

error: cannot find macro `date` in this scope
   --> tests/integration/date.rs:357:16
    |
357 |     assert_eq!(date!("2032-01-02").sunday_based_week(), 0);
    |                ^^^^

error: cannot find macro `date` in this scope
   --> tests/integration/date.rs:358:16
    |
358 |     assert_eq!(date!("2032-01-03").sunday_based_week(), 0);
    |                ^^^^

error: cannot find macro `date` in this scope
   --> tests/integration/date.rs:359:16
    |
359 |     assert_eq!(date!("2032-01-04").sunday_based_week(), 1);
    |                ^^^^

error: cannot find macro `date` in this scope
   --> tests/integration/date.rs:360:16
    |
360 |     assert_eq!(date!("2032-01-05").sunday_based_week(), 1);
    |                ^^^^

error: cannot find macro `date` in this scope
   --> tests/integration/date.rs:361:16
    |
361 |     assert_eq!(date!("2032-01-06").sunday_based_week(), 1);
    |                ^^^^

error: cannot find macro `date` in this scope
   --> tests/integration/date.rs:362:16
    |
362 |     assert_eq!(date!("2032-01-07").sunday_based_week(), 1);
    |                ^^^^

error: cannot find macro `date` in this scope
   --> tests/integration/date.rs:363:16
    |
363 |     assert_eq!(date!("2032-02-28").sunday_based_week(), 8);
    |                ^^^^

error: cannot find macro `date` in this scope
   --> tests/integration/date.rs:364:16
    |
364 |     assert_eq!(date!("2032-02-29").sunday_based_week(), 9);
    |                ^^^^

error: cannot find macro `date` in this scope
   --> tests/integration/date.rs:365:16
    |
365 |     assert_eq!(date!("2032-03-01").sunday_based_week(), 9);
    |                ^^^^

error: cannot find macro `date` in this scope
   --> tests/integration/date.rs:366:16
    |
366 |     assert_eq!(date!("2032-03-02").sunday_based_week(), 9);
    |                ^^^^

error: cannot find macro `date` in this scope
   --> tests/integration/date.rs:367:16
    |
367 |     assert_eq!(date!("2032-03-03").sunday_based_week(), 9);
    |                ^^^^

error: cannot find macro `date` in this scope
   --> tests/integration/date.rs:368:16
    |
368 |     assert_eq!(date!("2032-03-04").sunday_based_week(), 9);
    |                ^^^^

error: cannot find macro `date` in this scope
   --> tests/integration/date.rs:369:16
    |
369 |     assert_eq!(date!("2032-03-05").sunday_based_week(), 9);
    |                ^^^^

error: cannot find macro `date` in this scope
   --> tests/integration/date.rs:370:16
    |
370 |     assert_eq!(date!("2032-03-06").sunday_based_week(), 9);
    |                ^^^^

error: cannot find macro `date` in this scope
   --> tests/integration/date.rs:371:16
    |
371 |     assert_eq!(date!("2032-03-07").sunday_based_week(), 10);
    |                ^^^^

error: cannot find macro `date` in this scope
   --> tests/integration/date.rs:374:16
    |
374 |     assert_eq!(date!("2020-01-01").sunday_based_week(), 0);
    |                ^^^^

error: cannot find macro `date` in this scope
   --> tests/integration/date.rs:375:16
    |
375 |     assert_eq!(date!("2020-01-02").sunday_based_week(), 0);
    |                ^^^^

error: cannot find macro `date` in this scope
   --> tests/integration/date.rs:376:16
    |
376 |     assert_eq!(date!("2020-01-03").sunday_based_week(), 0);
    |                ^^^^

error: cannot find macro `date` in this scope
   --> tests/integration/date.rs:377:16
    |
377 |     assert_eq!(date!("2020-01-04").sunday_based_week(), 0);
    |                ^^^^

error: cannot find macro `date` in this scope
   --> tests/integration/date.rs:378:16
    |
378 |     assert_eq!(date!("2020-01-05").sunday_based_week(), 1);
    |                ^^^^

error: cannot find macro `date` in this scope
   --> tests/integration/date.rs:379:16
    |
379 |     assert_eq!(date!("2020-01-06").sunday_based_week(), 1);
    |                ^^^^

error: cannot find macro `date` in this scope
   --> tests/integration/date.rs:380:16
    |
380 |     assert_eq!(date!("2020-01-07").sunday_based_week(), 1);
    |                ^^^^

error: cannot find macro `date` in this scope
   --> tests/integration/date.rs:381:16
    |
381 |     assert_eq!(date!("2020-02-28").sunday_based_week(), 8);
    |                ^^^^

error: cannot find macro `date` in this scope
   --> tests/integration/date.rs:382:16
    |
382 |     assert_eq!(date!("2020-02-29").sunday_based_week(), 8);
    |                ^^^^

error: cannot find macro `date` in this scope
   --> tests/integration/date.rs:383:16
    |
383 |     assert_eq!(date!("2020-03-01").sunday_based_week(), 9);
    |                ^^^^

error: cannot find macro `date` in this scope
   --> tests/integration/date.rs:384:16
    |
384 |     assert_eq!(date!("2020-03-02").sunday_based_week(), 9);
    |                ^^^^

error: cannot find macro `date` in this scope
   --> tests/integration/date.rs:385:16
    |
385 |     assert_eq!(date!("2020-03-03").sunday_based_week(), 9);
    |                ^^^^

error: cannot find macro `date` in this scope
   --> tests/integration/date.rs:386:16
    |
386 |     assert_eq!(date!("2020-03-04").sunday_based_week(), 9);
    |                ^^^^

error: cannot find macro `date` in this scope
   --> tests/integration/date.rs:387:16
    |
387 |     assert_eq!(date!("2020-03-05").sunday_based_week(), 9);
    |                ^^^^

error: cannot find macro `date` in this scope
   --> tests/integration/date.rs:388:16
    |
388 |     assert_eq!(date!("2020-03-06").sunday_based_week(), 9);
    |                ^^^^

error: cannot find macro `date` in this scope
   --> tests/integration/date.rs:389:16
    |
389 |     assert_eq!(date!("2020-03-07").sunday_based_week(), 9);
    |                ^^^^

error: cannot find macro `date` in this scope
   --> tests/integration/date.rs:392:16
    |
392 |     assert_eq!(date!("2036-01-01").sunday_based_week(), 0);
    |                ^^^^

error: cannot find macro `date` in this scope
   --> tests/integration/date.rs:393:16
    |
393 |     assert_eq!(date!("2036-01-02").sunday_based_week(), 0);
    |                ^^^^

error: cannot find macro `date` in this scope
   --> tests/integration/date.rs:394:16
    |
394 |     assert_eq!(date!("2036-01-03").sunday_based_week(), 0);
    |                ^^^^

error: cannot find macro `date` in this scope
   --> tests/integration/date.rs:395:16
    |
395 |     assert_eq!(date!("2036-01-04").sunday_based_week(), 0);
    |                ^^^^

error: cannot find macro `date` in this scope
   --> tests/integration/date.rs:396:16
    |
396 |     assert_eq!(date!("2036-01-05").sunday_based_week(), 0);
    |                ^^^^

error: cannot find macro `date` in this scope
   --> tests/integration/date.rs:397:16
    |
397 |     assert_eq!(date!("2036-01-06").sunday_based_week(), 1);
    |                ^^^^

error: cannot find macro `date` in this scope
   --> tests/integration/date.rs:398:16
    |
398 |     assert_eq!(date!("2036-01-07").sunday_based_week(), 1);
    |                ^^^^

error: cannot find macro `date` in this scope
   --> tests/integration/date.rs:399:16
    |
399 |     assert_eq!(date!("2036-02-28").sunday_based_week(), 8);
    |                ^^^^

error: cannot find macro `date` in this scope
   --> tests/integration/date.rs:400:16
    |
400 |     assert_eq!(date!("2036-02-29").sunday_based_week(), 8);
    |                ^^^^

error: cannot find macro `date` in this scope
   --> tests/integration/date.rs:401:16
    |
401 |     assert_eq!(date!("2036-03-01").sunday_based_week(), 8);
    |                ^^^^

error: cannot find macro `date` in this scope
   --> tests/integration/date.rs:402:16
    |
402 |     assert_eq!(date!("2036-03-02").sunday_based_week(), 9);
    |                ^^^^

error: cannot find macro `date` in this scope
   --> tests/integration/date.rs:403:16
    |
403 |     assert_eq!(date!("2036-03-03").sunday_based_week(), 9);
    |                ^^^^

error: cannot find macro `date` in this scope
   --> tests/integration/date.rs:404:16
    |
404 |     assert_eq!(date!("2036-03-04").sunday_based_week(), 9);
    |                ^^^^

error: cannot find macro `date` in this scope
   --> tests/integration/date.rs:405:16
    |
405 |     assert_eq!(date!("2036-03-05").sunday_based_week(), 9);
    |                ^^^^

error: cannot find macro `date` in this scope
   --> tests/integration/date.rs:406:16
    |
406 |     assert_eq!(date!("2036-03-06").sunday_based_week(), 9);
    |                ^^^^

error: cannot find macro `date` in this scope
   --> tests/integration/date.rs:407:16
    |
407 |     assert_eq!(date!("2036-03-07").sunday_based_week(), 9);
    |                ^^^^

error: cannot find macro `date` in this scope
   --> tests/integration/date.rs:410:16
    |
410 |     assert_eq!(date!("2024-01-01").sunday_based_week(), 0);
    |                ^^^^

error: cannot find macro `date` in this scope
   --> tests/integration/date.rs:411:16
    |
411 |     assert_eq!(date!("2024-01-02").sunday_based_week(), 0);
    |                ^^^^

error: cannot find macro `date` in this scope
   --> tests/integration/date.rs:412:16
    |
412 |     assert_eq!(date!("2024-01-03").sunday_based_week(), 0);
    |                ^^^^

error: cannot find macro `date` in this scope
   --> tests/integration/date.rs:413:16
    |
413 |     assert_eq!(date!("2024-01-04").sunday_based_week(), 0);
    |                ^^^^

error: cannot find macro `date` in this scope
   --> tests/integration/date.rs:414:16
    |
414 |     assert_eq!(date!("2024-01-05").sunday_based_week(), 0);
    |                ^^^^

error: cannot find macro `date` in this scope
   --> tests/integration/date.rs:415:16
    |
415 |     assert_eq!(date!("2024-01-06").sunday_based_week(), 0);
    |                ^^^^

error: cannot find macro `date` in this scope
   --> tests/integration/date.rs:416:16
    |
416 |     assert_eq!(date!("2024-01-07").sunday_based_week(), 1);
    |                ^^^^

error: cannot find macro `date` in this scope
   --> tests/integration/date.rs:417:16
    |
417 |     assert_eq!(date!("2024-02-28").sunday_based_week(), 8);
    |                ^^^^

error: cannot find macro `date` in this scope
   --> tests/integration/date.rs:418:16
    |
418 |     assert_eq!(date!("2024-02-29").sunday_based_week(), 8);
    |                ^^^^

error: cannot find macro `date` in this scope
   --> tests/integration/date.rs:419:16
    |
419 |     assert_eq!(date!("2024-03-01").sunday_based_week(), 8);
    |                ^^^^

error: cannot find macro `date` in this scope
   --> tests/integration/date.rs:420:16
    |
420 |     assert_eq!(date!("2024-03-02").sunday_based_week(), 8);
    |                ^^^^

error: cannot find macro `date` in this scope
   --> tests/integration/date.rs:421:16
    |
421 |     assert_eq!(date!("2024-03-03").sunday_based_week(), 9);
    |                ^^^^

error: cannot find macro `date` in this scope
   --> tests/integration/date.rs:422:16
    |
422 |     assert_eq!(date!("2024-03-04").sunday_based_week(), 9);
    |                ^^^^

error: cannot find macro `date` in this scope
   --> tests/integration/date.rs:423:16
    |
423 |     assert_eq!(date!("2024-03-05").sunday_based_week(), 9);
    |                ^^^^

error: cannot find macro `date` in this scope
   --> tests/integration/date.rs:424:16
    |
424 |     assert_eq!(date!("2024-03-06").sunday_based_week(), 9);
    |                ^^^^

error: cannot find macro `date` in this scope
   --> tests/integration/date.rs:425:16
    |
425 |     assert_eq!(date!("2024-03-07").sunday_based_week(), 9);
    |                ^^^^

error: cannot find macro `date` in this scope
   --> tests/integration/date.rs:441:16
    |
441 |     assert_eq!(date!("2019-002").year(), 2019);
    |                ^^^^

error: cannot find macro `date` in this scope
   --> tests/integration/date.rs:442:16
    |
442 |     assert_eq!(date!("2020-002").year(), 2020);
    |                ^^^^

error: cannot find macro `date` in this scope
   --> tests/integration/date.rs:447:16
    |
447 |     assert_eq!(date!("2019-002").month(), 1);
    |                ^^^^

error: cannot find macro `date` in this scope
   --> tests/integration/date.rs:448:16
    |
448 |     assert_eq!(date!("2020-002").month(), 1);
    |                ^^^^

error: cannot find macro `date` in this scope
   --> tests/integration/date.rs:449:16
    |
449 |     assert_eq!(date!("2019-060").month(), 3);
    |                ^^^^

error: cannot find macro `date` in this scope
   --> tests/integration/date.rs:450:16
    |
450 |     assert_eq!(date!("2020-060").month(), 2);
    |                ^^^^

error: cannot find macro `date` in this scope
   --> tests/integration/date.rs:455:16
    |
455 |     assert_eq!(date!("2019-002").day(), 2);
    |                ^^^^

error: cannot find macro `date` in this scope
   --> tests/integration/date.rs:456:16
    |
456 |     assert_eq!(date!("2020-002").day(), 2);
    |                ^^^^

error: cannot find macro `date` in this scope
   --> tests/integration/date.rs:457:16
    |
457 |     assert_eq!(date!("2019-060").day(), 1);
    |                ^^^^

error: cannot find macro `date` in this scope
   --> tests/integration/date.rs:458:16
    |
458 |     assert_eq!(date!("2020-060").day(), 29);
    |                ^^^^

error: cannot find macro `date` in this scope
   --> tests/integration/date.rs:463:16
    |
463 |     assert_eq!(date!("2019-01-01").iso_week(), 1);
    |                ^^^^

error: cannot find macro `date` in this scope
   --> tests/integration/date.rs:464:16
    |
464 |     assert_eq!(date!("2019-10-04").iso_week(), 40);
    |                ^^^^

error: cannot find macro `date` in this scope
   --> tests/integration/date.rs:465:16
    |
465 |     assert_eq!(date!("2020-01-01").iso_week(), 1);
    |                ^^^^

error: cannot find macro `date` in this scope
   --> tests/integration/date.rs:466:16
    |
466 |     assert_eq!(date!("2020-12-31").iso_week(), 53);
    |                ^^^^

error: cannot find macro `date` in this scope
   --> tests/integration/date.rs:467:16
    |
467 |     assert_eq!(date!("2021-01-01").iso_week(), 53);
    |                ^^^^

error: cannot find macro `date` in this scope
   --> tests/integration/date.rs:472:16
    |
472 |     assert_eq!(date!("2019-01-02").to_calendar_date(), (2019, 1, 2));
    |                ^^^^

error: cannot find macro `date` in this scope
   --> tests/integration/date.rs:473:16
    |
473 |     assert_eq!(date!("2019-02-02").to_calendar_date(), (2019, 2, 2));
    |                ^^^^

error: cannot find macro `date` in this scope
   --> tests/integration/date.rs:474:16
    |
474 |     assert_eq!(date!("2019-03-02").to_calendar_date(), (2019, 3, 2));
    |                ^^^^

error: cannot find macro `date` in this scope
   --> tests/integration/date.rs:475:16
    |
475 |     assert_eq!(date!("2019-04-02").to_calendar_date(), (2019, 4, 2));
    |                ^^^^

error: cannot find macro `date` in this scope
   --> tests/integration/date.rs:476:16
    |
476 |     assert_eq!(date!("2019-05-02").to_calendar_date(), (2019, 5, 2));
    |                ^^^^

error: cannot find macro `date` in this scope
   --> tests/integration/date.rs:477:16
    |
477 |     assert_eq!(date!("2019-06-02").to_calendar_date(), (2019, 6, 2));
    |                ^^^^

error: cannot find macro `date` in this scope
   --> tests/integration/date.rs:478:16
    |
478 |     assert_eq!(date!("2019-07-02").to_calendar_date(), (2019, 7, 2));
    |                ^^^^

error: cannot find macro `date` in this scope
   --> tests/integration/date.rs:479:16
    |
479 |     assert_eq!(date!("2019-08-02").to_calendar_date(), (2019, 8, 2));
    |                ^^^^

error: cannot find macro `date` in this scope
   --> tests/integration/date.rs:480:16
    |
480 |     assert_eq!(date!("2019-09-02").to_calendar_date(), (2019, 9, 2));
    |                ^^^^

error: cannot find macro `date` in this scope
   --> tests/integration/date.rs:481:16
    |
481 |     assert_eq!(date!("2019-10-02").to_calendar_date(), (2019, 10, 2));
    |                ^^^^

error: cannot find macro `date` in this scope
   --> tests/integration/date.rs:482:16
    |
482 |     assert_eq!(date!("2019-11-02").to_calendar_date(), (2019, 11, 2));
    |                ^^^^

error: cannot find macro `date` in this scope
   --> tests/integration/date.rs:483:16
    |
483 |     assert_eq!(date!("2019-12-02").to_calendar_date(), (2019, 12, 2));
    |                ^^^^

error: cannot find macro `date` in this scope
   --> tests/integration/date.rs:488:16
    |
488 |     assert_eq!(date!("2019-01-01").to_ordinal_date(), (2019, 1));
    |                ^^^^

error: cannot find macro `date` in this scope
   --> tests/integration/date.rs:494:16
    |
494 |     assert_eq!(date!("2019-01-01").to_iso_week_date(), (2019, 1, Tuesday));
    |                ^^^^

error: cannot find macro `date` in this scope
   --> tests/integration/date.rs:495:16
    |
495 |     assert_eq!(date!("2019-10-04").to_iso_week_date(), (2019, 40, Friday));
    |                ^^^^

error: cannot find macro `date` in this scope
   --> tests/integration/date.rs:496:16
    |
496 |     assert_eq!(date!("2020-01-01").to_iso_week_date(), (2020, 1, Wednesday));
    |                ^^^^

error: cannot find macro `date` in this scope
   --> tests/integration/date.rs:497:16
    |
497 |     assert_eq!(date!("2020-12-31").to_iso_week_date(), (2020, 53, Thursday));
    |                ^^^^

error: cannot find macro `date` in this scope
   --> tests/integration/date.rs:498:16
    |
498 |     assert_eq!(date!("2021-01-01").to_iso_week_date(), (2020, 53, Friday));
    |                ^^^^

error: cannot find macro `date` in this scope
   --> tests/integration/date.rs:504:16
    |
504 |     assert_eq!(date!("2019-01-01").weekday(), Tuesday);
    |                ^^^^

error: cannot find macro `date` in this scope
   --> tests/integration/date.rs:505:16
    |
505 |     assert_eq!(date!("2019-02-01").weekday(), Friday);
    |                ^^^^

error: cannot find macro `date` in this scope
   --> tests/integration/date.rs:506:16
    |
506 |     assert_eq!(date!("2019-03-01").weekday(), Friday);
    |                ^^^^

error: cannot find macro `date` in this scope
   --> tests/integration/date.rs:507:16
    |
507 |     assert_eq!(date!("2019-04-01").weekday(), Monday);
    |                ^^^^

error: cannot find macro `date` in this scope
   --> tests/integration/date.rs:508:16
    |
508 |     assert_eq!(date!("2019-05-01").weekday(), Wednesday);
    |                ^^^^

error: cannot find macro `date` in this scope
   --> tests/integration/date.rs:509:16
    |
509 |     assert_eq!(date!("2019-06-01").weekday(), Saturday);
    |                ^^^^

error: cannot find macro `date` in this scope
   --> tests/integration/date.rs:510:16
    |
510 |     assert_eq!(date!("2019-07-01").weekday(), Monday);
    |                ^^^^

error: cannot find macro `date` in this scope
   --> tests/integration/date.rs:511:16
    |
511 |     assert_eq!(date!("2019-08-01").weekday(), Thursday);
    |                ^^^^

error: cannot find macro `date` in this scope
   --> tests/integration/date.rs:512:16
    |
512 |     assert_eq!(date!("2019-09-01").weekday(), Sunday);
    |                ^^^^

error: cannot find macro `date` in this scope
   --> tests/integration/date.rs:513:16
    |
513 |     assert_eq!(date!("2019-10-01").weekday(), Tuesday);
    |                ^^^^

error: cannot find macro `date` in this scope
   --> tests/integration/date.rs:514:16
    |
514 |     assert_eq!(date!("2019-11-01").weekday(), Friday);
    |                ^^^^

error: cannot find macro `date` in this scope
   --> tests/integration/date.rs:515:16
    |
515 |     assert_eq!(date!("2019-12-01").weekday(), Sunday);
    |                ^^^^

error: cannot find macro `date` in this scope
   --> tests/integration/date.rs:520:16
    |
520 |     assert_eq!(date!("2019-01-01").next_day(), Some(date!("2019-01-02")));
    |                ^^^^

error: cannot find macro `date` in this scope
   --> tests/integration/date.rs:520:53
    |
520 |     assert_eq!(date!("2019-01-01").next_day(), Some(date!("2019-01-02")));
    |                                                     ^^^^

error: cannot find macro `date` in this scope
   --> tests/integration/date.rs:521:16
    |
521 |     assert_eq!(date!("2019-01-31").next_day(), Some(date!("2019-02-01")));
    |                ^^^^

error: cannot find macro `date` in this scope
   --> tests/integration/date.rs:521:53
    |
521 |     assert_eq!(date!("2019-01-31").next_day(), Some(date!("2019-02-01")));
    |                                                     ^^^^

error: cannot find macro `date` in this scope
   --> tests/integration/date.rs:522:16
    |
522 |     assert_eq!(date!("2019-12-31").next_day(), Some(date!("2020-01-01")));
    |                ^^^^

error: cannot find macro `date` in this scope
   --> tests/integration/date.rs:522:53
    |
522 |     assert_eq!(date!("2019-12-31").next_day(), Some(date!("2020-01-01")));
    |                                                     ^^^^

error: cannot find macro `date` in this scope
   --> tests/integration/date.rs:523:16
    |
523 |     assert_eq!(date!("2020-12-31").next_day(), Some(date!("2021-01-01")));
    |                ^^^^

error: cannot find macro `date` in this scope
   --> tests/integration/date.rs:523:53
    |
523 |     assert_eq!(date!("2020-12-31").next_day(), Some(date!("2021-01-01")));
    |                                                     ^^^^

error: cannot find macro `date` in this scope
   --> tests/integration/date.rs:530:9
    |
530 |         date!("2019-01-02").previous_day(),
    |         ^^^^

error: cannot find macro `date` in this scope
   --> tests/integration/date.rs:531:14
    |
531 |         Some(date!("2019-01-01"))
    |              ^^^^

error: cannot find macro `date` in this scope
   --> tests/integration/date.rs:534:9
    |
534 |         date!("2019-02-01").previous_day(),
    |         ^^^^

error: cannot find macro `date` in this scope
   --> tests/integration/date.rs:535:14
    |
535 |         Some(date!("2019-01-31"))
    |              ^^^^

error: cannot find macro `date` in this scope
   --> tests/integration/date.rs:538:9
    |
538 |         date!("2020-01-01").previous_day(),
    |         ^^^^

error: cannot find macro `date` in this scope
   --> tests/integration/date.rs:539:14
    |
539 |         Some(date!("2019-12-31"))
    |              ^^^^

error: cannot find macro `date` in this scope
   --> tests/integration/date.rs:542:9
    |
542 |         date!("2021-01-01").previous_day(),
    |         ^^^^

error: cannot find macro `date` in this scope
   --> tests/integration/date.rs:543:14
    |
543 |         Some(date!("2020-12-31"))
    |              ^^^^

error: cannot find macro `date` in this scope
   --> tests/integration/date.rs:550:16
    |
550 |     assert_eq!(date!("-999_999-01-01").to_julian_day(), -363_521_074);
    |                ^^^^

error: cannot find macro `date` in this scope
   --> tests/integration/date.rs:551:16
    |
551 |     assert_eq!(date!("-9999-01-01").to_julian_day(), -1_930_999);
    |                ^^^^

error: cannot find macro `date` in this scope
   --> tests/integration/date.rs:552:16
    |
552 |     assert_eq!(date!("-4713-11-24").to_julian_day(), 0);
    |                ^^^^

error: cannot find macro `date` in this scope
   --> tests/integration/date.rs:553:16
    |
553 |     assert_eq!(date!("2000-01-01").to_julian_day(), 2_451_545);
    |                ^^^^

error: cannot find macro `date` in this scope
   --> tests/integration/date.rs:554:16
    |
554 |     assert_eq!(date!("2019-01-01").to_julian_day(), 2_458_485);
    |                ^^^^

error: cannot find macro `date` in this scope
   --> tests/integration/date.rs:555:16
    |
555 |     assert_eq!(date!("2019-12-31").to_julian_day(), 2_458_849);
    |                ^^^^

error: cannot find macro `date` in this scope
   --> tests/integration/date.rs:562:12
    |
562 |         Ok(date!("-999_999-01-01"))
    |            ^^^^

error: cannot find macro `date` in this scope
   --> tests/integration/date.rs:564:54
    |
564 |     assert_eq!(Date::from_julian_day(-1_930_999), Ok(date!("-9999-01-01")));
    |                                                      ^^^^

error: cannot find macro `date` in this scope
   --> tests/integration/date.rs:565:45
    |
565 |     assert_eq!(Date::from_julian_day(0), Ok(date!("-4713-11-24")));
    |                                             ^^^^

error: cannot find macro `date` in this scope
   --> tests/integration/date.rs:566:53
    |
566 |     assert_eq!(Date::from_julian_day(2_451_545), Ok(date!("2000-01-01")));
    |                                                     ^^^^

error: cannot find macro `date` in this scope
   --> tests/integration/date.rs:567:53
    |
567 |     assert_eq!(Date::from_julian_day(2_458_485), Ok(date!("2019-01-01")));
    |                                                     ^^^^

error: cannot find macro `date` in this scope
   --> tests/integration/date.rs:568:53
    |
568 |     assert_eq!(Date::from_julian_day(2_458_849), Ok(date!("2019-12-31")));
    |                                                     ^^^^

error: cannot find macro `date` in this scope
   --> tests/integration/date.rs:574:16
    |
574 |     assert_eq!(date!("1970-01-01").midnight(), datetime!("1970-01-01 0:00"));
    |                ^^^^

error: cannot find macro `datetime` in this scope
   --> tests/integration/date.rs:574:48
    |
574 |     assert_eq!(date!("1970-01-01").midnight(), datetime!("1970-01-01 0:00"));
    |                                                ^^^^^^^^

error: cannot find macro `date` in this scope
   --> tests/integration/date.rs:580:9
    |
580 |         date!("1970-01-01").with_time(time!("0:00")),
    |         ^^^^

error: cannot determine resolution for the macro `time`
   --> tests/integration/date.rs:580:39
    |
580 |         date!("1970-01-01").with_time(time!("0:00")),
    |                                       ^^^^
    |
    = note: import resolution is stuck, try simplifying macro imports

error: cannot find macro `datetime` in this scope
   --> tests/integration/date.rs:581:9
    |
581 |         datetime!("1970-01-01 0:00"),
    |         ^^^^^^^^

error: cannot find macro `date` in this scope
   --> tests/integration/date.rs:588:9
    |
588 |         date!("1970-01-01").with_hms(0, 0, 0),
    |         ^^^^

error: cannot find macro `datetime` in this scope
   --> tests/integration/date.rs:589:12
    |
589 |         Ok(datetime!("1970-01-01 0:00")),
    |            ^^^^^^^^

error: cannot find macro `date` in this scope
   --> tests/integration/date.rs:591:13
    |
591 |     assert!(date!("1970-01-01").with_hms(24, 0, 0).is_err());
    |             ^^^^

error: cannot find macro `date` in this scope
   --> tests/integration/date.rs:597:9
    |
597 |         date!("1970-01-01").with_hms_milli(0, 0, 0, 0),
    |         ^^^^

error: cannot find macro `datetime` in this scope
   --> tests/integration/date.rs:598:12
    |
598 |         Ok(datetime!("1970-01-01 0:00")),
    |            ^^^^^^^^

error: cannot find macro `date` in this scope
   --> tests/integration/date.rs:600:13
    |
600 |     assert!(date!("1970-01-01").with_hms_milli(24, 0, 0, 0).is_err());
    |             ^^^^

error: cannot find macro `date` in this scope
   --> tests/integration/date.rs:606:9
    |
606 |         date!("1970-01-01").with_hms_micro(0, 0, 0, 0),
    |         ^^^^

error: cannot find macro `datetime` in this scope
   --> tests/integration/date.rs:607:12
    |
607 |         Ok(datetime!("1970-01-01 0:00")),
    |            ^^^^^^^^

error: cannot find macro `date` in this scope
   --> tests/integration/date.rs:609:13
    |
609 |     assert!(date!("1970-01-01").with_hms_micro(24, 0, 0, 0).is_err());
    |             ^^^^

error: cannot find macro `date` in this scope
   --> tests/integration/date.rs:615:9
    |
615 |         date!("1970-01-01").with_hms_nano(0, 0, 0, 0),
    |         ^^^^

error: cannot find macro `datetime` in this scope
   --> tests/integration/date.rs:616:12
    |
616 |         Ok(datetime!("1970-01-01 0:00")),
    |            ^^^^^^^^

error: cannot find macro `date` in this scope
   --> tests/integration/date.rs:618:13
    |
618 |     assert!(date!("1970-01-01").with_hms_nano(24, 0, 0, 0).is_err());
    |             ^^^^

error: cannot find macro `date` in this scope
   --> tests/integration/date.rs:623:16
    |
623 |     assert_eq!(date!("2019-01-01") + 5.days(), date!("2019-01-06"));
    |                ^^^^

error: cannot find macro `date` in this scope
   --> tests/integration/date.rs:623:48
    |
623 |     assert_eq!(date!("2019-01-01") + 5.days(), date!("2019-01-06"));
    |                                                ^^^^

error: cannot find macro `date` in this scope
   --> tests/integration/date.rs:624:16
    |
624 |     assert_eq!(date!("2019-12-31") + 1.days(), date!("2020-01-01"));
    |                ^^^^

error: cannot find macro `date` in this scope
   --> tests/integration/date.rs:624:48
    |
624 |     assert_eq!(date!("2019-12-31") + 1.days(), date!("2020-01-01"));
    |                                                ^^^^

error: cannot find macro `date` in this scope
   --> tests/integration/date.rs:629:16
    |
629 |     assert_eq!(date!("2019-01-01") + 5.std_days(), date!("2019-01-06"));
    |                ^^^^

error: cannot find macro `date` in this scope
   --> tests/integration/date.rs:629:52
    |
629 |     assert_eq!(date!("2019-01-01") + 5.std_days(), date!("2019-01-06"));
    |                                                    ^^^^

error: cannot find macro `date` in this scope
   --> tests/integration/date.rs:630:16
    |
630 |     assert_eq!(date!("2019-12-31") + 1.std_days(), date!("2020-01-01"));
    |                ^^^^

error: cannot find macro `date` in this scope
   --> tests/integration/date.rs:630:52
    |
630 |     assert_eq!(date!("2019-12-31") + 1.std_days(), date!("2020-01-01"));
    |                                                    ^^^^

error: cannot find macro `date` in this scope
   --> tests/integration/date.rs:635:20
    |
635 |     let mut date = date!("2019-12-31");
    |                    ^^^^

error: cannot find macro `date` in this scope
   --> tests/integration/date.rs:637:22
    |
637 |     assert_eq!(date, date!("2020-01-01"));
    |                      ^^^^

error: cannot find macro `date` in this scope
   --> tests/integration/date.rs:642:20
    |
642 |     let mut date = date!("2019-12-31");
    |                    ^^^^

error: cannot find macro `date` in this scope
   --> tests/integration/date.rs:644:22
    |
644 |     assert_eq!(date, date!("2020-01-01"));
    |                      ^^^^

error: cannot find macro `date` in this scope
   --> tests/integration/date.rs:649:16
    |
649 |     assert_eq!(date!("2019-01-06") - 5.days(), date!("2019-01-01"));
    |                ^^^^

error: cannot find macro `date` in this scope
   --> tests/integration/date.rs:649:48
    |
649 |     assert_eq!(date!("2019-01-06") - 5.days(), date!("2019-01-01"));
    |                                                ^^^^

error: cannot find macro `date` in this scope
   --> tests/integration/date.rs:650:16
    |
650 |     assert_eq!(date!("2020-01-01") - 1.days(), date!("2019-12-31"));
    |                ^^^^

error: cannot find macro `date` in this scope
   --> tests/integration/date.rs:650:48
    |
650 |     assert_eq!(date!("2020-01-01") - 1.days(), date!("2019-12-31"));
    |                                                ^^^^

error: cannot find macro `date` in this scope
   --> tests/integration/date.rs:655:16
    |
655 |     assert_eq!(date!("2019-01-06") - 5.std_days(), date!("2019-01-01"));
    |                ^^^^

error: cannot find macro `date` in this scope
   --> tests/integration/date.rs:655:52
    |
655 |     assert_eq!(date!("2019-01-06") - 5.std_days(), date!("2019-01-01"));
    |                                                    ^^^^

error: cannot find macro `date` in this scope
   --> tests/integration/date.rs:656:16
    |
656 |     assert_eq!(date!("2020-01-01") - 1.std_days(), date!("2019-12-31"));
    |                ^^^^

error: cannot find macro `date` in this scope
   --> tests/integration/date.rs:656:52
    |
656 |     assert_eq!(date!("2020-01-01") - 1.std_days(), date!("2019-12-31"));
    |                                                    ^^^^

error: cannot find macro `date` in this scope
   --> tests/integration/date.rs:661:20
    |
661 |     let mut date = date!("2020-01-01");
    |                    ^^^^

error: cannot find macro `date` in this scope
   --> tests/integration/date.rs:663:22
    |
663 |     assert_eq!(date, date!("2019-12-31"));
    |                      ^^^^

error: cannot find macro `date` in this scope
   --> tests/integration/date.rs:668:20
    |
668 |     let mut date = date!("2020-01-01");
    |                    ^^^^

error: cannot find macro `date` in this scope
   --> tests/integration/date.rs:670:22
    |
670 |     assert_eq!(date, date!("2019-12-31"));
    |                      ^^^^

error: cannot find macro `date` in this scope
   --> tests/integration/date.rs:675:16
    |
675 |     assert_eq!(date!("2019-01-06") - date!("2019-01-01"), 5.days());
    |                ^^^^

error: cannot find macro `date` in this scope
   --> tests/integration/date.rs:675:38
    |
675 |     assert_eq!(date!("2019-01-06") - date!("2019-01-01"), 5.days());
    |                                      ^^^^

error: cannot find macro `date` in this scope
   --> tests/integration/date.rs:676:16
    |
676 |     assert_eq!(date!("2020-01-01") - date!("2019-12-31"), 1.days());
    |                ^^^^

error: cannot find macro `date` in this scope
   --> tests/integration/date.rs:676:38
    |
676 |     assert_eq!(date!("2020-01-01") - date!("2019-12-31"), 1.days());
    |                                      ^^^^

error: cannot find macro `date` in this scope
   --> tests/integration/date.rs:681:17
    |
681 |     let first = date!("2019-01-01");
    |                 ^^^^

error: cannot find macro `date` in this scope
   --> tests/integration/date.rs:682:18
    |
682 |     let second = date!("2019-01-02");
    |                  ^^^^

error: cannot find macro `date` in this scope
   --> tests/integration/date.rs:691:17
    |
691 |     let first = date!("2019-01-01");
    |                 ^^^^

error: cannot find macro `date` in this scope
   --> tests/integration/date.rs:692:18
    |
692 |     let second = date!("2019-01-02");
    |                  ^^^^

error: cannot determine resolution for the macro `format_description`
  --> tests/integration/error.rs:38:23
   |
38 |     Time::parse("a", &format_description!("")).unwrap_err()
   |                       ^^^^^^^^^^^^^^^^^^
   |
   = note: import resolution is stuck, try simplifying macro imports

error: cannot find macro `datetime` in this scope
  --> tests/integration/formatting.rs:10:9
   |
10 |         datetime!("2021-01-02 03:04:05 UTC").format(&Rfc3339)?,
   |         ^^^^^^^^

error: cannot find macro `datetime` in this scope
  --> tests/integration/formatting.rs:14:9
   |
14 |         datetime!("2021-01-02 03:04:05.1 UTC").format(&Rfc3339)?,
   |         ^^^^^^^^

error: cannot find macro `datetime` in this scope
  --> tests/integration/formatting.rs:18:9
   |
18 |         datetime!("2021-01-02 03:04:05.12 UTC").format(&Rfc3339)?,
   |         ^^^^^^^^

error: cannot find macro `datetime` in this scope
  --> tests/integration/formatting.rs:22:9
   |
22 |         datetime!("2021-01-02 03:04:05.123 UTC").format(&Rfc3339)?,
   |         ^^^^^^^^

error: cannot find macro `datetime` in this scope
  --> tests/integration/formatting.rs:26:9
   |
26 |         datetime!("2021-01-02 03:04:05.123_4 UTC").format(&Rfc3339)?,
   |         ^^^^^^^^

error: cannot find macro `datetime` in this scope
  --> tests/integration/formatting.rs:30:9
   |
30 |         datetime!("2021-01-02 03:04:05.123_45 UTC").format(&Rfc3339)?,
   |         ^^^^^^^^

error: cannot find macro `datetime` in this scope
  --> tests/integration/formatting.rs:34:9
   |
34 |         datetime!("2021-01-02 03:04:05.123_456 UTC").format(&Rfc3339)?,
   |         ^^^^^^^^

error: cannot find macro `datetime` in this scope
  --> tests/integration/formatting.rs:38:9
   |
38 |         datetime!("2021-01-02 03:04:05.123_456_7 UTC").format(&Rfc3339)?,
   |         ^^^^^^^^

error: cannot find macro `datetime` in this scope
  --> tests/integration/formatting.rs:42:9
   |
42 |         datetime!("2021-01-02 03:04:05.123_456_78 UTC").format(&Rfc3339)?,
   |         ^^^^^^^^

error: cannot find macro `datetime` in this scope
  --> tests/integration/formatting.rs:46:9
   |
46 |         datetime!("2021-01-02 03:04:05.123_456_789 UTC").format(&Rfc3339)?,
   |         ^^^^^^^^

error: cannot find macro `datetime` in this scope
  --> tests/integration/formatting.rs:50:9
   |
50 |         datetime!("2021-01-02 03:04:05.123_456_789 -01:02").format(&Rfc3339)?,
   |         ^^^^^^^^

error: cannot find macro `datetime` in this scope
  --> tests/integration/formatting.rs:54:9
   |
54 |         datetime!("2021-01-02 03:04:05.123_456_789 +01:02").format(&Rfc3339)?,
   |         ^^^^^^^^

error: cannot find macro `datetime` in this scope
  --> tests/integration/formatting.rs:59:9
   |
59 |         datetime!("-0001-01-01 0:00 UTC").format(&Rfc3339),
   |         ^^^^^^^^

error: cannot find macro `datetime` in this scope
  --> tests/integration/formatting.rs:63:9
   |
63 |         datetime!("0000-01-01 0:00 +00:00:01").format(&Rfc3339),
   |         ^^^^^^^^

error: cannot find macro `fd` in this scope
  --> tests/integration/formatting.rs:73:10
   |
73 |         (fd!("[hour]"), "13"),
   |          ^^

error: cannot find macro `fd` in this scope
  --> tests/integration/formatting.rs:74:10
   |
74 |         (fd!("[hour repr:12]"), "01"),
   |          ^^

error: cannot find macro `fd` in this scope
  --> tests/integration/formatting.rs:75:10
   |
75 |         (fd!("[hour repr:12 padding:none]"), "1"),
   |          ^^

error: cannot find macro `fd` in this scope
  --> tests/integration/formatting.rs:76:10
   |
76 |         (fd!("[hour repr:12 padding:space]"), " 1"),
   |          ^^

error: cannot find macro `fd` in this scope
  --> tests/integration/formatting.rs:77:10
   |
77 |         (fd!("[hour repr:24]"), "13"),
   |          ^^

error: cannot find macro `fd` in this scope
  --> tests/integration/formatting.rs:78:10
   |
78 |         (fd!("[hour repr:24]"), "13"),
   |          ^^

error: cannot find macro `fd` in this scope
  --> tests/integration/formatting.rs:79:10
   |
79 |         (fd!("[hour repr:24 padding:none]"), "13"),
   |          ^^

error: cannot find macro `fd` in this scope
  --> tests/integration/formatting.rs:80:10
   |
80 |         (fd!("[hour repr:24 padding:space]"), "13"),
   |          ^^

error: cannot find macro `fd` in this scope
  --> tests/integration/formatting.rs:81:10
   |
81 |         (fd!("[minute]"), "02"),
   |          ^^

error: cannot find macro `fd` in this scope
  --> tests/integration/formatting.rs:82:10
   |
82 |         (fd!("[minute padding:none]"), "2"),
   |          ^^

error: cannot find macro `fd` in this scope
  --> tests/integration/formatting.rs:83:10
   |
83 |         (fd!("[minute padding:space]"), " 2"),
   |          ^^

error: cannot find macro `fd` in this scope
  --> tests/integration/formatting.rs:84:10
   |
84 |         (fd!("[minute padding:zero]"), "02"),
   |          ^^

error: cannot find macro `fd` in this scope
  --> tests/integration/formatting.rs:85:10
   |
85 |         (fd!("[period]"), "PM"),
   |          ^^

error: cannot find macro `fd` in this scope
  --> tests/integration/formatting.rs:86:10
   |
86 |         (fd!("[period case:upper]"), "PM"),
   |          ^^

error: cannot find macro `fd` in this scope
  --> tests/integration/formatting.rs:87:10
   |
87 |         (fd!("[period case:lower]"), "pm"),
   |          ^^

error: cannot find macro `fd` in this scope
  --> tests/integration/formatting.rs:88:10
   |
88 |         (fd!("[second]"), "03"),
   |          ^^

error: cannot find macro `fd` in this scope
  --> tests/integration/formatting.rs:89:10
   |
89 |         (fd!("[second padding:none]"), "3"),
   |          ^^

error: cannot find macro `fd` in this scope
  --> tests/integration/formatting.rs:90:10
   |
90 |         (fd!("[second padding:space]"), " 3"),
   |          ^^

error: cannot find macro `fd` in this scope
  --> tests/integration/formatting.rs:91:10
   |
91 |         (fd!("[second padding:zero]"), "03"),
   |          ^^

error: cannot find macro `fd` in this scope
  --> tests/integration/formatting.rs:92:10
   |
92 |         (fd!("[subsecond]"), "456789012"),
   |          ^^

error: cannot find macro `fd` in this scope
  --> tests/integration/formatting.rs:93:10
   |
93 |         (fd!("[subsecond digits:1]"), "4"),
   |          ^^

error: cannot find macro `fd` in this scope
  --> tests/integration/formatting.rs:94:10
   |
94 |         (fd!("[subsecond digits:2]"), "45"),
   |          ^^

error: cannot find macro `fd` in this scope
  --> tests/integration/formatting.rs:95:10
   |
95 |         (fd!("[subsecond digits:3]"), "456"),
   |          ^^

error: cannot find macro `fd` in this scope
  --> tests/integration/formatting.rs:96:10
   |
96 |         (fd!("[subsecond digits:4]"), "4567"),
   |          ^^

error: cannot find macro `fd` in this scope
  --> tests/integration/formatting.rs:97:10
   |
97 |         (fd!("[subsecond digits:5]"), "45678"),
   |          ^^

error: cannot find macro `fd` in this scope
  --> tests/integration/formatting.rs:98:10
   |
98 |         (fd!("[subsecond digits:6]"), "456789"),
   |          ^^

error: cannot find macro `fd` in this scope
  --> tests/integration/formatting.rs:99:10
   |
99 |         (fd!("[subsecond digits:7]"), "4567890"),
   |          ^^

error: cannot find macro `fd` in this scope
   --> tests/integration/formatting.rs:100:10
    |
100 |         (fd!("[subsecond digits:8]"), "45678901"),
    |          ^^

error: cannot find macro `fd` in this scope
   --> tests/integration/formatting.rs:101:10
    |
101 |         (fd!("[subsecond digits:9]"), "456789012"),
    |          ^^

error: cannot find macro `fd` in this scope
   --> tests/integration/formatting.rs:102:10
    |
102 |         (fd!("[subsecond digits:1+]"), "456789012"),
    |          ^^

error: cannot determine resolution for the macro `time`
   --> tests/integration/formatting.rs:107:13
    |
107 |             time!("13:02:03.456_789_012").format(&format_description)?,
    |             ^^^^
    |
    = note: import resolution is stuck, try simplifying macro imports

error: cannot determine resolution for the macro `time`
   --> tests/integration/formatting.rs:111:13
    |
111 |             time!("13:02:03.456_789_012")
    |             ^^^^
    |
    = note: import resolution is stuck, try simplifying macro imports

error: cannot determine resolution for the macro `time`
   --> tests/integration/formatting.rs:117:16
    |
117 |     assert_eq!(time!("1:02:03").format(&fd!("[period]"))?, "AM");
    |                ^^^^
    |
    = note: import resolution is stuck, try simplifying macro imports

error: cannot find macro `fd` in this scope
   --> tests/integration/formatting.rs:117:41
    |
117 |     assert_eq!(time!("1:02:03").format(&fd!("[period]"))?, "AM");
    |                                         ^^

error: cannot determine resolution for the macro `time`
   --> tests/integration/formatting.rs:124:16
    |
124 |     assert_eq!(time!("0:00").to_string(), "0:00:00.0");
    |                ^^^^
    |
    = note: import resolution is stuck, try simplifying macro imports

error: cannot determine resolution for the macro `time`
   --> tests/integration/formatting.rs:125:16
    |
125 |     assert_eq!(time!("23:59").to_string(), "23:59:00.0");
    |                ^^^^
    |
    = note: import resolution is stuck, try simplifying macro imports

error: cannot determine resolution for the macro `time`
   --> tests/integration/formatting.rs:126:16
    |
126 |     assert_eq!(time!("23:59:59").to_string(), "23:59:59.0");
    |                ^^^^
    |
    = note: import resolution is stuck, try simplifying macro imports

error: cannot determine resolution for the macro `time`
   --> tests/integration/formatting.rs:127:16
    |
127 |     assert_eq!(time!("0:00:01").to_string(), "0:00:01.0");
    |                ^^^^
    |
    = note: import resolution is stuck, try simplifying macro imports

error: cannot determine resolution for the macro `time`
   --> tests/integration/formatting.rs:128:16
    |
128 |     assert_eq!(time!("0:00:00.001").to_string(), "0:00:00.001");
    |                ^^^^
    |
    = note: import resolution is stuck, try simplifying macro imports

error: cannot determine resolution for the macro `time`
   --> tests/integration/formatting.rs:129:16
    |
129 |     assert_eq!(time!("0:00:00.000_001").to_string(), "0:00:00.000001");
    |                ^^^^
    |
    = note: import resolution is stuck, try simplifying macro imports

error: cannot determine resolution for the macro `time`
   --> tests/integration/formatting.rs:131:9
    |
131 |         time!("0:00:00.000_000_001").to_string(),
    |         ^^^^
    |
    = note: import resolution is stuck, try simplifying macro imports

error: cannot find macro `fd` in this scope
   --> tests/integration/formatting.rs:139:10
    |
139 |         (fd!("[day]"), "31"),
    |          ^^

error: cannot find macro `fd` in this scope
   --> tests/integration/formatting.rs:140:10
    |
140 |         (fd!("[month]"), "12"),
    |          ^^

error: cannot find macro `fd` in this scope
   --> tests/integration/formatting.rs:141:10
    |
141 |         (fd!("[month repr:short]"), "Dec"),
    |          ^^

error: cannot find macro `fd` in this scope
   --> tests/integration/formatting.rs:142:10
    |
142 |         (fd!("[month repr:long]"), "December"),
    |          ^^

error: cannot find macro `fd` in this scope
   --> tests/integration/formatting.rs:143:10
    |
143 |         (fd!("[ordinal]"), "365"),
    |          ^^

error: cannot find macro `fd` in this scope
   --> tests/integration/formatting.rs:144:10
    |
144 |         (fd!("[weekday]"), "Tuesday"),
    |          ^^

error: cannot find macro `fd` in this scope
   --> tests/integration/formatting.rs:145:10
    |
145 |         (fd!("[weekday repr:short]"), "Tue"),
    |          ^^

error: cannot find macro `fd` in this scope
   --> tests/integration/formatting.rs:146:10
    |
146 |         (fd!("[weekday repr:sunday]"), "3"),
    |          ^^

error: cannot find macro `fd` in this scope
   --> tests/integration/formatting.rs:147:10
    |
147 |         (fd!("[weekday repr:sunday one_indexed:false]"), "2"),
    |          ^^

error: cannot find macro `fd` in this scope
   --> tests/integration/formatting.rs:148:10
    |
148 |         (fd!("[weekday repr:monday]"), "2"),
    |          ^^

error: cannot find macro `fd` in this scope
   --> tests/integration/formatting.rs:149:10
    |
149 |         (fd!("[weekday repr:monday one_indexed:false]"), "1"),
    |          ^^

error: cannot find macro `fd` in this scope
   --> tests/integration/formatting.rs:150:10
    |
150 |         (fd!("[week_number]"), "01"),
    |          ^^

error: cannot find macro `fd` in this scope
   --> tests/integration/formatting.rs:151:10
    |
151 |         (fd!("[week_number padding:none]"), "1"),
    |          ^^

error: cannot find macro `fd` in this scope
   --> tests/integration/formatting.rs:152:10
    |
152 |         (fd!("[week_number padding:space]"), " 1"),
    |          ^^

error: cannot find macro `fd` in this scope
   --> tests/integration/formatting.rs:153:10
    |
153 |         (fd!("[week_number repr:sunday]"), "52"),
    |          ^^

error: cannot find macro `fd` in this scope
   --> tests/integration/formatting.rs:154:10
    |
154 |         (fd!("[week_number repr:monday]"), "52"),
    |          ^^

error: cannot find macro `fd` in this scope
   --> tests/integration/formatting.rs:155:10
    |
155 |         (fd!("[year]"), "2019"),
    |          ^^

error: cannot find macro `fd` in this scope
   --> tests/integration/formatting.rs:156:10
    |
156 |         (fd!("[year base:iso_week]"), "2020"),
    |          ^^

error: cannot find macro `fd` in this scope
   --> tests/integration/formatting.rs:157:10
    |
157 |         (fd!("[year sign:mandatory]"), "+2019"),
    |          ^^

error: cannot find macro `fd` in this scope
   --> tests/integration/formatting.rs:158:10
    |
158 |         (fd!("[year base:iso_week sign:mandatory]"), "+2020"),
    |          ^^

error: cannot find macro `fd` in this scope
   --> tests/integration/formatting.rs:159:10
    |
159 |         (fd!("[year repr:last_two]"), "19"),
    |          ^^

error: cannot find macro `fd` in this scope
   --> tests/integration/formatting.rs:160:10
    |
160 |         (fd!("[year base:iso_week repr:last_two]"), "20"),
    |          ^^

error: cannot find macro `date` in this scope
   --> tests/integration/formatting.rs:164:20
    |
164 |         assert_eq!(date!("2019-12-31").format(&format_description)?, output);
    |                    ^^^^

error: cannot find macro `date` in this scope
   --> tests/integration/formatting.rs:166:13
    |
166 |             date!("2019-12-31")
    |             ^^^^

error: cannot find macro `date` in this scope
   --> tests/integration/formatting.rs:177:16
    |
177 |     assert_eq!(date!("2019-01-01").to_string(), "2019-01-01");
    |                ^^^^

error: cannot find macro `date` in this scope
   --> tests/integration/formatting.rs:178:16
    |
178 |     assert_eq!(date!("2019-12-31").to_string(), "2019-12-31");
    |                ^^^^

error: cannot find macro `date` in this scope
   --> tests/integration/formatting.rs:179:16
    |
179 |     assert_eq!(date!("-4713-11-24").to_string(), "-4713-11-24");
    |                ^^^^

error: cannot find macro `date` in this scope
   --> tests/integration/formatting.rs:180:16
    |
180 |     assert_eq!(date!("-0001-01-01").to_string(), "-0001-01-01");
    |                ^^^^

error: cannot find macro `date` in this scope
   --> tests/integration/formatting.rs:182:16
    |
182 |     assert_eq!(date!("+10_000-01-01").to_string(), "+10000-01-01");
    |                ^^^^

error: cannot find macro `date` in this scope
   --> tests/integration/formatting.rs:183:16
    |
183 |     assert_eq!(date!("+100_000-01-01").to_string(), "+100000-01-01");
    |                ^^^^

error: cannot find macro `date` in this scope
   --> tests/integration/formatting.rs:184:16
    |
184 |     assert_eq!(date!("-10_000-01-01").to_string(), "-10000-01-01");
    |                ^^^^

error: cannot find macro `date` in this scope
   --> tests/integration/formatting.rs:185:16
    |
185 |     assert_eq!(date!("-100_000-01-01").to_string(), "-100000-01-01");
    |                ^^^^

error: cannot find macro `offset` in this scope
   --> tests/integration/formatting.rs:192:13
    |
192 |             offset!("+01:02:03"),
    |             ^^^^^^

error: cannot find macro `fd` in this scope
   --> tests/integration/formatting.rs:193:13
    |
193 |             fd!("[offset_hour sign:automatic]"),
    |             ^^

error: cannot find macro `offset` in this scope
   --> tests/integration/formatting.rs:197:13
    |
197 |             offset!("+01:02:03"),
    |             ^^^^^^

error: cannot find macro `fd` in this scope
   --> tests/integration/formatting.rs:198:13
    |
198 |             fd!("[offset_hour sign:mandatory]"),
    |             ^^

error: cannot find macro `offset` in this scope
   --> tests/integration/formatting.rs:202:13
    |
202 |             offset!("-01:02:03"),
    |             ^^^^^^

error: cannot find macro `fd` in this scope
   --> tests/integration/formatting.rs:203:13
    |
203 |             fd!("[offset_hour sign:automatic]"),
    |             ^^

error: cannot find macro `offset` in this scope
   --> tests/integration/formatting.rs:207:13
    |
207 |             offset!("-01:02:03"),
    |             ^^^^^^

error: cannot find macro `fd` in this scope
   --> tests/integration/formatting.rs:208:13
    |
208 |             fd!("[offset_hour sign:mandatory]"),
    |             ^^

error: cannot find macro `offset` in this scope
   --> tests/integration/formatting.rs:211:10
    |
211 |         (offset!("+01:02:03"), fd!("[offset_minute]"), "02"),
    |          ^^^^^^

error: cannot find macro `fd` in this scope
   --> tests/integration/formatting.rs:211:32
    |
211 |         (offset!("+01:02:03"), fd!("[offset_minute]"), "02"),
    |                                ^^

error: cannot find macro `offset` in this scope
   --> tests/integration/formatting.rs:212:10
    |
212 |         (offset!("+01:02:03"), fd!("[offset_second]"), "03"),
    |          ^^^^^^

error: cannot find macro `fd` in this scope
   --> tests/integration/formatting.rs:212:32
    |
212 |         (offset!("+01:02:03"), fd!("[offset_second]"), "03"),
    |                                ^^

error: cannot find macro `offset` in this scope
   --> tests/integration/formatting.rs:229:16
    |
229 |     assert_eq!(offset!("UTC").to_string(), "+00:00:00");
    |                ^^^^^^

error: cannot find macro `offset` in this scope
   --> tests/integration/formatting.rs:230:16
    |
230 |     assert_eq!(offset!("+0:00:01").to_string(), "+00:00:01");
    |                ^^^^^^

error: cannot find macro `offset` in this scope
   --> tests/integration/formatting.rs:231:16
    |
231 |     assert_eq!(offset!("-0:00:01").to_string(), "-00:00:01");
    |                ^^^^^^

error: cannot find macro `offset` in this scope
   --> tests/integration/formatting.rs:232:16
    |
232 |     assert_eq!(offset!("+1").to_string(), "+01:00:00");
    |                ^^^^^^

error: cannot find macro `offset` in this scope
   --> tests/integration/formatting.rs:233:16
    |
233 |     assert_eq!(offset!("-1").to_string(), "-01:00:00");
    |                ^^^^^^

error: cannot find macro `offset` in this scope
   --> tests/integration/formatting.rs:234:16
    |
234 |     assert_eq!(offset!("+23:59").to_string(), "+23:59:00");
    |                ^^^^^^

error: cannot find macro `offset` in this scope
   --> tests/integration/formatting.rs:235:16
    |
235 |     assert_eq!(offset!("-23:59").to_string(), "-23:59:00");
    |                ^^^^^^

error: cannot find macro `offset` in this scope
   --> tests/integration/formatting.rs:236:16
    |
236 |     assert_eq!(offset!("+23:59:59").to_string(), "+23:59:59");
    |                ^^^^^^

error: cannot find macro `offset` in this scope
   --> tests/integration/formatting.rs:237:16
    |
237 |     assert_eq!(offset!("-23:59:59").to_string(), "-23:59:59");
    |                ^^^^^^

error: cannot find macro `fd` in this scope
   --> tests/integration/formatting.rs:242:30
    |
242 |     let format_description = fd!("[year]-[month]-[day] [hour]:[minute]:[second].[subsecond]");
    |                              ^^

error: cannot find macro `datetime` in this scope
   --> tests/integration/formatting.rs:245:9
    |
245 |         datetime!("1970-01-01 0:00").format(&format_description)?,
    |         ^^^^^^^^

error: cannot find macro `datetime` in this scope
   --> tests/integration/formatting.rs:249:9
    |
249 |         datetime!("1970-01-01 0:00")
    |         ^^^^^^^^

error: cannot find macro `datetime` in this scope
   --> tests/integration/formatting.rs:260:9
    |
260 |         datetime!("1970-01-01 0:00").to_string(),
    |         ^^^^^^^^

error: cannot find macro `datetime` in this scope
   --> tests/integration/formatting.rs:264:9
    |
264 |         datetime!("1970-01-01 0:00:01").to_string(),
    |         ^^^^^^^^

error: cannot find macro `datetime` in this scope
   --> tests/integration/formatting.rs:279:9
    |
279 |         datetime!("1970-01-01 0:00 UTC").format(&format_description)?,
    |         ^^^^^^^^

error: cannot find macro `datetime` in this scope
   --> tests/integration/formatting.rs:283:9
    |
283 |         datetime!("1970-01-01 0:00 UTC")
    |         ^^^^^^^^

error: cannot find macro `datetime` in this scope
   --> tests/integration/formatting.rs:294:9
    |
294 |         datetime!("1970-01-01 0:00 UTC").to_string(),
    |         ^^^^^^^^

error: cannot find macro `fd` in this scope
   --> tests/integration/formatting.rs:302:32
    |
302 |         Time::MIDNIGHT.format(&fd!("[year]")),
    |                                ^^

error: cannot find macro `offset` in this scope
  --> tests/integration/offset_date_time.rs:11:52
   |
11 |     assert_eq!(OffsetDateTime::now_utc().offset(), offset!("UTC"));
   |                                                    ^^^^^^

error: cannot find macro `datetime` in this scope
  --> tests/integration/offset_date_time.rs:27:9
   |
27 |         datetime!("2000-01-01 0:00 UTC")
   |         ^^^^^^^^

error: cannot find macro `offset` in this scope
  --> tests/integration/offset_date_time.rs:28:24
   |
28 |             .to_offset(offset!("-1"))
   |                        ^^^^^^

error: cannot find macro `datetime` in this scope
  --> tests/integration/offset_date_time.rs:33:18
   |
33 |     let sydney = datetime!("2000-01-01 0:00 +11");
   |                  ^^^^^^^^

error: cannot find macro `offset` in this scope
  --> tests/integration/offset_date_time.rs:34:37
   |
34 |     let new_york = sydney.to_offset(offset!("-5"));
   |                                     ^^^^^^

error: cannot find macro `offset` in this scope
  --> tests/integration/offset_date_time.rs:35:40
   |
35 |     let los_angeles = sydney.to_offset(offset!("-8"));
   |                                        ^^^^^^

error: cannot find macro `datetime` in this scope
  --> tests/integration/offset_date_time.rs:52:12
   |
52 |         Ok(datetime!("2019-01-01 0:00 UTC")),
   |            ^^^^^^^^

error: cannot find macro `datetime` in this scope
  --> tests/integration/offset_date_time.rs:64:12
   |
64 |         Ok(datetime!("2019-01-01 0:00 UTC")),
   |            ^^^^^^^^

error: cannot find macro `datetime` in this scope
  --> tests/integration/offset_date_time.rs:70:16
   |
70 |     assert_eq!(datetime!("2019-01-01 0:00 UTC").offset(), offset!("UTC"));
   |                ^^^^^^^^

error: cannot find macro `offset` in this scope
  --> tests/integration/offset_date_time.rs:70:59
   |
70 |     assert_eq!(datetime!("2019-01-01 0:00 UTC").offset(), offset!("UTC"));
   |                                                           ^^^^^^

error: cannot find macro `datetime` in this scope
  --> tests/integration/offset_date_time.rs:71:16
   |
71 |     assert_eq!(datetime!("2019-01-01 0:00 +1").offset(), offset!("+1"));
   |                ^^^^^^^^

error: cannot find macro `offset` in this scope
  --> tests/integration/offset_date_time.rs:71:58
   |
71 |     assert_eq!(datetime!("2019-01-01 0:00 +1").offset(), offset!("+1"));
   |                                                          ^^^^^^

error: cannot find macro `datetime` in this scope
  --> tests/integration/offset_date_time.rs:73:9
   |
73 |         datetime!("2019-01-01 0:00 UTC")
   |         ^^^^^^^^

error: cannot find macro `offset` in this scope
  --> tests/integration/offset_date_time.rs:74:24
   |
74 |             .to_offset(offset!("+1"))
   |                        ^^^^^^

error: cannot find macro `offset` in this scope
  --> tests/integration/offset_date_time.rs:76:9
   |
76 |         offset!("+1"),
   |         ^^^^^^

error: cannot find macro `offset` in this scope
  --> tests/integration/offset_date_time.rs:85:24
   |
85 |             .to_offset(offset!("+1"))
   |                        ^^^^^^

error: cannot find macro `datetime` in this scope
  --> tests/integration/offset_date_time.rs:89:16
   |
89 |     assert_eq!(datetime!("1970-01-01 0:00 -1").unix_timestamp(), 3_600);
   |                ^^^^^^^^

error: cannot find macro `datetime` in this scope
  --> tests/integration/offset_date_time.rs:94:16
   |
94 |     assert_eq!(datetime!("1970-01-01 0:00 UTC").unix_timestamp_nanos(), 0);
   |                ^^^^^^^^

error: cannot find macro `datetime` in this scope
  --> tests/integration/offset_date_time.rs:96:9
   |
96 |         datetime!("1970-01-01 1:00 UTC")
   |         ^^^^^^^^

error: cannot find macro `offset` in this scope
  --> tests/integration/offset_date_time.rs:97:24
   |
97 |             .to_offset(offset!("-1"))
   |                        ^^^^^^

error: cannot find macro `datetime` in this scope
   --> tests/integration/offset_date_time.rs:105:16
    |
105 |     assert_eq!(datetime!("2019-01-01 0:00 UTC").date(), date!("2019-01-01"));
    |                ^^^^^^^^

error: cannot find macro `date` in this scope
   --> tests/integration/offset_date_time.rs:105:57
    |
105 |     assert_eq!(datetime!("2019-01-01 0:00 UTC").date(), date!("2019-01-01"));
    |                                                         ^^^^

error: cannot find macro `datetime` in this scope
   --> tests/integration/offset_date_time.rs:107:9
    |
107 |         datetime!("2019-01-01 0:00 UTC")
    |         ^^^^^^^^

error: cannot find macro `offset` in this scope
   --> tests/integration/offset_date_time.rs:108:24
    |
108 |             .to_offset(offset!("-1"))
    |                        ^^^^^^

error: cannot find macro `date` in this scope
   --> tests/integration/offset_date_time.rs:110:9
    |
110 |         date!("2018-12-31"),
    |         ^^^^

error: cannot find macro `datetime` in this scope
   --> tests/integration/offset_date_time.rs:116:16
    |
116 |     assert_eq!(datetime!("2019-01-01 0:00 UTC").time(), time!("0:00"));
    |                ^^^^^^^^

error: cannot determine resolution for the macro `time`
   --> tests/integration/offset_date_time.rs:116:57
    |
116 |     assert_eq!(datetime!("2019-01-01 0:00 UTC").time(), time!("0:00"));
    |                                                         ^^^^
    |
    = note: import resolution is stuck, try simplifying macro imports

error: cannot find macro `datetime` in this scope
   --> tests/integration/offset_date_time.rs:118:9
    |
118 |         datetime!("2019-01-01 0:00 UTC")
    |         ^^^^^^^^

error: cannot find macro `offset` in this scope
   --> tests/integration/offset_date_time.rs:119:24
    |
119 |             .to_offset(offset!("-1"))
    |                        ^^^^^^

error: cannot determine resolution for the macro `time`
   --> tests/integration/offset_date_time.rs:121:9
    |
121 |         time!("23:00"),
    |         ^^^^
    |
    = note: import resolution is stuck, try simplifying macro imports

error: cannot find macro `datetime` in this scope
   --> tests/integration/offset_date_time.rs:127:16
    |
127 |     assert_eq!(datetime!("2019-01-01 0:00 UTC").year(), 2019);
    |                ^^^^^^^^

error: cannot find macro `datetime` in this scope
   --> tests/integration/offset_date_time.rs:129:9
    |
129 |         datetime!("2019-12-31 23:00 UTC")
    |         ^^^^^^^^

error: cannot find macro `offset` in this scope
   --> tests/integration/offset_date_time.rs:130:24
    |
130 |             .to_offset(offset!("+1"))
    |                        ^^^^^^

error: cannot find macro `datetime` in this scope
   --> tests/integration/offset_date_time.rs:134:16
    |
134 |     assert_eq!(datetime!("2020-01-01 0:00 UTC").year(), 2020);
    |                ^^^^^^^^

error: cannot find macro `datetime` in this scope
   --> tests/integration/offset_date_time.rs:139:16
    |
139 |     assert_eq!(datetime!("2019-01-01 0:00 UTC").month(), 1);
    |                ^^^^^^^^

error: cannot find macro `datetime` in this scope
   --> tests/integration/offset_date_time.rs:141:9
    |
141 |         datetime!("2019-12-31 23:00 UTC")
    |         ^^^^^^^^

error: cannot find macro `offset` in this scope
   --> tests/integration/offset_date_time.rs:142:24
    |
142 |             .to_offset(offset!("+1"))
    |                        ^^^^^^

error: cannot find macro `datetime` in this scope
   --> tests/integration/offset_date_time.rs:150:16
    |
150 |     assert_eq!(datetime!("2019-01-01 0:00 UTC").day(), 1);
    |                ^^^^^^^^

error: cannot find macro `datetime` in this scope
   --> tests/integration/offset_date_time.rs:152:9
    |
152 |         datetime!("2019-12-31 23:00 UTC")
    |         ^^^^^^^^

error: cannot find macro `offset` in this scope
   --> tests/integration/offset_date_time.rs:153:24
    |
153 |             .to_offset(offset!("+1"))
    |                        ^^^^^^

error: cannot find macro `datetime` in this scope
   --> tests/integration/offset_date_time.rs:161:16
    |
161 |     assert_eq!(datetime!("2019-01-01 0:00 UTC").ordinal(), 1);
    |                ^^^^^^^^

error: cannot find macro `datetime` in this scope
   --> tests/integration/offset_date_time.rs:163:9
    |
163 |         datetime!("2019-12-31 23:00 UTC")
    |         ^^^^^^^^

error: cannot find macro `offset` in this scope
   --> tests/integration/offset_date_time.rs:164:24
    |
164 |             .to_offset(offset!("+1"))
    |                        ^^^^^^

error: cannot find macro `datetime` in this scope
   --> tests/integration/offset_date_time.rs:172:16
    |
172 |     assert_eq!(datetime!("2019-01-01 0:00 UTC").iso_week(), 1);
    |                ^^^^^^^^

error: cannot find macro `datetime` in this scope
   --> tests/integration/offset_date_time.rs:173:16
    |
173 |     assert_eq!(datetime!("2020-01-01 0:00 UTC").iso_week(), 1);
    |                ^^^^^^^^

error: cannot find macro `datetime` in this scope
   --> tests/integration/offset_date_time.rs:174:16
    |
174 |     assert_eq!(datetime!("2020-12-31 0:00 UTC").iso_week(), 53);
    |                ^^^^^^^^

error: cannot find macro `datetime` in this scope
   --> tests/integration/offset_date_time.rs:175:16
    |
175 |     assert_eq!(datetime!("2021-01-01 0:00 UTC").iso_week(), 53);
    |                ^^^^^^^^

error: cannot find macro `datetime` in this scope
   --> tests/integration/offset_date_time.rs:180:16
    |
180 |     assert_eq!(datetime!("2019-01-01 0:00 UTC").sunday_based_week(), 0);
    |                ^^^^^^^^

error: cannot find macro `datetime` in this scope
   --> tests/integration/offset_date_time.rs:181:16
    |
181 |     assert_eq!(datetime!("2020-01-01 0:00 UTC").sunday_based_week(), 0);
    |                ^^^^^^^^

error: cannot find macro `datetime` in this scope
   --> tests/integration/offset_date_time.rs:182:16
    |
182 |     assert_eq!(datetime!("2020-12-31 0:00 UTC").sunday_based_week(), 52);
    |                ^^^^^^^^

error: cannot find macro `datetime` in this scope
   --> tests/integration/offset_date_time.rs:183:16
    |
183 |     assert_eq!(datetime!("2021-01-01 0:00 UTC").sunday_based_week(), 0);
    |                ^^^^^^^^

error: cannot find macro `datetime` in this scope
   --> tests/integration/offset_date_time.rs:188:16
    |
188 |     assert_eq!(datetime!("2019-01-01 0:00 UTC").monday_based_week(), 0);
    |                ^^^^^^^^

error: cannot find macro `datetime` in this scope
   --> tests/integration/offset_date_time.rs:189:16
    |
189 |     assert_eq!(datetime!("2020-01-01 0:00 UTC").monday_based_week(), 0);
    |                ^^^^^^^^

error: cannot find macro `datetime` in this scope
   --> tests/integration/offset_date_time.rs:190:16
    |
190 |     assert_eq!(datetime!("2020-12-31 0:00 UTC").monday_based_week(), 52);
    |                ^^^^^^^^

error: cannot find macro `datetime` in this scope
   --> tests/integration/offset_date_time.rs:191:16
    |
191 |     assert_eq!(datetime!("2021-01-01 0:00 UTC").monday_based_week(), 0);
    |                ^^^^^^^^

error: cannot find macro `datetime` in this scope
   --> tests/integration/offset_date_time.rs:197:9
    |
197 |         datetime!("2019-01-02 0:00 UTC").to_calendar_date(),
    |         ^^^^^^^^

error: cannot find macro `datetime` in this scope
   --> tests/integration/offset_date_time.rs:205:9
    |
205 |         datetime!("2019-01-01 0:00 UTC").to_ordinal_date(),
    |         ^^^^^^^^

error: cannot find macro `datetime` in this scope
   --> tests/integration/offset_date_time.rs:214:9
    |
214 |         datetime!("2019-01-01 0:00 UTC").to_iso_week_date(),
    |         ^^^^^^^^

error: cannot find macro `datetime` in this scope
   --> tests/integration/offset_date_time.rs:218:9
    |
218 |         datetime!("2019-10-04 0:00 UTC").to_iso_week_date(),
    |         ^^^^^^^^

error: cannot find macro `datetime` in this scope
   --> tests/integration/offset_date_time.rs:222:9
    |
222 |         datetime!("2020-01-01 0:00 UTC").to_iso_week_date(),
    |         ^^^^^^^^

error: cannot find macro `datetime` in this scope
   --> tests/integration/offset_date_time.rs:226:9
    |
226 |         datetime!("2020-12-31 0:00 UTC").to_iso_week_date(),
    |         ^^^^^^^^

error: cannot find macro `datetime` in this scope
   --> tests/integration/offset_date_time.rs:230:9
    |
230 |         datetime!("2021-01-01 0:00 UTC").to_iso_week_date(),
    |         ^^^^^^^^

error: cannot find macro `datetime` in this scope
   --> tests/integration/offset_date_time.rs:238:16
    |
238 |     assert_eq!(datetime!("2019-01-01 0:00 UTC").weekday(), Tuesday);
    |                ^^^^^^^^

error: cannot find macro `datetime` in this scope
   --> tests/integration/offset_date_time.rs:239:16
    |
239 |     assert_eq!(datetime!("2019-02-01 0:00 UTC").weekday(), Friday);
    |                ^^^^^^^^

error: cannot find macro `datetime` in this scope
   --> tests/integration/offset_date_time.rs:240:16
    |
240 |     assert_eq!(datetime!("2019-03-01 0:00 UTC").weekday(), Friday);
    |                ^^^^^^^^

error: cannot find macro `datetime` in this scope
   --> tests/integration/offset_date_time.rs:246:9
    |
246 |         datetime!("-999_999-01-01 0:00 UTC").to_julian_day(),
    |         ^^^^^^^^

error: cannot find macro `datetime` in this scope
   --> tests/integration/offset_date_time.rs:249:16
    |
249 |     assert_eq!(datetime!("-4713-11-24 0:00 UTC").to_julian_day(), 0);
    |                ^^^^^^^^

error: cannot find macro `datetime` in this scope
   --> tests/integration/offset_date_time.rs:250:16
    |
250 |     assert_eq!(datetime!("2000-01-01 0:00 UTC").to_julian_day(), 2_451_545);
    |                ^^^^^^^^

error: cannot find macro `datetime` in this scope
   --> tests/integration/offset_date_time.rs:251:16
    |
251 |     assert_eq!(datetime!("2019-01-01 0:00 UTC").to_julian_day(), 2_458_485);
    |                ^^^^^^^^

error: cannot find macro `datetime` in this scope
   --> tests/integration/offset_date_time.rs:252:16
    |
252 |     assert_eq!(datetime!("2019-12-31 0:00 UTC").to_julian_day(), 2_458_849);
    |                ^^^^^^^^

error: cannot find macro `datetime` in this scope
   --> tests/integration/offset_date_time.rs:257:16
    |
257 |     assert_eq!(datetime!("2020-01-01 1:02:03 UTC").to_hms(), (1, 2, 3));
    |                ^^^^^^^^

error: cannot find macro `datetime` in this scope
   --> tests/integration/offset_date_time.rs:263:9
    |
263 |         datetime!("2020-01-01 1:02:03.004 UTC").to_hms_milli(),
    |         ^^^^^^^^

error: cannot find macro `datetime` in this scope
   --> tests/integration/offset_date_time.rs:271:9
    |
271 |         datetime!("2020-01-01 1:02:03.004_005 UTC").to_hms_micro(),
    |         ^^^^^^^^

error: cannot find macro `datetime` in this scope
   --> tests/integration/offset_date_time.rs:279:9
    |
279 |         datetime!("2020-01-01 1:02:03.004_005_006 UTC").to_hms_nano(),
    |         ^^^^^^^^

error: cannot find macro `datetime` in this scope
   --> tests/integration/offset_date_time.rs:286:16
    |
286 |     assert_eq!(datetime!("2019-01-01 0:00 UTC").hour(), 0);
    |                ^^^^^^^^

error: cannot find macro `datetime` in this scope
   --> tests/integration/offset_date_time.rs:288:9
    |
288 |         datetime!("2019-01-01 23:59:59 UTC")
    |         ^^^^^^^^

error: cannot find macro `offset` in this scope
   --> tests/integration/offset_date_time.rs:289:24
    |
289 |             .to_offset(offset!("-2"))
    |                        ^^^^^^

error: cannot find macro `datetime` in this scope
   --> tests/integration/offset_date_time.rs:297:16
    |
297 |     assert_eq!(datetime!("2019-01-01 0:00 UTC").minute(), 0);
    |                ^^^^^^^^

error: cannot find macro `datetime` in this scope
   --> tests/integration/offset_date_time.rs:299:9
    |
299 |         datetime!("2019-01-01 23:59:59 UTC")
    |         ^^^^^^^^

error: cannot find macro `offset` in this scope
   --> tests/integration/offset_date_time.rs:300:24
    |
300 |             .to_offset(offset!("+0:30"))
    |                        ^^^^^^

error: cannot find macro `datetime` in this scope
   --> tests/integration/offset_date_time.rs:308:16
    |
308 |     assert_eq!(datetime!("2019-01-01 0:00 UTC").second(), 0);
    |                ^^^^^^^^

error: cannot find macro `datetime` in this scope
   --> tests/integration/offset_date_time.rs:310:9
    |
310 |         datetime!("2019-01-01 23:59:59 UTC")
    |         ^^^^^^^^

error: cannot find macro `offset` in this scope
   --> tests/integration/offset_date_time.rs:311:24
    |
311 |             .to_offset(offset!("+0:00:30"))
    |                        ^^^^^^

error: cannot find macro `datetime` in this scope
   --> tests/integration/offset_date_time.rs:319:16
    |
319 |     assert_eq!(datetime!("2019-01-01 0:00 UTC").millisecond(), 0);
    |                ^^^^^^^^

error: cannot find macro `datetime` in this scope
   --> tests/integration/offset_date_time.rs:320:16
    |
320 |     assert_eq!(datetime!("2019-01-01 23:59:59.999 UTC").millisecond(), 999);
    |                ^^^^^^^^

error: cannot find macro `datetime` in this scope
   --> tests/integration/offset_date_time.rs:325:16
    |
325 |     assert_eq!(datetime!("2019-01-01 0:00 UTC").microsecond(), 0);
    |                ^^^^^^^^

error: cannot find macro `datetime` in this scope
   --> tests/integration/offset_date_time.rs:327:9
    |
327 |         datetime!("2019-01-01 23:59:59.999_999 UTC").microsecond(),
    |         ^^^^^^^^

error: cannot find macro `datetime` in this scope
   --> tests/integration/offset_date_time.rs:334:16
    |
334 |     assert_eq!(datetime!("2019-01-01 0:00 UTC").nanosecond(), 0);
    |                ^^^^^^^^

error: cannot find macro `datetime` in this scope
   --> tests/integration/offset_date_time.rs:336:9
    |
336 |         datetime!("2019-01-01 23:59:59.999_999_999 UTC").nanosecond(),
    |         ^^^^^^^^

error: cannot find macro `datetime` in this scope
   --> tests/integration/offset_date_time.rs:344:9
    |
344 |         datetime!("2020-01-01 5:00 UTC").replace_time(time!("12:00")),
    |         ^^^^^^^^

error: cannot determine resolution for the macro `time`
   --> tests/integration/offset_date_time.rs:344:55
    |
344 |         datetime!("2020-01-01 5:00 UTC").replace_time(time!("12:00")),
    |                                                       ^^^^
    |
    = note: import resolution is stuck, try simplifying macro imports

error: cannot find macro `datetime` in this scope
   --> tests/integration/offset_date_time.rs:345:9
    |
345 |         datetime!("2020-01-01 12:00 UTC")
    |         ^^^^^^^^

error: cannot find macro `datetime` in this scope
   --> tests/integration/offset_date_time.rs:348:9
    |
348 |         datetime!("2020-01-01 12:00 -5").replace_time(time!("7:00")),
    |         ^^^^^^^^

error: cannot determine resolution for the macro `time`
   --> tests/integration/offset_date_time.rs:348:55
    |
348 |         datetime!("2020-01-01 12:00 -5").replace_time(time!("7:00")),
    |                                                       ^^^^
    |
    = note: import resolution is stuck, try simplifying macro imports

error: cannot find macro `datetime` in this scope
   --> tests/integration/offset_date_time.rs:349:9
    |
349 |         datetime!("2020-01-01 7:00 -5")
    |         ^^^^^^^^

error: cannot find macro `datetime` in this scope
   --> tests/integration/offset_date_time.rs:352:9
    |
352 |         datetime!("2020-01-01 0:00 +1").replace_time(time!("12:00")),
    |         ^^^^^^^^

error: cannot determine resolution for the macro `time`
   --> tests/integration/offset_date_time.rs:352:54
    |
352 |         datetime!("2020-01-01 0:00 +1").replace_time(time!("12:00")),
    |                                                      ^^^^
    |
    = note: import resolution is stuck, try simplifying macro imports

error: cannot find macro `datetime` in this scope
   --> tests/integration/offset_date_time.rs:353:9
    |
353 |         datetime!("2020-01-01 12:00 +1")
    |         ^^^^^^^^

error: cannot find macro `datetime` in this scope
   --> tests/integration/offset_date_time.rs:360:9
    |
360 |         datetime!("2020-01-01 12:00 UTC").replace_date(date!("2020-01-30")),
    |         ^^^^^^^^

error: cannot find macro `date` in this scope
   --> tests/integration/offset_date_time.rs:360:56
    |
360 |         datetime!("2020-01-01 12:00 UTC").replace_date(date!("2020-01-30")),
    |                                                        ^^^^

error: cannot find macro `datetime` in this scope
   --> tests/integration/offset_date_time.rs:361:9
    |
361 |         datetime!("2020-01-30 12:00 UTC")
    |         ^^^^^^^^

error: cannot find macro `datetime` in this scope
   --> tests/integration/offset_date_time.rs:364:9
    |
364 |         datetime!("2020-01-01 0:00 +1").replace_date(date!("2020-01-30")),
    |         ^^^^^^^^

error: cannot find macro `date` in this scope
   --> tests/integration/offset_date_time.rs:364:54
    |
364 |         datetime!("2020-01-01 0:00 +1").replace_date(date!("2020-01-30")),
    |                                                      ^^^^

error: cannot find macro `datetime` in this scope
   --> tests/integration/offset_date_time.rs:365:9
    |
365 |         datetime!("2020-01-30 0:00 +1")
    |         ^^^^^^^^

error: cannot find macro `datetime` in this scope
   --> tests/integration/offset_date_time.rs:372:9
    |
372 |         datetime!("2020-01-01 12:00 UTC").replace_date_time(datetime!("2020-01-30 16:00")),
    |         ^^^^^^^^

error: cannot find macro `datetime` in this scope
   --> tests/integration/offset_date_time.rs:372:61
    |
372 |         datetime!("2020-01-01 12:00 UTC").replace_date_time(datetime!("2020-01-30 16:00")),
    |                                                             ^^^^^^^^

error: cannot find macro `datetime` in this scope
   --> tests/integration/offset_date_time.rs:373:9
    |
373 |         datetime!("2020-01-30 16:00 UTC")
    |         ^^^^^^^^

error: cannot find macro `datetime` in this scope
   --> tests/integration/offset_date_time.rs:376:9
    |
376 |         datetime!("2020-01-01 12:00 +1").replace_date_time(datetime!("2020-01-30 0:00")),
    |         ^^^^^^^^

error: cannot find macro `datetime` in this scope
   --> tests/integration/offset_date_time.rs:376:60
    |
376 |         datetime!("2020-01-01 12:00 +1").replace_date_time(datetime!("2020-01-30 0:00")),
    |                                                            ^^^^^^^^

error: cannot find macro `datetime` in this scope
   --> tests/integration/offset_date_time.rs:377:9
    |
377 |         datetime!("2020-01-30 0:00 +1")
    |         ^^^^^^^^

error: cannot find macro `datetime` in this scope
   --> tests/integration/offset_date_time.rs:384:9
    |
384 |         datetime!("2020-01-01 0:00 UTC").replace_offset(offset!("-5")),
    |         ^^^^^^^^

error: cannot find macro `offset` in this scope
   --> tests/integration/offset_date_time.rs:384:57
    |
384 |         datetime!("2020-01-01 0:00 UTC").replace_offset(offset!("-5")),
    |                                                         ^^^^^^

error: cannot find macro `datetime` in this scope
   --> tests/integration/offset_date_time.rs:385:9
    |
385 |         datetime!("2020-01-01 0:00 -5")
    |         ^^^^^^^^

error: cannot find macro `datetime` in this scope
   --> tests/integration/offset_date_time.rs:392:9
    |
392 |         datetime!("2000-01-01 0:00 UTC").to_offset(offset!("-1")),
    |         ^^^^^^^^

error: cannot find macro `offset` in this scope
   --> tests/integration/offset_date_time.rs:392:52
    |
392 |         datetime!("2000-01-01 0:00 UTC").to_offset(offset!("-1")),
    |                                                    ^^^^^^

error: cannot find macro `datetime` in this scope
   --> tests/integration/offset_date_time.rs:393:9
    |
393 |         datetime!("2000-01-01 0:00 UTC"),
    |         ^^^^^^^^

error: cannot find macro `datetime` in this scope
   --> tests/integration/offset_date_time.rs:399:14
    |
399 |     let t1 = datetime!("2019-01-01 0:00 UTC");
    |              ^^^^^^^^

error: cannot find macro `datetime` in this scope
   --> tests/integration/offset_date_time.rs:400:14
    |
400 |     let t2 = datetime!("2019-01-01 0:00 UTC").to_offset(offset!("-1"));
    |              ^^^^^^^^

error: cannot find macro `offset` in this scope
   --> tests/integration/offset_date_time.rs:400:57
    |
400 |     let t2 = datetime!("2019-01-01 0:00 UTC").to_offset(offset!("-1"));
    |                                                         ^^^^^^

error: cannot find macro `datetime` in this scope
   --> tests/integration/offset_date_time.rs:406:14
    |
406 |     let t1 = datetime!("2019-01-01 0:00 UTC");
    |              ^^^^^^^^

error: cannot find macro `datetime` in this scope
   --> tests/integration/offset_date_time.rs:407:14
    |
407 |     let t2 = datetime!("2019-01-01 0:00 UTC").to_offset(offset!("-1"));
    |              ^^^^^^^^

error: cannot find macro `offset` in this scope
   --> tests/integration/offset_date_time.rs:407:57
    |
407 |     let t2 = datetime!("2019-01-01 0:00 UTC").to_offset(offset!("-1"));
    |                                                         ^^^^^^

error: cannot find macro `datetime` in this scope
   --> tests/integration/offset_date_time.rs:410:14
    |
410 |     let t1 = datetime!("2019-01-01 0:00 UTC");
    |              ^^^^^^^^

error: cannot find macro `datetime` in this scope
   --> tests/integration/offset_date_time.rs:411:14
    |
411 |     let t2 = datetime!("2019-01-01 0:00:00.000_000_001 UTC");
    |              ^^^^^^^^

error: cannot find macro `datetime` in this scope
   --> tests/integration/offset_date_time.rs:423:13
    |
423 |             datetime!("2019-01-01 0:00 UTC").hash(&mut hasher);
    |             ^^^^^^^^

error: cannot find macro `datetime` in this scope
   --> tests/integration/offset_date_time.rs:428:13
    |
428 |             datetime!("2019-01-01 0:00 UTC")
    |             ^^^^^^^^

error: cannot find macro `offset` in this scope
   --> tests/integration/offset_date_time.rs:429:28
    |
429 |                 .to_offset(offset!("-1"))
    |                            ^^^^^^

error: cannot find macro `datetime` in this scope
   --> tests/integration/offset_date_time.rs:440:13
    |
440 |             datetime!("2019-01-01 0:00").hash(&mut hasher);
    |             ^^^^^^^^

error: cannot find macro `datetime` in this scope
   --> tests/integration/offset_date_time.rs:445:13
    |
445 |             datetime!("2019-01-01 0:00 UTC").hash(&mut hasher);
    |             ^^^^^^^^

error: cannot find macro `offset` in this scope
   --> tests/integration/offset_date_time.rs:457:24
    |
457 |         .assume_offset(offset!("+12:00:01"));
    |                        ^^^^^^

error: cannot find macro `datetime` in this scope
   --> tests/integration/offset_date_time.rs:468:9
    |
468 |         datetime!("2019-01-01 0:00 UTC") + 5.days(),
    |         ^^^^^^^^

error: cannot find macro `datetime` in this scope
   --> tests/integration/offset_date_time.rs:469:9
    |
469 |         datetime!("2019-01-06 0:00 UTC"),
    |         ^^^^^^^^

error: cannot find macro `datetime` in this scope
   --> tests/integration/offset_date_time.rs:472:9
    |
472 |         datetime!("2019-12-31 0:00 UTC") + 1.days(),
    |         ^^^^^^^^

error: cannot find macro `datetime` in this scope
   --> tests/integration/offset_date_time.rs:473:9
    |
473 |         datetime!("2020-01-01 0:00 UTC"),
    |         ^^^^^^^^

error: cannot find macro `datetime` in this scope
   --> tests/integration/offset_date_time.rs:476:9
    |
476 |         datetime!("2019-12-31 23:59:59 UTC") + 2.seconds(),
    |         ^^^^^^^^

error: cannot find macro `datetime` in this scope
   --> tests/integration/offset_date_time.rs:477:9
    |
477 |         datetime!("2020-01-01 0:00:01 UTC"),
    |         ^^^^^^^^

error: cannot find macro `datetime` in this scope
   --> tests/integration/offset_date_time.rs:480:9
    |
480 |         datetime!("2020-01-01 0:00:01 UTC") + (-2).seconds(),
    |         ^^^^^^^^

error: cannot find macro `datetime` in this scope
   --> tests/integration/offset_date_time.rs:481:9
    |
481 |         datetime!("2019-12-31 23:59:59 UTC"),
    |         ^^^^^^^^

error: cannot find macro `datetime` in this scope
   --> tests/integration/offset_date_time.rs:484:9
    |
484 |         datetime!("1999-12-31 23:00 UTC") + 1.hours(),
    |         ^^^^^^^^

error: cannot find macro `datetime` in this scope
   --> tests/integration/offset_date_time.rs:485:9
    |
485 |         datetime!("2000-01-01 0:00 UTC"),
    |         ^^^^^^^^

error: cannot find macro `datetime` in this scope
   --> tests/integration/offset_date_time.rs:492:9
    |
492 |         datetime!("2019-01-01 0:00 UTC") + 5.std_days(),
    |         ^^^^^^^^

error: cannot find macro `datetime` in this scope
   --> tests/integration/offset_date_time.rs:493:9
    |
493 |         datetime!("2019-01-06 0:00 UTC"),
    |         ^^^^^^^^

error: cannot find macro `datetime` in this scope
   --> tests/integration/offset_date_time.rs:496:9
    |
496 |         datetime!("2019-12-31 0:00 UTC") + 1.std_days(),
    |         ^^^^^^^^

error: cannot find macro `datetime` in this scope
   --> tests/integration/offset_date_time.rs:497:9
    |
497 |         datetime!("2020-01-01 0:00 UTC"),
    |         ^^^^^^^^

error: cannot find macro `datetime` in this scope
   --> tests/integration/offset_date_time.rs:500:9
    |
500 |         datetime!("2019-12-31 23:59:59 UTC") + 2.std_seconds(),
    |         ^^^^^^^^

error: cannot find macro `datetime` in this scope
   --> tests/integration/offset_date_time.rs:501:9
    |
501 |         datetime!("2020-01-01 0:00:01 UTC"),
    |         ^^^^^^^^

error: cannot find macro `datetime` in this scope
   --> tests/integration/offset_date_time.rs:507:34
    |
507 |     let mut new_years_day_2019 = datetime!("2019-01-01 0:00 UTC");
    |                                  ^^^^^^^^

error: cannot find macro `datetime` in this scope
   --> tests/integration/offset_date_time.rs:509:36
    |
509 |     assert_eq!(new_years_day_2019, datetime!("2019-01-06 0:00 UTC"));
    |                                    ^^^^^^^^

error: cannot find macro `datetime` in this scope
   --> tests/integration/offset_date_time.rs:511:39
    |
511 |     let mut new_years_eve_2020_days = datetime!("2019-12-31 0:00 UTC");
    |                                       ^^^^^^^^

error: cannot find macro `datetime` in this scope
   --> tests/integration/offset_date_time.rs:513:41
    |
513 |     assert_eq!(new_years_eve_2020_days, datetime!("2020-01-01 0:00 UTC"));
    |                                         ^^^^^^^^

error: cannot find macro `datetime` in this scope
   --> tests/integration/offset_date_time.rs:515:42
    |
515 |     let mut new_years_eve_2020_seconds = datetime!("2019-12-31 23:59:59 UTC");
    |                                          ^^^^^^^^

error: cannot find macro `datetime` in this scope
   --> tests/integration/offset_date_time.rs:519:9
    |
519 |         datetime!("2020-01-01 0:00:01 UTC")
    |         ^^^^^^^^

error: cannot find macro `datetime` in this scope
   --> tests/integration/offset_date_time.rs:522:42
    |
522 |     let mut new_years_day_2020_seconds = datetime!("2020-01-01 0:00:01 UTC");
    |                                          ^^^^^^^^

error: cannot find macro `datetime` in this scope
   --> tests/integration/offset_date_time.rs:526:9
    |
526 |         datetime!("2019-12-31 23:59:59 UTC")
    |         ^^^^^^^^

error: cannot find macro `datetime` in this scope
   --> tests/integration/offset_date_time.rs:532:34
    |
532 |     let mut new_years_day_2019 = datetime!("2019-01-01 0:00 UTC");
    |                                  ^^^^^^^^

error: cannot find macro `datetime` in this scope
   --> tests/integration/offset_date_time.rs:534:36
    |
534 |     assert_eq!(new_years_day_2019, datetime!("2019-01-06 0:00 UTC"));
    |                                    ^^^^^^^^

error: cannot find macro `datetime` in this scope
   --> tests/integration/offset_date_time.rs:536:39
    |
536 |     let mut new_years_eve_2020_days = datetime!("2019-12-31 0:00 UTC");
    |                                       ^^^^^^^^

error: cannot find macro `datetime` in this scope
   --> tests/integration/offset_date_time.rs:538:41
    |
538 |     assert_eq!(new_years_eve_2020_days, datetime!("2020-01-01 0:00 UTC"));
    |                                         ^^^^^^^^

error: cannot find macro `datetime` in this scope
   --> tests/integration/offset_date_time.rs:540:42
    |
540 |     let mut new_years_eve_2020_seconds = datetime!("2019-12-31 23:59:59 UTC");
    |                                          ^^^^^^^^

error: cannot find macro `datetime` in this scope
   --> tests/integration/offset_date_time.rs:544:9
    |
544 |         datetime!("2020-01-01 0:00:01 UTC")
    |         ^^^^^^^^

error: cannot find macro `datetime` in this scope
   --> tests/integration/offset_date_time.rs:551:9
    |
551 |         datetime!("2019-01-06 0:00 UTC") - 5.days(),
    |         ^^^^^^^^

error: cannot find macro `datetime` in this scope
   --> tests/integration/offset_date_time.rs:552:9
    |
552 |         datetime!("2019-01-01 0:00 UTC"),
    |         ^^^^^^^^

error: cannot find macro `datetime` in this scope
   --> tests/integration/offset_date_time.rs:555:9
    |
555 |         datetime!("2020-01-01 0:00 UTC") - 1.days(),
    |         ^^^^^^^^

error: cannot find macro `datetime` in this scope
   --> tests/integration/offset_date_time.rs:556:9
    |
556 |         datetime!("2019-12-31 0:00 UTC"),
    |         ^^^^^^^^

error: cannot find macro `datetime` in this scope
   --> tests/integration/offset_date_time.rs:559:9
    |
559 |         datetime!("2020-01-01 0:00:01 UTC") - 2.seconds(),
    |         ^^^^^^^^

error: cannot find macro `datetime` in this scope
   --> tests/integration/offset_date_time.rs:560:9
    |
560 |         datetime!("2019-12-31 23:59:59 UTC"),
    |         ^^^^^^^^

error: cannot find macro `datetime` in this scope
   --> tests/integration/offset_date_time.rs:563:9
    |
563 |         datetime!("2019-12-31 23:59:59 UTC") - (-2).seconds(),
    |         ^^^^^^^^

error: cannot find macro `datetime` in this scope
   --> tests/integration/offset_date_time.rs:564:9
    |
564 |         datetime!("2020-01-01 0:00:01 UTC"),
    |         ^^^^^^^^

error: cannot find macro `datetime` in this scope
   --> tests/integration/offset_date_time.rs:567:9
    |
567 |         datetime!("1999-12-31 23:00 UTC") - (-1).hours(),
    |         ^^^^^^^^

error: cannot find macro `datetime` in this scope
   --> tests/integration/offset_date_time.rs:568:9
    |
568 |         datetime!("2000-01-01 0:00 UTC"),
    |         ^^^^^^^^

error: cannot find macro `datetime` in this scope
   --> tests/integration/offset_date_time.rs:575:9
    |
575 |         datetime!("2019-01-06 0:00 UTC") - 5.std_days(),
    |         ^^^^^^^^

error: cannot find macro `datetime` in this scope
   --> tests/integration/offset_date_time.rs:576:9
    |
576 |         datetime!("2019-01-01 0:00 UTC"),
    |         ^^^^^^^^

error: cannot find macro `datetime` in this scope
   --> tests/integration/offset_date_time.rs:579:9
    |
579 |         datetime!("2020-01-01 0:00 UTC") - 1.std_days(),
    |         ^^^^^^^^

error: cannot find macro `datetime` in this scope
   --> tests/integration/offset_date_time.rs:580:9
    |
580 |         datetime!("2019-12-31 0:00 UTC"),
    |         ^^^^^^^^

error: cannot find macro `datetime` in this scope
   --> tests/integration/offset_date_time.rs:583:9
    |
583 |         datetime!("2020-01-01 0:00:01 UTC") - 2.std_seconds(),
    |         ^^^^^^^^

error: cannot find macro `datetime` in this scope
   --> tests/integration/offset_date_time.rs:584:9
    |
584 |         datetime!("2019-12-31 23:59:59 UTC"),
    |         ^^^^^^^^

error: cannot find macro `datetime` in this scope
   --> tests/integration/offset_date_time.rs:590:34
    |
590 |     let mut new_years_day_2019 = datetime!("2019-01-06 0:00 UTC");
    |                                  ^^^^^^^^

error: cannot find macro `datetime` in this scope
   --> tests/integration/offset_date_time.rs:592:36
    |
592 |     assert_eq!(new_years_day_2019, datetime!("2019-01-01 0:00 UTC"));
    |                                    ^^^^^^^^

error: cannot find macro `datetime` in this scope
   --> tests/integration/offset_date_time.rs:594:39
    |
594 |     let mut new_years_day_2020_days = datetime!("2020-01-01 0:00 UTC");
    |                                       ^^^^^^^^

error: cannot find macro `datetime` in this scope
   --> tests/integration/offset_date_time.rs:596:41
    |
596 |     assert_eq!(new_years_day_2020_days, datetime!("2019-12-31 0:00 UTC"));
    |                                         ^^^^^^^^

error: cannot find macro `datetime` in this scope
   --> tests/integration/offset_date_time.rs:598:42
    |
598 |     let mut new_years_day_2020_seconds = datetime!("2020-01-01 0:00:01 UTC");
    |                                          ^^^^^^^^

error: cannot find macro `datetime` in this scope
   --> tests/integration/offset_date_time.rs:602:9
    |
602 |         datetime!("2019-12-31 23:59:59 UTC")
    |         ^^^^^^^^

error: cannot find macro `datetime` in this scope
   --> tests/integration/offset_date_time.rs:605:42
    |
605 |     let mut new_years_eve_2020_seconds = datetime!("2019-12-31 23:59:59 UTC");
    |                                          ^^^^^^^^

error: cannot find macro `datetime` in this scope
   --> tests/integration/offset_date_time.rs:609:9
    |
609 |         datetime!("2020-01-01 0:00:01 UTC")
    |         ^^^^^^^^

error: cannot find macro `datetime` in this scope
   --> tests/integration/offset_date_time.rs:615:20
    |
615 |     let mut ny19 = datetime!("2019-01-06 0:00 UTC");
    |                    ^^^^^^^^

error: cannot find macro `datetime` in this scope
   --> tests/integration/offset_date_time.rs:617:22
    |
617 |     assert_eq!(ny19, datetime!("2019-01-01 0:00 UTC"));
    |                      ^^^^^^^^

error: cannot find macro `datetime` in this scope
   --> tests/integration/offset_date_time.rs:619:20
    |
619 |     let mut ny20 = datetime!("2020-01-01 0:00 UTC");
    |                    ^^^^^^^^

error: cannot find macro `datetime` in this scope
   --> tests/integration/offset_date_time.rs:621:22
    |
621 |     assert_eq!(ny20, datetime!("2019-12-31 0:00 UTC"));
    |                      ^^^^^^^^

error: cannot find macro `datetime` in this scope
   --> tests/integration/offset_date_time.rs:623:21
    |
623 |     let mut ny20t = datetime!("2020-01-01 0:00:01 UTC");
    |                     ^^^^^^^^

error: cannot find macro `datetime` in this scope
   --> tests/integration/offset_date_time.rs:625:23
    |
625 |     assert_eq!(ny20t, datetime!("2019-12-31 23:59:59 UTC"));
    |                       ^^^^^^^^

error: cannot find macro `datetime` in this scope
   --> tests/integration/offset_date_time.rs:631:26
    |
631 |         SystemTime::from(datetime!("2019-01-01 0:00 UTC")) + 0.seconds(),
    |                          ^^^^^^^^

error: cannot find macro `datetime` in this scope
   --> tests/integration/offset_date_time.rs:632:26
    |
632 |         SystemTime::from(datetime!("2019-01-01 0:00 UTC")),
    |                          ^^^^^^^^

error: cannot find macro `datetime` in this scope
   --> tests/integration/offset_date_time.rs:635:26
    |
635 |         SystemTime::from(datetime!("2019-01-01 0:00 UTC")) + 5.days(),
    |                          ^^^^^^^^

error: cannot find macro `datetime` in this scope
   --> tests/integration/offset_date_time.rs:636:26
    |
636 |         SystemTime::from(datetime!("2019-01-06 0:00 UTC")),
    |                          ^^^^^^^^

error: cannot find macro `datetime` in this scope
   --> tests/integration/offset_date_time.rs:639:26
    |
639 |         SystemTime::from(datetime!("2019-12-31 0:00 UTC")) + 1.days(),
    |                          ^^^^^^^^

error: cannot find macro `datetime` in this scope
   --> tests/integration/offset_date_time.rs:640:26
    |
640 |         SystemTime::from(datetime!("2020-01-01 0:00 UTC")),
    |                          ^^^^^^^^

error: cannot find macro `datetime` in this scope
   --> tests/integration/offset_date_time.rs:643:26
    |
643 |         SystemTime::from(datetime!("2019-12-31 23:59:59 UTC")) + 2.seconds(),
    |                          ^^^^^^^^

error: cannot find macro `datetime` in this scope
   --> tests/integration/offset_date_time.rs:644:26
    |
644 |         SystemTime::from(datetime!("2020-01-01 0:00:01 UTC")),
    |                          ^^^^^^^^

error: cannot find macro `datetime` in this scope
   --> tests/integration/offset_date_time.rs:647:26
    |
647 |         SystemTime::from(datetime!("2020-01-01 0:00:01 UTC")) + (-2).seconds(),
    |                          ^^^^^^^^

error: cannot find macro `datetime` in this scope
   --> tests/integration/offset_date_time.rs:648:26
    |
648 |         SystemTime::from(datetime!("2019-12-31 23:59:59 UTC")),
    |                          ^^^^^^^^

error: cannot find macro `datetime` in this scope
   --> tests/integration/offset_date_time.rs:654:51
    |
654 |     let mut new_years_day_2019 = SystemTime::from(datetime!("2019-01-01 0:00 UTC"));
    |                                                   ^^^^^^^^

error: cannot find macro `datetime` in this scope
   --> tests/integration/offset_date_time.rs:656:36
    |
656 |     assert_eq!(new_years_day_2019, datetime!("2019-01-06 0:00 UTC"));
    |                                    ^^^^^^^^

error: cannot find macro `datetime` in this scope
   --> tests/integration/offset_date_time.rs:658:56
    |
658 |     let mut new_years_eve_2020_days = SystemTime::from(datetime!("2019-12-31 0:00 UTC"));
    |                                                        ^^^^^^^^

error: cannot find macro `datetime` in this scope
   --> tests/integration/offset_date_time.rs:660:41
    |
660 |     assert_eq!(new_years_eve_2020_days, datetime!("2020-01-01 0:00 UTC"));
    |                                         ^^^^^^^^

error: cannot find macro `datetime` in this scope
   --> tests/integration/offset_date_time.rs:662:59
    |
662 |     let mut new_years_eve_2020_seconds = SystemTime::from(datetime!("2019-12-31 23:59:59 UTC"));
    |                                                           ^^^^^^^^

error: cannot find macro `datetime` in this scope
   --> tests/integration/offset_date_time.rs:666:9
    |
666 |         datetime!("2020-01-01 0:00:01 UTC")
    |         ^^^^^^^^

error: cannot find macro `datetime` in this scope
   --> tests/integration/offset_date_time.rs:669:59
    |
669 |     let mut new_years_day_2020_seconds = SystemTime::from(datetime!("2020-01-01 0:00:01 UTC"));
    |                                                           ^^^^^^^^

error: cannot find macro `datetime` in this scope
   --> tests/integration/offset_date_time.rs:673:9
    |
673 |         datetime!("2019-12-31 23:59:59 UTC")
    |         ^^^^^^^^

error: cannot find macro `datetime` in this scope
   --> tests/integration/offset_date_time.rs:680:26
    |
680 |         SystemTime::from(datetime!("2019-01-06 0:00 UTC")) - 5.days(),
    |                          ^^^^^^^^

error: cannot find macro `datetime` in this scope
   --> tests/integration/offset_date_time.rs:681:26
    |
681 |         SystemTime::from(datetime!("2019-01-01 0:00 UTC")),
    |                          ^^^^^^^^

error: cannot find macro `datetime` in this scope
   --> tests/integration/offset_date_time.rs:684:26
    |
684 |         SystemTime::from(datetime!("2020-01-01 0:00 UTC")) - 1.days(),
    |                          ^^^^^^^^

error: cannot find macro `datetime` in this scope
   --> tests/integration/offset_date_time.rs:685:26
    |
685 |         SystemTime::from(datetime!("2019-12-31 0:00 UTC")),
    |                          ^^^^^^^^

error: cannot find macro `datetime` in this scope
   --> tests/integration/offset_date_time.rs:688:26
    |
688 |         SystemTime::from(datetime!("2020-01-01 0:00:01 UTC")) - 2.seconds(),
    |                          ^^^^^^^^

error: cannot find macro `datetime` in this scope
   --> tests/integration/offset_date_time.rs:689:26
    |
689 |         SystemTime::from(datetime!("2019-12-31 23:59:59 UTC")),
    |                          ^^^^^^^^

error: cannot find macro `datetime` in this scope
   --> tests/integration/offset_date_time.rs:692:26
    |
692 |         SystemTime::from(datetime!("2019-12-31 23:59:59 UTC")) - (-2).seconds(),
    |                          ^^^^^^^^

error: cannot find macro `datetime` in this scope
   --> tests/integration/offset_date_time.rs:693:26
    |
693 |         SystemTime::from(datetime!("2020-01-01 0:00:01 UTC")),
    |                          ^^^^^^^^

error: cannot find macro `datetime` in this scope
   --> tests/integration/offset_date_time.rs:699:51
    |
699 |     let mut new_years_day_2019 = SystemTime::from(datetime!("2019-01-06 0:00 UTC"));
    |                                                   ^^^^^^^^

error: cannot find macro `datetime` in this scope
   --> tests/integration/offset_date_time.rs:701:36
    |
701 |     assert_eq!(new_years_day_2019, datetime!("2019-01-01 0:00 UTC"));
    |                                    ^^^^^^^^

error: cannot find macro `datetime` in this scope
   --> tests/integration/offset_date_time.rs:703:51
    |
703 |     let mut new_years_day_2020 = SystemTime::from(datetime!("2020-01-01 0:00 UTC"));
    |                                                   ^^^^^^^^

error: cannot find macro `datetime` in this scope
   --> tests/integration/offset_date_time.rs:705:36
    |
705 |     assert_eq!(new_years_day_2020, datetime!("2019-12-31 0:00 UTC"));
    |                                    ^^^^^^^^

error: cannot find macro `datetime` in this scope
   --> tests/integration/offset_date_time.rs:707:59
    |
707 |     let mut new_years_day_2020_seconds = SystemTime::from(datetime!("2020-01-01 0:00:01 UTC"));
    |                                                           ^^^^^^^^

error: cannot find macro `datetime` in this scope
   --> tests/integration/offset_date_time.rs:711:9
    |
711 |         datetime!("2019-12-31 23:59:59 UTC")
    |         ^^^^^^^^

error: cannot find macro `datetime` in this scope
   --> tests/integration/offset_date_time.rs:714:59
    |
714 |     let mut new_years_eve_2020_seconds = SystemTime::from(datetime!("2019-12-31 23:59:59 UTC"));
    |                                                           ^^^^^^^^

error: cannot find macro `datetime` in this scope
   --> tests/integration/offset_date_time.rs:718:9
    |
718 |         datetime!("2020-01-01 0:00:01 UTC")
    |         ^^^^^^^^

error: cannot find macro `datetime` in this scope
   --> tests/integration/offset_date_time.rs:725:9
    |
725 |         datetime!("2019-01-02 0:00 UTC") - datetime!("2019-01-01 0:00 UTC"),
    |         ^^^^^^^^

error: cannot find macro `datetime` in this scope
   --> tests/integration/offset_date_time.rs:725:44
    |
725 |         datetime!("2019-01-02 0:00 UTC") - datetime!("2019-01-01 0:00 UTC"),
    |                                            ^^^^^^^^

error: cannot find macro `datetime` in this scope
   --> tests/integration/offset_date_time.rs:729:9
    |
729 |         datetime!("2019-01-01 0:00 UTC") - datetime!("2019-01-02 0:00 UTC"),
    |         ^^^^^^^^

error: cannot find macro `datetime` in this scope
   --> tests/integration/offset_date_time.rs:729:44
    |
729 |         datetime!("2019-01-01 0:00 UTC") - datetime!("2019-01-02 0:00 UTC"),
    |                                            ^^^^^^^^

error: cannot find macro `datetime` in this scope
   --> tests/integration/offset_date_time.rs:733:9
    |
733 |         datetime!("2020-01-01 0:00 UTC") - datetime!("2019-12-31 0:00 UTC"),
    |         ^^^^^^^^

error: cannot find macro `datetime` in this scope
   --> tests/integration/offset_date_time.rs:733:44
    |
733 |         datetime!("2020-01-01 0:00 UTC") - datetime!("2019-12-31 0:00 UTC"),
    |                                            ^^^^^^^^

error: cannot find macro `datetime` in this scope
   --> tests/integration/offset_date_time.rs:737:9
    |
737 |         datetime!("2019-12-31 0:00 UTC") - datetime!("2020-01-01 0:00 UTC"),
    |         ^^^^^^^^

error: cannot find macro `datetime` in this scope
   --> tests/integration/offset_date_time.rs:737:44
    |
737 |         datetime!("2019-12-31 0:00 UTC") - datetime!("2020-01-01 0:00 UTC"),
    |                                            ^^^^^^^^

error: cannot find macro `datetime` in this scope
   --> tests/integration/offset_date_time.rs:745:26
    |
745 |         SystemTime::from(datetime!("2019-01-02 0:00 UTC")) - datetime!("2019-01-01 0:00 UTC"),
    |                          ^^^^^^^^

error: cannot find macro `datetime` in this scope
   --> tests/integration/offset_date_time.rs:745:62
    |
745 |         SystemTime::from(datetime!("2019-01-02 0:00 UTC")) - datetime!("2019-01-01 0:00 UTC"),
    |                                                              ^^^^^^^^

error: cannot find macro `datetime` in this scope
   --> tests/integration/offset_date_time.rs:749:26
    |
749 |         SystemTime::from(datetime!("2019-01-01 0:00 UTC")) - datetime!("2019-01-02 0:00 UTC"),
    |                          ^^^^^^^^

error: cannot find macro `datetime` in this scope
   --> tests/integration/offset_date_time.rs:749:62
    |
749 |         SystemTime::from(datetime!("2019-01-01 0:00 UTC")) - datetime!("2019-01-02 0:00 UTC"),
    |                                                              ^^^^^^^^

error: cannot find macro `datetime` in this scope
   --> tests/integration/offset_date_time.rs:753:26
    |
753 |         SystemTime::from(datetime!("2020-01-01 0:00 UTC")) - datetime!("2019-12-31 0:00 UTC"),
    |                          ^^^^^^^^

error: cannot find macro `datetime` in this scope
   --> tests/integration/offset_date_time.rs:753:62
    |
753 |         SystemTime::from(datetime!("2020-01-01 0:00 UTC")) - datetime!("2019-12-31 0:00 UTC"),
    |                                                              ^^^^^^^^

error: cannot find macro `datetime` in this scope
   --> tests/integration/offset_date_time.rs:757:26
    |
757 |         SystemTime::from(datetime!("2019-12-31 0:00 UTC")) - datetime!("2020-01-01 0:00 UTC"),
    |                          ^^^^^^^^

error: cannot find macro `datetime` in this scope
   --> tests/integration/offset_date_time.rs:757:62
    |
757 |         SystemTime::from(datetime!("2019-12-31 0:00 UTC")) - datetime!("2020-01-01 0:00 UTC"),
    |                                                              ^^^^^^^^

error: cannot find macro `datetime` in this scope
   --> tests/integration/offset_date_time.rs:765:9
    |
765 |         datetime!("2019-01-02 0:00 UTC") - SystemTime::from(datetime!("2019-01-01 0:00 UTC")),
    |         ^^^^^^^^

error: cannot find macro `datetime` in this scope
   --> tests/integration/offset_date_time.rs:765:61
    |
765 |         datetime!("2019-01-02 0:00 UTC") - SystemTime::from(datetime!("2019-01-01 0:00 UTC")),
    |                                                             ^^^^^^^^

error: cannot find macro `datetime` in this scope
   --> tests/integration/offset_date_time.rs:769:9
    |
769 |         datetime!("2019-01-01 0:00 UTC") - SystemTime::from(datetime!("2019-01-02 0:00 UTC")),
    |         ^^^^^^^^

error: cannot find macro `datetime` in this scope
   --> tests/integration/offset_date_time.rs:769:61
    |
769 |         datetime!("2019-01-01 0:00 UTC") - SystemTime::from(datetime!("2019-01-02 0:00 UTC")),
    |                                                             ^^^^^^^^

error: cannot find macro `datetime` in this scope
   --> tests/integration/offset_date_time.rs:773:9
    |
773 |         datetime!("2020-01-01 0:00 UTC") - SystemTime::from(datetime!("2019-12-31 0:00 UTC")),
    |         ^^^^^^^^

error: cannot find macro `datetime` in this scope
   --> tests/integration/offset_date_time.rs:773:61
    |
773 |         datetime!("2020-01-01 0:00 UTC") - SystemTime::from(datetime!("2019-12-31 0:00 UTC")),
    |                                                             ^^^^^^^^

error: cannot find macro `datetime` in this scope
   --> tests/integration/offset_date_time.rs:777:9
    |
777 |         datetime!("2019-12-31 0:00 UTC") - SystemTime::from(datetime!("2020-01-01 0:00 UTC")),
    |         ^^^^^^^^

error: cannot find macro `datetime` in this scope
   --> tests/integration/offset_date_time.rs:777:61
    |
777 |         datetime!("2019-12-31 0:00 UTC") - SystemTime::from(datetime!("2020-01-01 0:00 UTC")),
    |                                                             ^^^^^^^^

error: cannot find macro `datetime` in this scope
   --> tests/integration/offset_date_time.rs:799:9
    |
799 |         datetime!("2019-01-01 0:00 UTC"),
    |         ^^^^^^^^

error: cannot find macro `datetime` in this scope
   --> tests/integration/offset_date_time.rs:800:26
    |
800 |         SystemTime::from(datetime!("2019-01-01 0:00 UTC"))
    |                          ^^^^^^^^

error: cannot find macro `datetime` in this scope
   --> tests/integration/offset_date_time.rs:802:13
    |
802 |     assert!(datetime!("2019-01-01 0:00 UTC") < SystemTime::from(datetime!("2020-01-01 0:00 UTC")));
    |             ^^^^^^^^

error: cannot find macro `datetime` in this scope
   --> tests/integration/offset_date_time.rs:802:65
    |
802 |     assert!(datetime!("2019-01-01 0:00 UTC") < SystemTime::from(datetime!("2020-01-01 0:00 UTC")));
    |                                                                 ^^^^^^^^

error: cannot find macro `datetime` in this scope
   --> tests/integration/offset_date_time.rs:803:13
    |
803 |     assert!(datetime!("2019-01-01 0:00 UTC") < SystemTime::from(datetime!("2019-02-01 0:00 UTC")));
    |             ^^^^^^^^

error: cannot find macro `datetime` in this scope
   --> tests/integration/offset_date_time.rs:803:65
    |
803 |     assert!(datetime!("2019-01-01 0:00 UTC") < SystemTime::from(datetime!("2019-02-01 0:00 UTC")));
    |                                                                 ^^^^^^^^

error: cannot find macro `datetime` in this scope
   --> tests/integration/offset_date_time.rs:804:13
    |
804 |     assert!(datetime!("2019-01-01 0:00 UTC") < SystemTime::from(datetime!("2019-01-02 0:00 UTC")));
    |             ^^^^^^^^

error: cannot find macro `datetime` in this scope
   --> tests/integration/offset_date_time.rs:804:65
    |
804 |     assert!(datetime!("2019-01-01 0:00 UTC") < SystemTime::from(datetime!("2019-01-02 0:00 UTC")));
    |                                                                 ^^^^^^^^

error: cannot find macro `datetime` in this scope
   --> tests/integration/offset_date_time.rs:806:9
    |
806 |         datetime!("2019-01-01 0:00 UTC") < SystemTime::from(datetime!("2019-01-01 1:00:00 UTC"))
    |         ^^^^^^^^

error: cannot find macro `datetime` in this scope
   --> tests/integration/offset_date_time.rs:806:61
    |
806 |         datetime!("2019-01-01 0:00 UTC") < SystemTime::from(datetime!("2019-01-01 1:00:00 UTC"))
    |                                                             ^^^^^^^^

error: cannot find macro `datetime` in this scope
   --> tests/integration/offset_date_time.rs:809:9
    |
809 |         datetime!("2019-01-01 0:00 UTC") < SystemTime::from(datetime!("2019-01-01 0:01:00 UTC"))
    |         ^^^^^^^^

error: cannot find macro `datetime` in this scope
   --> tests/integration/offset_date_time.rs:809:61
    |
809 |         datetime!("2019-01-01 0:00 UTC") < SystemTime::from(datetime!("2019-01-01 0:01:00 UTC"))
    |                                                             ^^^^^^^^

error: cannot find macro `datetime` in this scope
   --> tests/integration/offset_date_time.rs:812:9
    |
812 |         datetime!("2019-01-01 0:00 UTC") < SystemTime::from(datetime!("2019-01-01 0:00:01 UTC"))
    |         ^^^^^^^^

error: cannot find macro `datetime` in this scope
   --> tests/integration/offset_date_time.rs:812:61
    |
812 |         datetime!("2019-01-01 0:00 UTC") < SystemTime::from(datetime!("2019-01-01 0:00:01 UTC"))
    |                                                             ^^^^^^^^

error: cannot find macro `datetime` in this scope
   --> tests/integration/offset_date_time.rs:815:9
    |
815 |         datetime!("2019-01-01 0:00 UTC")
    |         ^^^^^^^^

error: cannot find macro `datetime` in this scope
   --> tests/integration/offset_date_time.rs:816:32
    |
816 |             < SystemTime::from(datetime!("2019-01-01 0:00:00.001 UTC"))
    |                                ^^^^^^^^

error: cannot find macro `datetime` in this scope
   --> tests/integration/offset_date_time.rs:818:13
    |
818 |     assert!(datetime!("2020-01-01 0:00 UTC") > SystemTime::from(datetime!("2019-01-01 0:00 UTC")));
    |             ^^^^^^^^

error: cannot find macro `datetime` in this scope
   --> tests/integration/offset_date_time.rs:818:65
    |
818 |     assert!(datetime!("2020-01-01 0:00 UTC") > SystemTime::from(datetime!("2019-01-01 0:00 UTC")));
    |                                                                 ^^^^^^^^

error: cannot find macro `datetime` in this scope
   --> tests/integration/offset_date_time.rs:819:13
    |
819 |     assert!(datetime!("2019-02-01 0:00 UTC") > SystemTime::from(datetime!("2019-01-01 0:00 UTC")));
    |             ^^^^^^^^

error: cannot find macro `datetime` in this scope
   --> tests/integration/offset_date_time.rs:819:65
    |
819 |     assert!(datetime!("2019-02-01 0:00 UTC") > SystemTime::from(datetime!("2019-01-01 0:00 UTC")));
    |                                                                 ^^^^^^^^

error: cannot find macro `datetime` in this scope
   --> tests/integration/offset_date_time.rs:820:13
    |
820 |     assert!(datetime!("2019-01-02 0:00 UTC") > SystemTime::from(datetime!("2019-01-01 0:00 UTC")));
    |             ^^^^^^^^

error: cannot find macro `datetime` in this scope
   --> tests/integration/offset_date_time.rs:820:65
    |
820 |     assert!(datetime!("2019-01-02 0:00 UTC") > SystemTime::from(datetime!("2019-01-01 0:00 UTC")));
    |                                                                 ^^^^^^^^

error: cannot find macro `datetime` in this scope
   --> tests/integration/offset_date_time.rs:822:9
    |
822 |         datetime!("2019-01-01 1:00:00 UTC") > SystemTime::from(datetime!("2019-01-01 0:00 UTC"))
    |         ^^^^^^^^

error: cannot find macro `datetime` in this scope
   --> tests/integration/offset_date_time.rs:822:64
    |
822 |         datetime!("2019-01-01 1:00:00 UTC") > SystemTime::from(datetime!("2019-01-01 0:00 UTC"))
    |                                                                ^^^^^^^^

error: cannot find macro `datetime` in this scope
   --> tests/integration/offset_date_time.rs:825:9
    |
825 |         datetime!("2019-01-01 0:01:00 UTC") > SystemTime::from(datetime!("2019-01-01 0:00 UTC"))
    |         ^^^^^^^^

error: cannot find macro `datetime` in this scope
   --> tests/integration/offset_date_time.rs:825:64
    |
825 |         datetime!("2019-01-01 0:01:00 UTC") > SystemTime::from(datetime!("2019-01-01 0:00 UTC"))
    |                                                                ^^^^^^^^

error: cannot find macro `datetime` in this scope
   --> tests/integration/offset_date_time.rs:828:9
    |
828 |         datetime!("2019-01-01 0:00:01 UTC") > SystemTime::from(datetime!("2019-01-01 0:00 UTC"))
    |         ^^^^^^^^

error: cannot find macro `datetime` in this scope
   --> tests/integration/offset_date_time.rs:828:64
    |
828 |         datetime!("2019-01-01 0:00:01 UTC") > SystemTime::from(datetime!("2019-01-01 0:00 UTC"))
    |                                                                ^^^^^^^^

error: cannot find macro `datetime` in this scope
   --> tests/integration/offset_date_time.rs:831:9
    |
831 |         datetime!("2019-01-01 0:00:00.000_000_001 UTC")
    |         ^^^^^^^^

error: cannot find macro `datetime` in this scope
   --> tests/integration/offset_date_time.rs:832:32
    |
832 |             > SystemTime::from(datetime!("2019-01-01 0:00 UTC"))
    |                                ^^^^^^^^

error: cannot find macro `datetime` in this scope
   --> tests/integration/offset_date_time.rs:839:26
    |
839 |         SystemTime::from(datetime!("2019-01-01 0:00 UTC")),
    |                          ^^^^^^^^

error: cannot find macro `datetime` in this scope
   --> tests/integration/offset_date_time.rs:840:9
    |
840 |         datetime!("2019-01-01 0:00 UTC")
    |         ^^^^^^^^

error: cannot find macro `datetime` in this scope
   --> tests/integration/offset_date_time.rs:842:30
    |
842 |     assert!(SystemTime::from(datetime!("2019-01-01 0:00 UTC")) < datetime!("2020-01-01 0:00 UTC"));
    |                              ^^^^^^^^

error: cannot find macro `datetime` in this scope
   --> tests/integration/offset_date_time.rs:842:66
    |
842 |     assert!(SystemTime::from(datetime!("2019-01-01 0:00 UTC")) < datetime!("2020-01-01 0:00 UTC"));
    |                                                                  ^^^^^^^^

error: cannot find macro `datetime` in this scope
   --> tests/integration/offset_date_time.rs:843:30
    |
843 |     assert!(SystemTime::from(datetime!("2019-01-01 0:00 UTC")) < datetime!("2019-02-01 0:00 UTC"));
    |                              ^^^^^^^^

error: cannot find macro `datetime` in this scope
   --> tests/integration/offset_date_time.rs:843:66
    |
843 |     assert!(SystemTime::from(datetime!("2019-01-01 0:00 UTC")) < datetime!("2019-02-01 0:00 UTC"));
    |                                                                  ^^^^^^^^

error: cannot find macro `datetime` in this scope
   --> tests/integration/offset_date_time.rs:844:30
    |
844 |     assert!(SystemTime::from(datetime!("2019-01-01 0:00 UTC")) < datetime!("2019-01-02 0:00 UTC"));
    |                              ^^^^^^^^

error: cannot find macro `datetime` in this scope
   --> tests/integration/offset_date_time.rs:844:66
    |
844 |     assert!(SystemTime::from(datetime!("2019-01-01 0:00 UTC")) < datetime!("2019-01-02 0:00 UTC"));
    |                                                                  ^^^^^^^^

error: cannot find macro `datetime` in this scope
   --> tests/integration/offset_date_time.rs:846:26
    |
846 |         SystemTime::from(datetime!("2019-01-01 0:00 UTC")) < datetime!("2019-01-01 1:00:00 UTC")
    |                          ^^^^^^^^

error: cannot find macro `datetime` in this scope
   --> tests/integration/offset_date_time.rs:846:62
    |
846 |         SystemTime::from(datetime!("2019-01-01 0:00 UTC")) < datetime!("2019-01-01 1:00:00 UTC")
    |                                                              ^^^^^^^^

error: cannot find macro `datetime` in this scope
   --> tests/integration/offset_date_time.rs:849:26
    |
849 |         SystemTime::from(datetime!("2019-01-01 0:00 UTC")) < datetime!("2019-01-01 0:01:00 UTC")
    |                          ^^^^^^^^

error: cannot find macro `datetime` in this scope
   --> tests/integration/offset_date_time.rs:849:62
    |
849 |         SystemTime::from(datetime!("2019-01-01 0:00 UTC")) < datetime!("2019-01-01 0:01:00 UTC")
    |                                                              ^^^^^^^^

error: cannot find macro `datetime` in this scope
   --> tests/integration/offset_date_time.rs:852:26
    |
852 |         SystemTime::from(datetime!("2019-01-01 0:00 UTC")) < datetime!("2019-01-01 0:00:01 UTC")
    |                          ^^^^^^^^

error: cannot find macro `datetime` in this scope
   --> tests/integration/offset_date_time.rs:852:62
    |
852 |         SystemTime::from(datetime!("2019-01-01 0:00 UTC")) < datetime!("2019-01-01 0:00:01 UTC")
    |                                                              ^^^^^^^^

error: cannot find macro `datetime` in this scope
   --> tests/integration/offset_date_time.rs:855:26
    |
855 |         SystemTime::from(datetime!("2019-01-01 0:00 UTC"))
    |                          ^^^^^^^^

error: cannot find macro `datetime` in this scope
   --> tests/integration/offset_date_time.rs:856:15
    |
856 |             < datetime!("2019-01-01 0:00:00.000_000_001 UTC")
    |               ^^^^^^^^

error: cannot find macro `datetime` in this scope
   --> tests/integration/offset_date_time.rs:858:30
    |
858 |     assert!(SystemTime::from(datetime!("2020-01-01 0:00 UTC")) > datetime!("2019-01-01 0:00 UTC"));
    |                              ^^^^^^^^

error: cannot find macro `datetime` in this scope
   --> tests/integration/offset_date_time.rs:858:66
    |
858 |     assert!(SystemTime::from(datetime!("2020-01-01 0:00 UTC")) > datetime!("2019-01-01 0:00 UTC"));
    |                                                                  ^^^^^^^^

error: cannot find macro `datetime` in this scope
   --> tests/integration/offset_date_time.rs:859:30
    |
859 |     assert!(SystemTime::from(datetime!("2019-02-01 0:00 UTC")) > datetime!("2019-01-01 0:00 UTC"));
    |                              ^^^^^^^^

error: cannot find macro `datetime` in this scope
   --> tests/integration/offset_date_time.rs:859:66
    |
859 |     assert!(SystemTime::from(datetime!("2019-02-01 0:00 UTC")) > datetime!("2019-01-01 0:00 UTC"));
    |                                                                  ^^^^^^^^

error: cannot find macro `datetime` in this scope
   --> tests/integration/offset_date_time.rs:860:30
    |
860 |     assert!(SystemTime::from(datetime!("2019-01-02 0:00 UTC")) > datetime!("2019-01-01 0:00 UTC"));
    |                              ^^^^^^^^

error: cannot find macro `datetime` in this scope
   --> tests/integration/offset_date_time.rs:860:66
    |
860 |     assert!(SystemTime::from(datetime!("2019-01-02 0:00 UTC")) > datetime!("2019-01-01 0:00 UTC"));
    |                                                                  ^^^^^^^^

error: cannot find macro `datetime` in this scope
   --> tests/integration/offset_date_time.rs:862:26
    |
862 |         SystemTime::from(datetime!("2019-01-01 1:00:00 UTC")) > datetime!("2019-01-01 0:00 UTC")
    |                          ^^^^^^^^

error: cannot find macro `datetime` in this scope
   --> tests/integration/offset_date_time.rs:862:65
    |
862 |         SystemTime::from(datetime!("2019-01-01 1:00:00 UTC")) > datetime!("2019-01-01 0:00 UTC")
    |                                                                 ^^^^^^^^

error: cannot find macro `datetime` in this scope
   --> tests/integration/offset_date_time.rs:865:26
    |
865 |         SystemTime::from(datetime!("2019-01-01 0:01:00 UTC")) > datetime!("2019-01-01 0:00 UTC")
    |                          ^^^^^^^^

error: cannot find macro `datetime` in this scope
   --> tests/integration/offset_date_time.rs:865:65
    |
865 |         SystemTime::from(datetime!("2019-01-01 0:01:00 UTC")) > datetime!("2019-01-01 0:00 UTC")
    |                                                                 ^^^^^^^^

error: cannot find macro `datetime` in this scope
   --> tests/integration/offset_date_time.rs:868:26
    |
868 |         SystemTime::from(datetime!("2019-01-01 0:00:01 UTC")) > datetime!("2019-01-01 0:00 UTC")
    |                          ^^^^^^^^

error: cannot find macro `datetime` in this scope
   --> tests/integration/offset_date_time.rs:868:65
    |
868 |         SystemTime::from(datetime!("2019-01-01 0:00:01 UTC")) > datetime!("2019-01-01 0:00 UTC")
    |                                                                 ^^^^^^^^

error: cannot find macro `datetime` in this scope
   --> tests/integration/offset_date_time.rs:871:26
    |
871 |         SystemTime::from(datetime!("2019-01-01 0:00:00.001 UTC"))
    |                          ^^^^^^^^

error: cannot find macro `datetime` in this scope
   --> tests/integration/offset_date_time.rs:872:15
    |
872 |             > datetime!("2019-01-01 0:00 UTC")
    |               ^^^^^^^^

error: cannot find macro `datetime` in this scope
  --> tests/integration/parsing.rs:13:9
   |
13 |         datetime!("2021-01-02 03:04:05 UTC"),
   |         ^^^^^^^^

error: cannot find macro `datetime` in this scope
  --> tests/integration/parsing.rs:17:9
   |
17 |         datetime!("2021-01-02 03:04:05.1 UTC"),
   |         ^^^^^^^^

error: cannot find macro `datetime` in this scope
  --> tests/integration/parsing.rs:21:9
   |
21 |         datetime!("2021-01-02 03:04:05.12 UTC"),
   |         ^^^^^^^^

error: cannot find macro `datetime` in this scope
  --> tests/integration/parsing.rs:25:9
   |
25 |         datetime!("2021-01-02 03:04:05.123 UTC"),
   |         ^^^^^^^^

error: cannot find macro `datetime` in this scope
  --> tests/integration/parsing.rs:29:9
   |
29 |         datetime!("2021-01-02 03:04:05.123_4 UTC"),
   |         ^^^^^^^^

error: cannot find macro `datetime` in this scope
  --> tests/integration/parsing.rs:33:9
   |
33 |         datetime!("2021-01-02 03:04:05.123_45 UTC"),
   |         ^^^^^^^^

error: cannot find macro `datetime` in this scope
  --> tests/integration/parsing.rs:37:9
   |
37 |         datetime!("2021-01-02 03:04:05.123_456 UTC"),
   |         ^^^^^^^^

error: cannot find macro `datetime` in this scope
  --> tests/integration/parsing.rs:41:9
   |
41 |         datetime!("2021-01-02 03:04:05.123_456_7 UTC"),
   |         ^^^^^^^^

error: cannot find macro `datetime` in this scope
  --> tests/integration/parsing.rs:45:9
   |
45 |         datetime!("2021-01-02 03:04:05.123_456_78 UTC"),
   |         ^^^^^^^^

error: cannot find macro `datetime` in this scope
  --> tests/integration/parsing.rs:49:9
   |
49 |         datetime!("2021-01-02 03:04:05.123_456_789 UTC"),
   |         ^^^^^^^^

error: cannot find macro `datetime` in this scope
  --> tests/integration/parsing.rs:53:9
   |
53 |         datetime!("2021-01-02 03:04:05.123_456_789 -01:02"),
   |         ^^^^^^^^

error: cannot find macro `datetime` in this scope
  --> tests/integration/parsing.rs:57:9
   |
57 |         datetime!("2021-01-02 03:04:05.123_456_789 +01:02"),
   |         ^^^^^^^^

error: cannot find macro `date` in this scope
  --> tests/integration/parsing.rs:62:9
   |
62 |         date!("2021-01-02"),
   |         ^^^^

error: cannot find macro `date` in this scope
  --> tests/integration/parsing.rs:66:9
   |
66 |         date!("2021-01-02"),
   |         ^^^^

error: cannot find macro `date` in this scope
  --> tests/integration/parsing.rs:70:9
   |
70 |         date!("2021-01-02"),
   |         ^^^^

error: cannot determine resolution for the macro `time`
  --> tests/integration/parsing.rs:86:13
   |
86 |             time!("13:02:03"),
   |             ^^^^
   |
   = note: import resolution is stuck, try simplifying macro imports

error: cannot determine resolution for the macro `time`
  --> tests/integration/parsing.rs:91:13
   |
91 |             time!("1:02 PM"),
   |             ^^^^
   |
   = note: import resolution is stuck, try simplifying macro imports

error: cannot determine resolution for the macro `time`
  --> tests/integration/parsing.rs:93:50
   |
93 |         (fd::parse("[hour]:[minute]")?, "01:02", time!("1:02")),
   |                                                  ^^^^
   |
   = note: import resolution is stuck, try simplifying macro imports

error: cannot determine resolution for the macro `time`
  --> tests/integration/parsing.rs:97:13
   |
97 |             time!("1:02 AM"),
   |             ^^^^
   |
   = note: import resolution is stuck, try simplifying macro imports

error: cannot find macro `date` in this scope
   --> tests/integration/parsing.rs:129:13
    |
129 |             date!("2021-01-02"),
    |             ^^^^

error: cannot find macro `date` in this scope
   --> tests/integration/parsing.rs:134:13
    |
134 |             date!("2021-002"),
    |             ^^^^

error: cannot find macro `date` in this scope
   --> tests/integration/parsing.rs:139:13
    |
139 |             date!("2021-01-02"),
    |             ^^^^

error: cannot find macro `date` in this scope
   --> tests/integration/parsing.rs:144:13
    |
144 |             date!("2021-01-02"),
    |             ^^^^

error: cannot find macro `date` in this scope
   --> tests/integration/parsing.rs:149:13
    |
149 |             date!("2021-01-02"),
    |             ^^^^

error: cannot find macro `date` in this scope
   --> tests/integration/parsing.rs:154:13
    |
154 |             date!("2023-01-02"),
    |             ^^^^

error: cannot find macro `date` in this scope
   --> tests/integration/parsing.rs:159:13
    |
159 |             date!("2022-01-02"),
    |             ^^^^

error: cannot find macro `date` in this scope
   --> tests/integration/parsing.rs:164:13
    |
164 |             date!("2026-01-02"),
    |             ^^^^

error: cannot find macro `date` in this scope
   --> tests/integration/parsing.rs:169:13
    |
169 |             date!("2025-01-02"),
    |             ^^^^

error: cannot find macro `date` in this scope
   --> tests/integration/parsing.rs:174:13
    |
174 |             date!("2019-01-02"),
    |             ^^^^

error: cannot find macro `date` in this scope
   --> tests/integration/parsing.rs:179:13
    |
179 |             date!("2018-01-02"),
    |             ^^^^

error: cannot find macro `date` in this scope
  --> tests/integration/primitive_date_time.rs:10:32
   |
10 |         PrimitiveDateTime::new(date!("2019-01-01"), time!("0:00")),
   |                                ^^^^

error: cannot determine resolution for the macro `time`
  --> tests/integration/primitive_date_time.rs:10:53
   |
10 |         PrimitiveDateTime::new(date!("2019-01-01"), time!("0:00")),
   |                                                     ^^^^
   |
   = note: import resolution is stuck, try simplifying macro imports

error: cannot find macro `datetime` in this scope
  --> tests/integration/primitive_date_time.rs:11:9
   |
11 |         datetime!("2019-01-01 0:00"),
   |         ^^^^^^^^

error: cannot find macro `datetime` in this scope
  --> tests/integration/primitive_date_time.rs:17:16
   |
17 |     assert_eq!(datetime!("2019-01-01 0:00").date(), date!("2019-01-01"));
   |                ^^^^^^^^

error: cannot find macro `date` in this scope
  --> tests/integration/primitive_date_time.rs:17:53
   |
17 |     assert_eq!(datetime!("2019-01-01 0:00").date(), date!("2019-01-01"));
   |                                                     ^^^^

error: cannot find macro `datetime` in this scope
  --> tests/integration/primitive_date_time.rs:22:16
   |
22 |     assert_eq!(datetime!("2019-01-01 0:00").time(), time!("0:00"));
   |                ^^^^^^^^

error: cannot determine resolution for the macro `time`
  --> tests/integration/primitive_date_time.rs:22:53
   |
22 |     assert_eq!(datetime!("2019-01-01 0:00").time(), time!("0:00"));
   |                                                     ^^^^
   |
   = note: import resolution is stuck, try simplifying macro imports

error: cannot find macro `datetime` in this scope
  --> tests/integration/primitive_date_time.rs:27:16
   |
27 |     assert_eq!(datetime!("2019-01-01 0:00").year(), 2019);
   |                ^^^^^^^^

error: cannot find macro `datetime` in this scope
  --> tests/integration/primitive_date_time.rs:28:16
   |
28 |     assert_eq!(datetime!("2019-12-31 0:00").year(), 2019);
   |                ^^^^^^^^

error: cannot find macro `datetime` in this scope
  --> tests/integration/primitive_date_time.rs:29:16
   |
29 |     assert_eq!(datetime!("2020-01-01 0:00").year(), 2020);
   |                ^^^^^^^^

error: cannot find macro `datetime` in this scope
  --> tests/integration/primitive_date_time.rs:34:16
   |
34 |     assert_eq!(datetime!("2019-01-01 0:00").month(), 1);
   |                ^^^^^^^^

error: cannot find macro `datetime` in this scope
  --> tests/integration/primitive_date_time.rs:35:16
   |
35 |     assert_eq!(datetime!("2019-12-31 0:00").month(), 12);
   |                ^^^^^^^^

error: cannot find macro `datetime` in this scope
  --> tests/integration/primitive_date_time.rs:40:16
   |
40 |     assert_eq!(datetime!("2019-01-01 0:00").day(), 1);
   |                ^^^^^^^^

error: cannot find macro `datetime` in this scope
  --> tests/integration/primitive_date_time.rs:41:16
   |
41 |     assert_eq!(datetime!("2019-12-31 0:00").day(), 31);
   |                ^^^^^^^^

error: cannot find macro `datetime` in this scope
  --> tests/integration/primitive_date_time.rs:46:16
   |
46 |     assert_eq!(datetime!("2019-01-01 0:00").ordinal(), 1);
   |                ^^^^^^^^

error: cannot find macro `datetime` in this scope
  --> tests/integration/primitive_date_time.rs:47:16
   |
47 |     assert_eq!(datetime!("2019-12-31 0:00").ordinal(), 365);
   |                ^^^^^^^^

error: cannot find macro `datetime` in this scope
  --> tests/integration/primitive_date_time.rs:52:16
   |
52 |     assert_eq!(datetime!("2019-01-01 0:00").iso_week(), 1);
   |                ^^^^^^^^

error: cannot find macro `datetime` in this scope
  --> tests/integration/primitive_date_time.rs:53:16
   |
53 |     assert_eq!(datetime!("2019-10-04 0:00").iso_week(), 40);
   |                ^^^^^^^^

error: cannot find macro `datetime` in this scope
  --> tests/integration/primitive_date_time.rs:54:16
   |
54 |     assert_eq!(datetime!("2020-01-01 0:00").iso_week(), 1);
   |                ^^^^^^^^

error: cannot find macro `datetime` in this scope
  --> tests/integration/primitive_date_time.rs:55:16
   |
55 |     assert_eq!(datetime!("2020-12-31 0:00").iso_week(), 53);
   |                ^^^^^^^^

error: cannot find macro `datetime` in this scope
  --> tests/integration/primitive_date_time.rs:56:16
   |
56 |     assert_eq!(datetime!("2021-01-01 0:00").iso_week(), 53);
   |                ^^^^^^^^

error: cannot find macro `datetime` in this scope
  --> tests/integration/primitive_date_time.rs:61:16
   |
61 |     assert_eq!(datetime!("2019-01-01 0:00").sunday_based_week(), 0);
   |                ^^^^^^^^

error: cannot find macro `datetime` in this scope
  --> tests/integration/primitive_date_time.rs:62:16
   |
62 |     assert_eq!(datetime!("2020-01-01 0:00").sunday_based_week(), 0);
   |                ^^^^^^^^

error: cannot find macro `datetime` in this scope
  --> tests/integration/primitive_date_time.rs:63:16
   |
63 |     assert_eq!(datetime!("2020-12-31 0:00").sunday_based_week(), 52);
   |                ^^^^^^^^

error: cannot find macro `datetime` in this scope
  --> tests/integration/primitive_date_time.rs:64:16
   |
64 |     assert_eq!(datetime!("2021-01-01 0:00").sunday_based_week(), 0);
   |                ^^^^^^^^

error: cannot find macro `datetime` in this scope
  --> tests/integration/primitive_date_time.rs:69:16
   |
69 |     assert_eq!(datetime!("2019-01-01 0:00").monday_based_week(), 0);
   |                ^^^^^^^^

error: cannot find macro `datetime` in this scope
  --> tests/integration/primitive_date_time.rs:70:16
   |
70 |     assert_eq!(datetime!("2020-01-01 0:00").monday_based_week(), 0);
   |                ^^^^^^^^

error: cannot find macro `datetime` in this scope
  --> tests/integration/primitive_date_time.rs:71:16
   |
71 |     assert_eq!(datetime!("2020-12-31 0:00").monday_based_week(), 52);
   |                ^^^^^^^^

error: cannot find macro `datetime` in this scope
  --> tests/integration/primitive_date_time.rs:72:16
   |
72 |     assert_eq!(datetime!("2021-01-01 0:00").monday_based_week(), 0);
   |                ^^^^^^^^

error: cannot find macro `datetime` in this scope
  --> tests/integration/primitive_date_time.rs:78:9
   |
78 |         datetime!("2019-01-02 0:00").to_calendar_date(),
   |         ^^^^^^^^

error: cannot find macro `datetime` in this scope
  --> tests/integration/primitive_date_time.rs:85:16
   |
85 |     assert_eq!(datetime!("2019-01-01 0:00").to_ordinal_date(), (2019, 1));
   |                ^^^^^^^^

error: cannot find macro `datetime` in this scope
  --> tests/integration/primitive_date_time.rs:92:9
   |
92 |         datetime!("2019-01-01 0:00").to_iso_week_date(),
   |         ^^^^^^^^

error: cannot find macro `datetime` in this scope
  --> tests/integration/primitive_date_time.rs:96:9
   |
96 |         datetime!("2019-10-04 0:00").to_iso_week_date(),
   |         ^^^^^^^^

error: cannot find macro `datetime` in this scope
   --> tests/integration/primitive_date_time.rs:100:9
    |
100 |         datetime!("2020-01-01 0:00").to_iso_week_date(),
    |         ^^^^^^^^

error: cannot find macro `datetime` in this scope
   --> tests/integration/primitive_date_time.rs:104:9
    |
104 |         datetime!("2020-12-31 0:00").to_iso_week_date(),
    |         ^^^^^^^^

error: cannot find macro `datetime` in this scope
   --> tests/integration/primitive_date_time.rs:108:9
    |
108 |         datetime!("2021-01-01 0:00").to_iso_week_date(),
    |         ^^^^^^^^

error: cannot find macro `datetime` in this scope
   --> tests/integration/primitive_date_time.rs:116:16
    |
116 |     assert_eq!(datetime!("2019-01-01 0:00").weekday(), Tuesday);
    |                ^^^^^^^^

error: cannot find macro `datetime` in this scope
   --> tests/integration/primitive_date_time.rs:117:16
    |
117 |     assert_eq!(datetime!("2019-02-01 0:00").weekday(), Friday);
    |                ^^^^^^^^

error: cannot find macro `datetime` in this scope
   --> tests/integration/primitive_date_time.rs:118:16
    |
118 |     assert_eq!(datetime!("2019-03-01 0:00").weekday(), Friday);
    |                ^^^^^^^^

error: cannot find macro `datetime` in this scope
   --> tests/integration/primitive_date_time.rs:119:16
    |
119 |     assert_eq!(datetime!("2019-04-01 0:00").weekday(), Monday);
    |                ^^^^^^^^

error: cannot find macro `datetime` in this scope
   --> tests/integration/primitive_date_time.rs:120:16
    |
120 |     assert_eq!(datetime!("2019-05-01 0:00").weekday(), Wednesday);
    |                ^^^^^^^^

error: cannot find macro `datetime` in this scope
   --> tests/integration/primitive_date_time.rs:121:16
    |
121 |     assert_eq!(datetime!("2019-06-01 0:00").weekday(), Saturday);
    |                ^^^^^^^^

error: cannot find macro `datetime` in this scope
   --> tests/integration/primitive_date_time.rs:122:16
    |
122 |     assert_eq!(datetime!("2019-07-01 0:00").weekday(), Monday);
    |                ^^^^^^^^

error: cannot find macro `datetime` in this scope
   --> tests/integration/primitive_date_time.rs:123:16
    |
123 |     assert_eq!(datetime!("2019-08-01 0:00").weekday(), Thursday);
    |                ^^^^^^^^

error: cannot find macro `datetime` in this scope
   --> tests/integration/primitive_date_time.rs:124:16
    |
124 |     assert_eq!(datetime!("2019-09-01 0:00").weekday(), Sunday);
    |                ^^^^^^^^

error: cannot find macro `datetime` in this scope
   --> tests/integration/primitive_date_time.rs:125:16
    |
125 |     assert_eq!(datetime!("2019-10-01 0:00").weekday(), Tuesday);
    |                ^^^^^^^^

error: cannot find macro `datetime` in this scope
   --> tests/integration/primitive_date_time.rs:126:16
    |
126 |     assert_eq!(datetime!("2019-11-01 0:00").weekday(), Friday);
    |                ^^^^^^^^

error: cannot find macro `datetime` in this scope
   --> tests/integration/primitive_date_time.rs:127:16
    |
127 |     assert_eq!(datetime!("2019-12-01 0:00").weekday(), Sunday);
    |                ^^^^^^^^

error: cannot find macro `datetime` in this scope
   --> tests/integration/primitive_date_time.rs:133:9
    |
133 |         datetime!("-999_999-01-01 0:00").to_julian_day(),
    |         ^^^^^^^^

error: cannot find macro `datetime` in this scope
   --> tests/integration/primitive_date_time.rs:136:16
    |
136 |     assert_eq!(datetime!("-4713-11-24 0:00").to_julian_day(), 0);
    |                ^^^^^^^^

error: cannot find macro `datetime` in this scope
   --> tests/integration/primitive_date_time.rs:137:16
    |
137 |     assert_eq!(datetime!("2000-01-01 0:00").to_julian_day(), 2_451_545);
    |                ^^^^^^^^

error: cannot find macro `datetime` in this scope
   --> tests/integration/primitive_date_time.rs:138:16
    |
138 |     assert_eq!(datetime!("2019-01-01 0:00").to_julian_day(), 2_458_485);
    |                ^^^^^^^^

error: cannot find macro `datetime` in this scope
   --> tests/integration/primitive_date_time.rs:139:16
    |
139 |     assert_eq!(datetime!("2019-12-31 0:00").to_julian_day(), 2_458_849);
    |                ^^^^^^^^

error: cannot find macro `datetime` in this scope
   --> tests/integration/primitive_date_time.rs:144:16
    |
144 |     assert_eq!(datetime!("2020-01-01 1:02:03").as_hms(), (1, 2, 3));
    |                ^^^^^^^^

error: cannot find macro `datetime` in this scope
   --> tests/integration/primitive_date_time.rs:150:9
    |
150 |         datetime!("2020-01-01 1:02:03.004").as_hms_milli(),
    |         ^^^^^^^^

error: cannot find macro `datetime` in this scope
   --> tests/integration/primitive_date_time.rs:158:9
    |
158 |         datetime!("2020-01-01 1:02:03.004_005").as_hms_micro(),
    |         ^^^^^^^^

error: cannot find macro `datetime` in this scope
   --> tests/integration/primitive_date_time.rs:166:9
    |
166 |         datetime!("2020-01-01 1:02:03.004_005_006").as_hms_nano(),
    |         ^^^^^^^^

error: cannot find macro `datetime` in this scope
   --> tests/integration/primitive_date_time.rs:173:16
    |
173 |     assert_eq!(datetime!("2019-01-01 0:00").hour(), 0);
    |                ^^^^^^^^

error: cannot find macro `datetime` in this scope
   --> tests/integration/primitive_date_time.rs:174:16
    |
174 |     assert_eq!(datetime!("2019-01-01 23:59:59").hour(), 23);
    |                ^^^^^^^^

error: cannot find macro `datetime` in this scope
   --> tests/integration/primitive_date_time.rs:179:16
    |
179 |     assert_eq!(datetime!("2019-01-01 0:00").minute(), 0);
    |                ^^^^^^^^

error: cannot find macro `datetime` in this scope
   --> tests/integration/primitive_date_time.rs:180:16
    |
180 |     assert_eq!(datetime!("2019-01-01 23:59:59").minute(), 59);
    |                ^^^^^^^^

error: cannot find macro `datetime` in this scope
   --> tests/integration/primitive_date_time.rs:185:16
    |
185 |     assert_eq!(datetime!("2019-01-01 0:00").second(), 0);
    |                ^^^^^^^^

error: cannot find macro `datetime` in this scope
   --> tests/integration/primitive_date_time.rs:186:16
    |
186 |     assert_eq!(datetime!("2019-01-01 23:59:59").second(), 59);
    |                ^^^^^^^^

error: cannot find macro `datetime` in this scope
   --> tests/integration/primitive_date_time.rs:191:16
    |
191 |     assert_eq!(datetime!("2019-01-01 0:00").millisecond(), 0);
    |                ^^^^^^^^

error: cannot find macro `datetime` in this scope
   --> tests/integration/primitive_date_time.rs:192:16
    |
192 |     assert_eq!(datetime!("2019-01-01 23:59:59.999").millisecond(), 999);
    |                ^^^^^^^^

error: cannot find macro `datetime` in this scope
   --> tests/integration/primitive_date_time.rs:197:16
    |
197 |     assert_eq!(datetime!("2019-01-01 0:00").microsecond(), 0);
    |                ^^^^^^^^

error: cannot find macro `datetime` in this scope
   --> tests/integration/primitive_date_time.rs:199:9
    |
199 |         datetime!("2019-01-01 23:59:59.999_999").microsecond(),
    |         ^^^^^^^^

error: cannot find macro `datetime` in this scope
   --> tests/integration/primitive_date_time.rs:206:16
    |
206 |     assert_eq!(datetime!("2019-01-01 0:00").nanosecond(), 0);
    |                ^^^^^^^^

error: cannot find macro `datetime` in this scope
   --> tests/integration/primitive_date_time.rs:208:9
    |
208 |         datetime!("2019-01-01 23:59:59.999_999_999").nanosecond(),
    |         ^^^^^^^^

error: cannot find macro `datetime` in this scope
   --> tests/integration/primitive_date_time.rs:216:9
    |
216 |         datetime!("2019-01-01 0:00")
    |         ^^^^^^^^

error: cannot find macro `offset` in this scope
   --> tests/integration/primitive_date_time.rs:217:28
    |
217 |             .assume_offset(offset!("UTC"))
    |                            ^^^^^^

error: cannot find macro `datetime` in this scope
   --> tests/integration/primitive_date_time.rs:222:9
    |
222 |         datetime!("2019-01-01 0:00")
    |         ^^^^^^^^

error: cannot find macro `offset` in this scope
   --> tests/integration/primitive_date_time.rs:223:28
    |
223 |             .assume_offset(offset!("-1"))
    |                            ^^^^^^

error: cannot find macro `datetime` in this scope
   --> tests/integration/primitive_date_time.rs:232:9
    |
232 |         datetime!("2019-01-01 0:00").assume_utc().unix_timestamp(),
    |         ^^^^^^^^

error: cannot find macro `datetime` in this scope
   --> tests/integration/primitive_date_time.rs:240:9
    |
240 |         datetime!("2020-01-01 12:00").replace_time(time!("5:00")),
    |         ^^^^^^^^

error: cannot determine resolution for the macro `time`
   --> tests/integration/primitive_date_time.rs:240:52
    |
240 |         datetime!("2020-01-01 12:00").replace_time(time!("5:00")),
    |                                                    ^^^^
    |
    = note: import resolution is stuck, try simplifying macro imports

error: cannot find macro `datetime` in this scope
   --> tests/integration/primitive_date_time.rs:241:9
    |
241 |         datetime!("2020-01-01 5:00")
    |         ^^^^^^^^

error: cannot find macro `datetime` in this scope
   --> tests/integration/primitive_date_time.rs:248:9
    |
248 |         datetime!("2020-01-01 12:00").replace_date(date!("2020-01-30")),
    |         ^^^^^^^^

error: cannot find macro `date` in this scope
   --> tests/integration/primitive_date_time.rs:248:52
    |
248 |         datetime!("2020-01-01 12:00").replace_date(date!("2020-01-30")),
    |                                                    ^^^^

error: cannot find macro `datetime` in this scope
   --> tests/integration/primitive_date_time.rs:249:9
    |
249 |         datetime!("2020-01-30 12:00")
    |         ^^^^^^^^

error: cannot find macro `datetime` in this scope
   --> tests/integration/primitive_date_time.rs:256:9
    |
256 |         datetime!("2019-01-01 0:00") + 5.days(),
    |         ^^^^^^^^

error: cannot find macro `datetime` in this scope
   --> tests/integration/primitive_date_time.rs:257:9
    |
257 |         datetime!("2019-01-06 0:00"),
    |         ^^^^^^^^

error: cannot find macro `datetime` in this scope
   --> tests/integration/primitive_date_time.rs:260:9
    |
260 |         datetime!("2019-12-31 0:00") + 1.days(),
    |         ^^^^^^^^

error: cannot find macro `datetime` in this scope
   --> tests/integration/primitive_date_time.rs:261:9
    |
261 |         datetime!("2020-01-01 0:00"),
    |         ^^^^^^^^

error: cannot find macro `datetime` in this scope
   --> tests/integration/primitive_date_time.rs:264:9
    |
264 |         datetime!("2019-12-31 23:59:59") + 2.seconds(),
    |         ^^^^^^^^

error: cannot find macro `datetime` in this scope
   --> tests/integration/primitive_date_time.rs:265:9
    |
265 |         datetime!("2020-01-01 0:00:01"),
    |         ^^^^^^^^

error: cannot find macro `datetime` in this scope
   --> tests/integration/primitive_date_time.rs:268:9
    |
268 |         datetime!("2020-01-01 0:00:01") + (-2).seconds(),
    |         ^^^^^^^^

error: cannot find macro `datetime` in this scope
   --> tests/integration/primitive_date_time.rs:269:9
    |
269 |         datetime!("2019-12-31 23:59:59"),
    |         ^^^^^^^^

error: cannot find macro `datetime` in this scope
   --> tests/integration/primitive_date_time.rs:272:9
    |
272 |         datetime!("1999-12-31 23:00") + 1.hours(),
    |         ^^^^^^^^

error: cannot find macro `datetime` in this scope
   --> tests/integration/primitive_date_time.rs:273:9
    |
273 |         datetime!("2000-01-01 0:00"),
    |         ^^^^^^^^

error: cannot find macro `datetime` in this scope
   --> tests/integration/primitive_date_time.rs:280:9
    |
280 |         datetime!("2019-01-01 0:00") + 5.std_days(),
    |         ^^^^^^^^

error: cannot find macro `datetime` in this scope
   --> tests/integration/primitive_date_time.rs:281:9
    |
281 |         datetime!("2019-01-06 0:00"),
    |         ^^^^^^^^

error: cannot find macro `datetime` in this scope
   --> tests/integration/primitive_date_time.rs:284:9
    |
284 |         datetime!("2019-12-31 0:00") + 1.std_days(),
    |         ^^^^^^^^

error: cannot find macro `datetime` in this scope
   --> tests/integration/primitive_date_time.rs:285:9
    |
285 |         datetime!("2020-01-01 0:00"),
    |         ^^^^^^^^

error: cannot find macro `datetime` in this scope
   --> tests/integration/primitive_date_time.rs:288:9
    |
288 |         datetime!("2019-12-31 23:59:59") + 2.std_seconds(),
    |         ^^^^^^^^

error: cannot find macro `datetime` in this scope
   --> tests/integration/primitive_date_time.rs:289:9
    |
289 |         datetime!("2020-01-01 0:00:01"),
    |         ^^^^^^^^

error: cannot find macro `datetime` in this scope
   --> tests/integration/primitive_date_time.rs:295:34
    |
295 |     let mut new_years_day_2019 = datetime!("2019-01-01 0:00");
    |                                  ^^^^^^^^

error: cannot find macro `datetime` in this scope
   --> tests/integration/primitive_date_time.rs:297:36
    |
297 |     assert_eq!(new_years_day_2019, datetime!("2019-01-06 0:00"));
    |                                    ^^^^^^^^

error: cannot find macro `datetime` in this scope
   --> tests/integration/primitive_date_time.rs:299:39
    |
299 |     let mut new_years_eve_2020_days = datetime!("2019-12-31 0:00");
    |                                       ^^^^^^^^

error: cannot find macro `datetime` in this scope
   --> tests/integration/primitive_date_time.rs:301:41
    |
301 |     assert_eq!(new_years_eve_2020_days, datetime!("2020-01-01 0:00"));
    |                                         ^^^^^^^^

error: cannot find macro `datetime` in this scope
   --> tests/integration/primitive_date_time.rs:303:42
    |
303 |     let mut new_years_eve_2020_seconds = datetime!("2019-12-31 23:59:59");
    |                                          ^^^^^^^^

error: cannot find macro `datetime` in this scope
   --> tests/integration/primitive_date_time.rs:305:44
    |
305 |     assert_eq!(new_years_eve_2020_seconds, datetime!("2020-01-01 0:00:01"));
    |                                            ^^^^^^^^

error: cannot find macro `datetime` in this scope
   --> tests/integration/primitive_date_time.rs:307:39
    |
307 |     let mut new_years_day_2020_days = datetime!("2020-01-01 0:00:01");
    |                                       ^^^^^^^^

error: cannot find macro `datetime` in this scope
   --> tests/integration/primitive_date_time.rs:309:41
    |
309 |     assert_eq!(new_years_day_2020_days, datetime!("2019-12-31 23:59:59"));
    |                                         ^^^^^^^^

error: cannot find macro `datetime` in this scope
   --> tests/integration/primitive_date_time.rs:314:20
    |
314 |     let mut ny19 = datetime!("2019-01-01 0:00");
    |                    ^^^^^^^^

error: cannot find macro `datetime` in this scope
   --> tests/integration/primitive_date_time.rs:316:22
    |
316 |     assert_eq!(ny19, datetime!("2019-01-06 0:00"));
    |                      ^^^^^^^^

error: cannot find macro `datetime` in this scope
   --> tests/integration/primitive_date_time.rs:318:21
    |
318 |     let mut nye20 = datetime!("2019-12-31 0:00");
    |                     ^^^^^^^^

error: cannot find macro `datetime` in this scope
   --> tests/integration/primitive_date_time.rs:320:23
    |
320 |     assert_eq!(nye20, datetime!("2020-01-01 0:00"));
    |                       ^^^^^^^^

error: cannot find macro `datetime` in this scope
   --> tests/integration/primitive_date_time.rs:322:22
    |
322 |     let mut nye20t = datetime!("2019-12-31 23:59:59");
    |                      ^^^^^^^^

error: cannot find macro `datetime` in this scope
   --> tests/integration/primitive_date_time.rs:324:24
    |
324 |     assert_eq!(nye20t, datetime!("2020-01-01 0:00:01"));
    |                        ^^^^^^^^

error: cannot find macro `datetime` in this scope
   --> tests/integration/primitive_date_time.rs:330:9
    |
330 |         datetime!("2019-01-06 0:00") - 5.days(),
    |         ^^^^^^^^

error: cannot find macro `datetime` in this scope
   --> tests/integration/primitive_date_time.rs:331:9
    |
331 |         datetime!("2019-01-01 0:00"),
    |         ^^^^^^^^

error: cannot find macro `datetime` in this scope
   --> tests/integration/primitive_date_time.rs:334:9
    |
334 |         datetime!("2020-01-01 0:00") - 1.days(),
    |         ^^^^^^^^

error: cannot find macro `datetime` in this scope
   --> tests/integration/primitive_date_time.rs:335:9
    |
335 |         datetime!("2019-12-31 0:00"),
    |         ^^^^^^^^

error: cannot find macro `datetime` in this scope
   --> tests/integration/primitive_date_time.rs:338:9
    |
338 |         datetime!("2020-01-01 0:00:01") - 2.seconds(),
    |         ^^^^^^^^

error: cannot find macro `datetime` in this scope
   --> tests/integration/primitive_date_time.rs:339:9
    |
339 |         datetime!("2019-12-31 23:59:59"),
    |         ^^^^^^^^

error: cannot find macro `datetime` in this scope
   --> tests/integration/primitive_date_time.rs:342:9
    |
342 |         datetime!("2019-12-31 23:59:59") - (-2).seconds(),
    |         ^^^^^^^^

error: cannot find macro `datetime` in this scope
   --> tests/integration/primitive_date_time.rs:343:9
    |
343 |         datetime!("2020-01-01 0:00:01"),
    |         ^^^^^^^^

error: cannot find macro `datetime` in this scope
   --> tests/integration/primitive_date_time.rs:346:9
    |
346 |         datetime!("1999-12-31 23:00") - (-1).hours(),
    |         ^^^^^^^^

error: cannot find macro `datetime` in this scope
   --> tests/integration/primitive_date_time.rs:347:9
    |
347 |         datetime!("2000-01-01 0:00"),
    |         ^^^^^^^^

error: cannot find macro `datetime` in this scope
   --> tests/integration/primitive_date_time.rs:354:9
    |
354 |         datetime!("2019-01-06 0:00") - 5.std_days(),
    |         ^^^^^^^^

error: cannot find macro `datetime` in this scope
   --> tests/integration/primitive_date_time.rs:355:9
    |
355 |         datetime!("2019-01-01 0:00"),
    |         ^^^^^^^^

error: cannot find macro `datetime` in this scope
   --> tests/integration/primitive_date_time.rs:358:9
    |
358 |         datetime!("2020-01-01 0:00") - 1.std_days(),
    |         ^^^^^^^^

error: cannot find macro `datetime` in this scope
   --> tests/integration/primitive_date_time.rs:359:9
    |
359 |         datetime!("2019-12-31 0:00"),
    |         ^^^^^^^^

error: cannot find macro `datetime` in this scope
   --> tests/integration/primitive_date_time.rs:362:9
    |
362 |         datetime!("2020-01-01 0:00:01") - 2.std_seconds(),
    |         ^^^^^^^^

error: cannot find macro `datetime` in this scope
   --> tests/integration/primitive_date_time.rs:363:9
    |
363 |         datetime!("2019-12-31 23:59:59"),
    |         ^^^^^^^^

error: cannot find macro `datetime` in this scope
   --> tests/integration/primitive_date_time.rs:369:34
    |
369 |     let mut new_years_day_2019 = datetime!("2019-01-06 0:00");
    |                                  ^^^^^^^^

error: cannot find macro `datetime` in this scope
   --> tests/integration/primitive_date_time.rs:371:36
    |
371 |     assert_eq!(new_years_day_2019, datetime!("2019-01-01 0:00"));
    |                                    ^^^^^^^^

error: cannot find macro `datetime` in this scope
   --> tests/integration/primitive_date_time.rs:373:39
    |
373 |     let mut new_years_day_2020_days = datetime!("2020-01-01 0:00");
    |                                       ^^^^^^^^

error: cannot find macro `datetime` in this scope
   --> tests/integration/primitive_date_time.rs:375:41
    |
375 |     assert_eq!(new_years_day_2020_days, datetime!("2019-12-31 0:00"));
    |                                         ^^^^^^^^

error: cannot find macro `datetime` in this scope
   --> tests/integration/primitive_date_time.rs:377:42
    |
377 |     let mut new_years_day_2020_seconds = datetime!("2020-01-01 0:00:01");
    |                                          ^^^^^^^^

error: cannot find macro `datetime` in this scope
   --> tests/integration/primitive_date_time.rs:379:44
    |
379 |     assert_eq!(new_years_day_2020_seconds, datetime!("2019-12-31 23:59:59"));
    |                                            ^^^^^^^^

error: cannot find macro `datetime` in this scope
   --> tests/integration/primitive_date_time.rs:381:42
    |
381 |     let mut new_years_eve_2020_seconds = datetime!("2019-12-31 23:59:59");
    |                                          ^^^^^^^^

error: cannot find macro `datetime` in this scope
   --> tests/integration/primitive_date_time.rs:383:44
    |
383 |     assert_eq!(new_years_eve_2020_seconds, datetime!("2020-01-01 0:00:01"));
    |                                            ^^^^^^^^

error: cannot find macro `datetime` in this scope
   --> tests/integration/primitive_date_time.rs:388:20
    |
388 |     let mut ny19 = datetime!("2019-01-06 0:00");
    |                    ^^^^^^^^

error: cannot find macro `datetime` in this scope
   --> tests/integration/primitive_date_time.rs:390:22
    |
390 |     assert_eq!(ny19, datetime!("2019-01-01 0:00"));
    |                      ^^^^^^^^

error: cannot find macro `datetime` in this scope
   --> tests/integration/primitive_date_time.rs:392:20
    |
392 |     let mut ny20 = datetime!("2020-01-01 0:00");
    |                    ^^^^^^^^

error: cannot find macro `datetime` in this scope
   --> tests/integration/primitive_date_time.rs:394:22
    |
394 |     assert_eq!(ny20, datetime!("2019-12-31 0:00"));
    |                      ^^^^^^^^

error: cannot find macro `datetime` in this scope
   --> tests/integration/primitive_date_time.rs:396:21
    |
396 |     let mut ny20t = datetime!("2020-01-01 0:00:01");
    |                     ^^^^^^^^

error: cannot find macro `datetime` in this scope
   --> tests/integration/primitive_date_time.rs:398:23
    |
398 |     assert_eq!(ny20t, datetime!("2019-12-31 23:59:59"));
    |                       ^^^^^^^^

error: cannot find macro `datetime` in this scope
   --> tests/integration/primitive_date_time.rs:404:9
    |
404 |         datetime!("2019-01-02 0:00") - datetime!("2019-01-01 0:00"),
    |         ^^^^^^^^

error: cannot find macro `datetime` in this scope
   --> tests/integration/primitive_date_time.rs:404:40
    |
404 |         datetime!("2019-01-02 0:00") - datetime!("2019-01-01 0:00"),
    |                                        ^^^^^^^^

error: cannot find macro `datetime` in this scope
   --> tests/integration/primitive_date_time.rs:408:9
    |
408 |         datetime!("2019-01-01 0:00") - datetime!("2019-01-02 0:00"),
    |         ^^^^^^^^

error: cannot find macro `datetime` in this scope
   --> tests/integration/primitive_date_time.rs:408:40
    |
408 |         datetime!("2019-01-01 0:00") - datetime!("2019-01-02 0:00"),
    |                                        ^^^^^^^^

error: cannot find macro `datetime` in this scope
   --> tests/integration/primitive_date_time.rs:412:9
    |
412 |         datetime!("2020-01-01 0:00") - datetime!("2019-12-31 0:00"),
    |         ^^^^^^^^

error: cannot find macro `datetime` in this scope
   --> tests/integration/primitive_date_time.rs:412:40
    |
412 |         datetime!("2020-01-01 0:00") - datetime!("2019-12-31 0:00"),
    |                                        ^^^^^^^^

error: cannot find macro `datetime` in this scope
   --> tests/integration/primitive_date_time.rs:416:9
    |
416 |         datetime!("2019-12-31 0:00") - datetime!("2020-01-01 0:00"),
    |         ^^^^^^^^

error: cannot find macro `datetime` in this scope
   --> tests/integration/primitive_date_time.rs:416:40
    |
416 |         datetime!("2019-12-31 0:00") - datetime!("2020-01-01 0:00"),
    |                                        ^^^^^^^^

error: cannot find macro `datetime` in this scope
   --> tests/integration/primitive_date_time.rs:425:9
    |
425 |         datetime!("2019-01-01 0:00").partial_cmp(&datetime!("2019-01-01 0:00")),
    |         ^^^^^^^^

error: cannot find macro `datetime` in this scope
   --> tests/integration/primitive_date_time.rs:425:51
    |
425 |         datetime!("2019-01-01 0:00").partial_cmp(&datetime!("2019-01-01 0:00")),
    |                                                   ^^^^^^^^

error: cannot find macro `datetime` in this scope
   --> tests/integration/primitive_date_time.rs:429:9
    |
429 |         datetime!("2019-01-01 0:00").partial_cmp(&datetime!("2020-01-01 0:00")),
    |         ^^^^^^^^

error: cannot find macro `datetime` in this scope
   --> tests/integration/primitive_date_time.rs:429:51
    |
429 |         datetime!("2019-01-01 0:00").partial_cmp(&datetime!("2020-01-01 0:00")),
    |                                                   ^^^^^^^^

error: cannot find macro `datetime` in this scope
   --> tests/integration/primitive_date_time.rs:433:9
    |
433 |         datetime!("2019-01-01 0:00").partial_cmp(&datetime!("2019-02-01 0:00")),
    |         ^^^^^^^^

error: cannot find macro `datetime` in this scope
   --> tests/integration/primitive_date_time.rs:433:51
    |
433 |         datetime!("2019-01-01 0:00").partial_cmp(&datetime!("2019-02-01 0:00")),
    |                                                   ^^^^^^^^

error: cannot find macro `datetime` in this scope
   --> tests/integration/primitive_date_time.rs:437:9
    |
437 |         datetime!("2019-01-01 0:00").partial_cmp(&datetime!("2019-01-02 0:00")),
    |         ^^^^^^^^

error: cannot find macro `datetime` in this scope
   --> tests/integration/primitive_date_time.rs:437:51
    |
437 |         datetime!("2019-01-01 0:00").partial_cmp(&datetime!("2019-01-02 0:00")),
    |                                                   ^^^^^^^^

error: cannot find macro `datetime` in this scope
   --> tests/integration/primitive_date_time.rs:441:9
    |
441 |         datetime!("2019-01-01 0:00").partial_cmp(&datetime!("2019-01-01 1:00")),
    |         ^^^^^^^^

error: cannot find macro `datetime` in this scope
   --> tests/integration/primitive_date_time.rs:441:51
    |
441 |         datetime!("2019-01-01 0:00").partial_cmp(&datetime!("2019-01-01 1:00")),
    |                                                   ^^^^^^^^

error: cannot find macro `datetime` in this scope
   --> tests/integration/primitive_date_time.rs:445:9
    |
445 |         datetime!("2019-01-01 0:00").partial_cmp(&datetime!("2019-01-01 0:01")),
    |         ^^^^^^^^

error: cannot find macro `datetime` in this scope
   --> tests/integration/primitive_date_time.rs:445:51
    |
445 |         datetime!("2019-01-01 0:00").partial_cmp(&datetime!("2019-01-01 0:01")),
    |                                                   ^^^^^^^^

error: cannot find macro `datetime` in this scope
   --> tests/integration/primitive_date_time.rs:449:9
    |
449 |         datetime!("2019-01-01 0:00").partial_cmp(&datetime!("2019-01-01 0:00:01")),
    |         ^^^^^^^^

error: cannot find macro `datetime` in this scope
   --> tests/integration/primitive_date_time.rs:449:51
    |
449 |         datetime!("2019-01-01 0:00").partial_cmp(&datetime!("2019-01-01 0:00:01")),
    |                                                   ^^^^^^^^

error: cannot find macro `datetime` in this scope
   --> tests/integration/primitive_date_time.rs:453:9
    |
453 |         datetime!("2019-01-01 0:00").partial_cmp(&datetime!("2019-01-01 0:00:00.000_000_001")),
    |         ^^^^^^^^

error: cannot find macro `datetime` in this scope
   --> tests/integration/primitive_date_time.rs:453:51
    |
453 |         datetime!("2019-01-01 0:00").partial_cmp(&datetime!("2019-01-01 0:00:00.000_000_001")),
    |                                                   ^^^^^^^^

error: cannot find macro `datetime` in this scope
   --> tests/integration/primitive_date_time.rs:457:9
    |
457 |         datetime!("2020-01-01 0:00").partial_cmp(&datetime!("2019-01-01 0:00")),
    |         ^^^^^^^^

error: cannot find macro `datetime` in this scope
   --> tests/integration/primitive_date_time.rs:457:51
    |
457 |         datetime!("2020-01-01 0:00").partial_cmp(&datetime!("2019-01-01 0:00")),
    |                                                   ^^^^^^^^

error: cannot find macro `datetime` in this scope
   --> tests/integration/primitive_date_time.rs:461:9
    |
461 |         datetime!("2019-02-01 0:00").partial_cmp(&datetime!("2019-01-01 0:00")),
    |         ^^^^^^^^

error: cannot find macro `datetime` in this scope
   --> tests/integration/primitive_date_time.rs:461:51
    |
461 |         datetime!("2019-02-01 0:00").partial_cmp(&datetime!("2019-01-01 0:00")),
    |                                                   ^^^^^^^^

error: cannot find macro `datetime` in this scope
   --> tests/integration/primitive_date_time.rs:465:9
    |
465 |         datetime!("2019-01-02 0:00").partial_cmp(&datetime!("2019-01-01 0:00")),
    |         ^^^^^^^^

error: cannot find macro `datetime` in this scope
   --> tests/integration/primitive_date_time.rs:465:51
    |
465 |         datetime!("2019-01-02 0:00").partial_cmp(&datetime!("2019-01-01 0:00")),
    |                                                   ^^^^^^^^

error: cannot find macro `datetime` in this scope
   --> tests/integration/primitive_date_time.rs:469:9
    |
469 |         datetime!("2019-01-01 1:00").partial_cmp(&datetime!("2019-01-01 0:00")),
    |         ^^^^^^^^

error: cannot find macro `datetime` in this scope
   --> tests/integration/primitive_date_time.rs:469:51
    |
469 |         datetime!("2019-01-01 1:00").partial_cmp(&datetime!("2019-01-01 0:00")),
    |                                                   ^^^^^^^^

error: cannot find macro `datetime` in this scope
   --> tests/integration/primitive_date_time.rs:473:9
    |
473 |         datetime!("2019-01-01 0:01").partial_cmp(&datetime!("2019-01-01 0:00")),
    |         ^^^^^^^^

error: cannot find macro `datetime` in this scope
   --> tests/integration/primitive_date_time.rs:473:51
    |
473 |         datetime!("2019-01-01 0:01").partial_cmp(&datetime!("2019-01-01 0:00")),
    |                                                   ^^^^^^^^

error: cannot find macro `datetime` in this scope
   --> tests/integration/primitive_date_time.rs:477:9
    |
477 |         datetime!("2019-01-01 0:00:01").partial_cmp(&datetime!("2019-01-01 0:00")),
    |         ^^^^^^^^

error: cannot find macro `datetime` in this scope
   --> tests/integration/primitive_date_time.rs:477:54
    |
477 |         datetime!("2019-01-01 0:00:01").partial_cmp(&datetime!("2019-01-01 0:00")),
    |                                                      ^^^^^^^^

error: cannot find macro `datetime` in this scope
   --> tests/integration/primitive_date_time.rs:481:9
    |
481 |         datetime!("2019-01-01 0:00:00.000_000_001").partial_cmp(&datetime!("2019-01-01 0:00")),
    |         ^^^^^^^^

error: cannot find macro `datetime` in this scope
   --> tests/integration/primitive_date_time.rs:481:66
    |
481 |         datetime!("2019-01-01 0:00:00.000_000_001").partial_cmp(&datetime!("2019-01-01 0:00")),
    |                                                                  ^^^^^^^^

error: cannot determine resolution for the macro `quickcheck`
  --> tests/integration/quickcheck.rs:29:1
   |
29 | quickcheck! {
   | ^^^^^^^^^^
   |
   = note: import resolution is stuck, try simplifying macro imports

error: cannot determine resolution for the macro `quickcheck`
  --> tests/integration/quickcheck.rs:10:9
   |
10 |         quickcheck! {
   |         ^^^^^^^^^^
...
91 | test_shrink!(Date, date_can_shrink_year, year());
   | ------------------------------------------------- in this macro invocation
   |
   = note: import resolution is stuck, try simplifying macro imports
   = note: this error originates in a macro (in Nightly builds, run with -Z macro-backtrace for more info)

error: cannot determine resolution for the macro `quickcheck`
  --> tests/integration/quickcheck.rs:10:9
   |
10 |         quickcheck! {
   |         ^^^^^^^^^^
...
92 | test_shrink!(Date, date_can_shrink_ordinal, ordinal(), min = 1);
   | ---------------------------------------------------------------- in this macro invocation
   |
   = note: import resolution is stuck, try simplifying macro imports
   = note: this error originates in a macro (in Nightly builds, run with -Z macro-backtrace for more info)

error: cannot determine resolution for the macro `quickcheck`
  --> tests/integration/quickcheck.rs:10:9
   |
10 |         quickcheck! {
   |         ^^^^^^^^^^
...
94 | test_shrink!(Duration, duration_can_shrink_seconds, whole_seconds());
   | --------------------------------------------------------------------- in this macro invocation
   |
   = note: import resolution is stuck, try simplifying macro imports
   = note: this error originates in a macro (in Nightly builds, run with -Z macro-backtrace for more info)

error: cannot determine resolution for the macro `quickcheck`
  --> tests/integration/quickcheck.rs:10:9
   |
10 |         quickcheck! {
   |         ^^^^^^^^^^
...
95 | test_shrink!(Duration, duration_can_shrink_ns, subsec_nanoseconds());
   | --------------------------------------------------------------------- in this macro invocation
   |
   = note: import resolution is stuck, try simplifying macro imports
   = note: this error originates in a macro (in Nightly builds, run with -Z macro-backtrace for more info)

error: cannot determine resolution for the macro `quickcheck`
  --> tests/integration/quickcheck.rs:10:9
   |
10 |         quickcheck! {
   |         ^^^^^^^^^^
...
97 | test_shrink!(Time, time_can_shrink_hour, hour());
   | ------------------------------------------------- in this macro invocation
   |
   = note: import resolution is stuck, try simplifying macro imports
   = note: this error originates in a macro (in Nightly builds, run with -Z macro-backtrace for more info)

error: cannot determine resolution for the macro `quickcheck`
  --> tests/integration/quickcheck.rs:10:9
   |
10 |         quickcheck! {
   |         ^^^^^^^^^^
...
98 | test_shrink!(Time, time_can_shrink_minute, minute());
   | ----------------------------------------------------- in this macro invocation
   |
   = note: import resolution is stuck, try simplifying macro imports
   = note: this error originates in a macro (in Nightly builds, run with -Z macro-backtrace for more info)

error: cannot determine resolution for the macro `quickcheck`
  --> tests/integration/quickcheck.rs:10:9
   |
10 |         quickcheck! {
   |         ^^^^^^^^^^
...
99 | test_shrink!(Time, time_can_shrink_second, second());
   | ----------------------------------------------------- in this macro invocation
   |
   = note: import resolution is stuck, try simplifying macro imports
   = note: this error originates in a macro (in Nightly builds, run with -Z macro-backtrace for more info)

error: cannot determine resolution for the macro `quickcheck`
   --> tests/integration/quickcheck.rs:10:9
    |
10  |         quickcheck! {
    |         ^^^^^^^^^^
...
100 | test_shrink!(Time, time_can_shrink_nanosecond, nanosecond());
    | ------------------------------------------------------------- in this macro invocation
    |
    = note: import resolution is stuck, try simplifying macro imports
    = note: this error originates in a macro (in Nightly builds, run with -Z macro-backtrace for more info)

error: cannot determine resolution for the macro `quickcheck`
   --> tests/integration/quickcheck.rs:10:9
    |
10  |           quickcheck! {
    |           ^^^^^^^^^^
...
102 | / test_shrink!(
103 | |     PrimitiveDateTime,
104 | |     primitive_date_time_can_shrink_year,
105 | |     year()
106 | | );
    | |__- in this macro invocation
    |
    = note: import resolution is stuck, try simplifying macro imports
    = note: this error originates in a macro (in Nightly builds, run with -Z macro-backtrace for more info)

error: cannot determine resolution for the macro `quickcheck`
   --> tests/integration/quickcheck.rs:10:9
    |
10  |           quickcheck! {
    |           ^^^^^^^^^^
...
107 | / test_shrink!(
108 | |     PrimitiveDateTime,
109 | |     primitive_date_time_can_shrink_ordinal,
110 | |     ordinal(),
111 | |     min = 1
112 | | );
    | |__- in this macro invocation
    |
    = note: import resolution is stuck, try simplifying macro imports
    = note: this error originates in a macro (in Nightly builds, run with -Z macro-backtrace for more info)

error: cannot determine resolution for the macro `quickcheck`
   --> tests/integration/quickcheck.rs:10:9
    |
10  |           quickcheck! {
    |           ^^^^^^^^^^
...
113 | / test_shrink!(
114 | |     PrimitiveDateTime,
115 | |     primitive_date_time_can_shrink_hour,
116 | |     hour()
117 | | );
    | |__- in this macro invocation
    |
    = note: import resolution is stuck, try simplifying macro imports
    = note: this error originates in a macro (in Nightly builds, run with -Z macro-backtrace for more info)

error: cannot determine resolution for the macro `quickcheck`
   --> tests/integration/quickcheck.rs:10:9
    |
10  |           quickcheck! {
    |           ^^^^^^^^^^
...
118 | / test_shrink!(
119 | |     PrimitiveDateTime,
120 | |     primitive_date_time_can_shrink_minute,
121 | |     minute()
122 | | );
    | |__- in this macro invocation
    |
    = note: import resolution is stuck, try simplifying macro imports
    = note: this error originates in a macro (in Nightly builds, run with -Z macro-backtrace for more info)

error: cannot determine resolution for the macro `quickcheck`
   --> tests/integration/quickcheck.rs:10:9
    |
10  |           quickcheck! {
    |           ^^^^^^^^^^
...
123 | / test_shrink!(
124 | |     PrimitiveDateTime,
125 | |     primitive_date_time_can_shrink_second,
126 | |     second()
127 | | );
    | |__- in this macro invocation
    |
    = note: import resolution is stuck, try simplifying macro imports
    = note: this error originates in a macro (in Nightly builds, run with -Z macro-backtrace for more info)

error: cannot determine resolution for the macro `quickcheck`
   --> tests/integration/quickcheck.rs:10:9
    |
10  |           quickcheck! {
    |           ^^^^^^^^^^
...
128 | / test_shrink!(
129 | |     PrimitiveDateTime,
130 | |     primitive_date_time_can_shrink_nanosecond,
131 | |     nanosecond()
132 | | );
    | |__- in this macro invocation
    |
    = note: import resolution is stuck, try simplifying macro imports
    = note: this error originates in a macro (in Nightly builds, run with -Z macro-backtrace for more info)

error: cannot determine resolution for the macro `quickcheck`
   --> tests/integration/quickcheck.rs:10:9
    |
10  |         quickcheck! {
    |         ^^^^^^^^^^
...
134 | test_shrink!(UtcOffset, utc_offset_can_shrink, whole_seconds());
    | ---------------------------------------------------------------- in this macro invocation
    |
    = note: import resolution is stuck, try simplifying macro imports
    = note: this error originates in a macro (in Nightly builds, run with -Z macro-backtrace for more info)

error: cannot determine resolution for the macro `quickcheck`
   --> tests/integration/quickcheck.rs:10:9
    |
10  |           quickcheck! {
    |           ^^^^^^^^^^
...
136 | / test_shrink!(
137 | |     OffsetDateTime,
138 | |     offset_date_time_can_shrink_offset,
139 | |     offset().whole_seconds()
140 | | );
    | |__- in this macro invocation
    |
    = note: import resolution is stuck, try simplifying macro imports
    = note: this error originates in a macro (in Nightly builds, run with -Z macro-backtrace for more info)

error: cannot determine resolution for the macro `quickcheck`
   --> tests/integration/quickcheck.rs:10:9
    |
10  |         quickcheck! {
    |         ^^^^^^^^^^
...
141 | test_shrink!(OffsetDateTime, offset_date_time_can_shrink_year, year());
    | ----------------------------------------------------------------------- in this macro invocation
    |
    = note: import resolution is stuck, try simplifying macro imports
    = note: this error originates in a macro (in Nightly builds, run with -Z macro-backtrace for more info)

error: cannot determine resolution for the macro `quickcheck`
   --> tests/integration/quickcheck.rs:10:9
    |
10  |           quickcheck! {
    |           ^^^^^^^^^^
...
142 | / test_shrink!(
143 | |     OffsetDateTime,
144 | |     offset_date_time_can_shrink_ordinal,
145 | |     ordinal(),
146 | |     min = 1
147 | | );
    | |__- in this macro invocation
    |
    = note: import resolution is stuck, try simplifying macro imports
    = note: this error originates in a macro (in Nightly builds, run with -Z macro-backtrace for more info)

error: cannot determine resolution for the macro `quickcheck`
   --> tests/integration/quickcheck.rs:10:9
    |
10  |         quickcheck! {
    |         ^^^^^^^^^^
...
148 | test_shrink!(OffsetDateTime, offset_date_time_can_shrink_hour, hour());
    | ----------------------------------------------------------------------- in this macro invocation
    |
    = note: import resolution is stuck, try simplifying macro imports
    = note: this error originates in a macro (in Nightly builds, run with -Z macro-backtrace for more info)

error: cannot determine resolution for the macro `quickcheck`
   --> tests/integration/quickcheck.rs:10:9
    |
10  |         quickcheck! {
    |         ^^^^^^^^^^
...
149 | test_shrink!(OffsetDateTime, offset_date_time_can_shrink_minute, minute());
    | --------------------------------------------------------------------------- in this macro invocation
    |
    = note: import resolution is stuck, try simplifying macro imports
    = note: this error originates in a macro (in Nightly builds, run with -Z macro-backtrace for more info)

error: cannot determine resolution for the macro `quickcheck`
   --> tests/integration/quickcheck.rs:10:9
    |
10  |         quickcheck! {
    |         ^^^^^^^^^^
...
150 | test_shrink!(OffsetDateTime, offset_date_time_can_shrink_second, second());
    | --------------------------------------------------------------------------- in this macro invocation
    |
    = note: import resolution is stuck, try simplifying macro imports
    = note: this error originates in a macro (in Nightly builds, run with -Z macro-backtrace for more info)

error: cannot determine resolution for the macro `quickcheck`
   --> tests/integration/quickcheck.rs:10:9
    |
10  |           quickcheck! {
    |           ^^^^^^^^^^
...
151 | / test_shrink!(
152 | |     OffsetDateTime,
153 | |     offset_date_time_can_shrink_nanosecond,
154 | |     nanosecond()
155 | | );
    | |__- in this macro invocation
    |
    = note: import resolution is stuck, try simplifying macro imports
    = note: this error originates in a macro (in Nightly builds, run with -Z macro-backtrace for more info)

error: cannot determine resolution for the macro `time`
  --> tests/integration/serde.rs:19:10
   |
19 |         &time!("23:58:59.123_456_789").compact(),
   |          ^^^^
   |
   = note: import resolution is stuck, try simplifying macro imports

error: cannot determine resolution for the macro `time`
  --> tests/integration/serde.rs:46:10
   |
46 |         &time!("23:58:59.123_456_789").readable(),
   |          ^^^^
   |
   = note: import resolution is stuck, try simplifying macro imports

error: cannot find macro `date` in this scope
  --> tests/integration/serde.rs:70:10
   |
70 |         &date!("-9999-001").compact(),
   |          ^^^^

error: cannot find macro `date` in this scope
  --> tests/integration/serde.rs:79:10
   |
79 |         &date!("+9999-365").compact(),
   |          ^^^^

error: cannot find macro `date` in this scope
  --> tests/integration/serde.rs:89:10
   |
89 |         &date!("-9999-001").readable(),
   |          ^^^^

error: cannot find macro `date` in this scope
  --> tests/integration/serde.rs:93:10
   |
93 |         &date!("+9999-365").readable(),
   |          ^^^^

error: cannot find macro `datetime` in this scope
   --> tests/integration/serde.rs:101:10
    |
101 |         &datetime!("-9999-001 0:00").compact(),
    |          ^^^^^^^^

error: cannot find macro `datetime` in this scope
   --> tests/integration/serde.rs:114:10
    |
114 |         &datetime!("+9999-365 23:58:59.123_456_789").compact(),
    |          ^^^^^^^^

error: cannot find macro `datetime` in this scope
   --> tests/integration/serde.rs:128:10
    |
128 |         &datetime!("-9999-001 0:00").readable(),
    |          ^^^^^^^^

error: cannot find macro `datetime` in this scope
   --> tests/integration/serde.rs:132:10
    |
132 |         &datetime!("+9999-365 23:58:59.123_456_789").readable(),
    |          ^^^^^^^^

error: cannot find macro `datetime` in this scope
   --> tests/integration/serde.rs:140:10
    |
140 |         &datetime!("-9999-001 0:00 UTC")
    |          ^^^^^^^^

error: cannot find macro `offset` in this scope
   --> tests/integration/serde.rs:141:24
    |
141 |             .to_offset(offset!("+23:58:59"))
    |                        ^^^^^^

error: cannot find macro `datetime` in this scope
   --> tests/integration/serde.rs:158:10
    |
158 |         &datetime!("+9999-365 23:58:59.123_456_789 UTC")
    |          ^^^^^^^^

error: cannot find macro `offset` in this scope
   --> tests/integration/serde.rs:159:24
    |
159 |             .to_offset(offset!("-23:58:59"))
    |                        ^^^^^^

error: cannot find macro `datetime` in this scope
   --> tests/integration/serde.rs:177:10
    |
177 |         &datetime!("-9999-001 0:00 UTC")
    |          ^^^^^^^^

error: cannot find macro `offset` in this scope
   --> tests/integration/serde.rs:178:24
    |
178 |             .to_offset(offset!("+23:58:59"))
    |                        ^^^^^^

error: cannot find macro `datetime` in this scope
   --> tests/integration/serde.rs:183:10
    |
183 |         &datetime!("+9999-365 23:58:59.123_456_789 UTC")
    |          ^^^^^^^^

error: cannot find macro `offset` in this scope
   --> tests/integration/serde.rs:184:24
    |
184 |             .to_offset(offset!("-23:58:59"))
    |                        ^^^^^^

error: cannot find macro `offset` in this scope
   --> tests/integration/serde.rs:195:10
    |
195 |         &offset!("-23:58:59").compact(),
    |          ^^^^^^

error: cannot find macro `offset` in this scope
   --> tests/integration/serde.rs:205:10
    |
205 |         &offset!("+23:58:59").compact(),
    |          ^^^^^^

error: cannot find macro `offset` in this scope
   --> tests/integration/serde.rs:216:10
    |
216 |         &offset!("-23:58:59").readable(),
    |          ^^^^^^

error: cannot find macro `offset` in this scope
   --> tests/integration/serde.rs:220:10
    |
220 |         &offset!("+23:58:59").readable(),
    |          ^^^^^^

error: cannot determine resolution for the macro `time`
  --> tests/integration/time.rs:68:16
   |
68 |     assert_eq!(time!("1:02:03").as_hms(), (1, 2, 3));
   |                ^^^^
   |
   = note: import resolution is stuck, try simplifying macro imports

error: cannot determine resolution for the macro `time`
  --> tests/integration/time.rs:73:16
   |
73 |     assert_eq!(time!("1:02:03.004").as_hms_milli(), (1, 2, 3, 4));
   |                ^^^^
   |
   = note: import resolution is stuck, try simplifying macro imports

error: cannot determine resolution for the macro `time`
  --> tests/integration/time.rs:78:16
   |
78 |     assert_eq!(time!("1:02:03.004_005").as_hms_micro(), (1, 2, 3, 4_005));
   |                ^^^^
   |
   = note: import resolution is stuck, try simplifying macro imports

error: cannot determine resolution for the macro `time`
  --> tests/integration/time.rs:84:9
   |
84 |         time!("1:02:03.004_005_006").as_hms_nano(),
   |         ^^^^
   |
   = note: import resolution is stuck, try simplifying macro imports

error: cannot determine resolution for the macro `time`
   --> tests/integration/time.rs:151:16
    |
151 |     assert_eq!(time!("0:00") + 1.seconds(), time!("0:00:01"));
    |                ^^^^
    |
    = note: import resolution is stuck, try simplifying macro imports

error: cannot determine resolution for the macro `time`
   --> tests/integration/time.rs:151:45
    |
151 |     assert_eq!(time!("0:00") + 1.seconds(), time!("0:00:01"));
    |                                             ^^^^
    |
    = note: import resolution is stuck, try simplifying macro imports

error: cannot determine resolution for the macro `time`
   --> tests/integration/time.rs:152:16
    |
152 |     assert_eq!(time!("0:00") + 1.minutes(), time!("0:01"));
    |                ^^^^
    |
    = note: import resolution is stuck, try simplifying macro imports

error: cannot determine resolution for the macro `time`
   --> tests/integration/time.rs:152:45
    |
152 |     assert_eq!(time!("0:00") + 1.minutes(), time!("0:01"));
    |                                             ^^^^
    |
    = note: import resolution is stuck, try simplifying macro imports

error: cannot determine resolution for the macro `time`
   --> tests/integration/time.rs:153:16
    |
153 |     assert_eq!(time!("0:00") + 1.hours(), time!("1:00"));
    |                ^^^^
    |
    = note: import resolution is stuck, try simplifying macro imports

error: cannot determine resolution for the macro `time`
   --> tests/integration/time.rs:153:43
    |
153 |     assert_eq!(time!("0:00") + 1.hours(), time!("1:00"));
    |                                           ^^^^
    |
    = note: import resolution is stuck, try simplifying macro imports

error: cannot determine resolution for the macro `time`
   --> tests/integration/time.rs:154:16
    |
154 |     assert_eq!(time!("0:00") + 1.days(), time!("0:00"));
    |                ^^^^
    |
    = note: import resolution is stuck, try simplifying macro imports

error: cannot determine resolution for the macro `time`
   --> tests/integration/time.rs:154:42
    |
154 |     assert_eq!(time!("0:00") + 1.days(), time!("0:00"));
    |                                          ^^^^
    |
    = note: import resolution is stuck, try simplifying macro imports

error: cannot determine resolution for the macro `time`
   --> tests/integration/time.rs:159:20
    |
159 |     let mut time = time!("0:00");
    |                    ^^^^
    |
    = note: import resolution is stuck, try simplifying macro imports

error: cannot determine resolution for the macro `time`
   --> tests/integration/time.rs:162:22
    |
162 |     assert_eq!(time, time!("0:00:01"));
    |                      ^^^^
    |
    = note: import resolution is stuck, try simplifying macro imports

error: cannot determine resolution for the macro `time`
   --> tests/integration/time.rs:165:22
    |
165 |     assert_eq!(time, time!("0:01:01"));
    |                      ^^^^
    |
    = note: import resolution is stuck, try simplifying macro imports

error: cannot determine resolution for the macro `time`
   --> tests/integration/time.rs:168:22
    |
168 |     assert_eq!(time, time!("1:01:01"));
    |                      ^^^^
    |
    = note: import resolution is stuck, try simplifying macro imports

error: cannot determine resolution for the macro `time`
   --> tests/integration/time.rs:171:22
    |
171 |     assert_eq!(time, time!("1:01:01"));
    |                      ^^^^
    |
    = note: import resolution is stuck, try simplifying macro imports

error: cannot determine resolution for the macro `time`
   --> tests/integration/time.rs:176:16
    |
176 |     assert_eq!(time!("12:00") - 1.hours(), time!("11:00"));
    |                ^^^^
    |
    = note: import resolution is stuck, try simplifying macro imports

error: cannot determine resolution for the macro `time`
   --> tests/integration/time.rs:176:44
    |
176 |     assert_eq!(time!("12:00") - 1.hours(), time!("11:00"));
    |                                            ^^^^
    |
    = note: import resolution is stuck, try simplifying macro imports

error: cannot determine resolution for the macro `time`
   --> tests/integration/time.rs:179:16
    |
179 |     assert_eq!(time!("0:00") - 1.seconds(), time!("23:59:59"));
    |                ^^^^
    |
    = note: import resolution is stuck, try simplifying macro imports

error: cannot determine resolution for the macro `time`
   --> tests/integration/time.rs:179:45
    |
179 |     assert_eq!(time!("0:00") - 1.seconds(), time!("23:59:59"));
    |                                             ^^^^
    |
    = note: import resolution is stuck, try simplifying macro imports

error: cannot determine resolution for the macro `time`
   --> tests/integration/time.rs:180:16
    |
180 |     assert_eq!(time!("0:00") - 1.minutes(), time!("23:59"));
    |                ^^^^
    |
    = note: import resolution is stuck, try simplifying macro imports

error: cannot determine resolution for the macro `time`
   --> tests/integration/time.rs:180:45
    |
180 |     assert_eq!(time!("0:00") - 1.minutes(), time!("23:59"));
    |                                             ^^^^
    |
    = note: import resolution is stuck, try simplifying macro imports

error: cannot determine resolution for the macro `time`
   --> tests/integration/time.rs:181:16
    |
181 |     assert_eq!(time!("0:00") - 1.hours(), time!("23:00"));
    |                ^^^^
    |
    = note: import resolution is stuck, try simplifying macro imports

error: cannot determine resolution for the macro `time`
   --> tests/integration/time.rs:181:43
    |
181 |     assert_eq!(time!("0:00") - 1.hours(), time!("23:00"));
    |                                           ^^^^
    |
    = note: import resolution is stuck, try simplifying macro imports

error: cannot determine resolution for the macro `time`
   --> tests/integration/time.rs:182:16
    |
182 |     assert_eq!(time!("0:00") - 1.days(), time!("0:00"));
    |                ^^^^
    |
    = note: import resolution is stuck, try simplifying macro imports

error: cannot determine resolution for the macro `time`
   --> tests/integration/time.rs:182:42
    |
182 |     assert_eq!(time!("0:00") - 1.days(), time!("0:00"));
    |                                          ^^^^
    |
    = note: import resolution is stuck, try simplifying macro imports

error: cannot determine resolution for the macro `time`
   --> tests/integration/time.rs:187:20
    |
187 |     let mut time = time!("0:00");
    |                    ^^^^
    |
    = note: import resolution is stuck, try simplifying macro imports

error: cannot determine resolution for the macro `time`
   --> tests/integration/time.rs:190:22
    |
190 |     assert_eq!(time, time!("23:59:59"));
    |                      ^^^^
    |
    = note: import resolution is stuck, try simplifying macro imports

error: cannot determine resolution for the macro `time`
   --> tests/integration/time.rs:193:22
    |
193 |     assert_eq!(time, time!("23:58:59"));
    |                      ^^^^
    |
    = note: import resolution is stuck, try simplifying macro imports

error: cannot determine resolution for the macro `time`
   --> tests/integration/time.rs:196:22
    |
196 |     assert_eq!(time, time!("22:58:59"));
    |                      ^^^^
    |
    = note: import resolution is stuck, try simplifying macro imports

error: cannot determine resolution for the macro `time`
   --> tests/integration/time.rs:199:22
    |
199 |     assert_eq!(time, time!("22:58:59"));
    |                      ^^^^
    |
    = note: import resolution is stuck, try simplifying macro imports

error: cannot determine resolution for the macro `time`
   --> tests/integration/time.rs:204:16
    |
204 |     assert_eq!(time!("0:00") + 1.std_milliseconds(), time!("0:00:00.001"));
    |                ^^^^
    |
    = note: import resolution is stuck, try simplifying macro imports

error: cannot determine resolution for the macro `time`
   --> tests/integration/time.rs:204:54
    |
204 |     assert_eq!(time!("0:00") + 1.std_milliseconds(), time!("0:00:00.001"));
    |                                                      ^^^^
    |
    = note: import resolution is stuck, try simplifying macro imports

error: cannot determine resolution for the macro `time`
   --> tests/integration/time.rs:205:16
    |
205 |     assert_eq!(time!("0:00") + 1.std_seconds(), time!("0:00:01"));
    |                ^^^^
    |
    = note: import resolution is stuck, try simplifying macro imports

error: cannot determine resolution for the macro `time`
   --> tests/integration/time.rs:205:49
    |
205 |     assert_eq!(time!("0:00") + 1.std_seconds(), time!("0:00:01"));
    |                                                 ^^^^
    |
    = note: import resolution is stuck, try simplifying macro imports

error: cannot determine resolution for the macro `time`
   --> tests/integration/time.rs:206:16
    |
206 |     assert_eq!(time!("0:00") + 1.std_minutes(), time!("0:01"));
    |                ^^^^
    |
    = note: import resolution is stuck, try simplifying macro imports

error: cannot determine resolution for the macro `time`
   --> tests/integration/time.rs:206:49
    |
206 |     assert_eq!(time!("0:00") + 1.std_minutes(), time!("0:01"));
    |                                                 ^^^^
    |
    = note: import resolution is stuck, try simplifying macro imports

error: cannot determine resolution for the macro `time`
   --> tests/integration/time.rs:207:16
    |
207 |     assert_eq!(time!("0:00") + 1.std_hours(), time!("1:00"));
    |                ^^^^
    |
    = note: import resolution is stuck, try simplifying macro imports

error: cannot determine resolution for the macro `time`
   --> tests/integration/time.rs:207:47
    |
207 |     assert_eq!(time!("0:00") + 1.std_hours(), time!("1:00"));
    |                                               ^^^^
    |
    = note: import resolution is stuck, try simplifying macro imports

error: cannot determine resolution for the macro `time`
   --> tests/integration/time.rs:208:16
    |
208 |     assert_eq!(time!("0:00") + 1.std_days(), time!("0:00"));
    |                ^^^^
    |
    = note: import resolution is stuck, try simplifying macro imports

error: cannot determine resolution for the macro `time`
   --> tests/integration/time.rs:208:46
    |
208 |     assert_eq!(time!("0:00") + 1.std_days(), time!("0:00"));
    |                                              ^^^^
    |
    = note: import resolution is stuck, try simplifying macro imports

error: cannot determine resolution for the macro `time`
   --> tests/integration/time.rs:213:20
    |
213 |     let mut time = time!("0:00");
    |                    ^^^^
    |
    = note: import resolution is stuck, try simplifying macro imports

error: cannot determine resolution for the macro `time`
   --> tests/integration/time.rs:216:22
    |
216 |     assert_eq!(time, time!("0:00:01"));
    |                      ^^^^
    |
    = note: import resolution is stuck, try simplifying macro imports

error: cannot determine resolution for the macro `time`
   --> tests/integration/time.rs:219:22
    |
219 |     assert_eq!(time, time!("0:01:01"));
    |                      ^^^^
    |
    = note: import resolution is stuck, try simplifying macro imports

error: cannot determine resolution for the macro `time`
   --> tests/integration/time.rs:222:22
    |
222 |     assert_eq!(time, time!("1:01:01"));
    |                      ^^^^
    |
    = note: import resolution is stuck, try simplifying macro imports

error: cannot determine resolution for the macro `time`
   --> tests/integration/time.rs:225:22
    |
225 |     assert_eq!(time, time!("1:01:01"));
    |                      ^^^^
    |
    = note: import resolution is stuck, try simplifying macro imports

error: cannot determine resolution for the macro `time`
   --> tests/integration/time.rs:230:16
    |
230 |     assert_eq!(time!("12:00") - 1.std_hours(), time!("11:00"));
    |                ^^^^
    |
    = note: import resolution is stuck, try simplifying macro imports

error: cannot determine resolution for the macro `time`
   --> tests/integration/time.rs:230:48
    |
230 |     assert_eq!(time!("12:00") - 1.std_hours(), time!("11:00"));
    |                                                ^^^^
    |
    = note: import resolution is stuck, try simplifying macro imports

error: cannot determine resolution for the macro `time`
   --> tests/integration/time.rs:233:16
    |
233 |     assert_eq!(time!("0:00") - 1.std_milliseconds(), time!("23:59:59.999"));
    |                ^^^^
    |
    = note: import resolution is stuck, try simplifying macro imports

error: cannot determine resolution for the macro `time`
   --> tests/integration/time.rs:233:54
    |
233 |     assert_eq!(time!("0:00") - 1.std_milliseconds(), time!("23:59:59.999"));
    |                                                      ^^^^
    |
    = note: import resolution is stuck, try simplifying macro imports

error: cannot determine resolution for the macro `time`
   --> tests/integration/time.rs:234:16
    |
234 |     assert_eq!(time!("0:00") - 1.std_seconds(), time!("23:59:59"));
    |                ^^^^
    |
    = note: import resolution is stuck, try simplifying macro imports

error: cannot determine resolution for the macro `time`
   --> tests/integration/time.rs:234:49
    |
234 |     assert_eq!(time!("0:00") - 1.std_seconds(), time!("23:59:59"));
    |                                                 ^^^^
    |
    = note: import resolution is stuck, try simplifying macro imports

error: cannot determine resolution for the macro `time`
   --> tests/integration/time.rs:235:16
    |
235 |     assert_eq!(time!("0:00") - 1.std_minutes(), time!("23:59"));
    |                ^^^^
    |
    = note: import resolution is stuck, try simplifying macro imports

error: cannot determine resolution for the macro `time`
   --> tests/integration/time.rs:235:49
    |
235 |     assert_eq!(time!("0:00") - 1.std_minutes(), time!("23:59"));
    |                                                 ^^^^
    |
    = note: import resolution is stuck, try simplifying macro imports

error: cannot determine resolution for the macro `time`
   --> tests/integration/time.rs:236:16
    |
236 |     assert_eq!(time!("0:00") - 1.std_hours(), time!("23:00"));
    |                ^^^^
    |
    = note: import resolution is stuck, try simplifying macro imports

error: cannot determine resolution for the macro `time`
   --> tests/integration/time.rs:236:47
    |
236 |     assert_eq!(time!("0:00") - 1.std_hours(), time!("23:00"));
    |                                               ^^^^
    |
    = note: import resolution is stuck, try simplifying macro imports

error: cannot determine resolution for the macro `time`
   --> tests/integration/time.rs:237:16
    |
237 |     assert_eq!(time!("0:00") - 1.std_days(), time!("0:00"));
    |                ^^^^
    |
    = note: import resolution is stuck, try simplifying macro imports

error: cannot determine resolution for the macro `time`
   --> tests/integration/time.rs:237:46
    |
237 |     assert_eq!(time!("0:00") - 1.std_days(), time!("0:00"));
    |                                              ^^^^
    |
    = note: import resolution is stuck, try simplifying macro imports

error: cannot determine resolution for the macro `time`
   --> tests/integration/time.rs:242:20
    |
242 |     let mut time = time!("0:00");
    |                    ^^^^
    |
    = note: import resolution is stuck, try simplifying macro imports

error: cannot determine resolution for the macro `time`
   --> tests/integration/time.rs:245:22
    |
245 |     assert_eq!(time, time!("23:59:59"));
    |                      ^^^^
    |
    = note: import resolution is stuck, try simplifying macro imports

error: cannot determine resolution for the macro `time`
   --> tests/integration/time.rs:248:22
    |
248 |     assert_eq!(time, time!("23:58:59"));
    |                      ^^^^
    |
    = note: import resolution is stuck, try simplifying macro imports

error: cannot determine resolution for the macro `time`
   --> tests/integration/time.rs:251:22
    |
251 |     assert_eq!(time, time!("22:58:59"));
    |                      ^^^^
    |
    = note: import resolution is stuck, try simplifying macro imports

error: cannot determine resolution for the macro `time`
   --> tests/integration/time.rs:254:22
    |
254 |     assert_eq!(time, time!("22:58:59"));
    |                      ^^^^
    |
    = note: import resolution is stuck, try simplifying macro imports

error: cannot determine resolution for the macro `time`
   --> tests/integration/time.rs:259:16
    |
259 |     assert_eq!(time!("0:00") - time!("0:00"), 0.seconds());
    |                ^^^^
    |
    = note: import resolution is stuck, try simplifying macro imports

error: cannot determine resolution for the macro `time`
   --> tests/integration/time.rs:259:32
    |
259 |     assert_eq!(time!("0:00") - time!("0:00"), 0.seconds());
    |                                ^^^^
    |
    = note: import resolution is stuck, try simplifying macro imports

error: cannot determine resolution for the macro `time`
   --> tests/integration/time.rs:260:16
    |
260 |     assert_eq!(time!("1:00") - time!("0:00"), 1.hours());
    |                ^^^^
    |
    = note: import resolution is stuck, try simplifying macro imports

error: cannot determine resolution for the macro `time`
   --> tests/integration/time.rs:260:32
    |
260 |     assert_eq!(time!("1:00") - time!("0:00"), 1.hours());
    |                                ^^^^
    |
    = note: import resolution is stuck, try simplifying macro imports

error: cannot determine resolution for the macro `time`
   --> tests/integration/time.rs:262:9
    |
262 |         time!("1:00") - time!("0:00:01"),
    |         ^^^^
    |
    = note: import resolution is stuck, try simplifying macro imports

error: cannot determine resolution for the macro `time`
   --> tests/integration/time.rs:262:25
    |
262 |         time!("1:00") - time!("0:00:01"),
    |                         ^^^^
    |
    = note: import resolution is stuck, try simplifying macro imports

error: cannot determine resolution for the macro `time`
   --> tests/integration/time.rs:269:13
    |
269 |     assert!(time!("0:00") < time!("0:00:00.000_000_001"));
    |             ^^^^
    |
    = note: import resolution is stuck, try simplifying macro imports

error: cannot determine resolution for the macro `time`
   --> tests/integration/time.rs:269:29
    |
269 |     assert!(time!("0:00") < time!("0:00:00.000_000_001"));
    |                             ^^^^
    |
    = note: import resolution is stuck, try simplifying macro imports

error: cannot determine resolution for the macro `time`
   --> tests/integration/time.rs:270:13
    |
270 |     assert!(time!("0:00") < time!("0:00:01"));
    |             ^^^^
    |
    = note: import resolution is stuck, try simplifying macro imports

error: cannot determine resolution for the macro `time`
   --> tests/integration/time.rs:270:29
    |
270 |     assert!(time!("0:00") < time!("0:00:01"));
    |                             ^^^^
    |
    = note: import resolution is stuck, try simplifying macro imports

error: cannot determine resolution for the macro `time`
   --> tests/integration/time.rs:271:13
    |
271 |     assert!(time!("12:00") > time!("11:00"));
    |             ^^^^
    |
    = note: import resolution is stuck, try simplifying macro imports

error: cannot determine resolution for the macro `time`
   --> tests/integration/time.rs:271:30
    |
271 |     assert!(time!("12:00") > time!("11:00"));
    |                              ^^^^
    |
    = note: import resolution is stuck, try simplifying macro imports

error: cannot determine resolution for the macro `time`
   --> tests/integration/time.rs:272:16
    |
272 |     assert_eq!(time!("0:00"), time!("0:00"));
    |                ^^^^
    |
    = note: import resolution is stuck, try simplifying macro imports

error: cannot determine resolution for the macro `time`
   --> tests/integration/time.rs:272:31
    |
272 |     assert_eq!(time!("0:00"), time!("0:00"));
    |                               ^^^^
    |
    = note: import resolution is stuck, try simplifying macro imports

error: cannot determine resolution for the macro `offset`
 --> tests/integration/utc_offset.rs:6:16
  |
6 |     assert_eq!(offset!("UTC"), offset!("+0"));
  |                ^^^^^^
  |
  = note: import resolution is stuck, try simplifying macro imports

error: cannot determine resolution for the macro `offset`
 --> tests/integration/utc_offset.rs:6:32
  |
6 |     assert_eq!(offset!("UTC"), offset!("+0"));
  |                                ^^^^^^
  |
  = note: import resolution is stuck, try simplifying macro imports

error: cannot determine resolution for the macro `offset`
  --> tests/integration/utc_offset.rs:11:49
   |
11 |     assert_eq!(UtcOffset::from_hms(0, 0, 0), Ok(offset!("UTC")));
   |                                                 ^^^^^^
   |
   = note: import resolution is stuck, try simplifying macro imports

error: cannot determine resolution for the macro `offset`
  --> tests/integration/utc_offset.rs:12:49
   |
12 |     assert_eq!(UtcOffset::from_hms(0, 0, 1), Ok(offset!("+0:00:01")));
   |                                                 ^^^^^^
   |
   = note: import resolution is stuck, try simplifying macro imports

error: cannot determine resolution for the macro `offset`
  --> tests/integration/utc_offset.rs:13:50
   |
13 |     assert_eq!(UtcOffset::from_hms(0, 0, -1), Ok(offset!("-0:00:01")));
   |                                                  ^^^^^^
   |
   = note: import resolution is stuck, try simplifying macro imports

error: cannot determine resolution for the macro `offset`
  --> tests/integration/utc_offset.rs:14:49
   |
14 |     assert_eq!(UtcOffset::from_hms(1, 0, 0), Ok(offset!("+1")));
   |                                                 ^^^^^^
   |
   = note: import resolution is stuck, try simplifying macro imports

error: cannot determine resolution for the macro `offset`
  --> tests/integration/utc_offset.rs:15:50
   |
15 |     assert_eq!(UtcOffset::from_hms(-1, 0, 0), Ok(offset!("-1")));
   |                                                  ^^^^^^
   |
   = note: import resolution is stuck, try simplifying macro imports

error: cannot determine resolution for the macro `offset`
  --> tests/integration/utc_offset.rs:16:51
   |
16 |     assert_eq!(UtcOffset::from_hms(23, 59, 0), Ok(offset!("+23:59")));
   |                                                   ^^^^^^
   |
   = note: import resolution is stuck, try simplifying macro imports

error: cannot determine resolution for the macro `offset`
  --> tests/integration/utc_offset.rs:17:53
   |
17 |     assert_eq!(UtcOffset::from_hms(-23, -59, 0), Ok(offset!("-23:59")));
   |                                                     ^^^^^^
   |
   = note: import resolution is stuck, try simplifying macro imports

error: cannot determine resolution for the macro `offset`
  --> tests/integration/utc_offset.rs:18:52
   |
18 |     assert_eq!(UtcOffset::from_hms(23, 59, 59), Ok(offset!("+23:59:59")));
   |                                                    ^^^^^^
   |
   = note: import resolution is stuck, try simplifying macro imports

error: cannot determine resolution for the macro `offset`
  --> tests/integration/utc_offset.rs:19:55
   |
19 |     assert_eq!(UtcOffset::from_hms(-23, -59, -59), Ok(offset!("-23:59:59")));
   |                                                       ^^^^^^
   |
   = note: import resolution is stuck, try simplifying macro imports

error: cannot determine resolution for the macro `offset`
  --> tests/integration/utc_offset.rs:28:16
   |
28 |     assert_eq!(offset!("UTC").as_hms(), (0, 0, 0));
   |                ^^^^^^
   |
   = note: import resolution is stuck, try simplifying macro imports

error: cannot determine resolution for the macro `offset`
  --> tests/integration/utc_offset.rs:29:16
   |
29 |     assert_eq!(offset!("+0:00:01").as_hms(), (0, 0, 1));
   |                ^^^^^^
   |
   = note: import resolution is stuck, try simplifying macro imports

error: cannot determine resolution for the macro `offset`
  --> tests/integration/utc_offset.rs:30:16
   |
30 |     assert_eq!(offset!("-0:00:01").as_hms(), (0, 0, -1));
   |                ^^^^^^
   |
   = note: import resolution is stuck, try simplifying macro imports

error: cannot determine resolution for the macro `offset`
  --> tests/integration/utc_offset.rs:31:16
   |
31 |     assert_eq!(offset!("+1").as_hms(), (1, 0, 0));
   |                ^^^^^^
   |
   = note: import resolution is stuck, try simplifying macro imports

error: cannot determine resolution for the macro `offset`
  --> tests/integration/utc_offset.rs:32:16
   |
32 |     assert_eq!(offset!("-1").as_hms(), (-1, 0, 0));
   |                ^^^^^^
   |
   = note: import resolution is stuck, try simplifying macro imports

error: cannot determine resolution for the macro `offset`
  --> tests/integration/utc_offset.rs:33:16
   |
33 |     assert_eq!(offset!("+23:59").as_hms(), (23, 59, 0));
   |                ^^^^^^
   |
   = note: import resolution is stuck, try simplifying macro imports

error: cannot determine resolution for the macro `offset`
  --> tests/integration/utc_offset.rs:34:16
   |
34 |     assert_eq!(offset!("-23:59").as_hms(), (-23, -59, 0));
   |                ^^^^^^
   |
   = note: import resolution is stuck, try simplifying macro imports

error: cannot determine resolution for the macro `offset`
  --> tests/integration/utc_offset.rs:35:16
   |
35 |     assert_eq!(offset!("+23:59:59").as_hms(), (23, 59, 59));
   |                ^^^^^^
   |
   = note: import resolution is stuck, try simplifying macro imports

error: cannot determine resolution for the macro `offset`
  --> tests/integration/utc_offset.rs:36:16
   |
36 |     assert_eq!(offset!("-23:59:59").as_hms(), (-23, -59, -59));
   |                ^^^^^^
   |
   = note: import resolution is stuck, try simplifying macro imports

error: cannot determine resolution for the macro `offset`
  --> tests/integration/utc_offset.rs:41:16
   |
41 |     assert_eq!(offset!("+1:02:03").whole_hours(), 1);
   |                ^^^^^^
   |
   = note: import resolution is stuck, try simplifying macro imports

error: cannot determine resolution for the macro `offset`
  --> tests/integration/utc_offset.rs:42:16
   |
42 |     assert_eq!(offset!("-1:02:03").whole_hours(), -1);
   |                ^^^^^^
   |
   = note: import resolution is stuck, try simplifying macro imports

error: cannot determine resolution for the macro `offset`
  --> tests/integration/utc_offset.rs:47:16
   |
47 |     assert_eq!(offset!("+1:02:03").whole_minutes(), 62);
   |                ^^^^^^
   |
   = note: import resolution is stuck, try simplifying macro imports

error: cannot determine resolution for the macro `offset`
  --> tests/integration/utc_offset.rs:48:16
   |
48 |     assert_eq!(offset!("-1:02:03").whole_minutes(), -62);
   |                ^^^^^^
   |
   = note: import resolution is stuck, try simplifying macro imports

error: cannot determine resolution for the macro `offset`
  --> tests/integration/utc_offset.rs:53:16
   |
53 |     assert_eq!(offset!("+1:02:03").minutes_past_hour(), 2);
   |                ^^^^^^
   |
   = note: import resolution is stuck, try simplifying macro imports

error: cannot determine resolution for the macro `offset`
  --> tests/integration/utc_offset.rs:54:16
   |
54 |     assert_eq!(offset!("-1:02:03").minutes_past_hour(), -2);
   |                ^^^^^^
   |
   = note: import resolution is stuck, try simplifying macro imports

error: cannot determine resolution for the macro `offset`
  --> tests/integration/utc_offset.rs:59:16
   |
59 |     assert_eq!(offset!("UTC").whole_seconds(), 0);
   |                ^^^^^^
   |
   = note: import resolution is stuck, try simplifying macro imports

error: cannot determine resolution for the macro `offset`
  --> tests/integration/utc_offset.rs:60:16
   |
60 |     assert_eq!(offset!("+0:00:01").whole_seconds(), 1);
   |                ^^^^^^
   |
   = note: import resolution is stuck, try simplifying macro imports

error: cannot determine resolution for the macro `offset`
  --> tests/integration/utc_offset.rs:61:16
   |
61 |     assert_eq!(offset!("-0:00:01").whole_seconds(), -1);
   |                ^^^^^^
   |
   = note: import resolution is stuck, try simplifying macro imports

error: cannot determine resolution for the macro `offset`
  --> tests/integration/utc_offset.rs:62:16
   |
62 |     assert_eq!(offset!("+1").whole_seconds(), 3_600);
   |                ^^^^^^
   |
   = note: import resolution is stuck, try simplifying macro imports

error: cannot determine resolution for the macro `offset`
  --> tests/integration/utc_offset.rs:63:16
   |
63 |     assert_eq!(offset!("-1").whole_seconds(), -3_600);
   |                ^^^^^^
   |
   = note: import resolution is stuck, try simplifying macro imports

error: cannot determine resolution for the macro `offset`
  --> tests/integration/utc_offset.rs:64:16
   |
64 |     assert_eq!(offset!("+23:59").whole_seconds(), 86_340);
   |                ^^^^^^
   |
   = note: import resolution is stuck, try simplifying macro imports

error: cannot determine resolution for the macro `offset`
  --> tests/integration/utc_offset.rs:65:16
   |
65 |     assert_eq!(offset!("-23:59").whole_seconds(), -86_340);
   |                ^^^^^^
   |
   = note: import resolution is stuck, try simplifying macro imports

error: cannot determine resolution for the macro `offset`
  --> tests/integration/utc_offset.rs:66:16
   |
66 |     assert_eq!(offset!("+23:59:59").whole_seconds(), 86_399);
   |                ^^^^^^
   |
   = note: import resolution is stuck, try simplifying macro imports

error: cannot determine resolution for the macro `offset`
  --> tests/integration/utc_offset.rs:67:16
   |
67 |     assert_eq!(offset!("-23:59:59").whole_seconds(), -86_399);
   |                ^^^^^^
   |
   = note: import resolution is stuck, try simplifying macro imports

error: cannot determine resolution for the macro `offset`
  --> tests/integration/utc_offset.rs:72:16
   |
72 |     assert_eq!(offset!("+1:02:03").seconds_past_minute(), 3);
   |                ^^^^^^
   |
   = note: import resolution is stuck, try simplifying macro imports

error: cannot determine resolution for the macro `offset`
  --> tests/integration/utc_offset.rs:73:16
   |
73 |     assert_eq!(offset!("-1:02:03").seconds_past_minute(), -3);
   |                ^^^^^^
   |
   = note: import resolution is stuck, try simplifying macro imports

error: cannot determine resolution for the macro `offset`
  --> tests/integration/utc_offset.rs:78:13
   |
78 |     assert!(offset!("UTC").is_utc());
   |             ^^^^^^
   |
   = note: import resolution is stuck, try simplifying macro imports

error: cannot determine resolution for the macro `offset`
  --> tests/integration/utc_offset.rs:79:14
   |
79 |     assert!(!offset!("+0:00:01").is_utc());
   |              ^^^^^^
   |
   = note: import resolution is stuck, try simplifying macro imports

error: cannot determine resolution for the macro `offset`
  --> tests/integration/utc_offset.rs:80:14
   |
80 |     assert!(!offset!("-0:00:01").is_utc());
   |              ^^^^^^
   |
   = note: import resolution is stuck, try simplifying macro imports

error: cannot determine resolution for the macro `offset`
  --> tests/integration/utc_offset.rs:81:14
   |
81 |     assert!(!offset!("+1").is_utc());
   |              ^^^^^^
   |
   = note: import resolution is stuck, try simplifying macro imports

error: cannot determine resolution for the macro `offset`
  --> tests/integration/utc_offset.rs:82:14
   |
82 |     assert!(!offset!("-1").is_utc());
   |              ^^^^^^
   |
   = note: import resolution is stuck, try simplifying macro imports

error: cannot determine resolution for the macro `offset`
  --> tests/integration/utc_offset.rs:83:14
   |
83 |     assert!(!offset!("+23:59").is_utc());
   |              ^^^^^^
   |
   = note: import resolution is stuck, try simplifying macro imports

error: cannot determine resolution for the macro `offset`
  --> tests/integration/utc_offset.rs:84:14
   |
84 |     assert!(!offset!("-23:59").is_utc());
   |              ^^^^^^
   |
   = note: import resolution is stuck, try simplifying macro imports

error: cannot determine resolution for the macro `offset`
  --> tests/integration/utc_offset.rs:85:14
   |
85 |     assert!(!offset!("+23:59:59").is_utc());
   |              ^^^^^^
   |
   = note: import resolution is stuck, try simplifying macro imports

error: cannot determine resolution for the macro `offset`
  --> tests/integration/utc_offset.rs:86:14
   |
86 |     assert!(!offset!("-23:59:59").is_utc());
   |              ^^^^^^
   |
   = note: import resolution is stuck, try simplifying macro imports

error: cannot determine resolution for the macro `offset`
  --> tests/integration/utc_offset.rs:91:14
   |
91 |     assert!(!offset!("UTC").is_positive());
   |              ^^^^^^
   |
   = note: import resolution is stuck, try simplifying macro imports

error: cannot determine resolution for the macro `offset`
  --> tests/integration/utc_offset.rs:92:13
   |
92 |     assert!(offset!("+0:00:01").is_positive());
   |             ^^^^^^
   |
   = note: import resolution is stuck, try simplifying macro imports

error: cannot determine resolution for the macro `offset`
  --> tests/integration/utc_offset.rs:93:14
   |
93 |     assert!(!offset!("-0:00:01").is_positive());
   |              ^^^^^^
   |
   = note: import resolution is stuck, try simplifying macro imports

error: cannot determine resolution for the macro `offset`
  --> tests/integration/utc_offset.rs:94:13
   |
94 |     assert!(offset!("+1").is_positive());
   |             ^^^^^^
   |
   = note: import resolution is stuck, try simplifying macro imports

error: cannot determine resolution for the macro `offset`
  --> tests/integration/utc_offset.rs:95:14
   |
95 |     assert!(!offset!("-1").is_positive());
   |              ^^^^^^
   |
   = note: import resolution is stuck, try simplifying macro imports

error: cannot determine resolution for the macro `offset`
  --> tests/integration/utc_offset.rs:96:13
   |
96 |     assert!(offset!("+23:59").is_positive());
   |             ^^^^^^
   |
   = note: import resolution is stuck, try simplifying macro imports

error: cannot determine resolution for the macro `offset`
  --> tests/integration/utc_offset.rs:97:14
   |
97 |     assert!(!offset!("-23:59").is_positive());
   |              ^^^^^^
   |
   = note: import resolution is stuck, try simplifying macro imports

error: cannot determine resolution for the macro `offset`
  --> tests/integration/utc_offset.rs:98:13
   |
98 |     assert!(offset!("+23:59:59").is_positive());
   |             ^^^^^^
   |
   = note: import resolution is stuck, try simplifying macro imports

error: cannot determine resolution for the macro `offset`
  --> tests/integration/utc_offset.rs:99:14
   |
99 |     assert!(!offset!("-23:59:59").is_positive());
   |              ^^^^^^
   |
   = note: import resolution is stuck, try simplifying macro imports

error: cannot determine resolution for the macro `offset`
   --> tests/integration/utc_offset.rs:104:14
    |
104 |     assert!(!offset!("UTC").is_negative());
    |              ^^^^^^
    |
    = note: import resolution is stuck, try simplifying macro imports

error: cannot determine resolution for the macro `offset`
   --> tests/integration/utc_offset.rs:105:14
    |
105 |     assert!(!offset!("+0:00:01").is_negative());
    |              ^^^^^^
    |
    = note: import resolution is stuck, try simplifying macro imports

error: cannot determine resolution for the macro `offset`
   --> tests/integration/utc_offset.rs:106:13
    |
106 |     assert!(offset!("-0:00:01").is_negative());
    |             ^^^^^^
    |
    = note: import resolution is stuck, try simplifying macro imports

error: cannot determine resolution for the macro `offset`
   --> tests/integration/utc_offset.rs:107:14
    |
107 |     assert!(!offset!("+1").is_negative());
    |              ^^^^^^
    |
    = note: import resolution is stuck, try simplifying macro imports

error: cannot determine resolution for the macro `offset`
   --> tests/integration/utc_offset.rs:108:13
    |
108 |     assert!(offset!("-1").is_negative());
    |             ^^^^^^
    |
    = note: import resolution is stuck, try simplifying macro imports

error: cannot determine resolution for the macro `offset`
   --> tests/integration/utc_offset.rs:109:14
    |
109 |     assert!(!offset!("+23:59").is_negative());
    |              ^^^^^^
    |
    = note: import resolution is stuck, try simplifying macro imports

error: cannot determine resolution for the macro `offset`
   --> tests/integration/utc_offset.rs:110:13
    |
110 |     assert!(offset!("-23:59").is_negative());
    |             ^^^^^^
    |
    = note: import resolution is stuck, try simplifying macro imports

error: cannot determine resolution for the macro `offset`
   --> tests/integration/utc_offset.rs:111:14
    |
111 |     assert!(!offset!("+23:59:59").is_negative());
    |              ^^^^^^
    |
    = note: import resolution is stuck, try simplifying macro imports

error: cannot determine resolution for the macro `offset`
   --> tests/integration/utc_offset.rs:112:13
    |
112 |     assert!(offset!("-23:59:59").is_negative());
    |             ^^^^^^
    |
    = note: import resolution is stuck, try simplifying macro imports

error: cannot determine resolution for the macro `offset`
   --> tests/integration/utc_offset.rs:117:17
    |
117 |     assert_eq!(-offset!("UTC"), offset!("UTC"));
    |                 ^^^^^^
    |
    = note: import resolution is stuck, try simplifying macro imports

error: cannot determine resolution for the macro `offset`
   --> tests/integration/utc_offset.rs:117:33
    |
117 |     assert_eq!(-offset!("UTC"), offset!("UTC"));
    |                                 ^^^^^^
    |
    = note: import resolution is stuck, try simplifying macro imports

error: cannot determine resolution for the macro `offset`
   --> tests/integration/utc_offset.rs:118:17
    |
118 |     assert_eq!(-offset!("+0:00:01"), offset!("-0:00:01"));
    |                 ^^^^^^
    |
    = note: import resolution is stuck, try simplifying macro imports

error: cannot determine resolution for the macro `offset`
   --> tests/integration/utc_offset.rs:118:38
    |
118 |     assert_eq!(-offset!("+0:00:01"), offset!("-0:00:01"));
    |                                      ^^^^^^
    |
    = note: import resolution is stuck, try simplifying macro imports

error: cannot determine resolution for the macro `offset`
   --> tests/integration/utc_offset.rs:119:17
    |
119 |     assert_eq!(-offset!("-0:00:01"), offset!("+0:00:01"));
    |                 ^^^^^^
    |
    = note: import resolution is stuck, try simplifying macro imports

error: cannot determine resolution for the macro `offset`
   --> tests/integration/utc_offset.rs:119:38
    |
119 |     assert_eq!(-offset!("-0:00:01"), offset!("+0:00:01"));
    |                                      ^^^^^^
    |
    = note: import resolution is stuck, try simplifying macro imports

error: cannot determine resolution for the macro `offset`
   --> tests/integration/utc_offset.rs:120:17
    |
120 |     assert_eq!(-offset!("+1"), offset!("-1"));
    |                 ^^^^^^
    |
    = note: import resolution is stuck, try simplifying macro imports

error: cannot determine resolution for the macro `offset`
   --> tests/integration/utc_offset.rs:120:32
    |
120 |     assert_eq!(-offset!("+1"), offset!("-1"));
    |                                ^^^^^^
    |
    = note: import resolution is stuck, try simplifying macro imports

error: cannot determine resolution for the macro `offset`
   --> tests/integration/utc_offset.rs:121:17
    |
121 |     assert_eq!(-offset!("-1"), offset!("+1"));
    |                 ^^^^^^
    |
    = note: import resolution is stuck, try simplifying macro imports

error: cannot determine resolution for the macro `offset`
   --> tests/integration/utc_offset.rs:121:32
    |
121 |     assert_eq!(-offset!("-1"), offset!("+1"));
    |                                ^^^^^^
    |
    = note: import resolution is stuck, try simplifying macro imports

error: cannot determine resolution for the macro `offset`
   --> tests/integration/utc_offset.rs:122:17
    |
122 |     assert_eq!(-offset!("+23:59"), offset!("-23:59"));
    |                 ^^^^^^
    |
    = note: import resolution is stuck, try simplifying macro imports

error: cannot determine resolution for the macro `offset`
   --> tests/integration/utc_offset.rs:122:36
    |
122 |     assert_eq!(-offset!("+23:59"), offset!("-23:59"));
    |                                    ^^^^^^
    |
    = note: import resolution is stuck, try simplifying macro imports

error: cannot determine resolution for the macro `offset`
   --> tests/integration/utc_offset.rs:123:17
    |
123 |     assert_eq!(-offset!("-23:59"), offset!("+23:59"));
    |                 ^^^^^^
    |
    = note: import resolution is stuck, try simplifying macro imports

error: cannot determine resolution for the macro `offset`
   --> tests/integration/utc_offset.rs:123:36
    |
123 |     assert_eq!(-offset!("-23:59"), offset!("+23:59"));
    |                                    ^^^^^^
    |
    = note: import resolution is stuck, try simplifying macro imports

error: cannot determine resolution for the macro `offset`
   --> tests/integration/utc_offset.rs:124:17
    |
124 |     assert_eq!(-offset!("+23:59:59"), offset!("-23:59:59"));
    |                 ^^^^^^
    |
    = note: import resolution is stuck, try simplifying macro imports

error: cannot determine resolution for the macro `offset`
   --> tests/integration/utc_offset.rs:124:39
    |
124 |     assert_eq!(-offset!("+23:59:59"), offset!("-23:59:59"));
    |                                       ^^^^^^
    |
    = note: import resolution is stuck, try simplifying macro imports

error: cannot determine resolution for the macro `offset`
   --> tests/integration/utc_offset.rs:125:17
    |
125 |     assert_eq!(-offset!("-23:59:59"), offset!("+23:59:59"));
    |                 ^^^^^^
    |
    = note: import resolution is stuck, try simplifying macro imports

error: cannot determine resolution for the macro `offset`
   --> tests/integration/utc_offset.rs:125:39
    |
125 |     assert_eq!(-offset!("-23:59:59"), offset!("+23:59:59"));
    |                                       ^^^^^^
    |
    = note: import resolution is stuck, try simplifying macro imports

error[E0433]: failed to resolve: use of undeclared crate or module `util`
  --> tests/integration/date.rs:31:13
   |
31 |             util::weeks_in_year(year),
   |             ^^^^ use of undeclared crate or module `util`

error[E0433]: failed to resolve: use of undeclared type `Date`
   --> tests/integration/date.rs:524:16
    |
524 |     assert_eq!(Date::MAX.next_day(), None);
    |                ^^^^ use of undeclared type `Date`

error[E0433]: failed to resolve: use of undeclared type `Date`
   --> tests/integration/date.rs:545:16
    |
545 |     assert_eq!(Date::MIN.previous_day(), None);
    |                ^^^^ use of undeclared type `Date`

error[E0433]: failed to resolve: could not find `format_description` in `time`
  --> tests/integration/error.rs:33:24
   |
33 |         .format(&time::format_description::well_known::Rfc3339)
   |                        ^^^^^^^^^^^^^^^^^^ could not find `format_description` in `time`

error[E0433]: failed to resolve: use of undeclared type `Padding`
  --> tests/integration/error.rs:48:26
   |
48 |                 padding: Padding::Zero
   |                          ^^^^^^^ use of undeclared type `Padding`

error[E0433]: failed to resolve: use of undeclared type `Padding`
  --> tests/integration/error.rs:54:26
   |
54 |                 padding: Padding::Zero
   |                          ^^^^^^^ use of undeclared type `Padding`

error[E0433]: failed to resolve: use of undeclared crate or module `format_description`
   --> tests/integration/formatting.rs:273:30
    |
273 |     let format_description = format_description::parse(
    |                              ^^^^^^^^^^^^^^^^^^ use of undeclared crate or module `format_description`

error[E0433]: failed to resolve: use of undeclared type `Time`
   --> tests/integration/formatting.rs:302:9
    |
302 |         Time::MIDNIGHT.format(&fd!("[year]")),
    |         ^^^^ use of undeclared type `Time`

error[E0433]: failed to resolve: use of undeclared type `OffsetDateTime`
  --> tests/integration/offset_date_time.rs:48:12
   |
48 |         Ok(OffsetDateTime::UNIX_EPOCH),
   |            ^^^^^^^^^^^^^^ use of undeclared type `OffsetDateTime`

error[E0433]: failed to resolve: use of undeclared type `OffsetDateTime`
  --> tests/integration/offset_date_time.rs:60:12
   |
60 |         Ok(OffsetDateTime::UNIX_EPOCH),
   |            ^^^^^^^^^^^^^^ use of undeclared type `OffsetDateTime`

error[E0433]: failed to resolve: use of undeclared type `OffsetDateTime`
  --> tests/integration/offset_date_time.rs:82:16
   |
82 |     assert_eq!(OffsetDateTime::UNIX_EPOCH.unix_timestamp(), 0);
   |                ^^^^^^^^^^^^^^ use of undeclared type `OffsetDateTime`

error[E0433]: failed to resolve: use of undeclared type `OffsetDateTime`
  --> tests/integration/offset_date_time.rs:84:9
   |
84 |         OffsetDateTime::UNIX_EPOCH
   |         ^^^^^^^^^^^^^^ use of undeclared type `OffsetDateTime`

error[E0433]: failed to resolve: use of undeclared type `Date`
   --> tests/integration/offset_date_time.rs:453:15
    |
453 |     let val = Date::MIN
    |               ^^^^ use of undeclared type `Date`

error[E0433]: failed to resolve: use of undeclared type `Duration`
   --> tests/integration/offset_date_time.rs:459:22
    |
459 |     assert_eq!(val + Duration::ZERO, val);
    |                      ^^^^^^^^ use of undeclared type `Duration`

error[E0433]: failed to resolve: use of undeclared type `Duration`
   --> tests/integration/offset_date_time.rs:460:22
    |
460 |     assert_eq!(val - Duration::ZERO, val);
    |                      ^^^^^^^^ use of undeclared type `Duration`

error[E0433]: failed to resolve: use of undeclared type `OffsetDateTime`
   --> tests/integration/offset_date_time.rs:880:9
    |
880 |         OffsetDateTime::UNIX_EPOCH
    |         ^^^^^^^^^^^^^^ use of undeclared type `OffsetDateTime`

error[E0433]: failed to resolve: use of undeclared type `OffsetDateTime`
   --> tests/integration/offset_date_time.rs:884:9
    |
884 |         OffsetDateTime::UNIX_EPOCH - 1.days()
    |         ^^^^^^^^^^^^^^ use of undeclared type `OffsetDateTime`

error[E0433]: failed to resolve: use of undeclared type `OffsetDateTime`
   --> tests/integration/offset_date_time.rs:888:9
    |
888 |         OffsetDateTime::UNIX_EPOCH + 1.days()
    |         ^^^^^^^^^^^^^^ use of undeclared type `OffsetDateTime`

error[E0433]: failed to resolve: use of undeclared type `OffsetDateTime`
   --> tests/integration/offset_date_time.rs:895:26
    |
895 |         SystemTime::from(OffsetDateTime::UNIX_EPOCH),
    |                          ^^^^^^^^^^^^^^ use of undeclared type `OffsetDateTime`

error[E0433]: failed to resolve: use of undeclared type `OffsetDateTime`
   --> tests/integration/offset_date_time.rs:899:26
    |
899 |         SystemTime::from(OffsetDateTime::UNIX_EPOCH + 1.days()),
    |                          ^^^^^^^^^^^^^^ use of undeclared type `OffsetDateTime`

error[E0433]: failed to resolve: use of undeclared type `OffsetDateTime`
   --> tests/integration/offset_date_time.rs:903:26
    |
903 |         SystemTime::from(OffsetDateTime::UNIX_EPOCH - 1.days()),
    |                          ^^^^^^^^^^^^^^ use of undeclared type `OffsetDateTime`

error[E0433]: failed to resolve: use of undeclared type `Padding`
 --> tests/integration/parse_format_description.rs:8:14
  |
8 |             (Padding::Space, "padding:space"),
  |              ^^^^^^^ use of undeclared type `Padding`

error[E0433]: failed to resolve: use of undeclared type `Padding`
 --> tests/integration/parse_format_description.rs:9:14
  |
9 |             (Padding::Zero, "padding:zero"),
  |              ^^^^^^^ use of undeclared type `Padding`

error[E0433]: failed to resolve: use of undeclared type `Padding`
  --> tests/integration/parse_format_description.rs:10:14
   |
10 |             (Padding::None, "padding:none"),
   |              ^^^^^^^ use of undeclared type `Padding`

error[E0433]: failed to resolve: use of undeclared type `MonthRepr`
  --> tests/integration/parse_format_description.rs:24:14
   |
24 |             (MonthRepr::Numerical, "repr:numerical"),
   |              ^^^^^^^^^ use of undeclared type `MonthRepr`

error[E0433]: failed to resolve: use of undeclared type `MonthRepr`
  --> tests/integration/parse_format_description.rs:25:14
   |
25 |             (MonthRepr::Long, "repr:long"),
   |              ^^^^^^^^^ use of undeclared type `MonthRepr`

error[E0433]: failed to resolve: use of undeclared type `MonthRepr`
  --> tests/integration/parse_format_description.rs:26:14
   |
26 |             (MonthRepr::Short, "repr:short"),
   |              ^^^^^^^^^ use of undeclared type `MonthRepr`

error[E0433]: failed to resolve: use of undeclared type `SubsecondDigits`
  --> tests/integration/parse_format_description.rs:32:14
   |
32 |             (SubsecondDigits::One, "digits:1"),
   |              ^^^^^^^^^^^^^^^ use of undeclared type `SubsecondDigits`

error[E0433]: failed to resolve: use of undeclared type `SubsecondDigits`
  --> tests/integration/parse_format_description.rs:33:14
   |
33 |             (SubsecondDigits::Two, "digits:2"),
   |              ^^^^^^^^^^^^^^^ use of undeclared type `SubsecondDigits`

error[E0433]: failed to resolve: use of undeclared type `SubsecondDigits`
  --> tests/integration/parse_format_description.rs:34:14
   |
34 |             (SubsecondDigits::Three, "digits:3"),
   |              ^^^^^^^^^^^^^^^ use of undeclared type `SubsecondDigits`

error[E0433]: failed to resolve: use of undeclared type `SubsecondDigits`
  --> tests/integration/parse_format_description.rs:35:14
   |
35 |             (SubsecondDigits::Four, "digits:4"),
   |              ^^^^^^^^^^^^^^^ use of undeclared type `SubsecondDigits`

error[E0433]: failed to resolve: use of undeclared type `SubsecondDigits`
  --> tests/integration/parse_format_description.rs:36:14
   |
36 |             (SubsecondDigits::Five, "digits:5"),
   |              ^^^^^^^^^^^^^^^ use of undeclared type `SubsecondDigits`

error[E0433]: failed to resolve: use of undeclared type `SubsecondDigits`
  --> tests/integration/parse_format_description.rs:37:14
   |
37 |             (SubsecondDigits::Six, "digits:6"),
   |              ^^^^^^^^^^^^^^^ use of undeclared type `SubsecondDigits`

error[E0433]: failed to resolve: use of undeclared type `SubsecondDigits`
  --> tests/integration/parse_format_description.rs:38:14
   |
38 |             (SubsecondDigits::Seven, "digits:7"),
   |              ^^^^^^^^^^^^^^^ use of undeclared type `SubsecondDigits`

error[E0433]: failed to resolve: use of undeclared type `SubsecondDigits`
  --> tests/integration/parse_format_description.rs:39:14
   |
39 |             (SubsecondDigits::Eight, "digits:8"),
   |              ^^^^^^^^^^^^^^^ use of undeclared type `SubsecondDigits`

error[E0433]: failed to resolve: use of undeclared type `SubsecondDigits`
  --> tests/integration/parse_format_description.rs:40:14
   |
40 |             (SubsecondDigits::Nine, "digits:9"),
   |              ^^^^^^^^^^^^^^^ use of undeclared type `SubsecondDigits`

error[E0433]: failed to resolve: use of undeclared type `SubsecondDigits`
  --> tests/integration/parse_format_description.rs:41:14
   |
41 |             (SubsecondDigits::OneOrMore, "digits:1+"),
   |              ^^^^^^^^^^^^^^^ use of undeclared type `SubsecondDigits`

error[E0433]: failed to resolve: use of undeclared type `WeekdayRepr`
  --> tests/integration/parse_format_description.rs:47:14
   |
47 |             (WeekdayRepr::Short, "repr:short"),
   |              ^^^^^^^^^^^ use of undeclared type `WeekdayRepr`

error[E0433]: failed to resolve: use of undeclared type `WeekdayRepr`
  --> tests/integration/parse_format_description.rs:48:14
   |
48 |             (WeekdayRepr::Long, "repr:long"),
   |              ^^^^^^^^^^^ use of undeclared type `WeekdayRepr`

error[E0433]: failed to resolve: use of undeclared type `WeekdayRepr`
  --> tests/integration/parse_format_description.rs:49:14
   |
49 |             (WeekdayRepr::Sunday, "repr:sunday"),
   |              ^^^^^^^^^^^ use of undeclared type `WeekdayRepr`

error[E0433]: failed to resolve: use of undeclared type `WeekdayRepr`
  --> tests/integration/parse_format_description.rs:50:14
   |
50 |             (WeekdayRepr::Monday, "repr:monday"),
   |              ^^^^^^^^^^^ use of undeclared type `WeekdayRepr`

error[E0433]: failed to resolve: use of undeclared type `WeekNumberRepr`
  --> tests/integration/parse_format_description.rs:56:14
   |
56 |             (WeekNumberRepr::Iso, "repr:iso"),
   |              ^^^^^^^^^^^^^^ use of undeclared type `WeekNumberRepr`

error[E0433]: failed to resolve: use of undeclared type `WeekNumberRepr`
  --> tests/integration/parse_format_description.rs:57:14
   |
57 |             (WeekNumberRepr::Sunday, "repr:sunday"),
   |              ^^^^^^^^^^^^^^ use of undeclared type `WeekNumberRepr`

error[E0433]: failed to resolve: use of undeclared type `WeekNumberRepr`
  --> tests/integration/parse_format_description.rs:58:14
   |
58 |             (WeekNumberRepr::Monday, "repr:monday"),
   |              ^^^^^^^^^^^^^^ use of undeclared type `WeekNumberRepr`

error[E0433]: failed to resolve: use of undeclared type `YearRepr`
  --> tests/integration/parse_format_description.rs:64:14
   |
64 |             (YearRepr::Full, "repr:full"),
   |              ^^^^^^^^ use of undeclared type `YearRepr`

error[E0433]: failed to resolve: use of undeclared type `YearRepr`
  --> tests/integration/parse_format_description.rs:65:14
   |
65 |             (YearRepr::LastTwo, "repr:last_two"),
   |              ^^^^^^^^ use of undeclared type `YearRepr`

error[E0433]: failed to resolve: use of undeclared type `Padding`
   --> tests/integration/parse_format_description.rs:130:22
    |
130 |             padding: Padding::Zero
    |                      ^^^^^^^ use of undeclared type `Padding`

error[E0433]: failed to resolve: use of undeclared type `Padding`
   --> tests/integration/parse_format_description.rs:137:26
    |
137 |                 padding: Padding::Zero,
    |                          ^^^^^^^ use of undeclared type `Padding`

error[E0433]: failed to resolve: use of undeclared type `Padding`
   --> tests/integration/parse_format_description.rs:146:26
    |
146 |                 padding: Padding::Zero
    |                          ^^^^^^^ use of undeclared type `Padding`

error[E0433]: failed to resolve: use of undeclared type `Padding`
   --> tests/integration/parse_format_description.rs:154:26
    |
154 |                 padding: Padding::Zero,
    |                          ^^^^^^^ use of undeclared type `Padding`

error[E0433]: failed to resolve: use of undeclared type `MonthRepr`
   --> tests/integration/parse_format_description.rs:155:23
    |
155 |                 repr: MonthRepr::Numerical
    |                       ^^^^^^^^^ use of undeclared type `MonthRepr`

error[E0433]: failed to resolve: use of undeclared type `Padding`
   --> tests/integration/parse_format_description.rs:164:26
    |
164 |                 padding: Padding::Zero
    |                          ^^^^^^^ use of undeclared type `Padding`

error[E0433]: failed to resolve: use of undeclared type `Padding`
   --> tests/integration/parse_format_description.rs:172:26
    |
172 |                 padding: Padding::Zero
    |                          ^^^^^^^ use of undeclared type `Padding`

error[E0433]: failed to resolve: use of undeclared type `Padding`
   --> tests/integration/parse_format_description.rs:180:26
    |
180 |                 padding: Padding::Zero
    |                          ^^^^^^^ use of undeclared type `Padding`

error[E0433]: failed to resolve: use of undeclared type `Padding`
   --> tests/integration/parse_format_description.rs:188:26
    |
188 |                 padding: Padding::Zero
    |                          ^^^^^^^ use of undeclared type `Padding`

error[E0433]: failed to resolve: use of undeclared type `Padding`
   --> tests/integration/parse_format_description.rs:202:26
    |
202 |                 padding: Padding::Zero
    |                          ^^^^^^^ use of undeclared type `Padding`

error[E0433]: failed to resolve: use of undeclared type `SubsecondDigits`
   --> tests/integration/parse_format_description.rs:210:25
    |
210 |                 digits: SubsecondDigits::OneOrMore
    |                         ^^^^^^^^^^^^^^^ use of undeclared type `SubsecondDigits`

error[E0433]: failed to resolve: use of undeclared type `WeekdayRepr`
   --> tests/integration/parse_format_description.rs:218:23
    |
218 |                 repr: WeekdayRepr::Long,
    |                       ^^^^^^^^^^^ use of undeclared type `WeekdayRepr`

error[E0433]: failed to resolve: use of undeclared type `Padding`
   --> tests/integration/parse_format_description.rs:227:26
    |
227 |                 padding: Padding::Zero,
    |                          ^^^^^^^ use of undeclared type `Padding`

error[E0433]: failed to resolve: use of undeclared type `WeekNumberRepr`
   --> tests/integration/parse_format_description.rs:228:23
    |
228 |                 repr: WeekNumberRepr::Iso
    |                       ^^^^^^^^^^^^^^ use of undeclared type `WeekNumberRepr`

error[E0433]: failed to resolve: use of undeclared type `Padding`
   --> tests/integration/parse_format_description.rs:236:26
    |
236 |                 padding: Padding::Zero,
    |                          ^^^^^^^ use of undeclared type `Padding`

error[E0433]: failed to resolve: use of undeclared type `YearRepr`
   --> tests/integration/parse_format_description.rs:237:23
    |
237 |                 repr: YearRepr::Full,
    |                       ^^^^^^^^ use of undeclared type `YearRepr`

error[E0433]: failed to resolve: use of undeclared type `Padding`
   --> tests/integration/parse_format_description.rs:442:26
    |
442 |                 padding: Padding::Zero,
    |                          ^^^^^^^ use of undeclared type `Padding`

error[E0433]: failed to resolve: use of undeclared type `YearRepr`
   --> tests/integration/parse_format_description.rs:443:23
    |
443 |                 repr: YearRepr::Full,
    |                       ^^^^^^^^ use of undeclared type `YearRepr`

error[E0433]: failed to resolve: use of undeclared type `Padding`
   --> tests/integration/parse_format_description.rs:449:26
    |
449 |                 padding: Padding::Zero,
    |                          ^^^^^^^ use of undeclared type `Padding`

error[E0433]: failed to resolve: use of undeclared type `MonthRepr`
   --> tests/integration/parse_format_description.rs:450:23
    |
450 |                 repr: MonthRepr::Numerical
    |                       ^^^^^^^^^ use of undeclared type `MonthRepr`

error[E0433]: failed to resolve: use of undeclared type `Padding`
   --> tests/integration/parse_format_description.rs:454:26
    |
454 |                 padding: Padding::Zero
    |                          ^^^^^^^ use of undeclared type `Padding`

error[E0433]: failed to resolve: use of undeclared type `Padding`
   --> tests/integration/parse_format_description.rs:458:26
    |
458 |                 padding: Padding::Zero,
    |                          ^^^^^^^ use of undeclared type `Padding`

error[E0433]: failed to resolve: use of undeclared type `Padding`
   --> tests/integration/parse_format_description.rs:463:26
    |
463 |                 padding: Padding::Zero
    |                          ^^^^^^^ use of undeclared type `Padding`

error[E0433]: failed to resolve: use of undeclared type `Padding`
   --> tests/integration/parse_format_description.rs:467:26
    |
467 |                 padding: Padding::Zero
    |                          ^^^^^^^ use of undeclared type `Padding`

error[E0433]: failed to resolve: use of undeclared type `SubsecondDigits`
   --> tests/integration/parse_format_description.rs:471:25
    |
471 |                 digits: SubsecondDigits::OneOrMore
    |                         ^^^^^^^^^^^^^^^ use of undeclared type `SubsecondDigits`

error[E0433]: failed to resolve: use of undeclared type `Padding`
   --> tests/integration/parse_format_description.rs:474:26
    |
474 |                 padding: Padding::Zero,
    |                          ^^^^^^^ use of undeclared type `Padding`

error[E0433]: failed to resolve: use of undeclared type `Padding`
   --> tests/integration/parse_format_description.rs:479:26
    |
479 |                 padding: Padding::Zero
    |                          ^^^^^^^ use of undeclared type `Padding`

error[E0433]: failed to resolve: use of undeclared crate or module `fd`
  --> tests/integration/parsing.rs:84:13
   |
84 |             fd::parse("[hour]:[minute]:[second]")?,
   |             ^^ use of undeclared crate or module `fd`

error[E0433]: failed to resolve: use of undeclared crate or module `fd`
  --> tests/integration/parsing.rs:89:13
   |
89 |             fd::parse("[hour repr:12]:[minute] [period]")?,
   |             ^^ use of undeclared crate or module `fd`

error[E0433]: failed to resolve: use of undeclared crate or module `fd`
  --> tests/integration/parsing.rs:93:10
   |
93 |         (fd::parse("[hour]:[minute]")?, "01:02", time!("1:02")),
   |          ^^ use of undeclared crate or module `fd`

error[E0433]: failed to resolve: use of undeclared crate or module `fd`
  --> tests/integration/parsing.rs:95:13
   |
95 |             fd::parse("[hour repr:12]:[minute] [period]")?,
   |             ^^ use of undeclared crate or module `fd`

error[E0433]: failed to resolve: use of undeclared type `Parsed`
   --> tests/integration/parsing.rs:106:24
    |
106 |         Time::try_from(Parsed::new()),
    |                        ^^^^^^ use of undeclared type `Parsed`

error[E0433]: failed to resolve: use of undeclared crate or module `fd`
   --> tests/integration/parsing.rs:110:28
    |
110 |         Time::parse("12", &fd::parse("[hour]")?),
    |                            ^^ use of undeclared crate or module `fd`

error[E0433]: failed to resolve: use of undeclared crate or module `fd`
   --> tests/integration/parsing.rs:116:27
    |
116 |         Time::parse(" ", &fd::parse("")?),
    |                           ^^ use of undeclared crate or module `fd`

error[E0433]: failed to resolve: use of undeclared crate or module `fd`
   --> tests/integration/parsing.rs:127:13
    |
127 |             fd::parse("[year]-[month]-[day]")?,
    |             ^^ use of undeclared crate or module `fd`

error[E0433]: failed to resolve: use of undeclared crate or module `fd`
   --> tests/integration/parsing.rs:132:13
    |
132 |             fd::parse("[year]-[ordinal]")?,
    |             ^^ use of undeclared crate or module `fd`

error[E0433]: failed to resolve: use of undeclared crate or module `fd`
   --> tests/integration/parsing.rs:137:13
    |
137 |             fd::parse("[year base:iso_week]-W[week_number]-[weekday repr:monday]")?,
    |             ^^ use of undeclared crate or module `fd`

error[E0433]: failed to resolve: use of undeclared crate or module `fd`
   --> tests/integration/parsing.rs:142:13
    |
142 |             fd::parse("[year]-W[week_number repr:monday]-[weekday repr:monday]")?,
    |             ^^ use of undeclared crate or module `fd`

error[E0433]: failed to resolve: use of undeclared crate or module `fd`
   --> tests/integration/parsing.rs:147:13
    |
147 |             fd::parse("[year]-W[week_number repr:sunday]-[weekday repr:sunday]")?,
    |             ^^ use of undeclared crate or module `fd`

error[E0433]: failed to resolve: use of undeclared crate or module `fd`
   --> tests/integration/parsing.rs:152:13
    |
152 |             fd::parse("[year]-W[week_number repr:sunday]-[weekday repr:sunday]")?,
    |             ^^ use of undeclared crate or module `fd`

error[E0433]: failed to resolve: use of undeclared crate or module `fd`
   --> tests/integration/parsing.rs:157:13
    |
157 |             fd::parse("[year]-W[week_number repr:sunday]-[weekday repr:sunday]")?,
    |             ^^ use of undeclared crate or module `fd`

error[E0433]: failed to resolve: use of undeclared crate or module `fd`
   --> tests/integration/parsing.rs:162:13
    |
162 |             fd::parse("[year]-W[week_number repr:sunday]-[weekday repr:sunday]")?,
    |             ^^ use of undeclared crate or module `fd`

error[E0433]: failed to resolve: use of undeclared crate or module `fd`
   --> tests/integration/parsing.rs:167:13
    |
167 |             fd::parse("[year]-W[week_number repr:sunday]-[weekday repr:sunday]")?,
    |             ^^ use of undeclared crate or module `fd`

error[E0433]: failed to resolve: use of undeclared crate or module `fd`
   --> tests/integration/parsing.rs:172:13
    |
172 |             fd::parse("[year]-W[week_number repr:sunday]-[weekday repr:sunday]")?,
    |             ^^ use of undeclared crate or module `fd`

error[E0433]: failed to resolve: use of undeclared crate or module `fd`
   --> tests/integration/parsing.rs:177:13
    |
177 |             fd::parse("[year]-W[week_number repr:sunday]-[weekday repr:sunday]")?,
    |             ^^ use of undeclared crate or module `fd`

error[E0433]: failed to resolve: use of undeclared type `Parsed`
   --> tests/integration/parsing.rs:188:24
    |
188 |         Date::try_from(Parsed::new()),
    |                        ^^^^^^ use of undeclared type `Parsed`

error[E0433]: failed to resolve: use of undeclared crate or module `fd`
   --> tests/integration/parsing.rs:198:33
    |
198 |         UtcOffset::parse("01", &fd::parse("[offset_hour sign:mandatory]")?),
    |                                 ^^ use of undeclared crate or module `fd`

error[E0433]: failed to resolve: use of undeclared type `Parsed`
   --> tests/integration/parsing.rs:211:30
    |
211 |               let mut parsed = Parsed::new();
    |                                ^^^^^^ use of undeclared type `Parsed`
...
217 | /     parse_component!(
218 | |         Component::Year(modifier::Year {
219 | |             padding: modifier::Padding::Zero,
220 | |             repr: modifier::YearRepr::Full,
...   |
225 | |         _.year == Some(2021)
226 | |     );
    | |______- in this macro invocation
    |
    = note: this error originates in a macro (in Nightly builds, run with -Z macro-backtrace for more info)

error[E0433]: failed to resolve: use of undeclared crate or module `modifier`
   --> tests/integration/parsing.rs:218:25
    |
218 |         Component::Year(modifier::Year {
    |                         ^^^^^^^^ use of undeclared crate or module `modifier`

error[E0433]: failed to resolve: use of undeclared crate or module `modifier`
   --> tests/integration/parsing.rs:219:22
    |
219 |             padding: modifier::Padding::Zero,
    |                      ^^^^^^^^ use of undeclared crate or module `modifier`

error[E0433]: failed to resolve: use of undeclared crate or module `modifier`
   --> tests/integration/parsing.rs:220:19
    |
220 |             repr: modifier::YearRepr::Full,
    |                   ^^^^^^^^ use of undeclared crate or module `modifier`

error[E0433]: failed to resolve: use of undeclared type `Parsed`
   --> tests/integration/parsing.rs:211:30
    |
211 |               let mut parsed = Parsed::new();
    |                                ^^^^^^ use of undeclared type `Parsed`
...
227 | /     parse_component!(
228 | |         Component::Year(modifier::Year {
229 | |             padding: modifier::Padding::Zero,
230 | |             repr: modifier::YearRepr::LastTwo,
...   |
235 | |         _.year_last_two == Some(21)
236 | |     );
    | |______- in this macro invocation
    |
    = note: this error originates in a macro (in Nightly builds, run with -Z macro-backtrace for more info)

error[E0433]: failed to resolve: use of undeclared crate or module `modifier`
   --> tests/integration/parsing.rs:228:25
    |
228 |         Component::Year(modifier::Year {
    |                         ^^^^^^^^ use of undeclared crate or module `modifier`

error[E0433]: failed to resolve: use of undeclared crate or module `modifier`
   --> tests/integration/parsing.rs:229:22
    |
229 |             padding: modifier::Padding::Zero,
    |                      ^^^^^^^^ use of undeclared crate or module `modifier`

error[E0433]: failed to resolve: use of undeclared crate or module `modifier`
   --> tests/integration/parsing.rs:230:19
    |
230 |             repr: modifier::YearRepr::LastTwo,
    |                   ^^^^^^^^ use of undeclared crate or module `modifier`

error[E0433]: failed to resolve: use of undeclared type `Parsed`
   --> tests/integration/parsing.rs:211:30
    |
211 |               let mut parsed = Parsed::new();
    |                                ^^^^^^ use of undeclared type `Parsed`
...
237 | /     parse_component!(
238 | |         Component::Year(modifier::Year {
239 | |             padding: modifier::Padding::Zero,
240 | |             repr: modifier::YearRepr::Full,
...   |
245 | |         _.iso_year == Some(2021)
246 | |     );
    | |______- in this macro invocation
    |
    = note: this error originates in a macro (in Nightly builds, run with -Z macro-backtrace for more info)

error[E0433]: failed to resolve: use of undeclared crate or module `modifier`
   --> tests/integration/parsing.rs:238:25
    |
238 |         Component::Year(modifier::Year {
    |                         ^^^^^^^^ use of undeclared crate or module `modifier`

error[E0433]: failed to resolve: use of undeclared crate or module `modifier`
   --> tests/integration/parsing.rs:239:22
    |
239 |             padding: modifier::Padding::Zero,
    |                      ^^^^^^^^ use of undeclared crate or module `modifier`

error[E0433]: failed to resolve: use of undeclared crate or module `modifier`
   --> tests/integration/parsing.rs:240:19
    |
240 |             repr: modifier::YearRepr::Full,
    |                   ^^^^^^^^ use of undeclared crate or module `modifier`

error[E0433]: failed to resolve: use of undeclared type `Parsed`
   --> tests/integration/parsing.rs:211:30
    |
211 |               let mut parsed = Parsed::new();
    |                                ^^^^^^ use of undeclared type `Parsed`
...
247 | /     parse_component!(
248 | |         Component::Year(modifier::Year {
249 | |             padding: modifier::Padding::Zero,
250 | |             repr: modifier::YearRepr::LastTwo,
...   |
255 | |         _.iso_year_last_two == Some(21)
256 | |     );
    | |______- in this macro invocation
    |
    = note: this error originates in a macro (in Nightly builds, run with -Z macro-backtrace for more info)

error[E0433]: failed to resolve: use of undeclared crate or module `modifier`
   --> tests/integration/parsing.rs:248:25
    |
248 |         Component::Year(modifier::Year {
    |                         ^^^^^^^^ use of undeclared crate or module `modifier`

error[E0433]: failed to resolve: use of undeclared crate or module `modifier`
   --> tests/integration/parsing.rs:249:22
    |
249 |             padding: modifier::Padding::Zero,
    |                      ^^^^^^^^ use of undeclared crate or module `modifier`

error[E0433]: failed to resolve: use of undeclared crate or module `modifier`
   --> tests/integration/parsing.rs:250:19
    |
250 |             repr: modifier::YearRepr::LastTwo,
    |                   ^^^^^^^^ use of undeclared crate or module `modifier`

error[E0433]: failed to resolve: use of undeclared type `Parsed`
   --> tests/integration/parsing.rs:211:30
    |
211 |               let mut parsed = Parsed::new();
    |                                ^^^^^^ use of undeclared type `Parsed`
...
257 | /     parse_component!(
258 | |         Component::Month(modifier::Month {
259 | |             padding: modifier::Padding::Space,
260 | |             repr: modifier::MonthRepr::Numerical,
...   |
263 | |         _.month == 1.try_into().ok()
264 | |     );
    | |______- in this macro invocation
    |
    = note: this error originates in a macro (in Nightly builds, run with -Z macro-backtrace for more info)

error[E0433]: failed to resolve: use of undeclared crate or module `modifier`
   --> tests/integration/parsing.rs:258:26
    |
258 |         Component::Month(modifier::Month {
    |                          ^^^^^^^^ use of undeclared crate or module `modifier`

error[E0433]: failed to resolve: use of undeclared crate or module `modifier`
   --> tests/integration/parsing.rs:259:22
    |
259 |             padding: modifier::Padding::Space,
    |                      ^^^^^^^^ use of undeclared crate or module `modifier`

error[E0433]: failed to resolve: use of undeclared crate or module `modifier`
   --> tests/integration/parsing.rs:260:19
    |
260 |             repr: modifier::MonthRepr::Numerical,
    |                   ^^^^^^^^ use of undeclared crate or module `modifier`

error[E0433]: failed to resolve: use of undeclared type `Parsed`
   --> tests/integration/parsing.rs:211:30
    |
211 |               let mut parsed = Parsed::new();
    |                                ^^^^^^ use of undeclared type `Parsed`
...
265 | /     parse_component!(
266 | |         Component::Month(modifier::Month {
267 | |             padding: modifier::Padding::None,
268 | |             repr: modifier::MonthRepr::Short,
...   |
271 | |         _.month == 1.try_into().ok()
272 | |     );
    | |______- in this macro invocation
    |
    = note: this error originates in a macro (in Nightly builds, run with -Z macro-backtrace for more info)

error[E0433]: failed to resolve: use of undeclared crate or module `modifier`
   --> tests/integration/parsing.rs:266:26
    |
266 |         Component::Month(modifier::Month {
    |                          ^^^^^^^^ use of undeclared crate or module `modifier`

error[E0433]: failed to resolve: use of undeclared crate or module `modifier`
   --> tests/integration/parsing.rs:267:22
    |
267 |             padding: modifier::Padding::None,
    |                      ^^^^^^^^ use of undeclared crate or module `modifier`

error[E0433]: failed to resolve: use of undeclared crate or module `modifier`
   --> tests/integration/parsing.rs:268:19
    |
268 |             repr: modifier::MonthRepr::Short,
    |                   ^^^^^^^^ use of undeclared crate or module `modifier`

error[E0433]: failed to resolve: use of undeclared type `Parsed`
   --> tests/integration/parsing.rs:211:30
    |
211 |               let mut parsed = Parsed::new();
    |                                ^^^^^^ use of undeclared type `Parsed`
...
273 | /     parse_component!(
274 | |         Component::Month(modifier::Month {
275 | |             padding: modifier::Padding::None,
276 | |             repr: modifier::MonthRepr::Long,
...   |
279 | |         _.month == 1.try_into().ok()
280 | |     );
    | |______- in this macro invocation
    |
    = note: this error originates in a macro (in Nightly builds, run with -Z macro-backtrace for more info)

error[E0433]: failed to resolve: use of undeclared crate or module `modifier`
   --> tests/integration/parsing.rs:274:26
    |
274 |         Component::Month(modifier::Month {
    |                          ^^^^^^^^ use of undeclared crate or module `modifier`

error[E0433]: failed to resolve: use of undeclared crate or module `modifier`
   --> tests/integration/parsing.rs:275:22
    |
275 |             padding: modifier::Padding::None,
    |                      ^^^^^^^^ use of undeclared crate or module `modifier`

error[E0433]: failed to resolve: use of undeclared crate or module `modifier`
   --> tests/integration/parsing.rs:276:19
    |
276 |             repr: modifier::MonthRepr::Long,
    |                   ^^^^^^^^ use of undeclared crate or module `modifier`

error[E0433]: failed to resolve: use of undeclared type `Parsed`
   --> tests/integration/parsing.rs:211:30
    |
211 |               let mut parsed = Parsed::new();
    |                                ^^^^^^ use of undeclared type `Parsed`
...
281 | /     parse_component!(
282 | |         Component::Ordinal(modifier::Ordinal {
283 | |             padding: modifier::Padding::Zero,
284 | |         }),
285 | |         b"012",
286 | |         _.ordinal == 12.try_into().ok()
287 | |     );
    | |______- in this macro invocation
    |
    = note: this error originates in a macro (in Nightly builds, run with -Z macro-backtrace for more info)

error[E0433]: failed to resolve: use of undeclared crate or module `modifier`
   --> tests/integration/parsing.rs:282:28
    |
282 |         Component::Ordinal(modifier::Ordinal {
    |                            ^^^^^^^^ use of undeclared crate or module `modifier`

error[E0433]: failed to resolve: use of undeclared crate or module `modifier`
   --> tests/integration/parsing.rs:283:22
    |
283 |             padding: modifier::Padding::Zero,
    |                      ^^^^^^^^ use of undeclared crate or module `modifier`

error[E0433]: failed to resolve: use of undeclared type `Parsed`
   --> tests/integration/parsing.rs:211:30
    |
211 |               let mut parsed = Parsed::new();
    |                                ^^^^^^ use of undeclared type `Parsed`
...
288 | /     parse_component!(
289 | |         Component::Weekday(modifier::Weekday {
290 | |             repr: modifier::WeekdayRepr::Short,
291 | |             one_indexed: false,
...   |
294 | |         _.weekday == Some(Weekday::Sunday)
295 | |     );
    | |______- in this macro invocation
    |
    = note: this error originates in a macro (in Nightly builds, run with -Z macro-backtrace for more info)

error[E0433]: failed to resolve: use of undeclared crate or module `modifier`
   --> tests/integration/parsing.rs:289:28
    |
289 |         Component::Weekday(modifier::Weekday {
    |                            ^^^^^^^^ use of undeclared crate or module `modifier`

error[E0433]: failed to resolve: use of undeclared crate or module `modifier`
   --> tests/integration/parsing.rs:290:19
    |
290 |             repr: modifier::WeekdayRepr::Short,
    |                   ^^^^^^^^ use of undeclared crate or module `modifier`

error[E0433]: failed to resolve: use of undeclared type `Weekday`
   --> tests/integration/parsing.rs:294:27
    |
294 |         _.weekday == Some(Weekday::Sunday)
    |                           ^^^^^^^ use of undeclared type `Weekday`

error[E0433]: failed to resolve: use of undeclared type `Parsed`
   --> tests/integration/parsing.rs:211:30
    |
211 |               let mut parsed = Parsed::new();
    |                                ^^^^^^ use of undeclared type `Parsed`
...
296 | /     parse_component!(
297 | |         Component::Weekday(modifier::Weekday {
298 | |             repr: modifier::WeekdayRepr::Long,
299 | |             one_indexed: false,
...   |
302 | |         _.weekday == Some(Weekday::Sunday)
303 | |     );
    | |______- in this macro invocation
    |
    = note: this error originates in a macro (in Nightly builds, run with -Z macro-backtrace for more info)

error[E0433]: failed to resolve: use of undeclared crate or module `modifier`
   --> tests/integration/parsing.rs:297:28
    |
297 |         Component::Weekday(modifier::Weekday {
    |                            ^^^^^^^^ use of undeclared crate or module `modifier`

error[E0433]: failed to resolve: use of undeclared crate or module `modifier`
   --> tests/integration/parsing.rs:298:19
    |
298 |             repr: modifier::WeekdayRepr::Long,
    |                   ^^^^^^^^ use of undeclared crate or module `modifier`

error[E0433]: failed to resolve: use of undeclared type `Weekday`
   --> tests/integration/parsing.rs:302:27
    |
302 |         _.weekday == Some(Weekday::Sunday)
    |                           ^^^^^^^ use of undeclared type `Weekday`

error[E0433]: failed to resolve: use of undeclared type `Parsed`
   --> tests/integration/parsing.rs:211:30
    |
211 |               let mut parsed = Parsed::new();
    |                                ^^^^^^ use of undeclared type `Parsed`
...
304 | /     parse_component!(
305 | |         Component::Weekday(modifier::Weekday {
306 | |             repr: modifier::WeekdayRepr::Sunday,
307 | |             one_indexed: false,
...   |
310 | |         _.weekday == Some(Weekday::Sunday)
311 | |     );
    | |______- in this macro invocation
    |
    = note: this error originates in a macro (in Nightly builds, run with -Z macro-backtrace for more info)

error[E0433]: failed to resolve: use of undeclared crate or module `modifier`
   --> tests/integration/parsing.rs:305:28
    |
305 |         Component::Weekday(modifier::Weekday {
    |                            ^^^^^^^^ use of undeclared crate or module `modifier`

error[E0433]: failed to resolve: use of undeclared crate or module `modifier`
   --> tests/integration/parsing.rs:306:19
    |
306 |             repr: modifier::WeekdayRepr::Sunday,
    |                   ^^^^^^^^ use of undeclared crate or module `modifier`

error[E0433]: failed to resolve: use of undeclared type `Weekday`
   --> tests/integration/parsing.rs:310:27
    |
310 |         _.weekday == Some(Weekday::Sunday)
    |                           ^^^^^^^ use of undeclared type `Weekday`

error[E0433]: failed to resolve: use of undeclared type `Parsed`
   --> tests/integration/parsing.rs:211:30
    |
211 |               let mut parsed = Parsed::new();
    |                                ^^^^^^ use of undeclared type `Parsed`
...
312 | /     parse_component!(
313 | |         Component::Weekday(modifier::Weekday {
314 | |             repr: modifier::WeekdayRepr::Sunday,
315 | |             one_indexed: true,
...   |
318 | |         _.weekday == Some(Weekday::Sunday)
319 | |     );
    | |______- in this macro invocation
    |
    = note: this error originates in a macro (in Nightly builds, run with -Z macro-backtrace for more info)

error[E0433]: failed to resolve: use of undeclared crate or module `modifier`
   --> tests/integration/parsing.rs:313:28
    |
313 |         Component::Weekday(modifier::Weekday {
    |                            ^^^^^^^^ use of undeclared crate or module `modifier`

error[E0433]: failed to resolve: use of undeclared crate or module `modifier`
   --> tests/integration/parsing.rs:314:19
    |
314 |             repr: modifier::WeekdayRepr::Sunday,
    |                   ^^^^^^^^ use of undeclared crate or module `modifier`

error[E0433]: failed to resolve: use of undeclared type `Weekday`
   --> tests/integration/parsing.rs:318:27
    |
318 |         _.weekday == Some(Weekday::Sunday)
    |                           ^^^^^^^ use of undeclared type `Weekday`

error[E0433]: failed to resolve: use of undeclared type `Parsed`
   --> tests/integration/parsing.rs:211:30
    |
211 |               let mut parsed = Parsed::new();
    |                                ^^^^^^ use of undeclared type `Parsed`
...
320 | /     parse_component!(
321 | |         Component::Weekday(modifier::Weekday {
322 | |             repr: modifier::WeekdayRepr::Monday,
323 | |             one_indexed: false,
...   |
326 | |         _.weekday == Some(Weekday::Sunday)
327 | |     );
    | |______- in this macro invocation
    |
    = note: this error originates in a macro (in Nightly builds, run with -Z macro-backtrace for more info)

error[E0433]: failed to resolve: use of undeclared crate or module `modifier`
   --> tests/integration/parsing.rs:321:28
    |
321 |         Component::Weekday(modifier::Weekday {
    |                            ^^^^^^^^ use of undeclared crate or module `modifier`

error[E0433]: failed to resolve: use of undeclared crate or module `modifier`
   --> tests/integration/parsing.rs:322:19
    |
322 |             repr: modifier::WeekdayRepr::Monday,
    |                   ^^^^^^^^ use of undeclared crate or module `modifier`

error[E0433]: failed to resolve: use of undeclared type `Weekday`
   --> tests/integration/parsing.rs:326:27
    |
326 |         _.weekday == Some(Weekday::Sunday)
    |                           ^^^^^^^ use of undeclared type `Weekday`

error[E0433]: failed to resolve: use of undeclared type `Parsed`
   --> tests/integration/parsing.rs:211:30
    |
211 |               let mut parsed = Parsed::new();
    |                                ^^^^^^ use of undeclared type `Parsed`
...
328 | /     parse_component!(
329 | |         Component::Weekday(modifier::Weekday {
330 | |             repr: modifier::WeekdayRepr::Monday,
331 | |             one_indexed: true,
...   |
334 | |         _.weekday == Some(Weekday::Sunday)
335 | |     );
    | |______- in this macro invocation
    |
    = note: this error originates in a macro (in Nightly builds, run with -Z macro-backtrace for more info)

error[E0433]: failed to resolve: use of undeclared crate or module `modifier`
   --> tests/integration/parsing.rs:329:28
    |
329 |         Component::Weekday(modifier::Weekday {
    |                            ^^^^^^^^ use of undeclared crate or module `modifier`

error[E0433]: failed to resolve: use of undeclared crate or module `modifier`
   --> tests/integration/parsing.rs:330:19
    |
330 |             repr: modifier::WeekdayRepr::Monday,
    |                   ^^^^^^^^ use of undeclared crate or module `modifier`

error[E0433]: failed to resolve: use of undeclared type `Weekday`
   --> tests/integration/parsing.rs:334:27
    |
334 |         _.weekday == Some(Weekday::Sunday)
    |                           ^^^^^^^ use of undeclared type `Weekday`

error[E0433]: failed to resolve: use of undeclared type `Parsed`
   --> tests/integration/parsing.rs:211:30
    |
211 |               let mut parsed = Parsed::new();
    |                                ^^^^^^ use of undeclared type `Parsed`
...
336 | /     parse_component!(
337 | |         Component::WeekNumber(modifier::WeekNumber {
338 | |             padding: modifier::Padding::None,
339 | |             repr: modifier::WeekNumberRepr::Sunday,
...   |
342 | |         _.sunday_week_number == Some(2)
343 | |     );
    | |______- in this macro invocation
    |
    = note: this error originates in a macro (in Nightly builds, run with -Z macro-backtrace for more info)

error[E0433]: failed to resolve: use of undeclared crate or module `modifier`
   --> tests/integration/parsing.rs:337:31
    |
337 |         Component::WeekNumber(modifier::WeekNumber {
    |                               ^^^^^^^^ use of undeclared crate or module `modifier`

error[E0433]: failed to resolve: use of undeclared crate or module `modifier`
   --> tests/integration/parsing.rs:338:22
    |
338 |             padding: modifier::Padding::None,
    |                      ^^^^^^^^ use of undeclared crate or module `modifier`

error[E0433]: failed to resolve: use of undeclared crate or module `modifier`
   --> tests/integration/parsing.rs:339:19
    |
339 |             repr: modifier::WeekNumberRepr::Sunday,
    |                   ^^^^^^^^ use of undeclared crate or module `modifier`

error[E0433]: failed to resolve: use of undeclared type `Parsed`
   --> tests/integration/parsing.rs:211:30
    |
211 |               let mut parsed = Parsed::new();
    |                                ^^^^^^ use of undeclared type `Parsed`
...
344 | /     parse_component!(
345 | |         Component::WeekNumber(modifier::WeekNumber {
346 | |             padding: modifier::Padding::None,
347 | |             repr: modifier::WeekNumberRepr::Monday,
...   |
350 | |         _.monday_week_number == Some(2)
351 | |     );
    | |______- in this macro invocation
    |
    = note: this error originates in a macro (in Nightly builds, run with -Z macro-backtrace for more info)

error[E0433]: failed to resolve: use of undeclared crate or module `modifier`
   --> tests/integration/parsing.rs:345:31
    |
345 |         Component::WeekNumber(modifier::WeekNumber {
    |                               ^^^^^^^^ use of undeclared crate or module `modifier`

error[E0433]: failed to resolve: use of undeclared crate or module `modifier`
   --> tests/integration/parsing.rs:346:22
    |
346 |             padding: modifier::Padding::None,
    |                      ^^^^^^^^ use of undeclared crate or module `modifier`

error[E0433]: failed to resolve: use of undeclared crate or module `modifier`
   --> tests/integration/parsing.rs:347:19
    |
347 |             repr: modifier::WeekNumberRepr::Monday,
    |                   ^^^^^^^^ use of undeclared crate or module `modifier`

error[E0433]: failed to resolve: use of undeclared type `Parsed`
   --> tests/integration/parsing.rs:211:30
    |
211 |               let mut parsed = Parsed::new();
    |                                ^^^^^^ use of undeclared type `Parsed`
...
352 | /     parse_component!(
353 | |         Component::WeekNumber(modifier::WeekNumber {
354 | |             padding: modifier::Padding::None,
355 | |             repr: modifier::WeekNumberRepr::Iso,
...   |
358 | |         _.iso_week_number == 2.try_into().ok()
359 | |     );
    | |______- in this macro invocation
    |
    = note: this error originates in a macro (in Nightly builds, run with -Z macro-backtrace for more info)

error[E0433]: failed to resolve: use of undeclared crate or module `modifier`
   --> tests/integration/parsing.rs:353:31
    |
353 |         Component::WeekNumber(modifier::WeekNumber {
    |                               ^^^^^^^^ use of undeclared crate or module `modifier`

error[E0433]: failed to resolve: use of undeclared crate or module `modifier`
   --> tests/integration/parsing.rs:354:22
    |
354 |             padding: modifier::Padding::None,
    |                      ^^^^^^^^ use of undeclared crate or module `modifier`

error[E0433]: failed to resolve: use of undeclared crate or module `modifier`
   --> tests/integration/parsing.rs:355:19
    |
355 |             repr: modifier::WeekNumberRepr::Iso,
    |                   ^^^^^^^^ use of undeclared crate or module `modifier`

error[E0433]: failed to resolve: use of undeclared type `Parsed`
   --> tests/integration/parsing.rs:211:30
    |
211 |               let mut parsed = Parsed::new();
    |                                ^^^^^^ use of undeclared type `Parsed`
...
360 | /     parse_component!(
361 | |         Component::Subsecond(modifier::Subsecond {
362 | |             digits: modifier::SubsecondDigits::One
363 | |         }),
364 | |         b"1",
365 | |         _.subsecond == Some(100_000_000)
366 | |     );
    | |______- in this macro invocation
    |
    = note: this error originates in a macro (in Nightly builds, run with -Z macro-backtrace for more info)

error[E0433]: failed to resolve: use of undeclared crate or module `modifier`
   --> tests/integration/parsing.rs:361:30
    |
361 |         Component::Subsecond(modifier::Subsecond {
    |                              ^^^^^^^^ use of undeclared crate or module `modifier`

error[E0433]: failed to resolve: use of undeclared crate or module `modifier`
   --> tests/integration/parsing.rs:362:21
    |
362 |             digits: modifier::SubsecondDigits::One
    |                     ^^^^^^^^ use of undeclared crate or module `modifier`

error[E0433]: failed to resolve: use of undeclared type `Parsed`
   --> tests/integration/parsing.rs:211:30
    |
211 |               let mut parsed = Parsed::new();
    |                                ^^^^^^ use of undeclared type `Parsed`
...
367 | /     parse_component!(
368 | |         Component::Subsecond(modifier::Subsecond {
369 | |             digits: modifier::SubsecondDigits::Two
370 | |         }),
371 | |         b"12",
372 | |         _.subsecond == Some(120_000_000)
373 | |     );
    | |______- in this macro invocation
    |
    = note: this error originates in a macro (in Nightly builds, run with -Z macro-backtrace for more info)

error[E0433]: failed to resolve: use of undeclared crate or module `modifier`
   --> tests/integration/parsing.rs:368:30
    |
368 |         Component::Subsecond(modifier::Subsecond {
    |                              ^^^^^^^^ use of undeclared crate or module `modifier`

error[E0433]: failed to resolve: use of undeclared crate or module `modifier`
   --> tests/integration/parsing.rs:369:21
    |
369 |             digits: modifier::SubsecondDigits::Two
    |                     ^^^^^^^^ use of undeclared crate or module `modifier`

error[E0433]: failed to resolve: use of undeclared type `Parsed`
   --> tests/integration/parsing.rs:211:30
    |
211 |               let mut parsed = Parsed::new();
    |                                ^^^^^^ use of undeclared type `Parsed`
...
374 | /     parse_component!(
375 | |         Component::Subsecond(modifier::Subsecond {
376 | |             digits: modifier::SubsecondDigits::Three
377 | |         }),
378 | |         b"123",
379 | |         _.subsecond == Some(123_000_000)
380 | |     );
    | |______- in this macro invocation
    |
    = note: this error originates in a macro (in Nightly builds, run with -Z macro-backtrace for more info)

error[E0433]: failed to resolve: use of undeclared crate or module `modifier`
   --> tests/integration/parsing.rs:375:30
    |
375 |         Component::Subsecond(modifier::Subsecond {
    |                              ^^^^^^^^ use of undeclared crate or module `modifier`

error[E0433]: failed to resolve: use of undeclared crate or module `modifier`
   --> tests/integration/parsing.rs:376:21
    |
376 |             digits: modifier::SubsecondDigits::Three
    |                     ^^^^^^^^ use of undeclared crate or module `modifier`

error[E0433]: failed to resolve: use of undeclared type `Parsed`
   --> tests/integration/parsing.rs:211:30
    |
211 |               let mut parsed = Parsed::new();
    |                                ^^^^^^ use of undeclared type `Parsed`
...
381 | /     parse_component!(
382 | |         Component::Subsecond(modifier::Subsecond {
383 | |             digits: modifier::SubsecondDigits::Four
384 | |         }),
385 | |         b"1234",
386 | |         _.subsecond == Some(123_400_000)
387 | |     );
    | |______- in this macro invocation
    |
    = note: this error originates in a macro (in Nightly builds, run with -Z macro-backtrace for more info)

error[E0433]: failed to resolve: use of undeclared crate or module `modifier`
   --> tests/integration/parsing.rs:382:30
    |
382 |         Component::Subsecond(modifier::Subsecond {
    |                              ^^^^^^^^ use of undeclared crate or module `modifier`

error[E0433]: failed to resolve: use of undeclared crate or module `modifier`
   --> tests/integration/parsing.rs:383:21
    |
383 |             digits: modifier::SubsecondDigits::Four
    |                     ^^^^^^^^ use of undeclared crate or module `modifier`

error[E0433]: failed to resolve: use of undeclared type `Parsed`
   --> tests/integration/parsing.rs:211:30
    |
211 |               let mut parsed = Parsed::new();
    |                                ^^^^^^ use of undeclared type `Parsed`
...
388 | /     parse_component!(
389 | |         Component::Subsecond(modifier::Subsecond {
390 | |             digits: modifier::SubsecondDigits::Five
391 | |         }),
392 | |         b"12345",
393 | |         _.subsecond == Some(123_450_000)
394 | |     );
    | |______- in this macro invocation
    |
    = note: this error originates in a macro (in Nightly builds, run with -Z macro-backtrace for more info)

error[E0433]: failed to resolve: use of undeclared crate or module `modifier`
   --> tests/integration/parsing.rs:389:30
    |
389 |         Component::Subsecond(modifier::Subsecond {
    |                              ^^^^^^^^ use of undeclared crate or module `modifier`

error[E0433]: failed to resolve: use of undeclared crate or module `modifier`
   --> tests/integration/parsing.rs:390:21
    |
390 |             digits: modifier::SubsecondDigits::Five
    |                     ^^^^^^^^ use of undeclared crate or module `modifier`

error[E0433]: failed to resolve: use of undeclared type `Parsed`
   --> tests/integration/parsing.rs:211:30
    |
211 |               let mut parsed = Parsed::new();
    |                                ^^^^^^ use of undeclared type `Parsed`
...
395 | /     parse_component!(
396 | |         Component::Subsecond(modifier::Subsecond {
397 | |             digits: modifier::SubsecondDigits::Six
398 | |         }),
399 | |         b"123456",
400 | |         _.subsecond == Some(123_456_000)
401 | |     );
    | |______- in this macro invocation
    |
    = note: this error originates in a macro (in Nightly builds, run with -Z macro-backtrace for more info)

error[E0433]: failed to resolve: use of undeclared crate or module `modifier`
   --> tests/integration/parsing.rs:396:30
    |
396 |         Component::Subsecond(modifier::Subsecond {
    |                              ^^^^^^^^ use of undeclared crate or module `modifier`

error[E0433]: failed to resolve: use of undeclared crate or module `modifier`
   --> tests/integration/parsing.rs:397:21
    |
397 |             digits: modifier::SubsecondDigits::Six
    |                     ^^^^^^^^ use of undeclared crate or module `modifier`

error[E0433]: failed to resolve: use of undeclared type `Parsed`
   --> tests/integration/parsing.rs:211:30
    |
211 |               let mut parsed = Parsed::new();
    |                                ^^^^^^ use of undeclared type `Parsed`
...
402 | /     parse_component!(
403 | |         Component::Subsecond(modifier::Subsecond {
404 | |             digits: modifier::SubsecondDigits::Seven
405 | |         }),
406 | |         b"1234567",
407 | |         _.subsecond == Some(123_456_700)
408 | |     );
    | |______- in this macro invocation
    |
    = note: this error originates in a macro (in Nightly builds, run with -Z macro-backtrace for more info)

error[E0433]: failed to resolve: use of undeclared crate or module `modifier`
   --> tests/integration/parsing.rs:403:30
    |
403 |         Component::Subsecond(modifier::Subsecond {
    |                              ^^^^^^^^ use of undeclared crate or module `modifier`

error[E0433]: failed to resolve: use of undeclared crate or module `modifier`
   --> tests/integration/parsing.rs:404:21
    |
404 |             digits: modifier::SubsecondDigits::Seven
    |                     ^^^^^^^^ use of undeclared crate or module `modifier`

error[E0433]: failed to resolve: use of undeclared type `Parsed`
   --> tests/integration/parsing.rs:211:30
    |
211 |               let mut parsed = Parsed::new();
    |                                ^^^^^^ use of undeclared type `Parsed`
...
409 | /     parse_component!(
410 | |         Component::Subsecond(modifier::Subsecond {
411 | |             digits: modifier::SubsecondDigits::Eight
412 | |         }),
413 | |         b"12345678",
414 | |         _.subsecond == Some(123_456_780)
415 | |     );
    | |______- in this macro invocation
    |
    = note: this error originates in a macro (in Nightly builds, run with -Z macro-backtrace for more info)

error[E0433]: failed to resolve: use of undeclared crate or module `modifier`
   --> tests/integration/parsing.rs:410:30
    |
410 |         Component::Subsecond(modifier::Subsecond {
    |                              ^^^^^^^^ use of undeclared crate or module `modifier`

error[E0433]: failed to resolve: use of undeclared crate or module `modifier`
   --> tests/integration/parsing.rs:411:21
    |
411 |             digits: modifier::SubsecondDigits::Eight
    |                     ^^^^^^^^ use of undeclared crate or module `modifier`

error[E0433]: failed to resolve: use of undeclared type `Parsed`
   --> tests/integration/parsing.rs:211:30
    |
211 |               let mut parsed = Parsed::new();
    |                                ^^^^^^ use of undeclared type `Parsed`
...
416 | /     parse_component!(
417 | |         Component::Subsecond(modifier::Subsecond {
418 | |             digits: modifier::SubsecondDigits::Nine
419 | |         }),
420 | |         b"123456789",
421 | |         _.subsecond == Some(123_456_789)
422 | |     );
    | |______- in this macro invocation
    |
    = note: this error originates in a macro (in Nightly builds, run with -Z macro-backtrace for more info)

error[E0433]: failed to resolve: use of undeclared crate or module `modifier`
   --> tests/integration/parsing.rs:417:30
    |
417 |         Component::Subsecond(modifier::Subsecond {
    |                              ^^^^^^^^ use of undeclared crate or module `modifier`

error[E0433]: failed to resolve: use of undeclared crate or module `modifier`
   --> tests/integration/parsing.rs:418:21
    |
418 |             digits: modifier::SubsecondDigits::Nine
    |                     ^^^^^^^^ use of undeclared crate or module `modifier`

error[E0433]: failed to resolve: use of undeclared type `Parsed`
   --> tests/integration/parsing.rs:211:30
    |
211 |               let mut parsed = Parsed::new();
    |                                ^^^^^^ use of undeclared type `Parsed`
...
423 | /     parse_component!(
424 | |         Component::Subsecond(modifier::Subsecond {
425 | |             digits: modifier::SubsecondDigits::OneOrMore
426 | |         }),
427 | |         b"123456789",
428 | |         _.subsecond == Some(123_456_789)
429 | |     );
    | |______- in this macro invocation
    |
    = note: this error originates in a macro (in Nightly builds, run with -Z macro-backtrace for more info)

error[E0433]: failed to resolve: use of undeclared crate or module `modifier`
   --> tests/integration/parsing.rs:424:30
    |
424 |         Component::Subsecond(modifier::Subsecond {
    |                              ^^^^^^^^ use of undeclared crate or module `modifier`

error[E0433]: failed to resolve: use of undeclared crate or module `modifier`
   --> tests/integration/parsing.rs:425:21
    |
425 |             digits: modifier::SubsecondDigits::OneOrMore
    |                     ^^^^^^^^ use of undeclared crate or module `modifier`

error[E0433]: failed to resolve: use of undeclared type `Time`
 --> tests/integration/serde.rs:8:10
  |
8 |         &Time::MIDNIGHT.compact(),
  |          ^^^^ use of undeclared type `Time`

error[E0433]: failed to resolve: use of undeclared type `Time`
  --> tests/integration/serde.rs:42:10
   |
42 |         &Time::MIDNIGHT.readable(),
   |          ^^^^ use of undeclared type `Time`

error[E0433]: failed to resolve: use of undeclared type `Duration`
   --> tests/integration/serde.rs:228:10
    |
228 |         &Duration::MIN.compact(),
    |          ^^^^^^^^ use of undeclared type `Duration`

error[E0433]: failed to resolve: use of undeclared type `Duration`
   --> tests/integration/serde.rs:237:10
    |
237 |         &Duration::MAX.compact(),
    |          ^^^^^^^^ use of undeclared type `Duration`

error[E0433]: failed to resolve: use of undeclared type `Duration`
   --> tests/integration/serde.rs:247:10
    |
247 |         &Duration::MIN.readable(),
    |          ^^^^^^^^ use of undeclared type `Duration`

error[E0433]: failed to resolve: use of undeclared type `Duration`
   --> tests/integration/serde.rs:251:10
    |
251 |         &Duration::MAX.readable(),
    |          ^^^^^^^^ use of undeclared type `Duration`

error[E0433]: failed to resolve: use of undeclared type `Duration`
   --> tests/integration/serde.rs:255:10
    |
255 |         &Duration::ZERO.readable(),
    |          ^^^^^^^^ use of undeclared type `Duration`

error[E0433]: failed to resolve: use of undeclared type `Weekday`
   --> tests/integration/serde.rs:274:20
    |
274 |     assert_tokens(&Weekday::Monday.compact(), &[Token::U8(1)]);
    |                    ^^^^^^^ use of undeclared type `Weekday`

error[E0433]: failed to resolve: use of undeclared type `Weekday`
   --> tests/integration/serde.rs:275:20
    |
275 |     assert_tokens(&Weekday::Tuesday.compact(), &[Token::U8(2)]);
    |                    ^^^^^^^ use of undeclared type `Weekday`

error[E0433]: failed to resolve: use of undeclared type `Weekday`
   --> tests/integration/serde.rs:276:20
    |
276 |     assert_tokens(&Weekday::Wednesday.compact(), &[Token::U8(3)]);
    |                    ^^^^^^^ use of undeclared type `Weekday`

error[E0433]: failed to resolve: use of undeclared type `Weekday`
   --> tests/integration/serde.rs:277:20
    |
277 |     assert_tokens(&Weekday::Thursday.compact(), &[Token::U8(4)]);
    |                    ^^^^^^^ use of undeclared type `Weekday`

error[E0433]: failed to resolve: use of undeclared type `Weekday`
   --> tests/integration/serde.rs:278:20
    |
278 |     assert_tokens(&Weekday::Friday.compact(), &[Token::U8(5)]);
    |                    ^^^^^^^ use of undeclared type `Weekday`

error[E0433]: failed to resolve: use of undeclared type `Weekday`
   --> tests/integration/serde.rs:279:20
    |
279 |     assert_tokens(&Weekday::Saturday.compact(), &[Token::U8(6)]);
    |                    ^^^^^^^ use of undeclared type `Weekday`

error[E0433]: failed to resolve: use of undeclared type `Weekday`
   --> tests/integration/serde.rs:280:20
    |
280 |     assert_tokens(&Weekday::Sunday.compact(), &[Token::U8(7)]);
    |                    ^^^^^^^ use of undeclared type `Weekday`

error[E0433]: failed to resolve: use of undeclared type `Weekday`
   --> tests/integration/serde.rs:286:20
    |
286 |     assert_tokens(&Weekday::Monday.readable(), &[Token::BorrowedStr("Monday")]);
    |                    ^^^^^^^ use of undeclared type `Weekday`

error[E0433]: failed to resolve: use of undeclared type `Weekday`
   --> tests/integration/serde.rs:288:10
    |
288 |         &Weekday::Tuesday.readable(),
    |          ^^^^^^^ use of undeclared type `Weekday`

error[E0433]: failed to resolve: use of undeclared type `Weekday`
   --> tests/integration/serde.rs:292:10
    |
292 |         &Weekday::Wednesday.readable(),
    |          ^^^^^^^ use of undeclared type `Weekday`

error[E0433]: failed to resolve: use of undeclared type `Weekday`
   --> tests/integration/serde.rs:296:10
    |
296 |         &Weekday::Thursday.readable(),
    |          ^^^^^^^ use of undeclared type `Weekday`

error[E0433]: failed to resolve: use of undeclared type `Weekday`
   --> tests/integration/serde.rs:299:20
    |
299 |     assert_tokens(&Weekday::Friday.readable(), &[Token::BorrowedStr("Friday")]);
    |                    ^^^^^^^ use of undeclared type `Weekday`

error[E0433]: failed to resolve: use of undeclared type `Weekday`
   --> tests/integration/serde.rs:301:10
    |
301 |         &Weekday::Saturday.readable(),
    |          ^^^^^^^ use of undeclared type `Weekday`

error[E0433]: failed to resolve: use of undeclared type `Weekday`
   --> tests/integration/serde.rs:304:20
    |
304 |     assert_tokens(&Weekday::Sunday.readable(), &[Token::BorrowedStr("Sunday")]);
    |                    ^^^^^^^ use of undeclared type `Weekday`

error[E0433]: failed to resolve: use of undeclared type `Date`
   --> tests/integration/date.rs:431:13
    |
431 |     assert!(Date::from_iso_week_date(2019, 1, Monday).is_ok());
    |             ^^^^ not found in this scope
    |
help: consider importing one of these items
    |
1   | use crate::rand::Date;
    |
1   | use time::Date;
    |

error[E0425]: cannot find value `Monday` in this scope
   --> tests/integration/date.rs:431:47
    |
431 |     assert!(Date::from_iso_week_date(2019, 1, Monday).is_ok());
    |                                               ^^^^^^ not found in this scope
    |
help: consider importing one of these items
    |
1   | use crate::rand::Weekday::Monday;
    |
1   | use time::Weekday::Monday;
    |

error[E0433]: failed to resolve: use of undeclared type `Date`
   --> tests/integration/date.rs:432:13
    |
432 |     assert!(Date::from_iso_week_date(2019, 1, Tuesday).is_ok());
    |             ^^^^ not found in this scope
    |
help: consider importing one of these items
    |
1   | use crate::rand::Date;
    |
1   | use time::Date;
    |

error[E0425]: cannot find value `Tuesday` in this scope
   --> tests/integration/date.rs:432:47
    |
432 |     assert!(Date::from_iso_week_date(2019, 1, Tuesday).is_ok());
    |                                               ^^^^^^^ not found in this scope
    |
help: consider importing one of these items
    |
1   | use crate::rand::Weekday::Tuesday;
    |
1   | use time::Weekday::Tuesday;
    |

error[E0433]: failed to resolve: use of undeclared type `Date`
   --> tests/integration/date.rs:433:13
    |
433 |     assert!(Date::from_iso_week_date(2020, 53, Friday).is_ok());
    |             ^^^^ not found in this scope
    |
help: consider importing one of these items
    |
1   | use crate::rand::Date;
    |
1   | use time::Date;
    |

error[E0425]: cannot find value `Friday` in this scope
   --> tests/integration/date.rs:433:48
    |
433 |     assert!(Date::from_iso_week_date(2020, 53, Friday).is_ok());
    |                                                ^^^^^^ not found in this scope
    |
help: consider importing one of these items
    |
1   | use crate::rand::Weekday::Friday;
    |
1   | use time::Weekday::Friday;
    |

error[E0433]: failed to resolve: use of undeclared type `Date`
   --> tests/integration/date.rs:434:13
    |
434 |     assert!(Date::from_iso_week_date(-9999, 1, Monday).is_ok());
    |             ^^^^ not found in this scope
    |
help: consider importing one of these items
    |
1   | use crate::rand::Date;
    |
1   | use time::Date;
    |

error[E0425]: cannot find value `Monday` in this scope
   --> tests/integration/date.rs:434:48
    |
434 |     assert!(Date::from_iso_week_date(-9999, 1, Monday).is_ok());
    |                                                ^^^^^^ not found in this scope
    |
help: consider importing one of these items
    |
1   | use crate::rand::Weekday::Monday;
    |
1   | use time::Weekday::Monday;
    |

error[E0433]: failed to resolve: use of undeclared type `Date`
   --> tests/integration/date.rs:436:13
    |
436 |     assert!(Date::from_iso_week_date(2019, 53, Monday).is_err());
    |             ^^^^ not found in this scope
    |
help: consider importing one of these items
    |
1   | use crate::rand::Date;
    |
1   | use time::Date;
    |

error[E0425]: cannot find value `Monday` in this scope
   --> tests/integration/date.rs:436:48
    |
436 |     assert!(Date::from_iso_week_date(2019, 53, Monday).is_err());
    |                                                ^^^^^^ not found in this scope
    |
help: consider importing one of these items
    |
1   | use crate::rand::Weekday::Monday;
    |
1   | use time::Weekday::Monday;
    |

error[E0425]: cannot find value `Tuesday` in this scope
   --> tests/integration/date.rs:494:66
    |
494 |     assert_eq!(date!("2019-01-01").to_iso_week_date(), (2019, 1, Tuesday));
    |                                                                  ^^^^^^^ not found in this scope
    |
help: consider importing one of these items
    |
1   | use crate::rand::Weekday::Tuesday;
    |
1   | use time::Weekday::Tuesday;
    |

error[E0425]: cannot find value `Friday` in this scope
   --> tests/integration/date.rs:495:67
    |
495 |     assert_eq!(date!("2019-10-04").to_iso_week_date(), (2019, 40, Friday));
    |                                                                   ^^^^^^ not found in this scope
    |
help: consider importing one of these items
    |
1   | use crate::rand::Weekday::Friday;
    |
1   | use time::Weekday::Friday;
    |

error[E0425]: cannot find value `Wednesday` in this scope
   --> tests/integration/date.rs:496:66
    |
496 |     assert_eq!(date!("2020-01-01").to_iso_week_date(), (2020, 1, Wednesday));
    |                                                                  ^^^^^^^^^ not found in this scope
    |
help: consider importing one of these items
    |
1   | use crate::rand::Weekday::Wednesday;
    |
1   | use time::Weekday::Wednesday;
    |

error[E0425]: cannot find value `Thursday` in this scope
   --> tests/integration/date.rs:497:67
    |
497 |     assert_eq!(date!("2020-12-31").to_iso_week_date(), (2020, 53, Thursday));
    |                                                                   ^^^^^^^^ not found in this scope
    |
help: consider importing one of these items
    |
1   | use crate::rand::Weekday::Thursday;
    |
1   | use time::Weekday::Thursday;
    |

error[E0425]: cannot find value `Friday` in this scope
   --> tests/integration/date.rs:498:67
    |
498 |     assert_eq!(date!("2021-01-01").to_iso_week_date(), (2020, 53, Friday));
    |                                                                   ^^^^^^ not found in this scope
    |
help: consider importing one of these items
    |
1   | use crate::rand::Weekday::Friday;
    |
1   | use time::Weekday::Friday;
    |

error[E0425]: cannot find value `Tuesday` in this scope
   --> tests/integration/date.rs:504:47
    |
504 |     assert_eq!(date!("2019-01-01").weekday(), Tuesday);
    |                                               ^^^^^^^ not found in this scope
    |
help: consider importing one of these items
    |
1   | use crate::rand::Weekday::Tuesday;
    |
1   | use time::Weekday::Tuesday;
    |

error[E0425]: cannot find value `Friday` in this scope
   --> tests/integration/date.rs:505:47
    |
505 |     assert_eq!(date!("2019-02-01").weekday(), Friday);
    |                                               ^^^^^^ not found in this scope
    |
help: consider importing one of these items
    |
1   | use crate::rand::Weekday::Friday;
    |
1   | use time::Weekday::Friday;
    |

error[E0425]: cannot find value `Friday` in this scope
   --> tests/integration/date.rs:506:47
    |
506 |     assert_eq!(date!("2019-03-01").weekday(), Friday);
    |                                               ^^^^^^ not found in this scope
    |
help: consider importing one of these items
    |
1   | use crate::rand::Weekday::Friday;
    |
1   | use time::Weekday::Friday;
    |

error[E0425]: cannot find value `Monday` in this scope
   --> tests/integration/date.rs:507:47
    |
507 |     assert_eq!(date!("2019-04-01").weekday(), Monday);
    |                                               ^^^^^^ not found in this scope
    |
help: consider importing one of these items
    |
1   | use crate::rand::Weekday::Monday;
    |
1   | use time::Weekday::Monday;
    |

error[E0425]: cannot find value `Wednesday` in this scope
   --> tests/integration/date.rs:508:47
    |
508 |     assert_eq!(date!("2019-05-01").weekday(), Wednesday);
    |                                               ^^^^^^^^^ not found in this scope
    |
help: consider importing one of these items
    |
1   | use crate::rand::Weekday::Wednesday;
    |
1   | use time::Weekday::Wednesday;
    |

error[E0425]: cannot find value `Saturday` in this scope
   --> tests/integration/date.rs:509:47
    |
509 |     assert_eq!(date!("2019-06-01").weekday(), Saturday);
    |                                               ^^^^^^^^ not found in this scope
    |
help: consider importing one of these items
    |
1   | use crate::rand::Weekday::Saturday;
    |
1   | use time::Weekday::Saturday;
    |

error[E0425]: cannot find value `Monday` in this scope
   --> tests/integration/date.rs:510:47
    |
510 |     assert_eq!(date!("2019-07-01").weekday(), Monday);
    |                                               ^^^^^^ not found in this scope
    |
help: consider importing one of these items
    |
1   | use crate::rand::Weekday::Monday;
    |
1   | use time::Weekday::Monday;
    |

error[E0425]: cannot find value `Thursday` in this scope
   --> tests/integration/date.rs:511:47
    |
511 |     assert_eq!(date!("2019-08-01").weekday(), Thursday);
    |                                               ^^^^^^^^ not found in this scope
    |
help: consider importing one of these items
    |
1   | use crate::rand::Weekday::Thursday;
    |
1   | use time::Weekday::Thursday;
    |

error[E0425]: cannot find value `Sunday` in this scope
   --> tests/integration/date.rs:512:47
    |
512 |     assert_eq!(date!("2019-09-01").weekday(), Sunday);
    |                                               ^^^^^^ not found in this scope
    |
help: consider importing one of these items
    |
1   | use crate::rand::Weekday::Sunday;
    |
1   | use time::Weekday::Sunday;
    |

error[E0425]: cannot find value `Tuesday` in this scope
   --> tests/integration/date.rs:513:47
    |
513 |     assert_eq!(date!("2019-10-01").weekday(), Tuesday);
    |                                               ^^^^^^^ not found in this scope
    |
help: consider importing one of these items
    |
1   | use crate::rand::Weekday::Tuesday;
    |
1   | use time::Weekday::Tuesday;
    |

error[E0425]: cannot find value `Friday` in this scope
   --> tests/integration/date.rs:514:47
    |
514 |     assert_eq!(date!("2019-11-01").weekday(), Friday);
    |                                               ^^^^^^ not found in this scope
    |
help: consider importing one of these items
    |
1   | use crate::rand::Weekday::Friday;
    |
1   | use time::Weekday::Friday;
    |

error[E0425]: cannot find value `Sunday` in this scope
   --> tests/integration/date.rs:515:47
    |
515 |     assert_eq!(date!("2019-12-01").weekday(), Sunday);
    |                                               ^^^^^^ not found in this scope
    |
help: consider importing one of these items
    |
1   | use crate::rand::Weekday::Sunday;
    |
1   | use time::Weekday::Sunday;
    |

error[E0433]: failed to resolve: use of undeclared type `Date`
   --> tests/integration/date.rs:561:9
    |
561 |         Date::from_julian_day(-363_521_074),
    |         ^^^^ not found in this scope
    |
help: consider importing one of these items
    |
1   | use crate::rand::Date;
    |
1   | use time::Date;
    |

error[E0433]: failed to resolve: use of undeclared type `Date`
   --> tests/integration/date.rs:564:16
    |
564 |     assert_eq!(Date::from_julian_day(-1_930_999), Ok(date!("-9999-01-01")));
    |                ^^^^ not found in this scope
    |
help: consider importing one of these items
    |
1   | use crate::rand::Date;
    |
1   | use time::Date;
    |

error[E0433]: failed to resolve: use of undeclared type `Date`
   --> tests/integration/date.rs:565:16
    |
565 |     assert_eq!(Date::from_julian_day(0), Ok(date!("-4713-11-24")));
    |                ^^^^ not found in this scope
    |
help: consider importing one of these items
    |
1   | use crate::rand::Date;
    |
1   | use time::Date;
    |

error[E0433]: failed to resolve: use of undeclared type `Date`
   --> tests/integration/date.rs:566:16
    |
566 |     assert_eq!(Date::from_julian_day(2_451_545), Ok(date!("2000-01-01")));
    |                ^^^^ not found in this scope
    |
help: consider importing one of these items
    |
1   | use crate::rand::Date;
    |
1   | use time::Date;
    |

error[E0433]: failed to resolve: use of undeclared type `Date`
   --> tests/integration/date.rs:567:16
    |
567 |     assert_eq!(Date::from_julian_day(2_458_485), Ok(date!("2019-01-01")));
    |                ^^^^ not found in this scope
    |
help: consider importing one of these items
    |
1   | use crate::rand::Date;
    |
1   | use time::Date;
    |

error[E0433]: failed to resolve: use of undeclared type `Date`
   --> tests/integration/date.rs:568:16
    |
568 |     assert_eq!(Date::from_julian_day(2_458_849), Ok(date!("2019-12-31")));
    |                ^^^^ not found in this scope
    |
help: consider importing one of these items
    |
1   | use crate::rand::Date;
    |
1   | use time::Date;
    |

error[E0433]: failed to resolve: use of undeclared type `Date`
   --> tests/integration/date.rs:569:13
    |
569 |     assert!(Date::from_julian_day(i32::MAX).is_err());
    |             ^^^^ not found in this scope
    |
help: consider importing one of these items
    |
1   | use crate::rand::Date;
    |
1   | use time::Date;
    |

error[E0425]: cannot find value `Rfc3339` in this scope
  --> tests/integration/formatting.rs:10:54
   |
10 |         datetime!("2021-01-02 03:04:05 UTC").format(&Rfc3339)?,
   |                                                      ^^^^^^^ not found in this scope

error[E0425]: cannot find value `Rfc3339` in this scope
  --> tests/integration/formatting.rs:14:56
   |
14 |         datetime!("2021-01-02 03:04:05.1 UTC").format(&Rfc3339)?,
   |                                                        ^^^^^^^ not found in this scope

error[E0425]: cannot find value `Rfc3339` in this scope
  --> tests/integration/formatting.rs:18:57
   |
18 |         datetime!("2021-01-02 03:04:05.12 UTC").format(&Rfc3339)?,
   |                                                         ^^^^^^^ not found in this scope

error[E0425]: cannot find value `Rfc3339` in this scope
  --> tests/integration/formatting.rs:22:58
   |
22 |         datetime!("2021-01-02 03:04:05.123 UTC").format(&Rfc3339)?,
   |                                                          ^^^^^^^ not found in this scope

error[E0425]: cannot find value `Rfc3339` in this scope
  --> tests/integration/formatting.rs:26:60
   |
26 |         datetime!("2021-01-02 03:04:05.123_4 UTC").format(&Rfc3339)?,
   |                                                            ^^^^^^^ not found in this scope

error[E0425]: cannot find value `Rfc3339` in this scope
  --> tests/integration/formatting.rs:30:61
   |
30 |         datetime!("2021-01-02 03:04:05.123_45 UTC").format(&Rfc3339)?,
   |                                                             ^^^^^^^ not found in this scope

error[E0425]: cannot find value `Rfc3339` in this scope
  --> tests/integration/formatting.rs:34:62
   |
34 |         datetime!("2021-01-02 03:04:05.123_456 UTC").format(&Rfc3339)?,
   |                                                              ^^^^^^^ not found in this scope

error[E0425]: cannot find value `Rfc3339` in this scope
  --> tests/integration/formatting.rs:38:64
   |
38 |         datetime!("2021-01-02 03:04:05.123_456_7 UTC").format(&Rfc3339)?,
   |                                                                ^^^^^^^ not found in this scope

error[E0425]: cannot find value `Rfc3339` in this scope
  --> tests/integration/formatting.rs:42:65
   |
42 |         datetime!("2021-01-02 03:04:05.123_456_78 UTC").format(&Rfc3339)?,
   |                                                                 ^^^^^^^ not found in this scope

error[E0425]: cannot find value `Rfc3339` in this scope
  --> tests/integration/formatting.rs:46:66
   |
46 |         datetime!("2021-01-02 03:04:05.123_456_789 UTC").format(&Rfc3339)?,
   |                                                                  ^^^^^^^ not found in this scope

error[E0425]: cannot find value `Rfc3339` in this scope
  --> tests/integration/formatting.rs:50:69
   |
50 |         datetime!("2021-01-02 03:04:05.123_456_789 -01:02").format(&Rfc3339)?,
   |                                                                     ^^^^^^^ not found in this scope

error[E0425]: cannot find value `Rfc3339` in this scope
  --> tests/integration/formatting.rs:54:69
   |
54 |         datetime!("2021-01-02 03:04:05.123_456_789 +01:02").format(&Rfc3339)?,
   |                                                                     ^^^^^^^ not found in this scope

error[E0425]: cannot find value `Rfc3339` in this scope
  --> tests/integration/formatting.rs:59:51
   |
59 |         datetime!("-0001-01-01 0:00 UTC").format(&Rfc3339),
   |                                                   ^^^^^^^ not found in this scope

error[E0425]: cannot find value `Rfc3339` in this scope
  --> tests/integration/formatting.rs:63:56
   |
63 |         datetime!("0000-01-01 0:00 +00:00:01").format(&Rfc3339),
   |                                                        ^^^^^^^ not found in this scope

error[E0433]: failed to resolve: use of undeclared type `OffsetDateTime`
  --> tests/integration/offset_date_time.rs:10:13
   |
10 |     assert!(OffsetDateTime::now_utc().year() >= 2019);
   |             ^^^^^^^^^^^^^^ not found in this scope
   |
help: consider importing one of these items
   |
1  | use crate::utc_offset::OffsetDateTime;
   |
1  | use time::OffsetDateTime;
   |

error[E0433]: failed to resolve: use of undeclared type `OffsetDateTime`
  --> tests/integration/offset_date_time.rs:11:16
   |
11 |     assert_eq!(OffsetDateTime::now_utc().offset(), offset!("UTC"));
   |                ^^^^^^^^^^^^^^ not found in this scope
   |
help: consider importing one of these items
   |
1  | use crate::utc_offset::OffsetDateTime;
   |
1  | use time::OffsetDateTime;
   |

error[E0433]: failed to resolve: use of undeclared type `OffsetDateTime`
  --> tests/integration/offset_date_time.rs:21:13
   |
21 |     let _ = OffsetDateTime::now_local();
   |             ^^^^^^^^^^^^^^ not found in this scope
   |
help: consider importing one of these items
   |
1  | use crate::utc_offset::OffsetDateTime;
   |
1  | use time::OffsetDateTime;
   |

error[E0433]: failed to resolve: use of undeclared type `OffsetDateTime`
  --> tests/integration/offset_date_time.rs:47:9
   |
47 |         OffsetDateTime::from_unix_timestamp(0),
   |         ^^^^^^^^^^^^^^ not found in this scope
   |
help: consider importing one of these items
   |
1  | use crate::utc_offset::OffsetDateTime;
   |
1  | use time::OffsetDateTime;
   |

error[E0433]: failed to resolve: use of undeclared type `OffsetDateTime`
  --> tests/integration/offset_date_time.rs:51:9
   |
51 |         OffsetDateTime::from_unix_timestamp(1_546_300_800),
   |         ^^^^^^^^^^^^^^ not found in this scope
   |
help: consider importing one of these items
   |
1  | use crate::utc_offset::OffsetDateTime;
   |
1  | use time::OffsetDateTime;
   |

error[E0433]: failed to resolve: use of undeclared type `OffsetDateTime`
  --> tests/integration/offset_date_time.rs:59:9
   |
59 |         OffsetDateTime::from_unix_timestamp_nanos(0),
   |         ^^^^^^^^^^^^^^ not found in this scope
   |
help: consider importing one of these items
   |
1  | use crate::utc_offset::OffsetDateTime;
   |
1  | use time::OffsetDateTime;
   |

error[E0433]: failed to resolve: use of undeclared type `OffsetDateTime`
  --> tests/integration/offset_date_time.rs:63:9
   |
63 |         OffsetDateTime::from_unix_timestamp_nanos(1_546_300_800_000_000_000),
   |         ^^^^^^^^^^^^^^ not found in this scope
   |
help: consider importing one of these items
   |
1  | use crate::utc_offset::OffsetDateTime;
   |
1  | use time::OffsetDateTime;
   |

error[E0425]: cannot find value `Tuesday` in this scope
   --> tests/integration/offset_date_time.rs:215:19
    |
215 |         (2019, 1, Tuesday)
    |                   ^^^^^^^ not found in this scope
    |
help: consider importing one of these items
    |
1   | use crate::rand::Weekday::Tuesday;
    |
1   | use time::Weekday::Tuesday;
    |

error[E0425]: cannot find value `Friday` in this scope
   --> tests/integration/offset_date_time.rs:219:20
    |
219 |         (2019, 40, Friday)
    |                    ^^^^^^ not found in this scope
    |
help: consider importing one of these items
    |
1   | use crate::rand::Weekday::Friday;
    |
1   | use time::Weekday::Friday;
    |

error[E0425]: cannot find value `Wednesday` in this scope
   --> tests/integration/offset_date_time.rs:223:19
    |
223 |         (2020, 1, Wednesday)
    |                   ^^^^^^^^^ not found in this scope
    |
help: consider importing one of these items
    |
1   | use crate::rand::Weekday::Wednesday;
    |
1   | use time::Weekday::Wednesday;
    |

error[E0425]: cannot find value `Thursday` in this scope
   --> tests/integration/offset_date_time.rs:227:20
    |
227 |         (2020, 53, Thursday)
    |                    ^^^^^^^^ not found in this scope
    |
help: consider importing one of these items
    |
1   | use crate::rand::Weekday::Thursday;
    |
1   | use time::Weekday::Thursday;
    |

error[E0425]: cannot find value `Friday` in this scope
   --> tests/integration/offset_date_time.rs:231:20
    |
231 |         (2020, 53, Friday)
    |                    ^^^^^^ not found in this scope
    |
help: consider importing one of these items
    |
1   | use crate::rand::Weekday::Friday;
    |
1   | use time::Weekday::Friday;
    |

error[E0425]: cannot find value `Tuesday` in this scope
   --> tests/integration/offset_date_time.rs:238:60
    |
238 |     assert_eq!(datetime!("2019-01-01 0:00 UTC").weekday(), Tuesday);
    |                                                            ^^^^^^^ not found in this scope
    |
help: consider importing one of these items
    |
1   | use crate::rand::Weekday::Tuesday;
    |
1   | use time::Weekday::Tuesday;
    |

error[E0425]: cannot find value `Friday` in this scope
   --> tests/integration/offset_date_time.rs:239:60
    |
239 |     assert_eq!(datetime!("2019-02-01 0:00 UTC").weekday(), Friday);
    |                                                            ^^^^^^ not found in this scope
    |
help: consider importing one of these items
    |
1   | use crate::rand::Weekday::Friday;
    |
1   | use time::Weekday::Friday;
    |

error[E0425]: cannot find value `Friday` in this scope
   --> tests/integration/offset_date_time.rs:240:60
    |
240 |     assert_eq!(datetime!("2019-03-01 0:00 UTC").weekday(), Friday);
    |                                                            ^^^^^^ not found in this scope
    |
help: consider importing one of these items
    |
1   | use crate::rand::Weekday::Friday;
    |
1   | use time::Weekday::Friday;
    |

error[E0433]: failed to resolve: use of undeclared type `OffsetDateTime`
   --> tests/integration/offset_date_time.rs:784:24
    |
784 |     let now_datetime = OffsetDateTime::now_utc();
    |                        ^^^^^^^^^^^^^^ not found in this scope
    |
help: consider importing one of these items
    |
1   | use crate::utc_offset::OffsetDateTime;
    |
1   | use time::OffsetDateTime;
    |

error[E0433]: failed to resolve: use of undeclared type `OffsetDateTime`
   --> tests/integration/offset_date_time.rs:791:24
    |
791 |     let now_datetime = OffsetDateTime::now_utc();
    |                        ^^^^^^^^^^^^^^ not found in this scope
    |
help: consider importing one of these items
    |
1   | use crate::utc_offset::OffsetDateTime;
    |
1   | use time::OffsetDateTime;
    |

error[E0433]: failed to resolve: use of undeclared type `OffsetDateTime`
   --> tests/integration/offset_date_time.rs:879:9
    |
879 |         OffsetDateTime::from(SystemTime::UNIX_EPOCH),
    |         ^^^^^^^^^^^^^^ not found in this scope
    |
help: consider importing one of these items
    |
1   | use crate::utc_offset::OffsetDateTime;
    |
1   | use time::OffsetDateTime;
    |

error[E0433]: failed to resolve: use of undeclared type `OffsetDateTime`
   --> tests/integration/offset_date_time.rs:883:9
    |
883 |         OffsetDateTime::from(SystemTime::UNIX_EPOCH - 1.std_days()),
    |         ^^^^^^^^^^^^^^ not found in this scope
    |
help: consider importing one of these items
    |
1   | use crate::utc_offset::OffsetDateTime;
    |
1   | use time::OffsetDateTime;
    |

error[E0433]: failed to resolve: use of undeclared type `OffsetDateTime`
   --> tests/integration/offset_date_time.rs:887:9
    |
887 |         OffsetDateTime::from(SystemTime::UNIX_EPOCH + 1.std_days()),
    |         ^^^^^^^^^^^^^^ not found in this scope
    |
help: consider importing one of these items
    |
1   | use crate::utc_offset::OffsetDateTime;
    |
1   | use time::OffsetDateTime;
    |

error[E0412]: cannot find type `Padding` in this scope
 --> tests/integration/parse_format_description.rs:6:37
  |
6 |     pub(super) fn padding() -> Vec<(Padding, &'static str)> {
  |                          -          ^^^^^^^ not found in this scope
  |                          |
  |                          help: you might be missing a type parameter: `<Padding>`

error[E0412]: cannot find type `MonthRepr` in this scope
  --> tests/integration/parse_format_description.rs:22:40
   |
22 |     pub(super) fn month_repr() -> Vec<(MonthRepr, &'static str)> {
   |                             -          ^^^^^^^^^ not found in this scope
   |                             |
   |                             help: you might be missing a type parameter: `<MonthRepr>`

error[E0412]: cannot find type `SubsecondDigits` in this scope
  --> tests/integration/parse_format_description.rs:30:46
   |
30 |     pub(super) fn subsecond_digits() -> Vec<(SubsecondDigits, &'static str)> {
   |                                   -          ^^^^^^^^^^^^^^^ not found in this scope
   |                                   |
   |                                   help: you might be missing a type parameter: `<SubsecondDigits>`

error[E0412]: cannot find type `WeekdayRepr` in this scope
  --> tests/integration/parse_format_description.rs:45:42
   |
45 |     pub(super) fn weekday_repr() -> Vec<(WeekdayRepr, &'static str)> {
   |                               -          ^^^^^^^^^^^ not found in this scope
   |                               |
   |                               help: you might be missing a type parameter: `<WeekdayRepr>`

error[E0412]: cannot find type `WeekNumberRepr` in this scope
  --> tests/integration/parse_format_description.rs:54:46
   |
54 |     pub(super) fn week_number_repr() -> Vec<(WeekNumberRepr, &'static str)> {
   |                                   -          ^^^^^^^^^^^^^^ not found in this scope
   |                                   |
   |                                   help: you might be missing a type parameter: `<WeekNumberRepr>`

error[E0412]: cannot find type `YearRepr` in this scope
  --> tests/integration/parse_format_description.rs:62:39
   |
62 |     pub(super) fn year_repr() -> Vec<(YearRepr, &'static str)> {
   |                            -          ^^^^^^^^ not found in this scope
   |                            |
   |                            help: you might be missing a type parameter: `<YearRepr>`

error[E0433]: failed to resolve: use of undeclared type `OffsetDateTime`
  --> tests/integration/parsing.rs:12:9
   |
12 |         OffsetDateTime::parse("2021-01-02T03:04:05Z", &Rfc3339)?,
   |         ^^^^^^^^^^^^^^ not found in this scope
   |
help: consider importing one of these items
   |
1  | use crate::utc_offset::OffsetDateTime;
   |
1  | use time::OffsetDateTime;
   |

error[E0425]: cannot find value `Rfc3339` in this scope
  --> tests/integration/parsing.rs:12:56
   |
12 |         OffsetDateTime::parse("2021-01-02T03:04:05Z", &Rfc3339)?,
   |                                                        ^^^^^^^ not found in this scope

error[E0433]: failed to resolve: use of undeclared type `OffsetDateTime`
  --> tests/integration/parsing.rs:16:9
   |
16 |         OffsetDateTime::parse("2021-01-02T03:04:05.1Z", &Rfc3339)?,
   |         ^^^^^^^^^^^^^^ not found in this scope
   |
help: consider importing one of these items
   |
1  | use crate::utc_offset::OffsetDateTime;
   |
1  | use time::OffsetDateTime;
   |

error[E0425]: cannot find value `Rfc3339` in this scope
  --> tests/integration/parsing.rs:16:58
   |
16 |         OffsetDateTime::parse("2021-01-02T03:04:05.1Z", &Rfc3339)?,
   |                                                          ^^^^^^^ not found in this scope

error[E0433]: failed to resolve: use of undeclared type `OffsetDateTime`
  --> tests/integration/parsing.rs:20:9
   |
20 |         OffsetDateTime::parse("2021-01-02T03:04:05.12Z", &Rfc3339)?,
   |         ^^^^^^^^^^^^^^ not found in this scope
   |
help: consider importing one of these items
   |
1  | use crate::utc_offset::OffsetDateTime;
   |
1  | use time::OffsetDateTime;
   |

error[E0425]: cannot find value `Rfc3339` in this scope
  --> tests/integration/parsing.rs:20:59
   |
20 |         OffsetDateTime::parse("2021-01-02T03:04:05.12Z", &Rfc3339)?,
   |                                                           ^^^^^^^ not found in this scope

error[E0433]: failed to resolve: use of undeclared type `OffsetDateTime`
  --> tests/integration/parsing.rs:24:9
   |
24 |         OffsetDateTime::parse("2021-01-02T03:04:05.123Z", &Rfc3339)?,
   |         ^^^^^^^^^^^^^^ not found in this scope
   |
help: consider importing one of these items
   |
1  | use crate::utc_offset::OffsetDateTime;
   |
1  | use time::OffsetDateTime;
   |

error[E0425]: cannot find value `Rfc3339` in this scope
  --> tests/integration/parsing.rs:24:60
   |
24 |         OffsetDateTime::parse("2021-01-02T03:04:05.123Z", &Rfc3339)?,
   |                                                            ^^^^^^^ not found in this scope

error[E0433]: failed to resolve: use of undeclared type `OffsetDateTime`
  --> tests/integration/parsing.rs:28:9
   |
28 |         OffsetDateTime::parse("2021-01-02T03:04:05.1234Z", &Rfc3339)?,
   |         ^^^^^^^^^^^^^^ not found in this scope
   |
help: consider importing one of these items
   |
1  | use crate::utc_offset::OffsetDateTime;
   |
1  | use time::OffsetDateTime;
   |

error[E0425]: cannot find value `Rfc3339` in this scope
  --> tests/integration/parsing.rs:28:61
   |
28 |         OffsetDateTime::parse("2021-01-02T03:04:05.1234Z", &Rfc3339)?,
   |                                                             ^^^^^^^ not found in this scope

error[E0433]: failed to resolve: use of undeclared type `OffsetDateTime`
  --> tests/integration/parsing.rs:32:9
   |
32 |         OffsetDateTime::parse("2021-01-02T03:04:05.12345Z", &Rfc3339)?,
   |         ^^^^^^^^^^^^^^ not found in this scope
   |
help: consider importing one of these items
   |
1  | use crate::utc_offset::OffsetDateTime;
   |
1  | use time::OffsetDateTime;
   |

error[E0425]: cannot find value `Rfc3339` in this scope
  --> tests/integration/parsing.rs:32:62
   |
32 |         OffsetDateTime::parse("2021-01-02T03:04:05.12345Z", &Rfc3339)?,
   |                                                              ^^^^^^^ not found in this scope

error[E0433]: failed to resolve: use of undeclared type `OffsetDateTime`
  --> tests/integration/parsing.rs:36:9
   |
36 |         OffsetDateTime::parse("2021-01-02T03:04:05.123456Z", &Rfc3339)?,
   |         ^^^^^^^^^^^^^^ not found in this scope
   |
help: consider importing one of these items
   |
1  | use crate::utc_offset::OffsetDateTime;
   |
1  | use time::OffsetDateTime;
   |

error[E0425]: cannot find value `Rfc3339` in this scope
  --> tests/integration/parsing.rs:36:63
   |
36 |         OffsetDateTime::parse("2021-01-02T03:04:05.123456Z", &Rfc3339)?,
   |                                                               ^^^^^^^ not found in this scope

error[E0433]: failed to resolve: use of undeclared type `OffsetDateTime`
  --> tests/integration/parsing.rs:40:9
   |
40 |         OffsetDateTime::parse("2021-01-02T03:04:05.1234567Z", &Rfc3339)?,
   |         ^^^^^^^^^^^^^^ not found in this scope
   |
help: consider importing one of these items
   |
1  | use crate::utc_offset::OffsetDateTime;
   |
1  | use time::OffsetDateTime;
   |

error[E0425]: cannot find value `Rfc3339` in this scope
  --> tests/integration/parsing.rs:40:64
   |
40 |         OffsetDateTime::parse("2021-01-02T03:04:05.1234567Z", &Rfc3339)?,
   |                                                                ^^^^^^^ not found in this scope

error[E0433]: failed to resolve: use of undeclared type `OffsetDateTime`
  --> tests/integration/parsing.rs:44:9
   |
44 |         OffsetDateTime::parse("2021-01-02T03:04:05.12345678Z", &Rfc3339)?,
   |         ^^^^^^^^^^^^^^ not found in this scope
   |
help: consider importing one of these items
   |
1  | use crate::utc_offset::OffsetDateTime;
   |
1  | use time::OffsetDateTime;
   |

error[E0425]: cannot find value `Rfc3339` in this scope
  --> tests/integration/parsing.rs:44:65
   |
44 |         OffsetDateTime::parse("2021-01-02T03:04:05.12345678Z", &Rfc3339)?,
   |                                                                 ^^^^^^^ not found in this scope

error[E0433]: failed to resolve: use of undeclared type `OffsetDateTime`
  --> tests/integration/parsing.rs:48:9
   |
48 |         OffsetDateTime::parse("2021-01-02T03:04:05.123456789Z", &Rfc3339)?,
   |         ^^^^^^^^^^^^^^ not found in this scope
   |
help: consider importing one of these items
   |
1  | use crate::utc_offset::OffsetDateTime;
   |
1  | use time::OffsetDateTime;
   |

error[E0425]: cannot find value `Rfc3339` in this scope
  --> tests/integration/parsing.rs:48:66
   |
48 |         OffsetDateTime::parse("2021-01-02T03:04:05.123456789Z", &Rfc3339)?,
   |                                                                  ^^^^^^^ not found in this scope

error[E0433]: failed to resolve: use of undeclared type `OffsetDateTime`
  --> tests/integration/parsing.rs:52:9
   |
52 |         OffsetDateTime::parse("2021-01-02T03:04:05.123456789-01:02", &Rfc3339)?,
   |         ^^^^^^^^^^^^^^ not found in this scope
   |
help: consider importing one of these items
   |
1  | use crate::utc_offset::OffsetDateTime;
   |
1  | use time::OffsetDateTime;
   |

error[E0425]: cannot find value `Rfc3339` in this scope
  --> tests/integration/parsing.rs:52:71
   |
52 |         OffsetDateTime::parse("2021-01-02T03:04:05.123456789-01:02", &Rfc3339)?,
   |                                                                       ^^^^^^^ not found in this scope

error[E0433]: failed to resolve: use of undeclared type `OffsetDateTime`
  --> tests/integration/parsing.rs:56:9
   |
56 |         OffsetDateTime::parse("2021-01-02T03:04:05.123456789+01:02", &Rfc3339)?,
   |         ^^^^^^^^^^^^^^ not found in this scope
   |
help: consider importing one of these items
   |
1  | use crate::utc_offset::OffsetDateTime;
   |
1  | use time::OffsetDateTime;
   |

error[E0425]: cannot find value `Rfc3339` in this scope
  --> tests/integration/parsing.rs:56:71
   |
56 |         OffsetDateTime::parse("2021-01-02T03:04:05.123456789+01:02", &Rfc3339)?,
   |                                                                       ^^^^^^^ not found in this scope

error[E0433]: failed to resolve: use of undeclared type `Date`
  --> tests/integration/parsing.rs:61:9
   |
61 |         Date::parse("2021-01-02T03:04:05Z", &Rfc3339)?,
   |         ^^^^ not found in this scope
   |
help: consider importing one of these items
   |
1  | use crate::rand::Date;
   |
1  | use time::Date;
   |

error[E0425]: cannot find value `Rfc3339` in this scope
  --> tests/integration/parsing.rs:61:46
   |
61 |         Date::parse("2021-01-02T03:04:05Z", &Rfc3339)?,
   |                                              ^^^^^^^ not found in this scope

error[E0433]: failed to resolve: use of undeclared type `Date`
  --> tests/integration/parsing.rs:65:9
   |
65 |         Date::parse("2021-01-02T03:04:05.123+01:02", &Rfc3339)?,
   |         ^^^^ not found in this scope
   |
help: consider importing one of these items
   |
1  | use crate::rand::Date;
   |
1  | use time::Date;
   |

error[E0425]: cannot find value `Rfc3339` in this scope
  --> tests/integration/parsing.rs:65:55
   |
65 |         Date::parse("2021-01-02T03:04:05.123+01:02", &Rfc3339)?,
   |                                                       ^^^^^^^ not found in this scope

error[E0433]: failed to resolve: use of undeclared type `Date`
  --> tests/integration/parsing.rs:69:9
   |
69 |         Date::parse("2021-01-02T03:04:05.123-01:02", &Rfc3339)?,
   |         ^^^^ not found in this scope
   |
help: consider importing one of these items
   |
1  | use crate::rand::Date;
   |
1  | use time::Date;
   |

error[E0425]: cannot find value `Rfc3339` in this scope
  --> tests/integration/parsing.rs:69:55
   |
69 |         Date::parse("2021-01-02T03:04:05.123-01:02", &Rfc3339)?,
   |                                                       ^^^^^^^ not found in this scope

error[E0433]: failed to resolve: use of undeclared type `OffsetDateTime`
  --> tests/integration/parsing.rs:73:9
   |
73 |         OffsetDateTime::parse("2021-01-02T03:04:05Z ", &Rfc3339),
   |         ^^^^^^^^^^^^^^ not found in this scope
   |
help: consider importing one of these items
   |
1  | use crate::utc_offset::OffsetDateTime;
   |
1  | use time::OffsetDateTime;
   |

error[E0425]: cannot find value `Rfc3339` in this scope
  --> tests/integration/parsing.rs:73:57
   |
73 |         OffsetDateTime::parse("2021-01-02T03:04:05Z ", &Rfc3339),
   |                                                         ^^^^^^^ not found in this scope

error[E0433]: failed to resolve: use of undeclared type `Time`
   --> tests/integration/parsing.rs:102:21
    |
102 |         assert_eq!(&Time::parse(input, format_description)?, output);
    |                     ^^^^ not found in this scope
    |
help: consider importing one of these items
    |
1   | use crate::rand::Time;
    |
1   | use time::Time;
    |

error[E0433]: failed to resolve: use of undeclared type `Time`
   --> tests/integration/parsing.rs:106:9
    |
106 |         Time::try_from(Parsed::new()),
    |         ^^^^ not found in this scope
    |
help: consider importing one of these items
    |
1   | use crate::rand::Time;
    |
1   | use time::Time;
    |

error[E0433]: failed to resolve: use of undeclared type `Time`
   --> tests/integration/parsing.rs:110:9
    |
110 |         Time::parse("12", &fd::parse("[hour]")?),
    |         ^^^^ not found in this scope
    |
help: consider importing one of these items
    |
1   | use crate::rand::Time;
    |
1   | use time::Time;
    |

error[E0433]: failed to resolve: use of undeclared type `Time`
   --> tests/integration/parsing.rs:116:9
    |
116 |         Time::parse(" ", &fd::parse("")?),
    |         ^^^^ not found in this scope
    |
help: consider importing one of these items
    |
1   | use crate::rand::Time;
    |
1   | use time::Time;
    |

error[E0433]: failed to resolve: use of undeclared type `Date`
   --> tests/integration/parsing.rs:184:21
    |
184 |         assert_eq!(&Date::parse(input, format_description)?, output);
    |                     ^^^^ not found in this scope
    |
help: consider importing one of these items
    |
1   | use crate::rand::Date;
    |
1   | use time::Date;
    |

error[E0433]: failed to resolve: use of undeclared type `Date`
   --> tests/integration/parsing.rs:188:9
    |
188 |         Date::try_from(Parsed::new()),
    |         ^^^^ not found in this scope
    |
help: consider importing one of these items
    |
1   | use crate::rand::Date;
    |
1   | use time::Date;
    |

error[E0433]: failed to resolve: use of undeclared type `UtcOffset`
   --> tests/integration/parsing.rs:198:9
    |
198 |         UtcOffset::parse("01", &fd::parse("[offset_hour sign:mandatory]")?),
    |         ^^^^^^^^^ not found in this scope
    |
help: consider importing one of these items
    |
1   | use crate::utc_offset::UtcOffset;
    |
1   | use time::UtcOffset;
    |

error[E0433]: failed to resolve: use of undeclared type `Component`
   --> tests/integration/parsing.rs:218:9
    |
218 |         Component::Year(modifier::Year {
    |         ^^^^^^^^^ not found in this scope
    |
help: consider importing one of these items
    |
1   | use crate::formatting::io::sys::ext::net::raw_fd::sys_common::backtrace::path::Component;
    |
1   | use std::path::Component;
    |

error[E0433]: failed to resolve: use of undeclared type `Component`
   --> tests/integration/parsing.rs:228:9
    |
228 |         Component::Year(modifier::Year {
    |         ^^^^^^^^^ not found in this scope
    |
help: consider importing one of these items
    |
1   | use crate::formatting::io::sys::ext::net::raw_fd::sys_common::backtrace::path::Component;
    |
1   | use std::path::Component;
    |

error[E0433]: failed to resolve: use of undeclared type `Component`
   --> tests/integration/parsing.rs:238:9
    |
238 |         Component::Year(modifier::Year {
    |         ^^^^^^^^^ not found in this scope
    |
help: consider importing one of these items
    |
1   | use crate::formatting::io::sys::ext::net::raw_fd::sys_common::backtrace::path::Component;
    |
1   | use std::path::Component;
    |

error[E0433]: failed to resolve: use of undeclared type `Component`
   --> tests/integration/parsing.rs:248:9
    |
248 |         Component::Year(modifier::Year {
    |         ^^^^^^^^^ not found in this scope
    |
help: consider importing one of these items
    |
1   | use crate::formatting::io::sys::ext::net::raw_fd::sys_common::backtrace::path::Component;
    |
1   | use std::path::Component;
    |

error[E0433]: failed to resolve: use of undeclared type `Component`
   --> tests/integration/parsing.rs:258:9
    |
258 |         Component::Month(modifier::Month {
    |         ^^^^^^^^^ not found in this scope
    |
help: consider importing one of these items
    |
1   | use crate::formatting::io::sys::ext::net::raw_fd::sys_common::backtrace::path::Component;
    |
1   | use std::path::Component;
    |

error[E0433]: failed to resolve: use of undeclared type `Component`
   --> tests/integration/parsing.rs:266:9
    |
266 |         Component::Month(modifier::Month {
    |         ^^^^^^^^^ not found in this scope
    |
help: consider importing one of these items
    |
1   | use crate::formatting::io::sys::ext::net::raw_fd::sys_common::backtrace::path::Component;
    |
1   | use std::path::Component;
    |

error[E0433]: failed to resolve: use of undeclared type `Component`
   --> tests/integration/parsing.rs:274:9
    |
274 |         Component::Month(modifier::Month {
    |         ^^^^^^^^^ not found in this scope
    |
help: consider importing one of these items
    |
1   | use crate::formatting::io::sys::ext::net::raw_fd::sys_common::backtrace::path::Component;
    |
1   | use std::path::Component;
    |

error[E0433]: failed to resolve: use of undeclared type `Component`
   --> tests/integration/parsing.rs:282:9
    |
282 |         Component::Ordinal(modifier::Ordinal {
    |         ^^^^^^^^^ not found in this scope
    |
help: consider importing one of these items
    |
1   | use crate::formatting::io::sys::ext::net::raw_fd::sys_common::backtrace::path::Component;
    |
1   | use std::path::Component;
    |

error[E0433]: failed to resolve: use of undeclared type `Component`
   --> tests/integration/parsing.rs:289:9
    |
289 |         Component::Weekday(modifier::Weekday {
    |         ^^^^^^^^^ not found in this scope
    |
help: consider importing one of these items
    |
1   | use crate::formatting::io::sys::ext::net::raw_fd::sys_common::backtrace::path::Component;
    |
1   | use std::path::Component;
    |

error[E0433]: failed to resolve: use of undeclared type `Component`
   --> tests/integration/parsing.rs:297:9
    |
297 |         Component::Weekday(modifier::Weekday {
    |         ^^^^^^^^^ not found in this scope
    |
help: consider importing one of these items
    |
1   | use crate::formatting::io::sys::ext::net::raw_fd::sys_common::backtrace::path::Component;
    |
1   | use std::path::Component;
    |

error[E0433]: failed to resolve: use of undeclared type `Component`
   --> tests/integration/parsing.rs:305:9
    |
305 |         Component::Weekday(modifier::Weekday {
    |         ^^^^^^^^^ not found in this scope
    |
help: consider importing one of these items
    |
1   | use crate::formatting::io::sys::ext::net::raw_fd::sys_common::backtrace::path::Component;
    |
1   | use std::path::Component;
    |

error[E0433]: failed to resolve: use of undeclared type `Component`
   --> tests/integration/parsing.rs:313:9
    |
313 |         Component::Weekday(modifier::Weekday {
    |         ^^^^^^^^^ not found in this scope
    |
help: consider importing one of these items
    |
1   | use crate::formatting::io::sys::ext::net::raw_fd::sys_common::backtrace::path::Component;
    |
1   | use std::path::Component;
    |

error[E0433]: failed to resolve: use of undeclared type `Component`
   --> tests/integration/parsing.rs:321:9
    |
321 |         Component::Weekday(modifier::Weekday {
    |         ^^^^^^^^^ not found in this scope
    |
help: consider importing one of these items
    |
1   | use crate::formatting::io::sys::ext::net::raw_fd::sys_common::backtrace::path::Component;
    |
1   | use std::path::Component;
    |

error[E0433]: failed to resolve: use of undeclared type `Component`
   --> tests/integration/parsing.rs:329:9
    |
329 |         Component::Weekday(modifier::Weekday {
    |         ^^^^^^^^^ not found in this scope
    |
help: consider importing one of these items
    |
1   | use crate::formatting::io::sys::ext::net::raw_fd::sys_common::backtrace::path::Component;
    |
1   | use std::path::Component;
    |

error[E0433]: failed to resolve: use of undeclared type `Component`
   --> tests/integration/parsing.rs:337:9
    |
337 |         Component::WeekNumber(modifier::WeekNumber {
    |         ^^^^^^^^^ not found in this scope
    |
help: consider importing one of these items
    |
1   | use crate::formatting::io::sys::ext::net::raw_fd::sys_common::backtrace::path::Component;
    |
1   | use std::path::Component;
    |

error[E0433]: failed to resolve: use of undeclared type `Component`
   --> tests/integration/parsing.rs:345:9
    |
345 |         Component::WeekNumber(modifier::WeekNumber {
    |         ^^^^^^^^^ not found in this scope
    |
help: consider importing one of these items
    |
1   | use crate::formatting::io::sys::ext::net::raw_fd::sys_common::backtrace::path::Component;
    |
1   | use std::path::Component;
    |

error[E0433]: failed to resolve: use of undeclared type `Component`
   --> tests/integration/parsing.rs:353:9
    |
353 |         Component::WeekNumber(modifier::WeekNumber {
    |         ^^^^^^^^^ not found in this scope
    |
help: consider importing one of these items
    |
1   | use crate::formatting::io::sys::ext::net::raw_fd::sys_common::backtrace::path::Component;
    |
1   | use std::path::Component;
    |

error[E0433]: failed to resolve: use of undeclared type `Component`
   --> tests/integration/parsing.rs:361:9
    |
361 |         Component::Subsecond(modifier::Subsecond {
    |         ^^^^^^^^^ not found in this scope
    |
help: consider importing one of these items
    |
1   | use crate::formatting::io::sys::ext::net::raw_fd::sys_common::backtrace::path::Component;
    |
1   | use std::path::Component;
    |

error[E0433]: failed to resolve: use of undeclared type `Component`
   --> tests/integration/parsing.rs:368:9
    |
368 |         Component::Subsecond(modifier::Subsecond {
    |         ^^^^^^^^^ not found in this scope
    |
help: consider importing one of these items
    |
1   | use crate::formatting::io::sys::ext::net::raw_fd::sys_common::backtrace::path::Component;
    |
1   | use std::path::Component;
    |

error[E0433]: failed to resolve: use of undeclared type `Component`
   --> tests/integration/parsing.rs:375:9
    |
375 |         Component::Subsecond(modifier::Subsecond {
    |         ^^^^^^^^^ not found in this scope
    |
help: consider importing one of these items
    |
1   | use crate::formatting::io::sys::ext::net::raw_fd::sys_common::backtrace::path::Component;
    |
1   | use std::path::Component;
    |

error[E0433]: failed to resolve: use of undeclared type `Component`
   --> tests/integration/parsing.rs:382:9
    |
382 |         Component::Subsecond(modifier::Subsecond {
    |         ^^^^^^^^^ not found in this scope
    |
help: consider importing one of these items
    |
1   | use crate::formatting::io::sys::ext::net::raw_fd::sys_common::backtrace::path::Component;
    |
1   | use std::path::Component;
    |

error[E0433]: failed to resolve: use of undeclared type `Component`
   --> tests/integration/parsing.rs:389:9
    |
389 |         Component::Subsecond(modifier::Subsecond {
    |         ^^^^^^^^^ not found in this scope
    |
help: consider importing one of these items
    |
1   | use crate::formatting::io::sys::ext::net::raw_fd::sys_common::backtrace::path::Component;
    |
1   | use std::path::Component;
    |

error[E0433]: failed to resolve: use of undeclared type `Component`
   --> tests/integration/parsing.rs:396:9
    |
396 |         Component::Subsecond(modifier::Subsecond {
    |         ^^^^^^^^^ not found in this scope
    |
help: consider importing one of these items
    |
1   | use crate::formatting::io::sys::ext::net::raw_fd::sys_common::backtrace::path::Component;
    |
1   | use std::path::Component;
    |

error[E0433]: failed to resolve: use of undeclared type `Component`
   --> tests/integration/parsing.rs:403:9
    |
403 |         Component::Subsecond(modifier::Subsecond {
    |         ^^^^^^^^^ not found in this scope
    |
help: consider importing one of these items
    |
1   | use crate::formatting::io::sys::ext::net::raw_fd::sys_common::backtrace::path::Component;
    |
1   | use std::path::Component;
    |

error[E0433]: failed to resolve: use of undeclared type `Component`
   --> tests/integration/parsing.rs:410:9
    |
410 |         Component::Subsecond(modifier::Subsecond {
    |         ^^^^^^^^^ not found in this scope
    |
help: consider importing one of these items
    |
1   | use crate::formatting::io::sys::ext::net::raw_fd::sys_common::backtrace::path::Component;
    |
1   | use std::path::Component;
    |

error[E0433]: failed to resolve: use of undeclared type `Component`
   --> tests/integration/parsing.rs:417:9
    |
417 |         Component::Subsecond(modifier::Subsecond {
    |         ^^^^^^^^^ not found in this scope
    |
help: consider importing one of these items
    |
1   | use crate::formatting::io::sys::ext::net::raw_fd::sys_common::backtrace::path::Component;
    |
1   | use std::path::Component;
    |

error[E0433]: failed to resolve: use of undeclared type `Component`
   --> tests/integration/parsing.rs:424:9
    |
424 |         Component::Subsecond(modifier::Subsecond {
    |         ^^^^^^^^^ not found in this scope
    |
help: consider importing one of these items
    |
1   | use crate::formatting::io::sys::ext::net::raw_fd::sys_common::backtrace::path::Component;
    |
1   | use std::path::Component;
    |

error[E0433]: failed to resolve: use of undeclared type `PrimitiveDateTime`
  --> tests/integration/primitive_date_time.rs:10:9
   |
10 |         PrimitiveDateTime::new(date!("2019-01-01"), time!("0:00")),
   |         ^^^^^^^^^^^^^^^^^ not found in this scope
   |
help: consider importing one of these items
   |
1  | use crate::rand::PrimitiveDateTime;
   |
1  | use time::PrimitiveDateTime;
   |

error[E0425]: cannot find value `Tuesday` in this scope
  --> tests/integration/primitive_date_time.rs:93:19
   |
93 |         (2019, 1, Tuesday)
   |                   ^^^^^^^ not found in this scope
   |
help: consider importing one of these items
   |
1  | use crate::rand::Weekday::Tuesday;
   |
1  | use time::Weekday::Tuesday;
   |

error[E0425]: cannot find value `Friday` in this scope
  --> tests/integration/primitive_date_time.rs:97:20
   |
97 |         (2019, 40, Friday)
   |                    ^^^^^^ not found in this scope
   |
help: consider importing one of these items
   |
1  | use crate::rand::Weekday::Friday;
   |
1  | use time::Weekday::Friday;
   |

error[E0425]: cannot find value `Wednesday` in this scope
   --> tests/integration/primitive_date_time.rs:101:19
    |
101 |         (2020, 1, Wednesday)
    |                   ^^^^^^^^^ not found in this scope
    |
help: consider importing one of these items
    |
1   | use crate::rand::Weekday::Wednesday;
    |
1   | use time::Weekday::Wednesday;
    |

error[E0425]: cannot find value `Thursday` in this scope
   --> tests/integration/primitive_date_time.rs:105:20
    |
105 |         (2020, 53, Thursday)
    |                    ^^^^^^^^ not found in this scope
    |
help: consider importing one of these items
    |
1   | use crate::rand::Weekday::Thursday;
    |
1   | use time::Weekday::Thursday;
    |

error[E0425]: cannot find value `Friday` in this scope
   --> tests/integration/primitive_date_time.rs:109:20
    |
109 |         (2020, 53, Friday)
    |                    ^^^^^^ not found in this scope
    |
help: consider importing one of these items
    |
1   | use crate::rand::Weekday::Friday;
    |
1   | use time::Weekday::Friday;
    |

error[E0425]: cannot find value `Tuesday` in this scope
   --> tests/integration/primitive_date_time.rs:116:56
    |
116 |     assert_eq!(datetime!("2019-01-01 0:00").weekday(), Tuesday);
    |                                                        ^^^^^^^ not found in this scope
    |
help: consider importing one of these items
    |
1   | use crate::rand::Weekday::Tuesday;
    |
1   | use time::Weekday::Tuesday;
    |

error[E0425]: cannot find value `Friday` in this scope
   --> tests/integration/primitive_date_time.rs:117:56
    |
117 |     assert_eq!(datetime!("2019-02-01 0:00").weekday(), Friday);
    |                                                        ^^^^^^ not found in this scope
    |
help: consider importing one of these items
    |
1   | use crate::rand::Weekday::Friday;
    |
1   | use time::Weekday::Friday;
    |

error[E0425]: cannot find value `Friday` in this scope
   --> tests/integration/primitive_date_time.rs:118:56
    |
118 |     assert_eq!(datetime!("2019-03-01 0:00").weekday(), Friday);
    |                                                        ^^^^^^ not found in this scope
    |
help: consider importing one of these items
    |
1   | use crate::rand::Weekday::Friday;
    |
1   | use time::Weekday::Friday;
    |

error[E0425]: cannot find value `Monday` in this scope
   --> tests/integration/primitive_date_time.rs:119:56
    |
119 |     assert_eq!(datetime!("2019-04-01 0:00").weekday(), Monday);
    |                                                        ^^^^^^ not found in this scope
    |
help: consider importing one of these items
    |
1   | use crate::rand::Weekday::Monday;
    |
1   | use time::Weekday::Monday;
    |

error[E0425]: cannot find value `Wednesday` in this scope
   --> tests/integration/primitive_date_time.rs:120:56
    |
120 |     assert_eq!(datetime!("2019-05-01 0:00").weekday(), Wednesday);
    |                                                        ^^^^^^^^^ not found in this scope
    |
help: consider importing one of these items
    |
1   | use crate::rand::Weekday::Wednesday;
    |
1   | use time::Weekday::Wednesday;
    |

error[E0425]: cannot find value `Saturday` in this scope
   --> tests/integration/primitive_date_time.rs:121:56
    |
121 |     assert_eq!(datetime!("2019-06-01 0:00").weekday(), Saturday);
    |                                                        ^^^^^^^^ not found in this scope
    |
help: consider importing one of these items
    |
1   | use crate::rand::Weekday::Saturday;
    |
1   | use time::Weekday::Saturday;
    |

error[E0425]: cannot find value `Monday` in this scope
   --> tests/integration/primitive_date_time.rs:122:56
    |
122 |     assert_eq!(datetime!("2019-07-01 0:00").weekday(), Monday);
    |                                                        ^^^^^^ not found in this scope
    |
help: consider importing one of these items
    |
1   | use crate::rand::Weekday::Monday;
    |
1   | use time::Weekday::Monday;
    |

error[E0425]: cannot find value `Thursday` in this scope
   --> tests/integration/primitive_date_time.rs:123:56
    |
123 |     assert_eq!(datetime!("2019-08-01 0:00").weekday(), Thursday);
    |                                                        ^^^^^^^^ not found in this scope
    |
help: consider importing one of these items
    |
1   | use crate::rand::Weekday::Thursday;
    |
1   | use time::Weekday::Thursday;
    |

error[E0425]: cannot find value `Sunday` in this scope
   --> tests/integration/primitive_date_time.rs:124:56
    |
124 |     assert_eq!(datetime!("2019-09-01 0:00").weekday(), Sunday);
    |                                                        ^^^^^^ not found in this scope
    |
help: consider importing one of these items
    |
1   | use crate::rand::Weekday::Sunday;
    |
1   | use time::Weekday::Sunday;
    |

error[E0425]: cannot find value `Tuesday` in this scope
   --> tests/integration/primitive_date_time.rs:125:56
    |
125 |     assert_eq!(datetime!("2019-10-01 0:00").weekday(), Tuesday);
    |                                                        ^^^^^^^ not found in this scope
    |
help: consider importing one of these items
    |
1   | use crate::rand::Weekday::Tuesday;
    |
1   | use time::Weekday::Tuesday;
    |

error[E0425]: cannot find value `Friday` in this scope
   --> tests/integration/primitive_date_time.rs:126:56
    |
126 |     assert_eq!(datetime!("2019-11-01 0:00").weekday(), Friday);
    |                                                        ^^^^^^ not found in this scope
    |
help: consider importing one of these items
    |
1   | use crate::rand::Weekday::Friday;
    |
1   | use time::Weekday::Friday;
    |

error[E0425]: cannot find value `Sunday` in this scope
   --> tests/integration/primitive_date_time.rs:127:56
    |
127 |     assert_eq!(datetime!("2019-12-01 0:00").weekday(), Sunday);
    |                                                        ^^^^^^ not found in this scope
    |
help: consider importing one of these items
    |
1   | use crate::rand::Weekday::Sunday;
    |
1   | use time::Weekday::Sunday;
    |

error[E0412]: cannot find type `Time` in this scope
  --> tests/integration/serde.rs:29:38
   |
29 |     assert_de_tokens_error::<Compact<Time>>(
   |                                      ^^^^ not found in this scope
   |
help: consider importing one of these items
   |
1  | use crate::rand::Time;
   |
1  | use time::Time;
   |

error[E0412]: cannot find type `Time` in this scope
  --> tests/integration/serde.rs:49:39
   |
49 |     assert_de_tokens_error::<Readable<Time>>(
   |                                       ^^^^ not found in this scope
   |
help: consider importing one of these items
   |
1  | use crate::rand::Time;
   |
1  | use time::Time;
   |

error[E0412]: cannot find type `Time` in this scope
  --> tests/integration/serde.rs:53:39
   |
53 |     assert_de_tokens_error::<Readable<Time>>(
   |                                       ^^^^ not found in this scope
   |
help: consider importing one of these items
   |
1  | use crate::rand::Time;
   |
1  | use time::Time;
   |

error[E0412]: cannot find type `Time` in this scope
  --> tests/integration/serde.rs:57:39
   |
57 |     assert_de_tokens_error::<Readable<Time>>(
   |                                       ^^^^ not found in this scope
   |
help: consider importing one of these items
   |
1  | use crate::rand::Time;
   |
1  | use time::Time;
   |

error[E0412]: cannot find type `Time` in this scope
  --> tests/integration/serde.rs:61:39
   |
61 |     assert_de_tokens_error::<Readable<Time>>(
   |                                       ^^^^ not found in this scope
   |
help: consider importing one of these items
   |
1  | use crate::rand::Time;
   |
1  | use time::Time;
   |

error[E0412]: cannot find type `Duration` in this scope
   --> tests/integration/serde.rs:258:39
    |
258 |     assert_de_tokens_error::<Readable<Duration>>(
    |                                       ^^^^^^^^ not found in this scope
    |
help: consider importing one of these items
    |
1   | use core::time::Duration;
    |
1   | use crate::ext::numerical_std_duration::Duration;
    |
1   | use crate::rand::Duration;
    |
1   | use std::time::Duration;
    |
      and 1 other candidate

error[E0412]: cannot find type `Duration` in this scope
   --> tests/integration/serde.rs:262:39
    |
262 |     assert_de_tokens_error::<Readable<Duration>>(
    |                                       ^^^^^^^^ not found in this scope
    |
help: consider importing one of these items
    |
1   | use core::time::Duration;
    |
1   | use crate::ext::numerical_std_duration::Duration;
    |
1   | use crate::rand::Duration;
    |
1   | use std::time::Duration;
    |
      and 1 other candidate

error[E0412]: cannot find type `Duration` in this scope
   --> tests/integration/serde.rs:266:39
    |
266 |     assert_de_tokens_error::<Readable<Duration>>(
    |                                       ^^^^^^^^ not found in this scope
    |
help: consider importing one of these items
    |
1   | use core::time::Duration;
    |
1   | use crate::ext::numerical_std_duration::Duration;
    |
1   | use crate::rand::Duration;
    |
1   | use std::time::Duration;
    |
      and 1 other candidate

error[E0412]: cannot find type `Weekday` in this scope
   --> tests/integration/serde.rs:281:38
    |
281 |     assert_de_tokens_error::<Compact<Weekday>>(
    |                                      ^^^^^^^ not found in this scope
    |
help: consider importing one of these items
    |
1   | use crate::rand::Weekday;
    |
1   | use time::Weekday;
    |

error[E0412]: cannot find type `Weekday` in this scope
   --> tests/integration/serde.rs:305:39
    |
305 |     assert_de_tokens_error::<Readable<Weekday>>(
    |                                       ^^^^^^^ not found in this scope
    |
help: consider importing one of these items
    |
1   | use crate::rand::Weekday;
    |
1   | use time::Weekday;
    |

error[E0433]: failed to resolve: use of undeclared type `Time`
 --> tests/integration/time.rs:7:16
  |
7 |     let time = Time::from_hms(1, 2, 3)?;
  |                ^^^^ not found in this scope
  |
help: consider importing one of these items
  |
1 | use crate::rand::Time;
  |
1 | use time::Time;
  |

error[E0433]: failed to resolve: use of undeclared type `Time`
  --> tests/integration/time.rs:13:13
   |
13 |     assert!(Time::from_hms(24, 0, 0).is_err());
   |             ^^^^ not found in this scope
   |
help: consider importing one of these items
   |
1  | use crate::rand::Time;
   |
1  | use time::Time;
   |

error[E0433]: failed to resolve: use of undeclared type `Time`
  --> tests/integration/time.rs:14:13
   |
14 |     assert!(Time::from_hms(0, 60, 0).is_err());
   |             ^^^^ not found in this scope
   |
help: consider importing one of these items
   |
1  | use crate::rand::Time;
   |
1  | use time::Time;
   |

error[E0433]: failed to resolve: use of undeclared type `Time`
  --> tests/integration/time.rs:15:13
   |
15 |     assert!(Time::from_hms(0, 0, 60).is_err());
   |             ^^^^ not found in this scope
   |
help: consider importing one of these items
   |
1  | use crate::rand::Time;
   |
1  | use time::Time;
   |

error[E0433]: failed to resolve: use of undeclared type `Time`
  --> tests/integration/time.rs:21:16
   |
21 |     let time = Time::from_hms_milli(1, 2, 3, 4)?;
   |                ^^^^ not found in this scope
   |
help: consider importing one of these items
   |
1  | use crate::rand::Time;
   |
1  | use time::Time;
   |

error[E0433]: failed to resolve: use of undeclared type `Time`
  --> tests/integration/time.rs:28:13
   |
28 |     assert!(Time::from_hms_milli(24, 0, 0, 0).is_err());
   |             ^^^^ not found in this scope
   |
help: consider importing one of these items
   |
1  | use crate::rand::Time;
   |
1  | use time::Time;
   |

error[E0433]: failed to resolve: use of undeclared type `Time`
  --> tests/integration/time.rs:29:13
   |
29 |     assert!(Time::from_hms_milli(0, 60, 0, 0).is_err());
   |             ^^^^ not found in this scope
   |
help: consider importing one of these items
   |
1  | use crate::rand::Time;
   |
1  | use time::Time;
   |

error[E0433]: failed to resolve: use of undeclared type `Time`
  --> tests/integration/time.rs:30:13
   |
30 |     assert!(Time::from_hms_milli(0, 0, 60, 0).is_err());
   |             ^^^^ not found in this scope
   |
help: consider importing one of these items
   |
1  | use crate::rand::Time;
   |
1  | use time::Time;
   |

error[E0433]: failed to resolve: use of undeclared type `Time`
  --> tests/integration/time.rs:31:13
   |
31 |     assert!(Time::from_hms_milli(0, 0, 0, 1_000).is_err());
   |             ^^^^ not found in this scope
   |
help: consider importing one of these items
   |
1  | use crate::rand::Time;
   |
1  | use time::Time;
   |

error[E0433]: failed to resolve: use of undeclared type `Time`
  --> tests/integration/time.rs:37:16
   |
37 |     let time = Time::from_hms_micro(1, 2, 3, 4)?;
   |                ^^^^ not found in this scope
   |
help: consider importing one of these items
   |
1  | use crate::rand::Time;
   |
1  | use time::Time;
   |

error[E0433]: failed to resolve: use of undeclared type `Time`
  --> tests/integration/time.rs:44:13
   |
44 |     assert!(Time::from_hms_micro(24, 0, 0, 0).is_err());
   |             ^^^^ not found in this scope
   |
help: consider importing one of these items
   |
1  | use crate::rand::Time;
   |
1  | use time::Time;
   |

error[E0433]: failed to resolve: use of undeclared type `Time`
  --> tests/integration/time.rs:45:13
   |
45 |     assert!(Time::from_hms_micro(0, 60, 0, 0).is_err());
   |             ^^^^ not found in this scope
   |
help: consider importing one of these items
   |
1  | use crate::rand::Time;
   |
1  | use time::Time;
   |

error[E0433]: failed to resolve: use of undeclared type `Time`
  --> tests/integration/time.rs:46:13
   |
46 |     assert!(Time::from_hms_micro(0, 0, 60, 0).is_err());
   |             ^^^^ not found in this scope
   |
help: consider importing one of these items
   |
1  | use crate::rand::Time;
   |
1  | use time::Time;
   |

error[E0433]: failed to resolve: use of undeclared type `Time`
  --> tests/integration/time.rs:47:13
   |
47 |     assert!(Time::from_hms_micro(0, 0, 0, 1_000_000).is_err());
   |             ^^^^ not found in this scope
   |
help: consider importing one of these items
   |
1  | use crate::rand::Time;
   |
1  | use time::Time;
   |

error[E0433]: failed to resolve: use of undeclared type `Time`
  --> tests/integration/time.rs:53:16
   |
53 |     let time = Time::from_hms_nano(1, 2, 3, 4)?;
   |                ^^^^ not found in this scope
   |
help: consider importing one of these items
   |
1  | use crate::rand::Time;
   |
1  | use time::Time;
   |

error[E0433]: failed to resolve: use of undeclared type `Time`
  --> tests/integration/time.rs:59:13
   |
59 |     assert!(Time::from_hms_nano(24, 0, 0, 0).is_err());
   |             ^^^^ not found in this scope
   |
help: consider importing one of these items
   |
1  | use crate::rand::Time;
   |
1  | use time::Time;
   |

error[E0433]: failed to resolve: use of undeclared type `Time`
  --> tests/integration/time.rs:60:13
   |
60 |     assert!(Time::from_hms_nano(0, 60, 0, 0).is_err());
   |             ^^^^ not found in this scope
   |
help: consider importing one of these items
   |
1  | use crate::rand::Time;
   |
1  | use time::Time;
   |

error[E0433]: failed to resolve: use of undeclared type `Time`
  --> tests/integration/time.rs:61:13
   |
61 |     assert!(Time::from_hms_nano(0, 0, 60, 0).is_err());
   |             ^^^^ not found in this scope
   |
help: consider importing one of these items
   |
1  | use crate::rand::Time;
   |
1  | use time::Time;
   |

error[E0433]: failed to resolve: use of undeclared type `Time`
  --> tests/integration/time.rs:62:13
   |
62 |     assert!(Time::from_hms_nano(0, 0, 0, 1_000_000_000).is_err());
   |             ^^^^ not found in this scope
   |
help: consider importing one of these items
   |
1  | use crate::rand::Time;
   |
1  | use time::Time;
   |

error[E0433]: failed to resolve: use of undeclared type `Time`
  --> tests/integration/time.rs:92:20
   |
92 |         assert_eq!(Time::from_hms(hour, 0, 0)?.hour(), hour);
   |                    ^^^^ not found in this scope
   |
help: consider importing one of these items
   |
1  | use crate::rand::Time;
   |
1  | use time::Time;
   |

error[E0433]: failed to resolve: use of undeclared type `Time`
  --> tests/integration/time.rs:93:20
   |
93 |         assert_eq!(Time::from_hms(hour, 59, 59)?.hour(), hour);
   |                    ^^^^ not found in this scope
   |
help: consider importing one of these items
   |
1  | use crate::rand::Time;
   |
1  | use time::Time;
   |

error[E0433]: failed to resolve: use of undeclared type `Time`
   --> tests/integration/time.rs:101:20
    |
101 |         assert_eq!(Time::from_hms(0, minute, 0)?.minute(), minute);
    |                    ^^^^ not found in this scope
    |
help: consider importing one of these items
    |
1   | use crate::rand::Time;
    |
1   | use time::Time;
    |

error[E0433]: failed to resolve: use of undeclared type `Time`
   --> tests/integration/time.rs:102:20
    |
102 |         assert_eq!(Time::from_hms(23, minute, 59)?.minute(), minute);
    |                    ^^^^ not found in this scope
    |
help: consider importing one of these items
    |
1   | use crate::rand::Time;
    |
1   | use time::Time;
    |

error[E0433]: failed to resolve: use of undeclared type `Time`
   --> tests/integration/time.rs:110:20
    |
110 |         assert_eq!(Time::from_hms(0, 0, second)?.second(), second);
    |                    ^^^^ not found in this scope
    |
help: consider importing one of these items
    |
1   | use crate::rand::Time;
    |
1   | use time::Time;
    |

error[E0433]: failed to resolve: use of undeclared type `Time`
   --> tests/integration/time.rs:111:20
    |
111 |         assert_eq!(Time::from_hms(23, 59, second)?.second(), second);
    |                    ^^^^ not found in this scope
    |
help: consider importing one of these items
    |
1   | use crate::rand::Time;
    |
1   | use time::Time;
    |

error[E0433]: failed to resolve: use of undeclared type `Time`
   --> tests/integration/time.rs:119:20
    |
119 |         assert_eq!(Time::from_hms_milli(0, 0, 0, milli)?.millisecond(), milli);
    |                    ^^^^ not found in this scope
    |
help: consider importing one of these items
    |
1   | use crate::rand::Time;
    |
1   | use time::Time;
    |

error[E0433]: failed to resolve: use of undeclared type `Time`
   --> tests/integration/time.rs:121:13
    |
121 |             Time::from_hms_milli(23, 59, 59, milli)?.millisecond(),
    |             ^^^^ not found in this scope
    |
help: consider importing one of these items
    |
1   | use crate::rand::Time;
    |
1   | use time::Time;
    |

error[E0433]: failed to resolve: use of undeclared type `Time`
   --> tests/integration/time.rs:131:20
    |
131 |         assert_eq!(Time::from_hms_micro(0, 0, 0, micro)?.microsecond(), micro);
    |                    ^^^^ not found in this scope
    |
help: consider importing one of these items
    |
1   | use crate::rand::Time;
    |
1   | use time::Time;
    |

error[E0433]: failed to resolve: use of undeclared type `Time`
   --> tests/integration/time.rs:133:13
    |
133 |             Time::from_hms_micro(23, 59, 59, micro)?.microsecond(),
    |             ^^^^ not found in this scope
    |
help: consider importing one of these items
    |
1   | use crate::rand::Time;
    |
1   | use time::Time;
    |

error[E0433]: failed to resolve: use of undeclared type `Time`
   --> tests/integration/time.rs:143:20
    |
143 |         assert_eq!(Time::from_hms_nano(0, 0, 0, nano)?.nanosecond(), nano);
    |                    ^^^^ not found in this scope
    |
help: consider importing one of these items
    |
1   | use crate::rand::Time;
    |
1   | use time::Time;
    |

error[E0433]: failed to resolve: use of undeclared type `Time`
   --> tests/integration/time.rs:144:20
    |
144 |         assert_eq!(Time::from_hms_nano(23, 59, 59, nano)?.nanosecond(), nano);
    |                    ^^^^ not found in this scope
    |
help: consider importing one of these items
    |
1   | use crate::rand::Time;
    |
1   | use time::Time;
    |

error[E0659]: `time` is ambiguous (name vs any other name during import resolution)
 --> tests/integration/date.rs:5:5
  |
5 | use time::ext::{NumericalDuration, NumericalStdDuration};
  |     ^^^^ ambiguous name
  |
  = note: `time` could refer to a crate passed with `--extern`
  = help: use `::time` to refer to this crate unambiguously
note: `time` could also refer to the unresolved item imported here
 --> tests/integration/date.rs:6:36
  |
6 | use time::macros::{date, datetime, time};
  |                                    ^^^^
  = help: use `self::time` to refer to this unresolved item unambiguously

error[E0659]: `time` is ambiguous (name vs any other name during import resolution)
 --> tests/integration/date.rs:6:5
  |
6 | use time::macros::{date, datetime, time};
  |     ^^^^ ambiguous name
  |
  = note: `time` could refer to a crate passed with `--extern`
  = help: use `::time` to refer to this crate unambiguously
note: `time` could also refer to the unresolved item imported here
 --> tests/integration/date.rs:6:36
  |
6 | use time::macros::{date, datetime, time};
  |                                    ^^^^
  = help: use `self::time` to refer to this unresolved item unambiguously

error[E0659]: `time` is ambiguous (name vs any other name during import resolution)
 --> tests/integration/date.rs:7:5
  |
7 | use time::{util, Date, Weekday};
  |     ^^^^ ambiguous name
  |
  = note: `time` could refer to a crate passed with `--extern`
  = help: use `::time` to refer to this crate unambiguously
note: `time` could also refer to the unresolved item imported here
 --> tests/integration/date.rs:6:36
  |
6 | use time::macros::{date, datetime, time};
  |                                    ^^^^
  = help: use `self::time` to refer to this unresolved item unambiguously

error[E0659]: `time` is ambiguous (name vs any other name during import resolution)
 --> tests/integration/formatting.rs:3:5
  |
3 | use time::format_description::well_known::Rfc3339;
  |     ^^^^ ambiguous name
  |
  = note: `time` could refer to a crate passed with `--extern`
  = help: use `::time` to refer to this crate unambiguously
note: `time` could also refer to the unresolved item imported here
 --> tests/integration/formatting.rs:4:70
  |
4 | use time::macros::{date, datetime, format_description as fd, offset, time};
  |                                                                      ^^^^
  = help: use `self::time` to refer to this unresolved item unambiguously

error[E0659]: `time` is ambiguous (name vs any other name during import resolution)
 --> tests/integration/formatting.rs:4:5
  |
4 | use time::macros::{date, datetime, format_description as fd, offset, time};
  |     ^^^^ ambiguous name
  |
  = note: `time` could refer to a crate passed with `--extern`
  = help: use `::time` to refer to this crate unambiguously
note: `time` could also refer to the unresolved item imported here
 --> tests/integration/formatting.rs:4:70
  |
4 | use time::macros::{date, datetime, format_description as fd, offset, time};
  |                                                                      ^^^^
  = help: use `self::time` to refer to this unresolved item unambiguously

error[E0659]: `time` is ambiguous (name vs any other name during import resolution)
 --> tests/integration/formatting.rs:5:5
  |
5 | use time::{format_description, Time};
  |     ^^^^ ambiguous name
  |
  = note: `time` could refer to a crate passed with `--extern`
  = help: use `::time` to refer to this crate unambiguously
note: `time` could also refer to the unresolved item imported here
 --> tests/integration/formatting.rs:4:70
  |
4 | use time::macros::{date, datetime, format_description as fd, offset, time};
  |                                                                      ^^^^
  = help: use `self::time` to refer to this unresolved item unambiguously

error[E0659]: `time` is ambiguous (name vs any other name during import resolution)
 --> tests/integration/offset_date_time.rs:4:5
  |
4 | use time::ext::{NumericalDuration, NumericalStdDuration};
  |     ^^^^ ambiguous name
  |
  = note: `time` could refer to a crate passed with `--extern`
  = help: use `::time` to refer to this crate unambiguously
note: `time` could also refer to the unresolved item imported here
 --> tests/integration/offset_date_time.rs:5:44
  |
5 | use time::macros::{date, datetime, offset, time};
  |                                            ^^^^
  = help: use `self::time` to refer to this unresolved item unambiguously

error[E0659]: `time` is ambiguous (name vs any other name during import resolution)
 --> tests/integration/offset_date_time.rs:5:5
  |
5 | use time::macros::{date, datetime, offset, time};
  |     ^^^^ ambiguous name
  |
  = note: `time` could refer to a crate passed with `--extern`
  = help: use `::time` to refer to this crate unambiguously
note: `time` could also refer to the unresolved item imported here
 --> tests/integration/offset_date_time.rs:5:44
  |
5 | use time::macros::{date, datetime, offset, time};
  |                                            ^^^^
  = help: use `self::time` to refer to this unresolved item unambiguously

error[E0659]: `time` is ambiguous (name vs any other name during import resolution)
 --> tests/integration/offset_date_time.rs:6:5
  |
6 | use time::{Date, Duration, OffsetDateTime, Weekday};
  |     ^^^^ ambiguous name
  |
  = note: `time` could refer to a crate passed with `--extern`
  = help: use `::time` to refer to this crate unambiguously
note: `time` could also refer to the unresolved item imported here
 --> tests/integration/offset_date_time.rs:5:44
  |
5 | use time::macros::{date, datetime, offset, time};
  |                                            ^^^^
  = help: use `self::time` to refer to this unresolved item unambiguously

error[E0659]: `time` is ambiguous (name vs any other name during import resolution)
 --> tests/integration/parsing.rs:3:5
  |
3 | use time::format_description::well_known::Rfc3339;
  |     ^^^^ ambiguous name
  |
  = note: `time` could refer to a crate passed with `--extern`
  = help: use `::time` to refer to this crate unambiguously
note: `time` could also refer to the unresolved item imported here
 --> tests/integration/parsing.rs:5:36
  |
5 | use time::macros::{date, datetime, time};
  |                                    ^^^^
  = help: use `self::time` to refer to this unresolved item unambiguously

error[E0659]: `time` is ambiguous (name vs any other name during import resolution)
 --> tests/integration/parsing.rs:4:5
  |
4 | use time::format_description::{modifier, Component};
  |     ^^^^ ambiguous name
  |
  = note: `time` could refer to a crate passed with `--extern`
  = help: use `::time` to refer to this crate unambiguously
note: `time` could also refer to the unresolved item imported here
 --> tests/integration/parsing.rs:5:36
  |
5 | use time::macros::{date, datetime, time};
  |                                    ^^^^
  = help: use `self::time` to refer to this unresolved item unambiguously

error[E0659]: `time` is ambiguous (name vs any other name during import resolution)
 --> tests/integration/parsing.rs:5:5
  |
5 | use time::macros::{date, datetime, time};
  |     ^^^^ ambiguous name
  |
  = note: `time` could refer to a crate passed with `--extern`
  = help: use `::time` to refer to this crate unambiguously
note: `time` could also refer to the unresolved item imported here
 --> tests/integration/parsing.rs:5:36
  |
5 | use time::macros::{date, datetime, time};
  |                                    ^^^^
  = help: use `self::time` to refer to this unresolved item unambiguously

error[E0659]: `time` is ambiguous (name vs any other name during import resolution)
 --> tests/integration/parsing.rs:6:5
  |
6 | use time::parsing::Parsed;
  |     ^^^^ ambiguous name
  |
  = note: `time` could refer to a crate passed with `--extern`
  = help: use `::time` to refer to this crate unambiguously
note: `time` could also refer to the unresolved item imported here
 --> tests/integration/parsing.rs:5:36
  |
5 | use time::macros::{date, datetime, time};
  |                                    ^^^^
  = help: use `self::time` to refer to this unresolved item unambiguously

error[E0659]: `time` is ambiguous (name vs any other name during import resolution)
 --> tests/integration/parsing.rs:7:5
  |
7 | use time::{format_description as fd, Date, OffsetDateTime, Time, UtcOffset, Weekday};
  |     ^^^^ ambiguous name
  |
  = note: `time` could refer to a crate passed with `--extern`
  = help: use `::time` to refer to this crate unambiguously
note: `time` could also refer to the unresolved item imported here
 --> tests/integration/parsing.rs:5:36
  |
5 | use time::macros::{date, datetime, time};
  |                                    ^^^^
  = help: use `self::time` to refer to this unresolved item unambiguously

error[E0659]: `time` is ambiguous (name vs any other name during import resolution)
 --> tests/integration/primitive_date_time.rs:3:5
  |
3 | use time::ext::{NumericalDuration, NumericalStdDuration};
  |     ^^^^ ambiguous name
  |
  = note: `time` could refer to a crate passed with `--extern`
  = help: use `::time` to refer to this crate unambiguously
note: `time` could also refer to the unresolved item imported here
 --> tests/integration/primitive_date_time.rs:4:44
  |
4 | use time::macros::{date, datetime, offset, time};
  |                                            ^^^^
  = help: use `self::time` to refer to this unresolved item unambiguously

error[E0659]: `time` is ambiguous (name vs any other name during import resolution)
 --> tests/integration/primitive_date_time.rs:4:5
  |
4 | use time::macros::{date, datetime, offset, time};
  |     ^^^^ ambiguous name
  |
  = note: `time` could refer to a crate passed with `--extern`
  = help: use `::time` to refer to this crate unambiguously
note: `time` could also refer to the unresolved item imported here
 --> tests/integration/primitive_date_time.rs:4:44
  |
4 | use time::macros::{date, datetime, offset, time};
  |                                            ^^^^
  = help: use `self::time` to refer to this unresolved item unambiguously

error[E0659]: `time` is ambiguous (name vs any other name during import resolution)
 --> tests/integration/primitive_date_time.rs:5:5
  |
5 | use time::{PrimitiveDateTime, Weekday};
  |     ^^^^ ambiguous name
  |
  = note: `time` could refer to a crate passed with `--extern`
  = help: use `::time` to refer to this crate unambiguously
note: `time` could also refer to the unresolved item imported here
 --> tests/integration/primitive_date_time.rs:4:44
  |
4 | use time::macros::{date, datetime, offset, time};
  |                                            ^^^^
  = help: use `self::time` to refer to this unresolved item unambiguously

error[E0659]: `time` is ambiguous (name vs any other name during import resolution)
 --> tests/integration/serde.rs:2:5
  |
2 | use time::macros::{date, datetime, offset, time};
  |     ^^^^ ambiguous name
  |
  = note: `time` could refer to a crate passed with `--extern`
  = help: use `::time` to refer to this crate unambiguously
note: `time` could also refer to the unresolved item imported here
 --> tests/integration/serde.rs:2:44
  |
2 | use time::macros::{date, datetime, offset, time};
  |                                            ^^^^
  = help: use `self::time` to refer to this unresolved item unambiguously

error[E0659]: `time` is ambiguous (name vs any other name during import resolution)
 --> tests/integration/serde.rs:3:5
  |
3 | use time::{Duration, Time, Weekday};
  |     ^^^^ ambiguous name
  |
  = note: `time` could refer to a crate passed with `--extern`
  = help: use `::time` to refer to this crate unambiguously
note: `time` could also refer to the unresolved item imported here
 --> tests/integration/serde.rs:2:44
  |
2 | use time::macros::{date, datetime, offset, time};
  |                                            ^^^^
  = help: use `self::time` to refer to this unresolved item unambiguously

error[E0659]: `time` is ambiguous (name vs any other name during import resolution)
 --> tests/integration/time.rs:1:5
  |
1 | use time::ext::{NumericalDuration, NumericalStdDuration};
  |     ^^^^ ambiguous name
  |
  = note: `time` could refer to a crate passed with `--extern`
  = help: use `::time` to refer to this crate unambiguously
note: `time` could also refer to the unresolved item imported here
 --> tests/integration/time.rs:2:5
  |
2 | use time::macros::time;
  |     ^^^^^^^^^^^^^^^^^^
  = help: use `self::time` to refer to this unresolved item unambiguously

error[E0659]: `time` is ambiguous (name vs any other name during import resolution)
 --> tests/integration/time.rs:3:5
  |
3 | use time::{Result, Time};
  |     ^^^^ ambiguous name
  |
  = note: `time` could refer to a crate passed with `--extern`
  = help: use `::time` to refer to this crate unambiguously
note: `time` could also refer to the unresolved item imported here
 --> tests/integration/time.rs:2:5
  |
2 | use time::macros::time;
  |     ^^^^^^^^^^^^^^^^^^
  = help: use `self::time` to refer to this unresolved item unambiguously

warning: unused import: `TryFrom`
 --> tests/integration/parsing.rs:1:21
  |
1 | use core::convert::{TryFrom, TryInto};
  |                     ^^^^^^^
  |
  = note: `#[warn(unused_imports)]` on by default

warning: unused imports: `Date`, `Duration`, `OffsetDateTime`, `PrimitiveDateTime`, `Time`, `UtcOffset`, `Weekday`
 --> tests/integration/quickcheck.rs:2:12
  |
2 | use time::{Date, Duration, OffsetDateTime, PrimitiveDateTime, Time, UtcOffset, Weekday};
  |            ^^^^  ^^^^^^^^  ^^^^^^^^^^^^^^  ^^^^^^^^^^^^^^^^^  ^^^^  ^^^^^^^^^  ^^^^^^^

error[E0107]: this enum takes 2 type arguments but only 1 type argument was supplied
   --> tests/integration/time.rs:6:18
    |
6   | fn from_hms() -> Result<()> {
    |                  ^^^^^^ -- supplied 1 type argument
    |                  |
    |                  expected 2 type arguments
    |
note: enum defined here, with 2 type parameters: `T`, `E`
help: add missing type argument
    |
6   | fn from_hms() -> Result<(), E> {
    |                           ^^^

error[E0107]: this enum takes 2 type arguments but only 1 type argument was supplied
   --> tests/integration/time.rs:20:24
    |
20  | fn from_hms_milli() -> Result<()> {
    |                        ^^^^^^ -- supplied 1 type argument
    |                        |
    |                        expected 2 type arguments
    |
note: enum defined here, with 2 type parameters: `T`, `E`
help: add missing type argument
    |
20  | fn from_hms_milli() -> Result<(), E> {
    |                                 ^^^

error[E0107]: this enum takes 2 type arguments but only 1 type argument was supplied
   --> tests/integration/time.rs:36:24
    |
36  | fn from_hms_micro() -> Result<()> {
    |                        ^^^^^^ -- supplied 1 type argument
    |                        |
    |                        expected 2 type arguments
    |
note: enum defined here, with 2 type parameters: `T`, `E`
help: add missing type argument
    |
36  | fn from_hms_micro() -> Result<(), E> {
    |                                 ^^^

error[E0107]: this enum takes 2 type arguments but only 1 type argument was supplied
   --> tests/integration/time.rs:52:23
    |
52  | fn from_hms_nano() -> Result<()> {
    |                       ^^^^^^ -- supplied 1 type argument
    |                       |
    |                       expected 2 type arguments
    |
note: enum defined here, with 2 type parameters: `T`, `E`
help: add missing type argument
    |
52  | fn from_hms_nano() -> Result<(), E> {
    |                                ^^^

error[E0107]: this enum takes 2 type arguments but only 1 type argument was supplied
   --> tests/integration/time.rs:90:14
    |
90  | fn hour() -> Result<()> {
    |              ^^^^^^ -- supplied 1 type argument
    |              |
    |              expected 2 type arguments
    |
note: enum defined here, with 2 type parameters: `T`, `E`
help: add missing type argument
    |
90  | fn hour() -> Result<(), E> {
    |                       ^^^

error[E0107]: this enum takes 2 type arguments but only 1 type argument was supplied
   --> tests/integration/time.rs:99:16
    |
99  | fn minute() -> Result<()> {
    |                ^^^^^^ -- supplied 1 type argument
    |                |
    |                expected 2 type arguments
    |
note: enum defined here, with 2 type parameters: `T`, `E`
help: add missing type argument
    |
99  | fn minute() -> Result<(), E> {
    |                         ^^^

error[E0107]: this enum takes 2 type arguments but only 1 type argument was supplied
   --> tests/integration/time.rs:108:16
    |
108 | fn second() -> Result<()> {
    |                ^^^^^^ -- supplied 1 type argument
    |                |
    |                expected 2 type arguments
    |
note: enum defined here, with 2 type parameters: `T`, `E`
help: add missing type argument
    |
108 | fn second() -> Result<(), E> {
    |                         ^^^

error[E0107]: this enum takes 2 type arguments but only 1 type argument was supplied
   --> tests/integration/time.rs:117:21
    |
117 | fn millisecond() -> Result<()> {
    |                     ^^^^^^ -- supplied 1 type argument
    |                     |
    |                     expected 2 type arguments
    |
note: enum defined here, with 2 type parameters: `T`, `E`
help: add missing type argument
    |
117 | fn millisecond() -> Result<(), E> {
    |                              ^^^

error[E0107]: this enum takes 2 type arguments but only 1 type argument was supplied
   --> tests/integration/time.rs:129:21
    |
129 | fn microsecond() -> Result<()> {
    |                     ^^^^^^ -- supplied 1 type argument
    |                     |
    |                     expected 2 type arguments
    |
note: enum defined here, with 2 type parameters: `T`, `E`
help: add missing type argument
    |
129 | fn microsecond() -> Result<(), E> {
    |                              ^^^

error[E0107]: this enum takes 2 type arguments but only 1 type argument was supplied
   --> tests/integration/time.rs:141:20
    |
141 | fn nanosecond() -> Result<()> {
    |                    ^^^^^^ -- supplied 1 type argument
    |                    |
    |                    expected 2 type arguments
    |
note: enum defined here, with 2 type parameters: `T`, `E`
help: add missing type argument
    |
141 | fn nanosecond() -> Result<(), E> {
    |                             ^^^

error: aborting due to 1751 previous errors; 2 warnings emitted

Some errors have detailed explanations: E0107, E0412, E0425, E0432, E0433, E0659.
For more information about an error, try `rustc --explain E0107`.
error: build failed

Exit: 101
Timed out: False
