Command: rustup run 1.57.0 cargo check --locked --offline --tests
Started: 2026-09-25T11:47:14.404245+00:00
STDOUT:

STDERR:
    Checking time v0.3.5 (/home/runner/work/_temp/upstream)
error[E0433]: failed to resolve: could not find `format_description` in the crate root
  --> src/tests.rs:14:12
   |
14 | use crate::format_description::modifier::Modifiers;
   |            ^^^^^^^^^^^^^^^^^^ could not find `format_description` in the crate root

error[E0432]: unresolved import `crate::format_description`
  --> src/tests.rs:15:12
   |
15 | use crate::format_description::FormatItem;
   |            ^^^^^^^^^^^^^^^^^^ could not find `format_description` in the crate root

error[E0433]: failed to resolve: could not find `parsing` in the crate root
  --> src/tests.rs:17:12
   |
17 | use crate::parsing::shim::Integer;
   |            ^^^^^^^ could not find `parsing` in the crate root

error[E0432]: unresolved import `crate::formatting`
  --> src/tests.rs:16:12
   |
16 | use crate::formatting::DigitCount;
   |            ^^^^^^^^^^ could not find `formatting` in the crate root

error[E0432]: unresolved import `crate::parsing`
  --> src/tests.rs:18:23
   |
18 | use crate::{duration, parsing};
   |                       ^^^^^^^ no `parsing` in the root

error[E0433]: failed to resolve: use of undeclared type `Modifiers`
  --> src/tests.rs:70:29
   |
70 |     let _ = format!("{:?}", Modifiers::default());
   |                             ^^^^^^^^^ use of undeclared type `Modifiers`

error[E0433]: failed to resolve: could not find `format_description` in the crate root
  --> src/tests.rs:73:16
   |
73 |         crate::format_description::parse::ParsedItem {
   |                ^^^^^^^^^^^^^^^^^^ could not find `format_description` in the crate root

error[E0433]: failed to resolve: use of undeclared type `Integer`
  --> src/tests.rs:99:27
   |
99 |     assert!(<NonZeroU8 as Integer>::parse_bytes(b"256").is_none());
   |                           ^^^^^^^ use of undeclared type `Integer`

error[E0432]: unresolved import `time::macros`
 --> tests/integration/date.rs:6:11
  |
6 | use time::macros::{date, datetime, time};
  |           ^^^^^^ could not find `macros` in `time`

error[E0432]: unresolved import `time::macros`
 --> tests/integration/derives.rs:8:11
  |
8 | use time::macros::{date, offset, time};
  |           ^^^^^^ could not find `macros` in `time`

error[E0432]: unresolved imports `time::error::Format`, `time::error::IndeterminateOffset`, `time::error::InvalidFormatDescription`, `time::error::Parse`, `time::error::ParseFromDescription`, `time::error::TryFromParsed`
 --> tests/integration/error.rs:6:63
  |
6 |     ComponentRange, ConversionRange, DifferentVariant, Error, Format, IndeterminateOffset,
  |                                                               ^^^^^^  ^^^^^^^^^^^^^^^^^^^ no `IndeterminateOffset` in `error`
  |                                                               |
  |                                                               no `Format` in `error`
7 |     InvalidFormatDescription, Parse, ParseFromDescription, TryFromParsed,
  |     ^^^^^^^^^^^^^^^^^^^^^^^^  ^^^^^  ^^^^^^^^^^^^^^^^^^^^  ^^^^^^^^^^^^^ no `TryFromParsed` in `error`
  |     |                         |      |
  |     |                         |      no `ParseFromDescription` in `error`
  |     |                         no `Parse` in `error`
  |     no `InvalidFormatDescription` in `error`

error[E0432]: unresolved import `time::macros`
 --> tests/integration/error.rs:9:11
  |
9 | use time::macros::format_description;
  |           ^^^^^^ could not find `macros` in `time`

error[E0432]: unresolved import `time::parsing`
  --> tests/integration/error.rs:10:11
   |
10 | use time::parsing::Parsed;
   |           ^^^^^^^ could not find `parsing` in `time`

error[E0432]: unresolved import `time::format_description`
  --> tests/integration/error.rs:11:12
   |
11 | use time::{format_description, Date, Time};
   |            ^^^^^^^^^^^^^^^^^^ no `format_description` in the root

error[E0432]: unresolved import `time::format_description`
 --> tests/integration/format_description.rs:3:11
  |
3 | use time::format_description::{modifier, Component, FormatItem};
  |           ^^^^^^^^^^^^^^^^^^ could not find `format_description` in `time`

error[E0432]: unresolved import `time::macros`
 --> tests/integration/formatting.rs:5:11
  |
5 | use time::macros::{date, datetime, format_description as fd, offset, time};
  |           ^^^^^^ could not find `macros` in `time`

error[E0432]: unresolved import `time::macros`
 --> tests/integration/macros.rs:5:11
  |
5 | use time::macros::{date, format_description, time};
  |           ^^^^^^ could not find `macros` in `time`

error[E0433]: failed to resolve: could not find `format_description` in `time`
 --> tests/integration/parse_format_description.rs:2:15
  |
2 |     use time::format_description::modifier::{
  |               ^^^^^^^^^^^^^^^^^^ could not find `format_description` in `time`

error[E0432]: unresolved import `time::macros`
 --> tests/integration/offset_date_time.rs:5:11
  |
5 | use time::macros::{date, datetime, offset, time};
  |           ^^^^^^ could not find `macros` in `time`

error[E0433]: failed to resolve: could not find `format_description` in `time`
   --> tests/integration/parse_format_description.rs:112:11
    |
112 | use time::format_description::modifier::{
    |           ^^^^^^^^^^^^^^^^^^ could not find `format_description` in `time`

error[E0432]: unresolved import `time::error::InvalidFormatDescription`
   --> tests/integration/parse_format_description.rs:111:5
    |
111 | use time::error::InvalidFormatDescription;
    |     ^^^^^^^^^^^^^^^^^^^^^^^^^^^^^^^^^^^^^ no `InvalidFormatDescription` in `error`

error[E0433]: failed to resolve: could not find `format_description` in `time`
 --> tests/integration/parsed.rs:3:11
  |
3 | use time::format_description::modifier::WeekNumberRepr;
  |           ^^^^^^^^^^^^^^^^^^ could not find `format_description` in `time`

error[E0432]: unresolved imports `time::format_description`, `time::format_description`
   --> tests/integration/parse_format_description.rs:115:11
    |
115 | use time::format_description::{self, Component, FormatItem};
    |           ^^^^^^^^^^^^^^^^^^   ^^^^ no `format_description` in the root
    |           |
    |           could not find `format_description` in `time`

error[E0432]: unresolved import `time::format_description`
 --> tests/integration/parsed.rs:4:11
  |
4 | use time::format_description::{Component, FormatItem};
  |           ^^^^^^^^^^^^^^^^^^ could not find `format_description` in `time`

error[E0432]: unresolved import `time::parsing`
 --> tests/integration/parsed.rs:5:11
  |
5 | use time::parsing::Parsed;
  |           ^^^^^^^ could not find `parsing` in `time`

error[E0432]: unresolved import `time::macros`
 --> tests/integration/parsing.rs:6:11
  |
6 | use time::macros::{date, datetime, time};
  |           ^^^^^^ could not find `macros` in `time`

error[E0432]: unresolved import `time::macros`
 --> tests/integration/primitive_date_time.rs:4:11
  |
4 | use time::macros::{date, datetime, offset, time};
  |           ^^^^^^ could not find `macros` in `time`

error[E0432]: unresolved import `time::macros`
 --> tests/integration/serde.rs:2:11
  |
2 | use time::macros::{date, datetime, offset, time};
  |           ^^^^^^ could not find `macros` in `time`

error[E0432]: unresolved import `time::macros`
 --> tests/integration/serde_helpers.rs:3:11
  |
3 | use time::macros::datetime;
  |           ^^^^^^ could not find `macros` in `time`

error[E0432]: unresolved import `time::macros`
 --> tests/integration/time.rs:2:11
  |
2 | use time::macros::time;
  |           ^^^^^^ could not find `macros` in `time`

error[E0432]: unresolved import `time::macros`
 --> tests/integration/utc_offset.rs:1:11
  |
1 | use time::macros::offset;
  |           ^^^^^^ could not find `macros` in `time`

error[E0432]: unresolved import `time_macros`
  --> tests/integration/derives.rs:11:5
   |
11 | use time_macros::datetime;
   |     ^^^^^^^^^^^ use of undeclared crate or module `time_macros`

error[E0432]: unresolved imports `quickcheck_dep`, `time::ext::NumericalDuration`, `time::ext::NumericalStdDuration`, `time::macros::date`, `time::macros::datetime`, `time::util`, `time::Date`, `time::Duration`, `time::Month`, `time::Weekday`, `time::error`, `time::error::ConversionRange`, `time::error::IndeterminateOffset`, `time::error::TryFromParsed`, `time::ext::NumericalDuration`, `time::format_description`, `time::format_description::modifier`, `time::format_description::well_known`, `time::format_description::Component`, `time::format_description::FormatItem`, `time::macros::date`, `time::macros::offset`, `time::parsing::Parsed`, `time::Duration`, `time::Error`, `time::Instant`, `time::Month`, `time::Time`, `time::Weekday`, `time::format_description::well_known::Rfc2822`, `time::format_description::well_known::Rfc3339`, `time::format_description`, `time::format_description::FormatItem`, `time::macros::date`, `time::macros::datetime`, `time::macros::format_description`, `time::macros::offset`, `time::OffsetDateTime`, `time::Time`, `time::format_description::modifier::MonthRepr`, `time::format_description::modifier::Padding`, `time::format_description::modifier::WeekNumberRepr`, `time::format_description::modifier::WeekdayRepr`, `time::format_description::modifier::YearRepr`, `time::format_description::Component`, `time::format_description::FormatItem`, `time::macros::date`, `time::macros::format_description`, `time::Date`, `time::Time`, `time::ext::NumericalDuration`, `time::ext::NumericalStdDuration`, `time::macros::date`, `time::macros::datetime`, `time::macros::offset`, `time::Date`, `time::Duration`, `time::Month`, `time::OffsetDateTime`, `time::Weekday`, `time::format_description::well_known::Rfc2822`, `time::format_description::well_known::Rfc3339`, `time::format_description::modifier`, `time::format_description::Component`, `time::format_description::FormatItem`, `time::macros::date`, `time::macros::datetime`, `time::parsing::Parsed`, `time::error`, `time::format_description`, `time::Date`, `time::Month`, `time::OffsetDateTime`, `time::PrimitiveDateTime`, `time::Time`, `time::UtcOffset`, `time::Weekday`, `time::ext::NumericalDuration`, `time::ext::NumericalStdDuration`, `time::macros::date`, `time::macros::datetime`, `time::macros::offset`, `time::Duration`, `time::Month`, `time::PrimitiveDateTime`, `time::Weekday`, `time::macros::date`, `time::macros::datetime`, `time::macros::offset`, `time::Date`, `time::Duration`, `time::Month`, `time::OffsetDateTime`, `time::PrimitiveDateTime`, `time::Time`, `time::UtcOffset`, `time::Weekday`, `time::ext::NumericalDuration`, `time::ext::NumericalStdDuration`, `time::Result`, `time::Time`
  --> tests/integration/date.rs:5:17
   |
5  | use time::ext::{NumericalDuration, NumericalStdDuration};
   |                 ^^^^^^^^^^^^^^^^^  ^^^^^^^^^^^^^^^^^^^^
6  | use time::macros::{date, datetime, time};
   |                    ^^^^  ^^^^^^^^
7  | use time::{util, Date, Duration, Month, Weekday};
   |            ^^^^  ^^^^  ^^^^^^^^  ^^^^^  ^^^^^^^
   |
  ::: tests/integration/quickcheck.rs:1:5
   |
1  | use quickcheck_dep::{quickcheck, Arbitrary, TestResult};
   |     ^^^^^^^^^^^^^^ use of undeclared crate or module `quickcheck_dep`
   |
  ::: tests/integration/derives.rs:5:19
   |
5  | use time::error::{self, ConversionRange, IndeterminateOffset, TryFromParsed};
   |                   ^^^^  ^^^^^^^^^^^^^^^  ^^^^^^^^^^^^^^^^^^^  ^^^^^^^^^^^^^
6  | use time::ext::NumericalDuration;
   |     ^^^^^^^^^^^^^^^^^^^^^^^^^^^^
7  | use time::format_description::{self, modifier, well_known, Component, FormatItem};
   |                                ^^^^  ^^^^^^^^  ^^^^^^^^^^  ^^^^^^^^^  ^^^^^^^^^^
8  | use time::macros::{date, offset, time};
   |                    ^^^^  ^^^^^^
9  | use time::parsing::Parsed;
   |     ^^^^^^^^^^^^^^^^^^^^^
10 | use time::{Duration, Error, Instant, Month, Time, Weekday};
   |            ^^^^^^^^  ^^^^^  ^^^^^^^  ^^^^^  ^^^^  ^^^^^^^
   |
  ::: tests/integration/formatting.rs:3:44
   |
3  | use time::format_description::well_known::{Rfc2822, Rfc3339};
   |                                            ^^^^^^^  ^^^^^^^
4  | use time::format_description::{self, FormatItem};
   |                                ^^^^  ^^^^^^^^^^
5  | use time::macros::{date, datetime, format_description as fd, offset, time};
   |                    ^^^^  ^^^^^^^^  ^^^^^^^^^^^^^^^^^^^^^^^^  ^^^^^^
6  | use time::{OffsetDateTime, Time};
   |            ^^^^^^^^^^^^^^  ^^^^
   |
  ::: tests/integration/macros.rs:2:5
   |
2  |     MonthRepr, Padding, WeekNumberRepr, WeekdayRepr, YearRepr,
   |     ^^^^^^^^^  ^^^^^^^  ^^^^^^^^^^^^^^  ^^^^^^^^^^^  ^^^^^^^^
3  | };
4  | use time::format_description::{Component, FormatItem};
   |                                ^^^^^^^^^  ^^^^^^^^^^
5  | use time::macros::{date, format_description, time};
   |                    ^^^^  ^^^^^^^^^^^^^^^^^^
6  | use time::{Date, Time};
   |            ^^^^  ^^^^
   |
  ::: tests/integration/offset_date_time.rs:4:17
   |
4  | use time::ext::{NumericalDuration, NumericalStdDuration};
   |                 ^^^^^^^^^^^^^^^^^  ^^^^^^^^^^^^^^^^^^^^
5  | use time::macros::{date, datetime, offset, time};
   |                    ^^^^  ^^^^^^^^  ^^^^^^
6  | use time::{Date, Duration, Month, OffsetDateTime, Weekday};
   |            ^^^^  ^^^^^^^^  ^^^^^  ^^^^^^^^^^^^^^  ^^^^^^^
   |
  ::: tests/integration/parsing.rs:4:44
   |
4  | use time::format_description::well_known::{Rfc2822, Rfc3339};
   |                                            ^^^^^^^  ^^^^^^^
5  | use time::format_description::{modifier, Component, FormatItem};
   |                                ^^^^^^^^  ^^^^^^^^^  ^^^^^^^^^^
6  | use time::macros::{date, datetime, time};
   |                    ^^^^  ^^^^^^^^
7  | use time::parsing::Parsed;
   |     ^^^^^^^^^^^^^^^^^^^^^
8  | use time::{
9  |     error, format_description as fd, Date, Month, OffsetDateTime, PrimitiveDateTime, Time,
   |     ^^^^^  ^^^^^^^^^^^^^^^^^^^^^^^^  ^^^^  ^^^^^  ^^^^^^^^^^^^^^  ^^^^^^^^^^^^^^^^^  ^^^^
10 |     UtcOffset, Weekday,
   |     ^^^^^^^^^  ^^^^^^^
   |
  ::: tests/integration/primitive_date_time.rs:3:17
   |
3  | use time::ext::{NumericalDuration, NumericalStdDuration};
   |                 ^^^^^^^^^^^^^^^^^  ^^^^^^^^^^^^^^^^^^^^
4  | use time::macros::{date, datetime, offset, time};
   |                    ^^^^  ^^^^^^^^  ^^^^^^
5  | use time::{Duration, Month, PrimitiveDateTime, Weekday};
   |            ^^^^^^^^  ^^^^^  ^^^^^^^^^^^^^^^^^  ^^^^^^^
   |
  ::: tests/integration/serde.rs:2:20
   |
2  | use time::macros::{date, datetime, offset, time};
   |                    ^^^^  ^^^^^^^^  ^^^^^^
3  | use time::{Date, Duration, Month, OffsetDateTime, PrimitiveDateTime, Time, UtcOffset, Weekday};
   |            ^^^^  ^^^^^^^^  ^^^^^  ^^^^^^^^^^^^^^  ^^^^^^^^^^^^^^^^^  ^^^^  ^^^^^^^^^  ^^^^^^^
   |
  ::: tests/integration/time.rs:1:17
   |
1  | use time::ext::{NumericalDuration, NumericalStdDuration};
   |                 ^^^^^^^^^^^^^^^^^  ^^^^^^^^^^^^^^^^^^^^
2  | use time::macros::time;
3  | use time::{Result, Time};
   |            ^^^^^^  ^^^^
   |
help: there is a crate or module with a similar name
   |
1  | use quickcheck::{quickcheck, Arbitrary, TestResult};
   |     ~~~~~~~~~~

error[E0432]: unresolved import `Weekday`
   --> tests/integration/date.rs:430:9
    |
430 |     use Weekday::*;
    |         ^^^^^^^ use of undeclared type `Weekday`

error[E0432]: unresolved import `Weekday`
   --> tests/integration/date.rs:535:9
    |
535 |     use Weekday::*;
    |         ^^^^^^^ use of undeclared type `Weekday`

error[E0432]: unresolved import `Weekday`
   --> tests/integration/date.rs:552:9
    |
552 |     use Weekday::*;
    |         ^^^^^^^ use of undeclared type `Weekday`

error[E0432]: unresolved import `Weekday`
   --> tests/integration/offset_date_time.rs:202:9
    |
202 |     use Weekday::*;
    |         ^^^^^^^ use of undeclared type `Weekday`

error[E0432]: unresolved import `Weekday`
   --> tests/integration/offset_date_time.rs:227:9
    |
227 |     use Weekday::*;
    |         ^^^^^^^ use of undeclared type `Weekday`

error[E0432]: unresolved import `Weekday`
  --> tests/integration/primitive_date_time.rs:90:9
   |
90 |     use Weekday::*;
   |         ^^^^^^^ use of undeclared type `Weekday`

error[E0432]: unresolved import `Weekday`
   --> tests/integration/primitive_date_time.rs:115:9
    |
115 |     use Weekday::*;
    |         ^^^^^^^ use of undeclared type `Weekday`

error[E0432]: unresolved import `Weekday`
   --> tests/integration/serde.rs:648:9
    |
648 |     use Weekday::*;
    |         ^^^^^^^ use of undeclared type `Weekday`

error[E0432]: unresolved import `Month`
   --> tests/integration/serde.rs:688:9
    |
688 |     use Month::*;
    |         ^^^^^ use of undeclared type `Month`

error: cannot find macro `date` in this scope
  --> tests/integration/date.rs:12:25
   |
12 |         format!("{:?}", date!(2020 - 02 - 03)),
   |                         ^^^^

error: cannot find macro `date` in this scope
  --> tests/integration/date.rs:47:16
   |
47 |     assert_eq!(date!(2023 - 01 - 01).monday_based_week(), 0);
   |                ^^^^

error: cannot find macro `date` in this scope
  --> tests/integration/date.rs:48:16
   |
48 |     assert_eq!(date!(2023 - 01 - 02).monday_based_week(), 1);
   |                ^^^^

error: cannot find macro `date` in this scope
  --> tests/integration/date.rs:49:16
   |
49 |     assert_eq!(date!(2023 - 01 - 03).monday_based_week(), 1);
   |                ^^^^

error: cannot find macro `date` in this scope
  --> tests/integration/date.rs:50:16
   |
50 |     assert_eq!(date!(2023 - 01 - 04).monday_based_week(), 1);
   |                ^^^^

error: cannot find macro `date` in this scope
  --> tests/integration/date.rs:51:16
   |
51 |     assert_eq!(date!(2023 - 01 - 05).monday_based_week(), 1);
   |                ^^^^

error: cannot find macro `date` in this scope
  --> tests/integration/date.rs:52:16
   |
52 |     assert_eq!(date!(2023 - 01 - 06).monday_based_week(), 1);
   |                ^^^^

error: cannot find macro `date` in this scope
  --> tests/integration/date.rs:53:16
   |
53 |     assert_eq!(date!(2023 - 01 - 07).monday_based_week(), 1);
   |                ^^^^

error: cannot find macro `date` in this scope
  --> tests/integration/date.rs:56:16
   |
56 |     assert_eq!(date!(2022 - 01 - 01).monday_based_week(), 0);
   |                ^^^^

error: cannot find macro `date` in this scope
  --> tests/integration/date.rs:57:16
   |
57 |     assert_eq!(date!(2022 - 01 - 02).monday_based_week(), 0);
   |                ^^^^

error: cannot find macro `date` in this scope
  --> tests/integration/date.rs:58:16
   |
58 |     assert_eq!(date!(2022 - 01 - 03).monday_based_week(), 1);
   |                ^^^^

error: cannot find macro `date` in this scope
  --> tests/integration/date.rs:59:16
   |
59 |     assert_eq!(date!(2022 - 01 - 04).monday_based_week(), 1);
   |                ^^^^

error: cannot find macro `date` in this scope
  --> tests/integration/date.rs:60:16
   |
60 |     assert_eq!(date!(2022 - 01 - 05).monday_based_week(), 1);
   |                ^^^^

error: cannot find macro `date` in this scope
  --> tests/integration/date.rs:61:16
   |
61 |     assert_eq!(date!(2022 - 01 - 06).monday_based_week(), 1);
   |                ^^^^

error: cannot find macro `date` in this scope
  --> tests/integration/date.rs:62:16
   |
62 |     assert_eq!(date!(2022 - 01 - 07).monday_based_week(), 1);
   |                ^^^^

error: cannot find macro `date` in this scope
  --> tests/integration/date.rs:65:16
   |
65 |     assert_eq!(date!(2021 - 01 - 01).monday_based_week(), 0);
   |                ^^^^

error: cannot find macro `date` in this scope
  --> tests/integration/date.rs:66:16
   |
66 |     assert_eq!(date!(2021 - 01 - 02).monday_based_week(), 0);
   |                ^^^^

error: cannot find macro `date` in this scope
  --> tests/integration/date.rs:67:16
   |
67 |     assert_eq!(date!(2021 - 01 - 03).monday_based_week(), 0);
   |                ^^^^

error: cannot find macro `date` in this scope
  --> tests/integration/date.rs:68:16
   |
68 |     assert_eq!(date!(2021 - 01 - 04).monday_based_week(), 1);
   |                ^^^^

error: cannot find macro `date` in this scope
  --> tests/integration/date.rs:69:16
   |
69 |     assert_eq!(date!(2021 - 01 - 05).monday_based_week(), 1);
   |                ^^^^

error: cannot find macro `date` in this scope
  --> tests/integration/date.rs:70:16
   |
70 |     assert_eq!(date!(2021 - 01 - 06).monday_based_week(), 1);
   |                ^^^^

error: cannot find macro `date` in this scope
  --> tests/integration/date.rs:71:16
   |
71 |     assert_eq!(date!(2021 - 01 - 07).monday_based_week(), 1);
   |                ^^^^

error: cannot find macro `date` in this scope
  --> tests/integration/date.rs:74:16
   |
74 |     assert_eq!(date!(2026 - 01 - 01).monday_based_week(), 0);
   |                ^^^^

error: cannot find macro `date` in this scope
  --> tests/integration/date.rs:75:16
   |
75 |     assert_eq!(date!(2026 - 01 - 02).monday_based_week(), 0);
   |                ^^^^

error: cannot find macro `date` in this scope
  --> tests/integration/date.rs:76:16
   |
76 |     assert_eq!(date!(2026 - 01 - 03).monday_based_week(), 0);
   |                ^^^^

error: cannot find macro `date` in this scope
  --> tests/integration/date.rs:77:16
   |
77 |     assert_eq!(date!(2026 - 01 - 04).monday_based_week(), 0);
   |                ^^^^

error: cannot find macro `date` in this scope
  --> tests/integration/date.rs:78:16
   |
78 |     assert_eq!(date!(2026 - 01 - 05).monday_based_week(), 1);
   |                ^^^^

error: cannot find macro `date` in this scope
  --> tests/integration/date.rs:79:16
   |
79 |     assert_eq!(date!(2026 - 01 - 06).monday_based_week(), 1);
   |                ^^^^

error: cannot find macro `date` in this scope
  --> tests/integration/date.rs:80:16
   |
80 |     assert_eq!(date!(2026 - 01 - 07).monday_based_week(), 1);
   |                ^^^^

error: cannot find macro `date` in this scope
  --> tests/integration/date.rs:83:16
   |
83 |     assert_eq!(date!(2025 - 01 - 01).monday_based_week(), 0);
   |                ^^^^

error: cannot find macro `date` in this scope
  --> tests/integration/date.rs:84:16
   |
84 |     assert_eq!(date!(2025 - 01 - 02).monday_based_week(), 0);
   |                ^^^^

error: cannot find macro `date` in this scope
  --> tests/integration/date.rs:85:16
   |
85 |     assert_eq!(date!(2025 - 01 - 03).monday_based_week(), 0);
   |                ^^^^

error: cannot find macro `date` in this scope
  --> tests/integration/date.rs:86:16
   |
86 |     assert_eq!(date!(2025 - 01 - 04).monday_based_week(), 0);
   |                ^^^^

error: cannot find macro `date` in this scope
  --> tests/integration/date.rs:87:16
   |
87 |     assert_eq!(date!(2025 - 01 - 05).monday_based_week(), 0);
   |                ^^^^

error: cannot find macro `date` in this scope
  --> tests/integration/date.rs:88:16
   |
88 |     assert_eq!(date!(2025 - 01 - 06).monday_based_week(), 1);
   |                ^^^^

error: cannot find macro `date` in this scope
  --> tests/integration/date.rs:89:16
   |
89 |     assert_eq!(date!(2025 - 01 - 07).monday_based_week(), 1);
   |                ^^^^

error: cannot find macro `date` in this scope
  --> tests/integration/date.rs:92:16
   |
92 |     assert_eq!(date!(2019 - 01 - 01).monday_based_week(), 0);
   |                ^^^^

error: cannot find macro `date` in this scope
  --> tests/integration/date.rs:93:16
   |
93 |     assert_eq!(date!(2019 - 01 - 02).monday_based_week(), 0);
   |                ^^^^

error: cannot find macro `date` in this scope
  --> tests/integration/date.rs:94:16
   |
94 |     assert_eq!(date!(2019 - 01 - 03).monday_based_week(), 0);
   |                ^^^^

error: cannot find macro `date` in this scope
  --> tests/integration/date.rs:95:16
   |
95 |     assert_eq!(date!(2019 - 01 - 04).monday_based_week(), 0);
   |                ^^^^

error: cannot find macro `date` in this scope
  --> tests/integration/date.rs:96:16
   |
96 |     assert_eq!(date!(2019 - 01 - 05).monday_based_week(), 0);
   |                ^^^^

error: cannot find macro `date` in this scope
  --> tests/integration/date.rs:97:16
   |
97 |     assert_eq!(date!(2019 - 01 - 06).monday_based_week(), 0);
   |                ^^^^

error: cannot find macro `date` in this scope
  --> tests/integration/date.rs:98:16
   |
98 |     assert_eq!(date!(2019 - 01 - 07).monday_based_week(), 1);
   |                ^^^^

error: cannot find macro `date` in this scope
   --> tests/integration/date.rs:101:16
    |
101 |     assert_eq!(date!(2018 - 01 - 01).monday_based_week(), 1);
    |                ^^^^

error: cannot find macro `date` in this scope
   --> tests/integration/date.rs:102:16
    |
102 |     assert_eq!(date!(2018 - 01 - 02).monday_based_week(), 1);
    |                ^^^^

error: cannot find macro `date` in this scope
   --> tests/integration/date.rs:103:16
    |
103 |     assert_eq!(date!(2018 - 01 - 03).monday_based_week(), 1);
    |                ^^^^

error: cannot find macro `date` in this scope
   --> tests/integration/date.rs:104:16
    |
104 |     assert_eq!(date!(2018 - 01 - 04).monday_based_week(), 1);
    |                ^^^^

error: cannot find macro `date` in this scope
   --> tests/integration/date.rs:105:16
    |
105 |     assert_eq!(date!(2018 - 01 - 05).monday_based_week(), 1);
    |                ^^^^

error: cannot find macro `date` in this scope
   --> tests/integration/date.rs:106:16
    |
106 |     assert_eq!(date!(2018 - 01 - 06).monday_based_week(), 1);
    |                ^^^^

error: cannot find macro `date` in this scope
   --> tests/integration/date.rs:107:16
    |
107 |     assert_eq!(date!(2018 - 01 - 07).monday_based_week(), 1);
    |                ^^^^

error: cannot find macro `date` in this scope
   --> tests/integration/date.rs:110:16
    |
110 |     assert_eq!(date!(2012 - 01 - 01).monday_based_week(), 0);
    |                ^^^^

error: cannot find macro `date` in this scope
   --> tests/integration/date.rs:111:16
    |
111 |     assert_eq!(date!(2012 - 01 - 02).monday_based_week(), 1);
    |                ^^^^

error: cannot find macro `date` in this scope
   --> tests/integration/date.rs:112:16
    |
112 |     assert_eq!(date!(2012 - 01 - 03).monday_based_week(), 1);
    |                ^^^^

error: cannot find macro `date` in this scope
   --> tests/integration/date.rs:113:16
    |
113 |     assert_eq!(date!(2012 - 01 - 04).monday_based_week(), 1);
    |                ^^^^

error: cannot find macro `date` in this scope
   --> tests/integration/date.rs:114:16
    |
114 |     assert_eq!(date!(2012 - 01 - 05).monday_based_week(), 1);
    |                ^^^^

error: cannot find macro `date` in this scope
   --> tests/integration/date.rs:115:16
    |
115 |     assert_eq!(date!(2012 - 01 - 06).monday_based_week(), 1);
    |                ^^^^

error: cannot find macro `date` in this scope
   --> tests/integration/date.rs:116:16
    |
116 |     assert_eq!(date!(2012 - 01 - 07).monday_based_week(), 1);
    |                ^^^^

error: cannot find macro `date` in this scope
   --> tests/integration/date.rs:117:16
    |
117 |     assert_eq!(date!(2012 - 02 - 28).monday_based_week(), 9);
    |                ^^^^

error: cannot find macro `date` in this scope
   --> tests/integration/date.rs:118:16
    |
118 |     assert_eq!(date!(2012 - 02 - 29).monday_based_week(), 9);
    |                ^^^^

error: cannot find macro `date` in this scope
   --> tests/integration/date.rs:119:16
    |
119 |     assert_eq!(date!(2012 - 03 - 01).monday_based_week(), 9);
    |                ^^^^

error: cannot find macro `date` in this scope
   --> tests/integration/date.rs:120:16
    |
120 |     assert_eq!(date!(2012 - 03 - 02).monday_based_week(), 9);
    |                ^^^^

error: cannot find macro `date` in this scope
   --> tests/integration/date.rs:121:16
    |
121 |     assert_eq!(date!(2012 - 03 - 03).monday_based_week(), 9);
    |                ^^^^

error: cannot find macro `date` in this scope
   --> tests/integration/date.rs:122:16
    |
122 |     assert_eq!(date!(2012 - 03 - 04).monday_based_week(), 9);
    |                ^^^^

error: cannot find macro `date` in this scope
   --> tests/integration/date.rs:123:16
    |
123 |     assert_eq!(date!(2012 - 03 - 05).monday_based_week(), 10);
    |                ^^^^

error: cannot find macro `date` in this scope
   --> tests/integration/date.rs:124:16
    |
124 |     assert_eq!(date!(2012 - 03 - 06).monday_based_week(), 10);
    |                ^^^^

error: cannot find macro `date` in this scope
   --> tests/integration/date.rs:125:16
    |
125 |     assert_eq!(date!(2012 - 03 - 07).monday_based_week(), 10);
    |                ^^^^

error: cannot find macro `date` in this scope
   --> tests/integration/date.rs:128:16
    |
128 |     assert_eq!(date!(2028 - 01 - 01).monday_based_week(), 0);
    |                ^^^^

error: cannot find macro `date` in this scope
   --> tests/integration/date.rs:129:16
    |
129 |     assert_eq!(date!(2028 - 01 - 02).monday_based_week(), 0);
    |                ^^^^

error: cannot find macro `date` in this scope
   --> tests/integration/date.rs:130:16
    |
130 |     assert_eq!(date!(2028 - 01 - 03).monday_based_week(), 1);
    |                ^^^^

error: cannot find macro `date` in this scope
   --> tests/integration/date.rs:131:16
    |
131 |     assert_eq!(date!(2028 - 01 - 04).monday_based_week(), 1);
    |                ^^^^

error: cannot find macro `date` in this scope
   --> tests/integration/date.rs:132:16
    |
132 |     assert_eq!(date!(2028 - 01 - 05).monday_based_week(), 1);
    |                ^^^^

error: cannot find macro `date` in this scope
   --> tests/integration/date.rs:133:16
    |
133 |     assert_eq!(date!(2028 - 01 - 06).monday_based_week(), 1);
    |                ^^^^

error: cannot find macro `date` in this scope
   --> tests/integration/date.rs:134:16
    |
134 |     assert_eq!(date!(2028 - 01 - 07).monday_based_week(), 1);
    |                ^^^^

error: cannot find macro `date` in this scope
   --> tests/integration/date.rs:135:16
    |
135 |     assert_eq!(date!(2028 - 02 - 28).monday_based_week(), 9);
    |                ^^^^

error: cannot find macro `date` in this scope
   --> tests/integration/date.rs:136:16
    |
136 |     assert_eq!(date!(2028 - 02 - 29).monday_based_week(), 9);
    |                ^^^^

error: cannot find macro `date` in this scope
   --> tests/integration/date.rs:137:16
    |
137 |     assert_eq!(date!(2028 - 03 - 01).monday_based_week(), 9);
    |                ^^^^

error: cannot find macro `date` in this scope
   --> tests/integration/date.rs:138:16
    |
138 |     assert_eq!(date!(2028 - 03 - 02).monday_based_week(), 9);
    |                ^^^^

error: cannot find macro `date` in this scope
   --> tests/integration/date.rs:139:16
    |
139 |     assert_eq!(date!(2028 - 03 - 03).monday_based_week(), 9);
    |                ^^^^

error: cannot find macro `date` in this scope
   --> tests/integration/date.rs:140:16
    |
140 |     assert_eq!(date!(2028 - 03 - 04).monday_based_week(), 9);
    |                ^^^^

error: cannot find macro `date` in this scope
   --> tests/integration/date.rs:141:16
    |
141 |     assert_eq!(date!(2028 - 03 - 05).monday_based_week(), 9);
    |                ^^^^

error: cannot find macro `date` in this scope
   --> tests/integration/date.rs:142:16
    |
142 |     assert_eq!(date!(2028 - 03 - 06).monday_based_week(), 10);
    |                ^^^^

error: cannot find macro `date` in this scope
   --> tests/integration/date.rs:143:16
    |
143 |     assert_eq!(date!(2028 - 03 - 07).monday_based_week(), 10);
    |                ^^^^

error: cannot find macro `date` in this scope
   --> tests/integration/date.rs:146:16
    |
146 |     assert_eq!(date!(2016 - 01 - 01).monday_based_week(), 0);
    |                ^^^^

error: cannot find macro `date` in this scope
   --> tests/integration/date.rs:147:16
    |
147 |     assert_eq!(date!(2016 - 01 - 02).monday_based_week(), 0);
    |                ^^^^

error: cannot find macro `date` in this scope
   --> tests/integration/date.rs:148:16
    |
148 |     assert_eq!(date!(2016 - 01 - 03).monday_based_week(), 0);
    |                ^^^^

error: cannot find macro `date` in this scope
   --> tests/integration/date.rs:149:16
    |
149 |     assert_eq!(date!(2016 - 01 - 04).monday_based_week(), 1);
    |                ^^^^

error: cannot find macro `date` in this scope
   --> tests/integration/date.rs:150:16
    |
150 |     assert_eq!(date!(2016 - 01 - 05).monday_based_week(), 1);
    |                ^^^^

error: cannot find macro `date` in this scope
   --> tests/integration/date.rs:151:16
    |
151 |     assert_eq!(date!(2016 - 01 - 06).monday_based_week(), 1);
    |                ^^^^

error: cannot find macro `date` in this scope
   --> tests/integration/date.rs:152:16
    |
152 |     assert_eq!(date!(2016 - 01 - 07).monday_based_week(), 1);
    |                ^^^^

error: cannot find macro `date` in this scope
   --> tests/integration/date.rs:153:16
    |
153 |     assert_eq!(date!(2016 - 02 - 28).monday_based_week(), 8);
    |                ^^^^

error: cannot find macro `date` in this scope
   --> tests/integration/date.rs:154:16
    |
154 |     assert_eq!(date!(2016 - 02 - 29).monday_based_week(), 9);
    |                ^^^^

error: cannot find macro `date` in this scope
   --> tests/integration/date.rs:155:16
    |
155 |     assert_eq!(date!(2016 - 03 - 01).monday_based_week(), 9);
    |                ^^^^

error: cannot find macro `date` in this scope
   --> tests/integration/date.rs:156:16
    |
156 |     assert_eq!(date!(2016 - 03 - 02).monday_based_week(), 9);
    |                ^^^^

error: cannot find macro `date` in this scope
   --> tests/integration/date.rs:157:16
    |
157 |     assert_eq!(date!(2016 - 03 - 03).monday_based_week(), 9);
    |                ^^^^

error: cannot find macro `date` in this scope
   --> tests/integration/date.rs:158:16
    |
158 |     assert_eq!(date!(2016 - 03 - 04).monday_based_week(), 9);
    |                ^^^^

error: cannot find macro `date` in this scope
   --> tests/integration/date.rs:159:16
    |
159 |     assert_eq!(date!(2016 - 03 - 05).monday_based_week(), 9);
    |                ^^^^

error: cannot find macro `date` in this scope
   --> tests/integration/date.rs:160:16
    |
160 |     assert_eq!(date!(2016 - 03 - 06).monday_based_week(), 9);
    |                ^^^^

error: cannot find macro `date` in this scope
   --> tests/integration/date.rs:161:16
    |
161 |     assert_eq!(date!(2016 - 03 - 07).monday_based_week(), 10);
    |                ^^^^

error: cannot find macro `date` in this scope
   --> tests/integration/date.rs:164:16
    |
164 |     assert_eq!(date!(2032 - 01 - 01).monday_based_week(), 0);
    |                ^^^^

error: cannot find macro `date` in this scope
   --> tests/integration/date.rs:165:16
    |
165 |     assert_eq!(date!(2032 - 01 - 02).monday_based_week(), 0);
    |                ^^^^

error: cannot find macro `date` in this scope
   --> tests/integration/date.rs:166:16
    |
166 |     assert_eq!(date!(2032 - 01 - 03).monday_based_week(), 0);
    |                ^^^^

error: cannot find macro `date` in this scope
   --> tests/integration/date.rs:167:16
    |
167 |     assert_eq!(date!(2032 - 01 - 04).monday_based_week(), 0);
    |                ^^^^

error: cannot find macro `date` in this scope
   --> tests/integration/date.rs:168:16
    |
168 |     assert_eq!(date!(2032 - 01 - 05).monday_based_week(), 1);
    |                ^^^^

error: cannot find macro `date` in this scope
   --> tests/integration/date.rs:169:16
    |
169 |     assert_eq!(date!(2032 - 01 - 06).monday_based_week(), 1);
    |                ^^^^

error: cannot find macro `date` in this scope
   --> tests/integration/date.rs:170:16
    |
170 |     assert_eq!(date!(2032 - 01 - 07).monday_based_week(), 1);
    |                ^^^^

error: cannot find macro `date` in this scope
   --> tests/integration/date.rs:171:16
    |
171 |     assert_eq!(date!(2032 - 02 - 28).monday_based_week(), 8);
    |                ^^^^

error: cannot find macro `date` in this scope
   --> tests/integration/date.rs:172:16
    |
172 |     assert_eq!(date!(2032 - 02 - 29).monday_based_week(), 8);
    |                ^^^^

error: cannot find macro `date` in this scope
   --> tests/integration/date.rs:173:16
    |
173 |     assert_eq!(date!(2032 - 03 - 01).monday_based_week(), 9);
    |                ^^^^

error: cannot find macro `date` in this scope
   --> tests/integration/date.rs:174:16
    |
174 |     assert_eq!(date!(2032 - 03 - 02).monday_based_week(), 9);
    |                ^^^^

error: cannot find macro `date` in this scope
   --> tests/integration/date.rs:175:16
    |
175 |     assert_eq!(date!(2032 - 03 - 03).monday_based_week(), 9);
    |                ^^^^

error: cannot find macro `date` in this scope
   --> tests/integration/date.rs:176:16
    |
176 |     assert_eq!(date!(2032 - 03 - 04).monday_based_week(), 9);
    |                ^^^^

error: cannot find macro `date` in this scope
   --> tests/integration/date.rs:177:16
    |
177 |     assert_eq!(date!(2032 - 03 - 05).monday_based_week(), 9);
    |                ^^^^

error: cannot find macro `date` in this scope
   --> tests/integration/date.rs:178:16
    |
178 |     assert_eq!(date!(2032 - 03 - 06).monday_based_week(), 9);
    |                ^^^^

error: cannot find macro `date` in this scope
   --> tests/integration/date.rs:179:16
    |
179 |     assert_eq!(date!(2032 - 03 - 07).monday_based_week(), 9);
    |                ^^^^

error: cannot find macro `date` in this scope
   --> tests/integration/date.rs:182:16
    |
182 |     assert_eq!(date!(2020 - 01 - 01).monday_based_week(), 0);
    |                ^^^^

error: cannot find macro `date` in this scope
   --> tests/integration/date.rs:183:16
    |
183 |     assert_eq!(date!(2020 - 01 - 02).monday_based_week(), 0);
    |                ^^^^

error: cannot find macro `date` in this scope
   --> tests/integration/date.rs:184:16
    |
184 |     assert_eq!(date!(2020 - 01 - 03).monday_based_week(), 0);
    |                ^^^^

error: cannot find macro `date` in this scope
   --> tests/integration/date.rs:185:16
    |
185 |     assert_eq!(date!(2020 - 01 - 04).monday_based_week(), 0);
    |                ^^^^

error: cannot find macro `date` in this scope
   --> tests/integration/date.rs:186:16
    |
186 |     assert_eq!(date!(2020 - 01 - 05).monday_based_week(), 0);
    |                ^^^^

error: cannot find macro `date` in this scope
   --> tests/integration/date.rs:187:16
    |
187 |     assert_eq!(date!(2020 - 01 - 06).monday_based_week(), 1);
    |                ^^^^

error: cannot find macro `date` in this scope
   --> tests/integration/date.rs:188:16
    |
188 |     assert_eq!(date!(2020 - 01 - 07).monday_based_week(), 1);
    |                ^^^^

error: cannot find macro `date` in this scope
   --> tests/integration/date.rs:189:16
    |
189 |     assert_eq!(date!(2020 - 02 - 28).monday_based_week(), 8);
    |                ^^^^

error: cannot find macro `date` in this scope
   --> tests/integration/date.rs:190:16
    |
190 |     assert_eq!(date!(2020 - 02 - 29).monday_based_week(), 8);
    |                ^^^^

error: cannot find macro `date` in this scope
   --> tests/integration/date.rs:191:16
    |
191 |     assert_eq!(date!(2020 - 03 - 01).monday_based_week(), 8);
    |                ^^^^

error: cannot find macro `date` in this scope
   --> tests/integration/date.rs:192:16
    |
192 |     assert_eq!(date!(2020 - 03 - 02).monday_based_week(), 9);
    |                ^^^^

error: cannot find macro `date` in this scope
   --> tests/integration/date.rs:193:16
    |
193 |     assert_eq!(date!(2020 - 03 - 03).monday_based_week(), 9);
    |                ^^^^

error: cannot find macro `date` in this scope
   --> tests/integration/date.rs:194:16
    |
194 |     assert_eq!(date!(2020 - 03 - 04).monday_based_week(), 9);
    |                ^^^^

error: cannot find macro `date` in this scope
   --> tests/integration/date.rs:195:16
    |
195 |     assert_eq!(date!(2020 - 03 - 05).monday_based_week(), 9);
    |                ^^^^

error: cannot find macro `date` in this scope
   --> tests/integration/date.rs:196:16
    |
196 |     assert_eq!(date!(2020 - 03 - 06).monday_based_week(), 9);
    |                ^^^^

error: cannot find macro `date` in this scope
   --> tests/integration/date.rs:197:16
    |
197 |     assert_eq!(date!(2020 - 03 - 07).monday_based_week(), 9);
    |                ^^^^

error: cannot find macro `date` in this scope
   --> tests/integration/date.rs:200:16
    |
200 |     assert_eq!(date!(2036 - 01 - 01).monday_based_week(), 0);
    |                ^^^^

error: cannot find macro `date` in this scope
   --> tests/integration/date.rs:201:16
    |
201 |     assert_eq!(date!(2036 - 01 - 02).monday_based_week(), 0);
    |                ^^^^

error: cannot find macro `date` in this scope
   --> tests/integration/date.rs:202:16
    |
202 |     assert_eq!(date!(2036 - 01 - 03).monday_based_week(), 0);
    |                ^^^^

error: cannot find macro `date` in this scope
   --> tests/integration/date.rs:203:16
    |
203 |     assert_eq!(date!(2036 - 01 - 04).monday_based_week(), 0);
    |                ^^^^

error: cannot find macro `date` in this scope
   --> tests/integration/date.rs:204:16
    |
204 |     assert_eq!(date!(2036 - 01 - 05).monday_based_week(), 0);
    |                ^^^^

error: cannot find macro `date` in this scope
   --> tests/integration/date.rs:205:16
    |
205 |     assert_eq!(date!(2036 - 01 - 06).monday_based_week(), 0);
    |                ^^^^

error: cannot find macro `date` in this scope
   --> tests/integration/date.rs:206:16
    |
206 |     assert_eq!(date!(2036 - 01 - 07).monday_based_week(), 1);
    |                ^^^^

error: cannot find macro `date` in this scope
   --> tests/integration/date.rs:207:16
    |
207 |     assert_eq!(date!(2036 - 02 - 28).monday_based_week(), 8);
    |                ^^^^

error: cannot find macro `date` in this scope
   --> tests/integration/date.rs:208:16
    |
208 |     assert_eq!(date!(2036 - 02 - 29).monday_based_week(), 8);
    |                ^^^^

error: cannot find macro `date` in this scope
   --> tests/integration/date.rs:209:16
    |
209 |     assert_eq!(date!(2036 - 03 - 01).monday_based_week(), 8);
    |                ^^^^

error: cannot find macro `date` in this scope
   --> tests/integration/date.rs:210:16
    |
210 |     assert_eq!(date!(2036 - 03 - 02).monday_based_week(), 8);
    |                ^^^^

error: cannot find macro `date` in this scope
   --> tests/integration/date.rs:211:16
    |
211 |     assert_eq!(date!(2036 - 03 - 03).monday_based_week(), 9);
    |                ^^^^

error: cannot find macro `date` in this scope
   --> tests/integration/date.rs:212:16
    |
212 |     assert_eq!(date!(2036 - 03 - 04).monday_based_week(), 9);
    |                ^^^^

error: cannot find macro `date` in this scope
   --> tests/integration/date.rs:213:16
    |
213 |     assert_eq!(date!(2036 - 03 - 05).monday_based_week(), 9);
    |                ^^^^

error: cannot find macro `date` in this scope
   --> tests/integration/date.rs:214:16
    |
214 |     assert_eq!(date!(2036 - 03 - 06).monday_based_week(), 9);
    |                ^^^^

error: cannot find macro `date` in this scope
   --> tests/integration/date.rs:215:16
    |
215 |     assert_eq!(date!(2036 - 03 - 07).monday_based_week(), 9);
    |                ^^^^

error: cannot find macro `date` in this scope
   --> tests/integration/date.rs:218:16
    |
218 |     assert_eq!(date!(2024 - 01 - 01).monday_based_week(), 1);
    |                ^^^^

error: cannot find macro `date` in this scope
   --> tests/integration/date.rs:219:16
    |
219 |     assert_eq!(date!(2024 - 01 - 02).monday_based_week(), 1);
    |                ^^^^

error: cannot find macro `date` in this scope
   --> tests/integration/date.rs:220:16
    |
220 |     assert_eq!(date!(2024 - 01 - 03).monday_based_week(), 1);
    |                ^^^^

error: cannot find macro `date` in this scope
   --> tests/integration/date.rs:221:16
    |
221 |     assert_eq!(date!(2024 - 01 - 04).monday_based_week(), 1);
    |                ^^^^

error: cannot find macro `date` in this scope
   --> tests/integration/date.rs:222:16
    |
222 |     assert_eq!(date!(2024 - 01 - 05).monday_based_week(), 1);
    |                ^^^^

error: cannot find macro `date` in this scope
   --> tests/integration/date.rs:223:16
    |
223 |     assert_eq!(date!(2024 - 01 - 06).monday_based_week(), 1);
    |                ^^^^

error: cannot find macro `date` in this scope
   --> tests/integration/date.rs:224:16
    |
224 |     assert_eq!(date!(2024 - 01 - 07).monday_based_week(), 1);
    |                ^^^^

error: cannot find macro `date` in this scope
   --> tests/integration/date.rs:225:16
    |
225 |     assert_eq!(date!(2024 - 02 - 28).monday_based_week(), 9);
    |                ^^^^

error: cannot find macro `date` in this scope
   --> tests/integration/date.rs:226:16
    |
226 |     assert_eq!(date!(2024 - 02 - 29).monday_based_week(), 9);
    |                ^^^^

error: cannot find macro `date` in this scope
   --> tests/integration/date.rs:227:16
    |
227 |     assert_eq!(date!(2024 - 03 - 01).monday_based_week(), 9);
    |                ^^^^

error: cannot find macro `date` in this scope
   --> tests/integration/date.rs:228:16
    |
228 |     assert_eq!(date!(2024 - 03 - 02).monday_based_week(), 9);
    |                ^^^^

error: cannot find macro `date` in this scope
   --> tests/integration/date.rs:229:16
    |
229 |     assert_eq!(date!(2024 - 03 - 03).monday_based_week(), 9);
    |                ^^^^

error: cannot find macro `date` in this scope
   --> tests/integration/date.rs:230:16
    |
230 |     assert_eq!(date!(2024 - 03 - 04).monday_based_week(), 10);
    |                ^^^^

error: cannot find macro `date` in this scope
   --> tests/integration/date.rs:231:16
    |
231 |     assert_eq!(date!(2024 - 03 - 05).monday_based_week(), 10);
    |                ^^^^

error: cannot find macro `date` in this scope
   --> tests/integration/date.rs:232:16
    |
232 |     assert_eq!(date!(2024 - 03 - 06).monday_based_week(), 10);
    |                ^^^^

error: cannot find macro `date` in this scope
   --> tests/integration/date.rs:233:16
    |
233 |     assert_eq!(date!(2024 - 03 - 07).monday_based_week(), 10);
    |                ^^^^

error: cannot find macro `date` in this scope
   --> tests/integration/date.rs:239:16
    |
239 |     assert_eq!(date!(2023 - 01 - 01).sunday_based_week(), 1);
    |                ^^^^

error: cannot find macro `date` in this scope
   --> tests/integration/date.rs:240:16
    |
240 |     assert_eq!(date!(2023 - 01 - 02).sunday_based_week(), 1);
    |                ^^^^

error: cannot find macro `date` in this scope
   --> tests/integration/date.rs:241:16
    |
241 |     assert_eq!(date!(2023 - 01 - 03).sunday_based_week(), 1);
    |                ^^^^

error: cannot find macro `date` in this scope
   --> tests/integration/date.rs:242:16
    |
242 |     assert_eq!(date!(2023 - 01 - 04).sunday_based_week(), 1);
    |                ^^^^

error: cannot find macro `date` in this scope
   --> tests/integration/date.rs:243:16
    |
243 |     assert_eq!(date!(2023 - 01 - 05).sunday_based_week(), 1);
    |                ^^^^

error: cannot find macro `date` in this scope
   --> tests/integration/date.rs:244:16
    |
244 |     assert_eq!(date!(2023 - 01 - 06).sunday_based_week(), 1);
    |                ^^^^

error: cannot find macro `date` in this scope
   --> tests/integration/date.rs:245:16
    |
245 |     assert_eq!(date!(2023 - 01 - 07).sunday_based_week(), 1);
    |                ^^^^

error: cannot find macro `date` in this scope
   --> tests/integration/date.rs:248:16
    |
248 |     assert_eq!(date!(2022 - 01 - 01).sunday_based_week(), 0);
    |                ^^^^

error: cannot find macro `date` in this scope
   --> tests/integration/date.rs:249:16
    |
249 |     assert_eq!(date!(2022 - 01 - 02).sunday_based_week(), 1);
    |                ^^^^

error: cannot find macro `date` in this scope
   --> tests/integration/date.rs:250:16
    |
250 |     assert_eq!(date!(2022 - 01 - 03).sunday_based_week(), 1);
    |                ^^^^

error: cannot find macro `date` in this scope
   --> tests/integration/date.rs:251:16
    |
251 |     assert_eq!(date!(2022 - 01 - 04).sunday_based_week(), 1);
    |                ^^^^

error: cannot find macro `date` in this scope
   --> tests/integration/date.rs:252:16
    |
252 |     assert_eq!(date!(2022 - 01 - 05).sunday_based_week(), 1);
    |                ^^^^

error: cannot find macro `date` in this scope
   --> tests/integration/date.rs:253:16
    |
253 |     assert_eq!(date!(2022 - 01 - 06).sunday_based_week(), 1);
    |                ^^^^

error: cannot find macro `date` in this scope
   --> tests/integration/date.rs:254:16
    |
254 |     assert_eq!(date!(2022 - 01 - 07).sunday_based_week(), 1);
    |                ^^^^

error: cannot find macro `date` in this scope
   --> tests/integration/date.rs:257:16
    |
257 |     assert_eq!(date!(2021 - 01 - 01).sunday_based_week(), 0);
    |                ^^^^

error: cannot find macro `date` in this scope
   --> tests/integration/date.rs:258:16
    |
258 |     assert_eq!(date!(2021 - 01 - 02).sunday_based_week(), 0);
    |                ^^^^

error: cannot find macro `date` in this scope
   --> tests/integration/date.rs:259:16
    |
259 |     assert_eq!(date!(2021 - 01 - 03).sunday_based_week(), 1);
    |                ^^^^

error: cannot find macro `date` in this scope
   --> tests/integration/date.rs:260:16
    |
260 |     assert_eq!(date!(2021 - 01 - 04).sunday_based_week(), 1);
    |                ^^^^

error: cannot find macro `date` in this scope
   --> tests/integration/date.rs:261:16
    |
261 |     assert_eq!(date!(2021 - 01 - 05).sunday_based_week(), 1);
    |                ^^^^

error: cannot find macro `date` in this scope
   --> tests/integration/date.rs:262:16
    |
262 |     assert_eq!(date!(2021 - 01 - 06).sunday_based_week(), 1);
    |                ^^^^

error: cannot find macro `date` in this scope
   --> tests/integration/date.rs:263:16
    |
263 |     assert_eq!(date!(2021 - 01 - 07).sunday_based_week(), 1);
    |                ^^^^

error: cannot find macro `date` in this scope
   --> tests/integration/date.rs:266:16
    |
266 |     assert_eq!(date!(2026 - 01 - 01).sunday_based_week(), 0);
    |                ^^^^

error: cannot find macro `date` in this scope
   --> tests/integration/date.rs:267:16
    |
267 |     assert_eq!(date!(2026 - 01 - 02).sunday_based_week(), 0);
    |                ^^^^

error: cannot find macro `date` in this scope
   --> tests/integration/date.rs:268:16
    |
268 |     assert_eq!(date!(2026 - 01 - 03).sunday_based_week(), 0);
    |                ^^^^

error: cannot find macro `date` in this scope
   --> tests/integration/date.rs:269:16
    |
269 |     assert_eq!(date!(2026 - 01 - 04).sunday_based_week(), 1);
    |                ^^^^

error: cannot find macro `date` in this scope
   --> tests/integration/date.rs:270:16
    |
270 |     assert_eq!(date!(2026 - 01 - 05).sunday_based_week(), 1);
    |                ^^^^

error: cannot find macro `date` in this scope
   --> tests/integration/date.rs:271:16
    |
271 |     assert_eq!(date!(2026 - 01 - 06).sunday_based_week(), 1);
    |                ^^^^

error: cannot find macro `date` in this scope
   --> tests/integration/date.rs:272:16
    |
272 |     assert_eq!(date!(2026 - 01 - 07).sunday_based_week(), 1);
    |                ^^^^

error: cannot find macro `date` in this scope
   --> tests/integration/date.rs:275:16
    |
275 |     assert_eq!(date!(2025 - 01 - 01).sunday_based_week(), 0);
    |                ^^^^

error: cannot find macro `date` in this scope
   --> tests/integration/date.rs:276:16
    |
276 |     assert_eq!(date!(2025 - 01 - 02).sunday_based_week(), 0);
    |                ^^^^

error: cannot find macro `date` in this scope
   --> tests/integration/date.rs:277:16
    |
277 |     assert_eq!(date!(2025 - 01 - 03).sunday_based_week(), 0);
    |                ^^^^

error: cannot find macro `date` in this scope
   --> tests/integration/date.rs:278:16
    |
278 |     assert_eq!(date!(2025 - 01 - 04).sunday_based_week(), 0);
    |                ^^^^

error: cannot find macro `date` in this scope
   --> tests/integration/date.rs:279:16
    |
279 |     assert_eq!(date!(2025 - 01 - 05).sunday_based_week(), 1);
    |                ^^^^

error: cannot find macro `date` in this scope
   --> tests/integration/date.rs:280:16
    |
280 |     assert_eq!(date!(2025 - 01 - 06).sunday_based_week(), 1);
    |                ^^^^

error: cannot find macro `date` in this scope
   --> tests/integration/date.rs:281:16
    |
281 |     assert_eq!(date!(2025 - 01 - 07).sunday_based_week(), 1);
    |                ^^^^

error: cannot find macro `date` in this scope
   --> tests/integration/date.rs:284:16
    |
284 |     assert_eq!(date!(2019 - 01 - 01).sunday_based_week(), 0);
    |                ^^^^

error: cannot find macro `date` in this scope
   --> tests/integration/date.rs:285:16
    |
285 |     assert_eq!(date!(2019 - 01 - 02).sunday_based_week(), 0);
    |                ^^^^

error: cannot find macro `date` in this scope
   --> tests/integration/date.rs:286:16
    |
286 |     assert_eq!(date!(2019 - 01 - 03).sunday_based_week(), 0);
    |                ^^^^

error: cannot find macro `date` in this scope
   --> tests/integration/date.rs:287:16
    |
287 |     assert_eq!(date!(2019 - 01 - 04).sunday_based_week(), 0);
    |                ^^^^

error: cannot find macro `date` in this scope
   --> tests/integration/date.rs:288:16
    |
288 |     assert_eq!(date!(2019 - 01 - 05).sunday_based_week(), 0);
    |                ^^^^

error: cannot find macro `date` in this scope
   --> tests/integration/date.rs:289:16
    |
289 |     assert_eq!(date!(2019 - 01 - 06).sunday_based_week(), 1);
    |                ^^^^

error: cannot find macro `date` in this scope
   --> tests/integration/date.rs:290:16
    |
290 |     assert_eq!(date!(2019 - 01 - 07).sunday_based_week(), 1);
    |                ^^^^

error: cannot find macro `date` in this scope
   --> tests/integration/date.rs:293:16
    |
293 |     assert_eq!(date!(2018 - 01 - 01).sunday_based_week(), 0);
    |                ^^^^

error: cannot find macro `date` in this scope
   --> tests/integration/date.rs:294:16
    |
294 |     assert_eq!(date!(2018 - 01 - 02).sunday_based_week(), 0);
    |                ^^^^

error: cannot find macro `date` in this scope
   --> tests/integration/date.rs:295:16
    |
295 |     assert_eq!(date!(2018 - 01 - 03).sunday_based_week(), 0);
    |                ^^^^

error: cannot find macro `date` in this scope
   --> tests/integration/date.rs:296:16
    |
296 |     assert_eq!(date!(2018 - 01 - 04).sunday_based_week(), 0);
    |                ^^^^

error: cannot find macro `date` in this scope
   --> tests/integration/date.rs:297:16
    |
297 |     assert_eq!(date!(2018 - 01 - 05).sunday_based_week(), 0);
    |                ^^^^

error: cannot find macro `date` in this scope
   --> tests/integration/date.rs:298:16
    |
298 |     assert_eq!(date!(2018 - 01 - 06).sunday_based_week(), 0);
    |                ^^^^

error: cannot find macro `date` in this scope
   --> tests/integration/date.rs:299:16
    |
299 |     assert_eq!(date!(2018 - 01 - 07).sunday_based_week(), 1);
    |                ^^^^

error: cannot find macro `date` in this scope
   --> tests/integration/date.rs:302:16
    |
302 |     assert_eq!(date!(2012 - 01 - 01).sunday_based_week(), 1);
    |                ^^^^

error: cannot find macro `date` in this scope
   --> tests/integration/date.rs:303:16
    |
303 |     assert_eq!(date!(2012 - 01 - 02).sunday_based_week(), 1);
    |                ^^^^

error: cannot find macro `date` in this scope
   --> tests/integration/date.rs:304:16
    |
304 |     assert_eq!(date!(2012 - 01 - 03).sunday_based_week(), 1);
    |                ^^^^

error: cannot find macro `date` in this scope
   --> tests/integration/date.rs:305:16
    |
305 |     assert_eq!(date!(2012 - 01 - 04).sunday_based_week(), 1);
    |                ^^^^

error: cannot find macro `date` in this scope
   --> tests/integration/date.rs:306:16
    |
306 |     assert_eq!(date!(2012 - 01 - 05).sunday_based_week(), 1);
    |                ^^^^

error: cannot find macro `date` in this scope
   --> tests/integration/date.rs:307:16
    |
307 |     assert_eq!(date!(2012 - 01 - 06).sunday_based_week(), 1);
    |                ^^^^

error: cannot find macro `date` in this scope
   --> tests/integration/date.rs:308:16
    |
308 |     assert_eq!(date!(2012 - 01 - 07).sunday_based_week(), 1);
    |                ^^^^

error: cannot find macro `date` in this scope
   --> tests/integration/date.rs:309:16
    |
309 |     assert_eq!(date!(2012 - 02 - 28).sunday_based_week(), 9);
    |                ^^^^

error: cannot find macro `date` in this scope
   --> tests/integration/date.rs:310:16
    |
310 |     assert_eq!(date!(2012 - 02 - 29).sunday_based_week(), 9);
    |                ^^^^

error: cannot find macro `date` in this scope
   --> tests/integration/date.rs:311:16
    |
311 |     assert_eq!(date!(2012 - 03 - 01).sunday_based_week(), 9);
    |                ^^^^

error: cannot find macro `date` in this scope
   --> tests/integration/date.rs:312:16
    |
312 |     assert_eq!(date!(2012 - 03 - 02).sunday_based_week(), 9);
    |                ^^^^

error: cannot find macro `date` in this scope
   --> tests/integration/date.rs:313:16
    |
313 |     assert_eq!(date!(2012 - 03 - 03).sunday_based_week(), 9);
    |                ^^^^

error: cannot find macro `date` in this scope
   --> tests/integration/date.rs:314:16
    |
314 |     assert_eq!(date!(2012 - 03 - 04).sunday_based_week(), 10);
    |                ^^^^

error: cannot find macro `date` in this scope
   --> tests/integration/date.rs:315:16
    |
315 |     assert_eq!(date!(2012 - 03 - 05).sunday_based_week(), 10);
    |                ^^^^

error: cannot find macro `date` in this scope
   --> tests/integration/date.rs:316:16
    |
316 |     assert_eq!(date!(2012 - 03 - 06).sunday_based_week(), 10);
    |                ^^^^

error: cannot find macro `date` in this scope
   --> tests/integration/date.rs:317:16
    |
317 |     assert_eq!(date!(2012 - 03 - 07).sunday_based_week(), 10);
    |                ^^^^

error: cannot find macro `date` in this scope
   --> tests/integration/date.rs:320:16
    |
320 |     assert_eq!(date!(2028 - 01 - 01).sunday_based_week(), 0);
    |                ^^^^

error: cannot find macro `date` in this scope
   --> tests/integration/date.rs:321:16
    |
321 |     assert_eq!(date!(2028 - 01 - 02).sunday_based_week(), 1);
    |                ^^^^

error: cannot find macro `date` in this scope
   --> tests/integration/date.rs:322:16
    |
322 |     assert_eq!(date!(2028 - 01 - 03).sunday_based_week(), 1);
    |                ^^^^

error: cannot find macro `date` in this scope
   --> tests/integration/date.rs:323:16
    |
323 |     assert_eq!(date!(2028 - 01 - 04).sunday_based_week(), 1);
    |                ^^^^

error: cannot find macro `date` in this scope
   --> tests/integration/date.rs:324:16
    |
324 |     assert_eq!(date!(2028 - 01 - 05).sunday_based_week(), 1);
    |                ^^^^

error: cannot find macro `date` in this scope
   --> tests/integration/date.rs:325:16
    |
325 |     assert_eq!(date!(2028 - 01 - 06).sunday_based_week(), 1);
    |                ^^^^

error: cannot find macro `date` in this scope
   --> tests/integration/date.rs:326:16
    |
326 |     assert_eq!(date!(2028 - 01 - 07).sunday_based_week(), 1);
    |                ^^^^

error: cannot find macro `date` in this scope
   --> tests/integration/date.rs:327:16
    |
327 |     assert_eq!(date!(2028 - 02 - 28).sunday_based_week(), 9);
    |                ^^^^

error: cannot find macro `date` in this scope
   --> tests/integration/date.rs:328:16
    |
328 |     assert_eq!(date!(2028 - 02 - 29).sunday_based_week(), 9);
    |                ^^^^

error: cannot find macro `date` in this scope
   --> tests/integration/date.rs:329:16
    |
329 |     assert_eq!(date!(2028 - 03 - 01).sunday_based_week(), 9);
    |                ^^^^

error: cannot find macro `date` in this scope
   --> tests/integration/date.rs:330:16
    |
330 |     assert_eq!(date!(2028 - 03 - 02).sunday_based_week(), 9);
    |                ^^^^

error: cannot find macro `date` in this scope
   --> tests/integration/date.rs:331:16
    |
331 |     assert_eq!(date!(2028 - 03 - 03).sunday_based_week(), 9);
    |                ^^^^

error: cannot find macro `date` in this scope
   --> tests/integration/date.rs:332:16
    |
332 |     assert_eq!(date!(2028 - 03 - 04).sunday_based_week(), 9);
    |                ^^^^

error: cannot find macro `date` in this scope
   --> tests/integration/date.rs:333:16
    |
333 |     assert_eq!(date!(2028 - 03 - 05).sunday_based_week(), 10);
    |                ^^^^

error: cannot find macro `date` in this scope
   --> tests/integration/date.rs:334:16
    |
334 |     assert_eq!(date!(2028 - 03 - 06).sunday_based_week(), 10);
    |                ^^^^

error: cannot find macro `date` in this scope
   --> tests/integration/date.rs:335:16
    |
335 |     assert_eq!(date!(2028 - 03 - 07).sunday_based_week(), 10);
    |                ^^^^

error: cannot find macro `date` in this scope
   --> tests/integration/date.rs:338:16
    |
338 |     assert_eq!(date!(2016 - 01 - 01).sunday_based_week(), 0);
    |                ^^^^

error: cannot find macro `date` in this scope
   --> tests/integration/date.rs:339:16
    |
339 |     assert_eq!(date!(2016 - 01 - 02).sunday_based_week(), 0);
    |                ^^^^

error: cannot find macro `date` in this scope
   --> tests/integration/date.rs:340:16
    |
340 |     assert_eq!(date!(2016 - 01 - 03).sunday_based_week(), 1);
    |                ^^^^

error: cannot find macro `date` in this scope
   --> tests/integration/date.rs:341:16
    |
341 |     assert_eq!(date!(2016 - 01 - 04).sunday_based_week(), 1);
    |                ^^^^

error: cannot find macro `date` in this scope
   --> tests/integration/date.rs:342:16
    |
342 |     assert_eq!(date!(2016 - 01 - 05).sunday_based_week(), 1);
    |                ^^^^

error: cannot find macro `date` in this scope
   --> tests/integration/date.rs:343:16
    |
343 |     assert_eq!(date!(2016 - 01 - 06).sunday_based_week(), 1);
    |                ^^^^

error: cannot find macro `date` in this scope
   --> tests/integration/date.rs:344:16
    |
344 |     assert_eq!(date!(2016 - 01 - 07).sunday_based_week(), 1);
    |                ^^^^

error: cannot find macro `date` in this scope
   --> tests/integration/date.rs:345:16
    |
345 |     assert_eq!(date!(2016 - 02 - 28).sunday_based_week(), 9);
    |                ^^^^

error: cannot find macro `date` in this scope
   --> tests/integration/date.rs:346:16
    |
346 |     assert_eq!(date!(2016 - 02 - 29).sunday_based_week(), 9);
    |                ^^^^

error: cannot find macro `date` in this scope
   --> tests/integration/date.rs:347:16
    |
347 |     assert_eq!(date!(2016 - 03 - 01).sunday_based_week(), 9);
    |                ^^^^

error: cannot find macro `date` in this scope
   --> tests/integration/date.rs:348:16
    |
348 |     assert_eq!(date!(2016 - 03 - 02).sunday_based_week(), 9);
    |                ^^^^

error: cannot find macro `date` in this scope
   --> tests/integration/date.rs:349:16
    |
349 |     assert_eq!(date!(2016 - 03 - 03).sunday_based_week(), 9);
    |                ^^^^

error: cannot find macro `date` in this scope
   --> tests/integration/date.rs:350:16
    |
350 |     assert_eq!(date!(2016 - 03 - 04).sunday_based_week(), 9);
    |                ^^^^

error: cannot find macro `date` in this scope
   --> tests/integration/date.rs:351:16
    |
351 |     assert_eq!(date!(2016 - 03 - 05).sunday_based_week(), 9);
    |                ^^^^

error: cannot find macro `date` in this scope
   --> tests/integration/date.rs:352:16
    |
352 |     assert_eq!(date!(2016 - 03 - 06).sunday_based_week(), 10);
    |                ^^^^

error: cannot find macro `date` in this scope
   --> tests/integration/date.rs:353:16
    |
353 |     assert_eq!(date!(2016 - 03 - 07).sunday_based_week(), 10);
    |                ^^^^

error: cannot find macro `date` in this scope
   --> tests/integration/date.rs:356:16
    |
356 |     assert_eq!(date!(2032 - 01 - 01).sunday_based_week(), 0);
    |                ^^^^

error: cannot find macro `date` in this scope
   --> tests/integration/date.rs:357:16
    |
357 |     assert_eq!(date!(2032 - 01 - 02).sunday_based_week(), 0);
    |                ^^^^

error: cannot find macro `date` in this scope
   --> tests/integration/date.rs:358:16
    |
358 |     assert_eq!(date!(2032 - 01 - 03).sunday_based_week(), 0);
    |                ^^^^

error: cannot find macro `date` in this scope
   --> tests/integration/date.rs:359:16
    |
359 |     assert_eq!(date!(2032 - 01 - 04).sunday_based_week(), 1);
    |                ^^^^

error: cannot find macro `date` in this scope
   --> tests/integration/date.rs:360:16
    |
360 |     assert_eq!(date!(2032 - 01 - 05).sunday_based_week(), 1);
    |                ^^^^

error: cannot find macro `date` in this scope
   --> tests/integration/date.rs:361:16
    |
361 |     assert_eq!(date!(2032 - 01 - 06).sunday_based_week(), 1);
    |                ^^^^

error: cannot find macro `date` in this scope
   --> tests/integration/date.rs:362:16
    |
362 |     assert_eq!(date!(2032 - 01 - 07).sunday_based_week(), 1);
    |                ^^^^

error: cannot find macro `date` in this scope
   --> tests/integration/date.rs:363:16
    |
363 |     assert_eq!(date!(2032 - 02 - 28).sunday_based_week(), 8);
    |                ^^^^

error: cannot find macro `date` in this scope
   --> tests/integration/date.rs:364:16
    |
364 |     assert_eq!(date!(2032 - 02 - 29).sunday_based_week(), 9);
    |                ^^^^

error: cannot find macro `date` in this scope
   --> tests/integration/date.rs:365:16
    |
365 |     assert_eq!(date!(2032 - 03 - 01).sunday_based_week(), 9);
    |                ^^^^

error: cannot find macro `date` in this scope
   --> tests/integration/date.rs:366:16
    |
366 |     assert_eq!(date!(2032 - 03 - 02).sunday_based_week(), 9);
    |                ^^^^

error: cannot find macro `date` in this scope
   --> tests/integration/date.rs:367:16
    |
367 |     assert_eq!(date!(2032 - 03 - 03).sunday_based_week(), 9);
    |                ^^^^

error: cannot find macro `date` in this scope
   --> tests/integration/date.rs:368:16
    |
368 |     assert_eq!(date!(2032 - 03 - 04).sunday_based_week(), 9);
    |                ^^^^

error: cannot find macro `date` in this scope
   --> tests/integration/date.rs:369:16
    |
369 |     assert_eq!(date!(2032 - 03 - 05).sunday_based_week(), 9);
    |                ^^^^

error: cannot find macro `date` in this scope
   --> tests/integration/date.rs:370:16
    |
370 |     assert_eq!(date!(2032 - 03 - 06).sunday_based_week(), 9);
    |                ^^^^

error: cannot find macro `date` in this scope
   --> tests/integration/date.rs:371:16
    |
371 |     assert_eq!(date!(2032 - 03 - 07).sunday_based_week(), 10);
    |                ^^^^

error: cannot find macro `date` in this scope
   --> tests/integration/date.rs:374:16
    |
374 |     assert_eq!(date!(2020 - 01 - 01).sunday_based_week(), 0);
    |                ^^^^

error: cannot find macro `date` in this scope
   --> tests/integration/date.rs:375:16
    |
375 |     assert_eq!(date!(2020 - 01 - 02).sunday_based_week(), 0);
    |                ^^^^

error: cannot find macro `date` in this scope
   --> tests/integration/date.rs:376:16
    |
376 |     assert_eq!(date!(2020 - 01 - 03).sunday_based_week(), 0);
    |                ^^^^

error: cannot find macro `date` in this scope
   --> tests/integration/date.rs:377:16
    |
377 |     assert_eq!(date!(2020 - 01 - 04).sunday_based_week(), 0);
    |                ^^^^

error: cannot find macro `date` in this scope
   --> tests/integration/date.rs:378:16
    |
378 |     assert_eq!(date!(2020 - 01 - 05).sunday_based_week(), 1);
    |                ^^^^

error: cannot find macro `date` in this scope
   --> tests/integration/date.rs:379:16
    |
379 |     assert_eq!(date!(2020 - 01 - 06).sunday_based_week(), 1);
    |                ^^^^

error: cannot find macro `date` in this scope
   --> tests/integration/date.rs:380:16
    |
380 |     assert_eq!(date!(2020 - 01 - 07).sunday_based_week(), 1);
    |                ^^^^

error: cannot find macro `date` in this scope
   --> tests/integration/date.rs:381:16
    |
381 |     assert_eq!(date!(2020 - 02 - 28).sunday_based_week(), 8);
    |                ^^^^

error: cannot find macro `date` in this scope
   --> tests/integration/date.rs:382:16
    |
382 |     assert_eq!(date!(2020 - 02 - 29).sunday_based_week(), 8);
    |                ^^^^

error: cannot find macro `date` in this scope
   --> tests/integration/date.rs:383:16
    |
383 |     assert_eq!(date!(2020 - 03 - 01).sunday_based_week(), 9);
    |                ^^^^

error: cannot find macro `date` in this scope
   --> tests/integration/date.rs:384:16
    |
384 |     assert_eq!(date!(2020 - 03 - 02).sunday_based_week(), 9);
    |                ^^^^

error: cannot find macro `date` in this scope
   --> tests/integration/date.rs:385:16
    |
385 |     assert_eq!(date!(2020 - 03 - 03).sunday_based_week(), 9);
    |                ^^^^

error: cannot find macro `date` in this scope
   --> tests/integration/date.rs:386:16
    |
386 |     assert_eq!(date!(2020 - 03 - 04).sunday_based_week(), 9);
    |                ^^^^

error: cannot find macro `date` in this scope
   --> tests/integration/date.rs:387:16
    |
387 |     assert_eq!(date!(2020 - 03 - 05).sunday_based_week(), 9);
    |                ^^^^

error: cannot find macro `date` in this scope
   --> tests/integration/date.rs:388:16
    |
388 |     assert_eq!(date!(2020 - 03 - 06).sunday_based_week(), 9);
    |                ^^^^

error: cannot find macro `date` in this scope
   --> tests/integration/date.rs:389:16
    |
389 |     assert_eq!(date!(2020 - 03 - 07).sunday_based_week(), 9);
    |                ^^^^

error: cannot find macro `date` in this scope
   --> tests/integration/date.rs:392:16
    |
392 |     assert_eq!(date!(2036 - 01 - 01).sunday_based_week(), 0);
    |                ^^^^

error: cannot find macro `date` in this scope
   --> tests/integration/date.rs:393:16
    |
393 |     assert_eq!(date!(2036 - 01 - 02).sunday_based_week(), 0);
    |                ^^^^

error: cannot find macro `date` in this scope
   --> tests/integration/date.rs:394:16
    |
394 |     assert_eq!(date!(2036 - 01 - 03).sunday_based_week(), 0);
    |                ^^^^

error: cannot find macro `date` in this scope
   --> tests/integration/date.rs:395:16
    |
395 |     assert_eq!(date!(2036 - 01 - 04).sunday_based_week(), 0);
    |                ^^^^

error: cannot find macro `date` in this scope
   --> tests/integration/date.rs:396:16
    |
396 |     assert_eq!(date!(2036 - 01 - 05).sunday_based_week(), 0);
    |                ^^^^

error: cannot find macro `date` in this scope
   --> tests/integration/date.rs:397:16
    |
397 |     assert_eq!(date!(2036 - 01 - 06).sunday_based_week(), 1);
    |                ^^^^

error: cannot find macro `date` in this scope
   --> tests/integration/date.rs:398:16
    |
398 |     assert_eq!(date!(2036 - 01 - 07).sunday_based_week(), 1);
    |                ^^^^

error: cannot find macro `date` in this scope
   --> tests/integration/date.rs:399:16
    |
399 |     assert_eq!(date!(2036 - 02 - 28).sunday_based_week(), 8);
    |                ^^^^

error: cannot find macro `date` in this scope
   --> tests/integration/date.rs:400:16
    |
400 |     assert_eq!(date!(2036 - 02 - 29).sunday_based_week(), 8);
    |                ^^^^

error: cannot find macro `date` in this scope
   --> tests/integration/date.rs:401:16
    |
401 |     assert_eq!(date!(2036 - 03 - 01).sunday_based_week(), 8);
    |                ^^^^

error: cannot find macro `date` in this scope
   --> tests/integration/date.rs:402:16
    |
402 |     assert_eq!(date!(2036 - 03 - 02).sunday_based_week(), 9);
    |                ^^^^

error: cannot find macro `date` in this scope
   --> tests/integration/date.rs:403:16
    |
403 |     assert_eq!(date!(2036 - 03 - 03).sunday_based_week(), 9);
    |                ^^^^

error: cannot find macro `date` in this scope
   --> tests/integration/date.rs:404:16
    |
404 |     assert_eq!(date!(2036 - 03 - 04).sunday_based_week(), 9);
    |                ^^^^

error: cannot find macro `date` in this scope
   --> tests/integration/date.rs:405:16
    |
405 |     assert_eq!(date!(2036 - 03 - 05).sunday_based_week(), 9);
    |                ^^^^

error: cannot find macro `date` in this scope
   --> tests/integration/date.rs:406:16
    |
406 |     assert_eq!(date!(2036 - 03 - 06).sunday_based_week(), 9);
    |                ^^^^

error: cannot find macro `date` in this scope
   --> tests/integration/date.rs:407:16
    |
407 |     assert_eq!(date!(2036 - 03 - 07).sunday_based_week(), 9);
    |                ^^^^

error: cannot find macro `date` in this scope
   --> tests/integration/date.rs:410:16
    |
410 |     assert_eq!(date!(2024 - 01 - 01).sunday_based_week(), 0);
    |                ^^^^

error: cannot find macro `date` in this scope
   --> tests/integration/date.rs:411:16
    |
411 |     assert_eq!(date!(2024 - 01 - 02).sunday_based_week(), 0);
    |                ^^^^

error: cannot find macro `date` in this scope
   --> tests/integration/date.rs:412:16
    |
412 |     assert_eq!(date!(2024 - 01 - 03).sunday_based_week(), 0);
    |                ^^^^

error: cannot find macro `date` in this scope
   --> tests/integration/date.rs:413:16
    |
413 |     assert_eq!(date!(2024 - 01 - 04).sunday_based_week(), 0);
    |                ^^^^

error: cannot find macro `date` in this scope
   --> tests/integration/date.rs:414:16
    |
414 |     assert_eq!(date!(2024 - 01 - 05).sunday_based_week(), 0);
    |                ^^^^

error: cannot find macro `date` in this scope
   --> tests/integration/date.rs:415:16
    |
415 |     assert_eq!(date!(2024 - 01 - 06).sunday_based_week(), 0);
    |                ^^^^

error: cannot find macro `date` in this scope
   --> tests/integration/date.rs:416:16
    |
416 |     assert_eq!(date!(2024 - 01 - 07).sunday_based_week(), 1);
    |                ^^^^

error: cannot find macro `date` in this scope
   --> tests/integration/date.rs:417:16
    |
417 |     assert_eq!(date!(2024 - 02 - 28).sunday_based_week(), 8);
    |                ^^^^

error: cannot find macro `date` in this scope
   --> tests/integration/date.rs:418:16
    |
418 |     assert_eq!(date!(2024 - 02 - 29).sunday_based_week(), 8);
    |                ^^^^

error: cannot find macro `date` in this scope
   --> tests/integration/date.rs:419:16
    |
419 |     assert_eq!(date!(2024 - 03 - 01).sunday_based_week(), 8);
    |                ^^^^

error: cannot find macro `date` in this scope
   --> tests/integration/date.rs:420:16
    |
420 |     assert_eq!(date!(2024 - 03 - 02).sunday_based_week(), 8);
    |                ^^^^

error: cannot find macro `date` in this scope
   --> tests/integration/date.rs:421:16
    |
421 |     assert_eq!(date!(2024 - 03 - 03).sunday_based_week(), 9);
    |                ^^^^

error: cannot find macro `date` in this scope
   --> tests/integration/date.rs:422:16
    |
422 |     assert_eq!(date!(2024 - 03 - 04).sunday_based_week(), 9);
    |                ^^^^

error: cannot find macro `date` in this scope
   --> tests/integration/date.rs:423:16
    |
423 |     assert_eq!(date!(2024 - 03 - 05).sunday_based_week(), 9);
    |                ^^^^

error: cannot find macro `date` in this scope
   --> tests/integration/date.rs:424:16
    |
424 |     assert_eq!(date!(2024 - 03 - 06).sunday_based_week(), 9);
    |                ^^^^

error: cannot find macro `date` in this scope
   --> tests/integration/date.rs:425:16
    |
425 |     assert_eq!(date!(2024 - 03 - 07).sunday_based_week(), 9);
    |                ^^^^

error: cannot find macro `date` in this scope
   --> tests/integration/date.rs:440:12
    |
440 |         Ok(date!(0000 - 01 - 01))
    |            ^^^^

error[E0599]: no method named `num_digits` found for type `u8` in the current scope
  --> src/tests.rs:22:21
   |
22 |     assert_eq!(1_u8.num_digits(), 1);
   |                     ^^^^^^^^^^ method not found in `u8`

error: cannot find macro `date` in this scope
   --> tests/integration/date.rs:442:16
    |
442 |     assert_eq!(date!(-0001-W 52-6), date!(0000 - 01 - 01));
    |                ^^^^

error: cannot find macro `date` in this scope
   --> tests/integration/date.rs:442:37
    |
442 |     assert_eq!(date!(-0001-W 52-6), date!(0000 - 01 - 01));
    |                                     ^^^^

error: cannot find macro `date` in this scope
   --> tests/integration/date.rs:447:16
    |
447 |     assert_eq!(date!(2019 - 002).year(), 2019);
    |                ^^^^

error: cannot find macro `date` in this scope
   --> tests/integration/date.rs:448:16
    |
448 |     assert_eq!(date!(2020 - 002).year(), 2020);
    |                ^^^^

error: cannot find macro `date` in this scope
   --> tests/integration/date.rs:453:16
    |
453 |     assert_eq!(date!(2019 - 002).month(), Month::January);
    |                ^^^^

error: cannot find macro `date` in this scope
   --> tests/integration/date.rs:454:16
    |
454 |     assert_eq!(date!(2020 - 002).month(), Month::January);
    |                ^^^^

error: cannot find macro `date` in this scope
   --> tests/integration/date.rs:455:16
    |
455 |     assert_eq!(date!(2019 - 060).month(), Month::March);
    |                ^^^^

error: cannot find macro `date` in this scope
   --> tests/integration/date.rs:456:16
    |
456 |     assert_eq!(date!(2020 - 060).month(), Month::February);
    |                ^^^^

error: cannot find macro `date` in this scope
   --> tests/integration/date.rs:461:16
    |
461 |     assert_eq!(date!(2019 - 002).day(), 2);
    |                ^^^^

error: cannot find macro `date` in this scope
   --> tests/integration/date.rs:462:16
    |
462 |     assert_eq!(date!(2020 - 002).day(), 2);
    |                ^^^^

error: cannot find macro `date` in this scope
   --> tests/integration/date.rs:463:16
    |
463 |     assert_eq!(date!(2019 - 060).day(), 1);
    |                ^^^^

error: cannot find macro `date` in this scope
   --> tests/integration/date.rs:464:16
    |
464 |     assert_eq!(date!(2020 - 060).day(), 29);
    |                ^^^^

error: cannot find macro `date` in this scope
   --> tests/integration/date.rs:469:16
    |
469 |     assert_eq!(date!(2019 - 01 - 01).iso_week(), 1);
    |                ^^^^

error[E0599]: no method named `num_digits` found for type `u8` in the current scope
  --> src/tests.rs:23:21
   |
23 |     assert_eq!(9_u8.num_digits(), 1);
   |                     ^^^^^^^^^^ method not found in `u8`

error: cannot find macro `date` in this scope
   --> tests/integration/date.rs:470:16
    |
470 |     assert_eq!(date!(2019 - 10 - 04).iso_week(), 40);
    |                ^^^^

error: cannot find macro `date` in this scope
   --> tests/integration/date.rs:471:16
    |
471 |     assert_eq!(date!(2020 - 01 - 01).iso_week(), 1);
    |                ^^^^

error: cannot find macro `date` in this scope
   --> tests/integration/date.rs:472:16
    |
472 |     assert_eq!(date!(2020 - 12 - 31).iso_week(), 53);
    |                ^^^^

error: cannot find macro `date` in this scope
   --> tests/integration/date.rs:473:16
    |
473 |     assert_eq!(date!(2021 - 01 - 01).iso_week(), 53);
    |                ^^^^

error: cannot find macro `date` in this scope
   --> tests/integration/date.rs:479:9
    |
479 |         date!(2019 - 01 - 02).to_calendar_date(),
    |         ^^^^

error: cannot find macro `date` in this scope
   --> tests/integration/date.rs:483:9
    |
483 |         date!(2019 - 02 - 02).to_calendar_date(),
    |         ^^^^

error: cannot find macro `date` in this scope
   --> tests/integration/date.rs:487:9
    |
487 |         date!(2019 - 03 - 02).to_calendar_date(),
    |         ^^^^

error: cannot find macro `date` in this scope
   --> tests/integration/date.rs:491:9
    |
491 |         date!(2019 - 04 - 02).to_calendar_date(),
    |         ^^^^

error: cannot find macro `date` in this scope
   --> tests/integration/date.rs:495:9
    |
495 |         date!(2019 - 05 - 02).to_calendar_date(),
    |         ^^^^

error: cannot find macro `date` in this scope
   --> tests/integration/date.rs:499:9
    |
499 |         date!(2019 - 06 - 02).to_calendar_date(),
    |         ^^^^

error: cannot find macro `date` in this scope
   --> tests/integration/date.rs:503:9
    |
503 |         date!(2019 - 07 - 02).to_calendar_date(),
    |         ^^^^

error: cannot find macro `date` in this scope
   --> tests/integration/date.rs:507:9
    |
507 |         date!(2019 - 08 - 02).to_calendar_date(),
    |         ^^^^

error: cannot find macro `date` in this scope
   --> tests/integration/date.rs:511:9
    |
511 |         date!(2019 - 09 - 02).to_calendar_date(),
    |         ^^^^

error: cannot find macro `date` in this scope
   --> tests/integration/date.rs:515:9
    |
515 |         date!(2019 - 10 - 02).to_calendar_date(),
    |         ^^^^

error[E0599]: no method named `num_digits` found for type `u8` in the current scope
  --> src/tests.rs:24:22
   |
24 |     assert_eq!(10_u8.num_digits(), 2);
   |                      ^^^^^^^^^^ method not found in `u8`

error: cannot find macro `date` in this scope
   --> tests/integration/date.rs:519:9
    |
519 |         date!(2019 - 11 - 02).to_calendar_date(),
    |         ^^^^

error: cannot find macro `date` in this scope
   --> tests/integration/date.rs:523:9
    |
523 |         date!(2019 - 12 - 02).to_calendar_date(),
    |         ^^^^

error: cannot find macro `date` in this scope
   --> tests/integration/date.rs:530:16
    |
530 |     assert_eq!(date!(2019 - 01 - 01).to_ordinal_date(), (2019, 1));
    |                ^^^^

error: cannot find macro `date` in this scope
   --> tests/integration/date.rs:536:16
    |
536 |     assert_eq!(date!(2019 - 01 - 01).to_iso_week_date(), (2019, 1, Tuesday));
    |                ^^^^

error: cannot find macro `date` in this scope
   --> tests/integration/date.rs:537:16
    |
537 |     assert_eq!(date!(2019 - 10 - 04).to_iso_week_date(), (2019, 40, Friday));
    |                ^^^^

error: cannot find macro `date` in this scope
   --> tests/integration/date.rs:539:9
    |
539 |         date!(2020 - 01 - 01).to_iso_week_date(),
    |         ^^^^

error: cannot find macro `date` in this scope
   --> tests/integration/date.rs:543:9
    |
543 |         date!(2020 - 12 - 31).to_iso_week_date(),
    |         ^^^^

error: cannot find macro `date` in this scope
   --> tests/integration/date.rs:546:16
    |
546 |     assert_eq!(date!(2021 - 01 - 01).to_iso_week_date(), (2020, 53, Friday));
    |                ^^^^

error: cannot find macro `date` in this scope
   --> tests/integration/date.rs:547:16
    |
547 |     assert_eq!(date!(0000 - 01 - 01).to_iso_week_date(), (-1, 52, Saturday));
    |                ^^^^

error: cannot find macro `date` in this scope
   --> tests/integration/date.rs:553:16
    |
553 |     assert_eq!(date!(2019 - 01 - 01).weekday(), Tuesday);
    |                ^^^^

error: cannot find macro `date` in this scope
   --> tests/integration/date.rs:554:16
    |
554 |     assert_eq!(date!(2019 - 02 - 01).weekday(), Friday);
    |                ^^^^

error: cannot find macro `date` in this scope
   --> tests/integration/date.rs:555:16
    |
555 |     assert_eq!(date!(2019 - 03 - 01).weekday(), Friday);
    |                ^^^^

error: cannot find macro `date` in this scope
   --> tests/integration/date.rs:556:16
    |
556 |     assert_eq!(date!(2019 - 04 - 01).weekday(), Monday);
    |                ^^^^

error: cannot find macro `date` in this scope
   --> tests/integration/date.rs:557:16
    |
557 |     assert_eq!(date!(2019 - 05 - 01).weekday(), Wednesday);
    |                ^^^^

error[E0599]: no method named `num_digits` found for type `u8` in the current scope
  --> src/tests.rs:25:22
   |
25 |     assert_eq!(99_u8.num_digits(), 2);
   |                      ^^^^^^^^^^ method not found in `u8`

error: cannot find macro `date` in this scope
   --> tests/integration/date.rs:558:16
    |
558 |     assert_eq!(date!(2019 - 06 - 01).weekday(), Saturday);
    |                ^^^^

error: cannot find macro `date` in this scope
   --> tests/integration/date.rs:559:16
    |
559 |     assert_eq!(date!(2019 - 07 - 01).weekday(), Monday);
    |                ^^^^

error: cannot find macro `date` in this scope
   --> tests/integration/date.rs:560:16
    |
560 |     assert_eq!(date!(2019 - 08 - 01).weekday(), Thursday);
    |                ^^^^

error: cannot find macro `date` in this scope
   --> tests/integration/date.rs:561:16
    |
561 |     assert_eq!(date!(2019 - 09 - 01).weekday(), Sunday);
    |                ^^^^

error: cannot find macro `date` in this scope
   --> tests/integration/date.rs:562:16
    |
562 |     assert_eq!(date!(2019 - 10 - 01).weekday(), Tuesday);
    |                ^^^^

error: cannot find macro `date` in this scope
   --> tests/integration/date.rs:563:16
    |
563 |     assert_eq!(date!(2019 - 11 - 01).weekday(), Friday);
    |                ^^^^

error: cannot find macro `date` in this scope
   --> tests/integration/date.rs:564:16
    |
564 |     assert_eq!(date!(2019 - 12 - 01).weekday(), Sunday);
    |                ^^^^

error: cannot find macro `date` in this scope
   --> tests/integration/date.rs:570:9
    |
570 |         date!(2019 - 01 - 01).next_day(),
    |         ^^^^

error: cannot find macro `date` in this scope
   --> tests/integration/date.rs:571:14
    |
571 |         Some(date!(2019 - 01 - 02))
    |              ^^^^

error: cannot find macro `date` in this scope
   --> tests/integration/date.rs:574:9
    |
574 |         date!(2019 - 01 - 31).next_day(),
    |         ^^^^

error: cannot find macro `date` in this scope
   --> tests/integration/date.rs:575:14
    |
575 |         Some(date!(2019 - 02 - 01))
    |              ^^^^

error: cannot find macro `date` in this scope
   --> tests/integration/date.rs:578:9
    |
578 |         date!(2019 - 12 - 31).next_day(),
    |         ^^^^

error: cannot find macro `date` in this scope
   --> tests/integration/date.rs:579:14
    |
579 |         Some(date!(2020 - 01 - 01))
    |              ^^^^

error[E0599]: no method named `num_digits` found for type `u8` in the current scope
  --> src/tests.rs:26:23
   |
26 |     assert_eq!(100_u8.num_digits(), 3);
   |                       ^^^^^^^^^^ method not found in `u8`

error: cannot find macro `date` in this scope
   --> tests/integration/date.rs:582:9
    |
582 |         date!(2020 - 12 - 31).next_day(),
    |         ^^^^

error: cannot find macro `date` in this scope
   --> tests/integration/date.rs:583:14
    |
583 |         Some(date!(2021 - 01 - 01))
    |              ^^^^

error: cannot find macro `date` in this scope
   --> tests/integration/date.rs:591:9
    |
591 |         date!(2019 - 01 - 02).previous_day(),
    |         ^^^^

error: cannot find macro `date` in this scope
   --> tests/integration/date.rs:592:14
    |
592 |         Some(date!(2019 - 01 - 01))
    |              ^^^^

error: cannot find macro `date` in this scope
   --> tests/integration/date.rs:595:9
    |
595 |         date!(2019 - 02 - 01).previous_day(),
    |         ^^^^

error: cannot find macro `date` in this scope
   --> tests/integration/date.rs:596:14
    |
596 |         Some(date!(2019 - 01 - 31))
    |              ^^^^

error: cannot find macro `date` in this scope
   --> tests/integration/date.rs:599:9
    |
599 |         date!(2020 - 01 - 01).previous_day(),
    |         ^^^^

error: cannot find macro `date` in this scope
   --> tests/integration/date.rs:600:14
    |
600 |         Some(date!(2019 - 12 - 31))
    |              ^^^^

error: cannot find macro `date` in this scope
   --> tests/integration/date.rs:603:9
    |
603 |         date!(2021 - 01 - 01).previous_day(),
    |         ^^^^

error: cannot find macro `date` in this scope
   --> tests/integration/date.rs:604:14
    |
604 |         Some(date!(2020 - 12 - 31))
    |              ^^^^

error: cannot find macro `date` in this scope
   --> tests/integration/date.rs:611:16
    |
611 |     assert_eq!(date!(-999_999 - 01 - 01).to_julian_day(), -363_521_074);
    |                ^^^^

error: cannot find macro `date` in this scope
   --> tests/integration/date.rs:612:16
    |
612 |     assert_eq!(date!(-9999 - 01 - 01).to_julian_day(), -1_930_999);
    |                ^^^^

error: cannot find macro `date` in this scope
   --> tests/integration/date.rs:613:16
    |
613 |     assert_eq!(date!(-4713 - 11 - 24).to_julian_day(), 0);
    |                ^^^^

error: cannot find macro `date` in this scope
   --> tests/integration/date.rs:614:16
    |
614 |     assert_eq!(date!(2000 - 01 - 01).to_julian_day(), 2_451_545);
    |                ^^^^

error: cannot find macro `date` in this scope
   --> tests/integration/date.rs:615:16
    |
615 |     assert_eq!(date!(2019 - 01 - 01).to_julian_day(), 2_458_485);
    |                ^^^^

error[E0599]: no method named `num_digits` found for type `u16` in the current scope
  --> src/tests.rs:28:22
   |
28 |     assert_eq!(1_u16.num_digits(), 1);
   |                      ^^^^^^^^^^ method not found in `u16`

error: cannot find macro `date` in this scope
   --> tests/integration/date.rs:616:16
    |
616 |     assert_eq!(date!(2019 - 12 - 31).to_julian_day(), 2_458_849);
    |                ^^^^

error: cannot find macro `date` in this scope
   --> tests/integration/date.rs:623:12
    |
623 |         Ok(date!(-999_999 - 01 - 01))
    |            ^^^^

error: cannot find macro `date` in this scope
   --> tests/integration/date.rs:627:12
    |
627 |         Ok(date!(-9999 - 01 - 01))
    |            ^^^^

error: cannot find macro `date` in this scope
   --> tests/integration/date.rs:629:45
    |
629 |     assert_eq!(Date::from_julian_day(0), Ok(date!(-4713 - 11 - 24)));
    |                                             ^^^^

error: cannot find macro `date` in this scope
   --> tests/integration/date.rs:630:53
    |
630 |     assert_eq!(Date::from_julian_day(2_451_545), Ok(date!(2000 - 01 - 01)));
    |                                                     ^^^^

error: cannot find macro `date` in this scope
   --> tests/integration/date.rs:631:53
    |
631 |     assert_eq!(Date::from_julian_day(2_458_485), Ok(date!(2019 - 01 - 01)));
    |                                                     ^^^^

error: cannot find macro `date` in this scope
   --> tests/integration/date.rs:632:53
    |
632 |     assert_eq!(Date::from_julian_day(2_458_849), Ok(date!(2019 - 12 - 31)));
    |                                                     ^^^^

error: cannot find macro `date` in this scope
   --> tests/integration/date.rs:638:16
    |
638 |     assert_eq!(date!(1970 - 01 - 01).midnight(), datetime!(1970-01-01 0:00));
    |                ^^^^

error: cannot find macro `datetime` in this scope
   --> tests/integration/date.rs:638:50
    |
638 |     assert_eq!(date!(1970 - 01 - 01).midnight(), datetime!(1970-01-01 0:00));
    |                                                  ^^^^^^^^

error: cannot find macro `date` in this scope
   --> tests/integration/date.rs:644:9
    |
644 |         date!(1970 - 01 - 01).with_time(time!(0:00)),
    |         ^^^^

error: cannot determine resolution for the macro `time`
   --> tests/integration/date.rs:644:41
    |
644 |         date!(1970 - 01 - 01).with_time(time!(0:00)),
    |                                         ^^^^
    |
    = note: import resolution is stuck, try simplifying macro imports

error: cannot find macro `datetime` in this scope
   --> tests/integration/date.rs:645:9
    |
645 |         datetime!(1970-01-01 0:00),
    |         ^^^^^^^^

error: cannot find macro `date` in this scope
   --> tests/integration/date.rs:652:9
    |
652 |         date!(1970 - 01 - 01).with_hms(0, 0, 0),
    |         ^^^^

error: cannot find macro `datetime` in this scope
   --> tests/integration/date.rs:653:12
    |
653 |         Ok(datetime!(1970-01-01 0:00)),
    |            ^^^^^^^^

error[E0599]: no method named `num_digits` found for type `u16` in the current scope
  --> src/tests.rs:29:22
   |
29 |     assert_eq!(9_u16.num_digits(), 1);
   |                      ^^^^^^^^^^ method not found in `u16`

error: cannot find macro `date` in this scope
   --> tests/integration/date.rs:655:13
    |
655 |     assert!(date!(1970 - 01 - 01).with_hms(24, 0, 0).is_err());
    |             ^^^^

error: cannot find macro `date` in this scope
   --> tests/integration/date.rs:661:9
    |
661 |         date!(1970 - 01 - 01).with_hms_milli(0, 0, 0, 0),
    |         ^^^^

error: cannot find macro `datetime` in this scope
   --> tests/integration/date.rs:662:12
    |
662 |         Ok(datetime!(1970-01-01 0:00)),
    |            ^^^^^^^^

error: cannot find macro `date` in this scope
   --> tests/integration/date.rs:664:13
    |
664 |     assert!(date!(1970 - 01 - 01).with_hms_milli(24, 0, 0, 0).is_err());
    |             ^^^^

error: cannot find macro `date` in this scope
   --> tests/integration/date.rs:670:9
    |
670 |         date!(1970 - 01 - 01).with_hms_micro(0, 0, 0, 0),
    |         ^^^^

error: cannot find macro `datetime` in this scope
   --> tests/integration/date.rs:671:12
    |
671 |         Ok(datetime!(1970-01-01 0:00)),
    |            ^^^^^^^^

error: cannot find macro `date` in this scope
   --> tests/integration/date.rs:673:13
    |
673 |     assert!(date!(1970 - 01 - 01).with_hms_micro(24, 0, 0, 0).is_err());
    |             ^^^^

error: cannot find macro `date` in this scope
   --> tests/integration/date.rs:679:9
    |
679 |         date!(1970 - 01 - 01).with_hms_nano(0, 0, 0, 0),
    |         ^^^^

error: cannot find macro `datetime` in this scope
   --> tests/integration/date.rs:680:12
    |
680 |         Ok(datetime!(1970-01-01 0:00)),
    |            ^^^^^^^^

error: cannot find macro `date` in this scope
   --> tests/integration/date.rs:682:13
    |
682 |     assert!(date!(1970 - 01 - 01).with_hms_nano(24, 0, 0, 0).is_err());
    |             ^^^^

error: cannot find macro `date` in this scope
   --> tests/integration/date.rs:687:16
    |
687 |     assert_eq!(date!(2019 - 01 - 01) + 5.days(), date!(2019 - 01 - 06));
    |                ^^^^

error: cannot find macro `date` in this scope
   --> tests/integration/date.rs:687:50
    |
687 |     assert_eq!(date!(2019 - 01 - 01) + 5.days(), date!(2019 - 01 - 06));
    |                                                  ^^^^

error: cannot find macro `date` in this scope
   --> tests/integration/date.rs:688:16
    |
688 |     assert_eq!(date!(2019 - 12 - 31) + 1.days(), date!(2020 - 01 - 01));
    |                ^^^^

error[E0599]: no method named `num_digits` found for type `u16` in the current scope
  --> src/tests.rs:30:23
   |
30 |     assert_eq!(10_u16.num_digits(), 2);
   |                       ^^^^^^^^^^ method not found in `u16`

error: cannot find macro `date` in this scope
   --> tests/integration/date.rs:688:50
    |
688 |     assert_eq!(date!(2019 - 12 - 31) + 1.days(), date!(2020 - 01 - 01));
    |                                                  ^^^^

error: cannot find macro `date` in this scope
   --> tests/integration/date.rs:693:16
    |
693 |     assert_eq!(date!(2019 - 01 - 01) + 5.std_days(), date!(2019 - 01 - 06));
    |                ^^^^

error: cannot find macro `date` in this scope
   --> tests/integration/date.rs:693:54
    |
693 |     assert_eq!(date!(2019 - 01 - 01) + 5.std_days(), date!(2019 - 01 - 06));
    |                                                      ^^^^

error: cannot find macro `date` in this scope
   --> tests/integration/date.rs:694:16
    |
694 |     assert_eq!(date!(2019 - 12 - 31) + 1.std_days(), date!(2020 - 01 - 01));
    |                ^^^^

error: cannot find macro `date` in this scope
   --> tests/integration/date.rs:694:54
    |
694 |     assert_eq!(date!(2019 - 12 - 31) + 1.std_days(), date!(2020 - 01 - 01));
    |                                                      ^^^^

error: cannot find macro `date` in this scope
   --> tests/integration/date.rs:699:20
    |
699 |     let mut date = date!(2019 - 12 - 31);
    |                    ^^^^

error: cannot find macro `date` in this scope
   --> tests/integration/date.rs:701:22
    |
701 |     assert_eq!(date, date!(2020 - 01 - 01));
    |                      ^^^^

error: cannot find macro `date` in this scope
   --> tests/integration/date.rs:706:20
    |
706 |     let mut date = date!(2019 - 12 - 31);
    |                    ^^^^

error: cannot find macro `date` in this scope
   --> tests/integration/date.rs:708:22
    |
708 |     assert_eq!(date, date!(2020 - 01 - 01));
    |                      ^^^^

error: cannot find macro `date` in this scope
   --> tests/integration/date.rs:713:16
    |
713 |     assert_eq!(date!(2019 - 01 - 06) - 5.days(), date!(2019 - 01 - 01));
    |                ^^^^

error: cannot find macro `date` in this scope
   --> tests/integration/date.rs:713:50
    |
713 |     assert_eq!(date!(2019 - 01 - 06) - 5.days(), date!(2019 - 01 - 01));
    |                                                  ^^^^

error: cannot find macro `date` in this scope
   --> tests/integration/date.rs:714:16
    |
714 |     assert_eq!(date!(2020 - 01 - 01) - 1.days(), date!(2019 - 12 - 31));
    |                ^^^^

error: cannot find macro `date` in this scope
   --> tests/integration/date.rs:714:50
    |
714 |     assert_eq!(date!(2020 - 01 - 01) - 1.days(), date!(2019 - 12 - 31));
    |                                                  ^^^^

error[E0599]: no method named `num_digits` found for type `u16` in the current scope
  --> src/tests.rs:31:23
   |
31 |     assert_eq!(99_u16.num_digits(), 2);
   |                       ^^^^^^^^^^ method not found in `u16`

error: cannot find macro `date` in this scope
   --> tests/integration/date.rs:719:16
    |
719 |     assert_eq!(date!(2019 - 01 - 06) - 5.std_days(), date!(2019 - 01 - 01));
    |                ^^^^

error: cannot find macro `date` in this scope
   --> tests/integration/date.rs:719:54
    |
719 |     assert_eq!(date!(2019 - 01 - 06) - 5.std_days(), date!(2019 - 01 - 01));
    |                                                      ^^^^

error: cannot find macro `date` in this scope
   --> tests/integration/date.rs:720:16
    |
720 |     assert_eq!(date!(2020 - 01 - 01) - 1.std_days(), date!(2019 - 12 - 31));
    |                ^^^^

error: cannot find macro `date` in this scope
   --> tests/integration/date.rs:720:54
    |
720 |     assert_eq!(date!(2020 - 01 - 01) - 1.std_days(), date!(2019 - 12 - 31));
    |                                                      ^^^^

error: cannot find macro `date` in this scope
   --> tests/integration/date.rs:725:20
    |
725 |     let mut date = date!(2020 - 01 - 01);
    |                    ^^^^

error: cannot find macro `date` in this scope
   --> tests/integration/date.rs:727:22
    |
727 |     assert_eq!(date, date!(2019 - 12 - 31));
    |                      ^^^^

error: cannot find macro `date` in this scope
   --> tests/integration/date.rs:732:20
    |
732 |     let mut date = date!(2020 - 01 - 01);
    |                    ^^^^

error: cannot find macro `date` in this scope
   --> tests/integration/date.rs:734:22
    |
734 |     assert_eq!(date, date!(2019 - 12 - 31));
    |                      ^^^^

error: cannot find macro `date` in this scope
   --> tests/integration/date.rs:739:16
    |
739 |     assert_eq!(date!(2019 - 01 - 06) - date!(2019 - 01 - 01), 5.days());
    |                ^^^^

error: cannot find macro `date` in this scope
   --> tests/integration/date.rs:739:40
    |
739 |     assert_eq!(date!(2019 - 01 - 06) - date!(2019 - 01 - 01), 5.days());
    |                                        ^^^^

error: cannot find macro `date` in this scope
   --> tests/integration/date.rs:740:16
    |
740 |     assert_eq!(date!(2020 - 01 - 01) - date!(2019 - 12 - 31), 1.days());
    |                ^^^^

error: cannot find macro `date` in this scope
   --> tests/integration/date.rs:740:40
    |
740 |     assert_eq!(date!(2020 - 01 - 01) - date!(2019 - 12 - 31), 1.days());
    |                                        ^^^^

error: cannot find macro `date` in this scope
   --> tests/integration/date.rs:745:17
    |
745 |     let first = date!(2019 - 01 - 01);
    |                 ^^^^

error[E0599]: no method named `num_digits` found for type `u16` in the current scope
  --> src/tests.rs:32:24
   |
32 |     assert_eq!(100_u16.num_digits(), 3);
   |                        ^^^^^^^^^^ method not found in `u16`

error: cannot find macro `date` in this scope
   --> tests/integration/date.rs:746:18
    |
746 |     let second = date!(2019 - 01 - 02);
    |                  ^^^^

error: cannot find macro `date` in this scope
   --> tests/integration/date.rs:755:17
    |
755 |     let first = date!(2019 - 01 - 01);
    |                 ^^^^

error: cannot find macro `date` in this scope
   --> tests/integration/date.rs:756:18
    |
756 |     let second = date!(2019 - 01 - 02);
    |                  ^^^^

error: cannot find macro `date` in this scope
   --> tests/integration/date.rs:765:34
    |
765 |     let (year, week, weekday) = (date!(0063 - 365)).to_iso_week_date();
    |                                  ^^^^

error: cannot find macro `date` in this scope
   --> tests/integration/date.rs:784:9
    |
784 |         date!(2021 - 10 - 25).checked_add(Duration::new(86_399, 999_999_999)),
    |         ^^^^

error: cannot find macro `date` in this scope
   --> tests/integration/date.rs:785:14
    |
785 |         Some(date!(2021 - 10 - 25))
    |              ^^^^

error: cannot find macro `date` in this scope
   --> tests/integration/date.rs:788:9
    |
788 |         date!(2021 - 10 - 25).checked_add(Duration::new(-86_399, -999_999_999)),
    |         ^^^^

error: cannot find macro `date` in this scope
   --> tests/integration/date.rs:789:14
    |
789 |         Some(date!(2021 - 10 - 25))
    |              ^^^^

error: cannot find macro `date` in this scope
   --> tests/integration/date.rs:806:9
    |
806 |         date!(2021 - 10 - 25).checked_add(Duration::DAY),
    |         ^^^^

error: cannot find macro `date` in this scope
   --> tests/integration/date.rs:807:14
    |
807 |         Some(date!(2021 - 10 - 26))
    |              ^^^^

error: cannot find macro `date` in this scope
   --> tests/integration/date.rs:810:9
    |
810 |         date!(2021 - 10 - 25).checked_add(-Duration::DAY),
    |         ^^^^

error: cannot find macro `date` in this scope
   --> tests/integration/date.rs:811:14
    |
811 |         Some(date!(2021 - 10 - 24))
    |              ^^^^

error: cannot find macro `date` in this scope
   --> tests/integration/date.rs:838:9
    |
838 |         date!(2021 - 10 - 25).checked_sub(Duration::new(86_399, 999_999_999)),
    |         ^^^^

error: cannot find macro `date` in this scope
   --> tests/integration/date.rs:839:14
    |
839 |         Some(date!(2021 - 10 - 25))
    |              ^^^^

error[E0599]: no method named `num_digits` found for type `u16` in the current scope
  --> src/tests.rs:33:24
   |
33 |     assert_eq!(999_u16.num_digits(), 3);
   |                        ^^^^^^^^^^ method not found in `u16`

error: cannot find macro `date` in this scope
   --> tests/integration/date.rs:842:9
    |
842 |         date!(2021 - 10 - 25).checked_sub(Duration::new(-86_399, -999_999_999)),
    |         ^^^^

error: cannot find macro `date` in this scope
   --> tests/integration/date.rs:843:14
    |
843 |         Some(date!(2021 - 10 - 25))
    |              ^^^^

error: cannot find macro `date` in this scope
   --> tests/integration/date.rs:860:9
    |
860 |         date!(2021 - 10 - 25).checked_sub(Duration::DAY),
    |         ^^^^

error: cannot find macro `date` in this scope
   --> tests/integration/date.rs:861:14
    |
861 |         Some(date!(2021 - 10 - 24))
    |              ^^^^

error: cannot find macro `date` in this scope
   --> tests/integration/date.rs:864:9
    |
864 |         date!(2021 - 10 - 25).checked_sub(-Duration::DAY),
    |         ^^^^

error: cannot find macro `date` in this scope
   --> tests/integration/date.rs:865:14
    |
865 |         Some(date!(2021 - 10 - 26))
    |              ^^^^

error: cannot find macro `date` in this scope
   --> tests/integration/date.rs:882:9
    |
882 |         date!(2021 - 11 - 05).saturating_add(2.days()),
    |         ^^^^

error: cannot find macro `date` in this scope
   --> tests/integration/date.rs:883:9
    |
883 |         date!(2021 - 11 - 07)
    |         ^^^^

error: cannot find macro `date` in this scope
   --> tests/integration/date.rs:886:9
    |
886 |         date!(2021 - 11 - 05).saturating_add((-2).days()),
    |         ^^^^

error: cannot find macro `date` in this scope
   --> tests/integration/date.rs:887:9
    |
887 |         date!(2021 - 11 - 03)
    |         ^^^^

error: cannot find macro `date` in this scope
   --> tests/integration/date.rs:904:9
    |
904 |         date!(2021 - 11 - 05).saturating_sub(2.days()),
    |         ^^^^

error: cannot find macro `date` in this scope
   --> tests/integration/date.rs:905:9
    |
905 |         date!(2021 - 11 - 03)
    |         ^^^^

error: cannot find macro `date` in this scope
   --> tests/integration/date.rs:908:9
    |
908 |         date!(2021 - 11 - 05).saturating_sub((-2).days()),
    |         ^^^^

error[E0599]: no method named `num_digits` found for type `u16` in the current scope
  --> src/tests.rs:34:26
   |
34 |     assert_eq!(1_000_u16.num_digits(), 4);
   |                          ^^^^^^^^^^ method not found in `u16`

error: cannot find macro `date` in this scope
   --> tests/integration/date.rs:909:9
    |
909 |         date!(2021 - 11 - 07)
    |         ^^^^

error: cannot find macro `date` in this scope
  --> tests/integration/derives.rs:30:23
   |
30 |     assert_cloned_eq!(date!(2021 - 001));
   |                       ^^^^

error: cannot determine resolution for the macro `time`
  --> tests/integration/derives.rs:31:23
   |
31 |     assert_cloned_eq!(time!(0:00));
   |                       ^^^^
   |
   = note: import resolution is stuck, try simplifying macro imports

error: cannot find macro `offset` in this scope
  --> tests/integration/derives.rs:32:23
   |
32 |     assert_cloned_eq!(offset!(UTC));
   |                       ^^^^^^

error: cannot determine resolution for the macro `datetime`
  --> tests/integration/derives.rs:33:23
   |
33 |     assert_cloned_eq!(datetime!(2021-001 0:00));
   |                       ^^^^^^^^
   |
   = note: import resolution is stuck, try simplifying macro imports

error: cannot determine resolution for the macro `datetime`
  --> tests/integration/derives.rs:34:23
   |
34 |     assert_cloned_eq!(datetime!(2021-001 0:00 UTC));
   |                       ^^^^^^^^
   |
   = note: import resolution is stuck, try simplifying macro imports

error: cannot find macro `date` in this scope
  --> tests/integration/derives.rs:80:5
   |
80 |     date!(2021 - 001).hash(&mut hasher);
   |     ^^^^

error: cannot determine resolution for the macro `time`
  --> tests/integration/derives.rs:81:5
   |
81 |     time!(0:00).hash(&mut hasher);
   |     ^^^^
   |
   = note: import resolution is stuck, try simplifying macro imports

error: cannot find macro `offset` in this scope
  --> tests/integration/derives.rs:82:5
   |
82 |     offset!(UTC).hash(&mut hasher);
   |     ^^^^^^

error: cannot determine resolution for the macro `datetime`
  --> tests/integration/derives.rs:83:5
   |
83 |     datetime!(2021-001 0:00).hash(&mut hasher);
   |     ^^^^^^^^
   |
   = note: import resolution is stuck, try simplifying macro imports

error: cannot determine resolution for the macro `datetime`
  --> tests/integration/derives.rs:84:5
   |
84 |     datetime!(2021-001 0:00 UTC).hash(&mut hasher);
   |     ^^^^^^^^
   |
   = note: import resolution is stuck, try simplifying macro imports

error: cannot find macro `offset` in this scope
  --> tests/integration/derives.rs:95:16
   |
95 |     assert_eq!(offset!(UTC).partial_cmp(&offset!(+1)), Some(Ordering::Less));
   |                ^^^^^^

error: cannot find macro `offset` in this scope
  --> tests/integration/derives.rs:95:42
   |
95 |     assert_eq!(offset!(UTC).partial_cmp(&offset!(+1)), Some(Ordering::Less));
   |                                          ^^^^^^

error: cannot find macro `offset` in this scope
  --> tests/integration/derives.rs:97:9
   |
97 |         offset!(+1).partial_cmp(&offset!(UTC)),
   |         ^^^^^^

error: cannot find macro `offset` in this scope
  --> tests/integration/derives.rs:97:34
   |
97 |         offset!(+1).partial_cmp(&offset!(UTC)),
   |                                  ^^^^^^

error: cannot find macro `offset` in this scope
   --> tests/integration/derives.rs:112:16
    |
112 |     assert_eq!(offset!(UTC).cmp(&offset!(+1)), Ordering::Less);
    |                ^^^^^^

error[E0599]: no method named `num_digits` found for type `u16` in the current scope
  --> src/tests.rs:35:26
   |
35 |     assert_eq!(9_999_u16.num_digits(), 4);
   |                          ^^^^^^^^^^ method not found in `u16`

error: cannot find macro `offset` in this scope
   --> tests/integration/derives.rs:112:34
    |
112 |     assert_eq!(offset!(UTC).cmp(&offset!(+1)), Ordering::Less);
    |                                  ^^^^^^

error: cannot find macro `offset` in this scope
   --> tests/integration/derives.rs:113:16
    |
113 |     assert_eq!(offset!(+1).cmp(&offset!(UTC)), Ordering::Greater);
    |                ^^^^^^

error: cannot find macro `offset` in this scope
   --> tests/integration/derives.rs:113:33
    |
113 |     assert_eq!(offset!(+1).cmp(&offset!(UTC)), Ordering::Greater);
    |                                 ^^^^^^

error: cannot find macro `offset` in this scope
   --> tests/integration/derives.rs:114:16
    |
114 |     assert_eq!(offset!(UTC).cmp(&offset!(UTC)), Ordering::Equal);
    |                ^^^^^^

error: cannot find macro `offset` in this scope
   --> tests/integration/derives.rs:114:34
    |
114 |     assert_eq!(offset!(UTC).cmp(&offset!(UTC)), Ordering::Equal);
    |                                  ^^^^^^

error: cannot determine resolution for the macro `format_description`
  --> tests/integration/error.rs:45:22
   |
45 |     Time::parse("a", format_description!("")).unwrap_err()
   |                      ^^^^^^^^^^^^^^^^^^
   |
   = note: import resolution is stuck, try simplifying macro imports

error: cannot find macro `datetime` in this scope
  --> tests/integration/formatting.rs:11:9
   |
11 |         datetime!(2021-01-02 03:04:05 UTC).format(&Rfc2822)?,
   |         ^^^^^^^^

error: cannot find macro `datetime` in this scope
  --> tests/integration/formatting.rs:15:9
   |
15 |         datetime!(2021-01-02 03:04:05 +06:07).format(&Rfc2822)?,
   |         ^^^^^^^^

error: cannot find macro `datetime` in this scope
  --> tests/integration/formatting.rs:19:9
   |
19 |         datetime!(2021-01-02 03:04:05 -06:07).format(&Rfc2822)?,
   |         ^^^^^^^^

error: cannot find macro `datetime` in this scope
  --> tests/integration/formatting.rs:24:9
   |
24 |         datetime!(1885-01-01 01:01:01 UTC).format(&Rfc2822),
   |         ^^^^^^^^

error: cannot find macro `datetime` in this scope
  --> tests/integration/formatting.rs:28:9
   |
28 |         datetime!(2000-01-01 00:00:00 +00:00:01).format(&Rfc2822),
   |         ^^^^^^^^

error: cannot find macro `datetime` in this scope
  --> tests/integration/formatting.rs:38:9
   |
38 |         datetime!(2021-01-02 03:04:05 UTC).format(&Rfc3339)?,
   |         ^^^^^^^^

error: cannot find macro `datetime` in this scope
  --> tests/integration/formatting.rs:42:9
   |
42 |         datetime!(2021-01-02 03:04:05.1 UTC).format(&Rfc3339)?,
   |         ^^^^^^^^

error[E0599]: no method named `num_digits` found for type `u16` in the current scope
  --> src/tests.rs:36:27
   |
36 |     assert_eq!(10_000_u16.num_digits(), 5);
   |                           ^^^^^^^^^^ method not found in `u16`

error: cannot find macro `datetime` in this scope
  --> tests/integration/formatting.rs:46:9
   |
46 |         datetime!(2021-01-02 03:04:05.12 UTC).format(&Rfc3339)?,
   |         ^^^^^^^^

error: cannot find macro `datetime` in this scope
  --> tests/integration/formatting.rs:50:9
   |
50 |         datetime!(2021-01-02 03:04:05.123 UTC).format(&Rfc3339)?,
   |         ^^^^^^^^

error: cannot find macro `datetime` in this scope
  --> tests/integration/formatting.rs:54:9
   |
54 |         datetime!(2021-01-02 03:04:05.123_4 UTC).format(&Rfc3339)?,
   |         ^^^^^^^^

error: cannot find macro `datetime` in this scope
  --> tests/integration/formatting.rs:58:9
   |
58 |         datetime!(2021-01-02 03:04:05.123_45 UTC).format(&Rfc3339)?,
   |         ^^^^^^^^

error: cannot find macro `datetime` in this scope
  --> tests/integration/formatting.rs:62:9
   |
62 |         datetime!(2021-01-02 03:04:05.123_456 UTC).format(&Rfc3339)?,
   |         ^^^^^^^^

error: cannot find macro `datetime` in this scope
  --> tests/integration/formatting.rs:66:9
   |
66 |         datetime!(2021-01-02 03:04:05.123_456_7 UTC).format(&Rfc3339)?,
   |         ^^^^^^^^

error: cannot find macro `datetime` in this scope
  --> tests/integration/formatting.rs:70:9
   |
70 |         datetime!(2021-01-02 03:04:05.123_456_78 UTC).format(&Rfc3339)?,
   |         ^^^^^^^^

error: cannot find macro `datetime` in this scope
  --> tests/integration/formatting.rs:74:9
   |
74 |         datetime!(2021-01-02 03:04:05.123_456_789 UTC).format(&Rfc3339)?,
   |         ^^^^^^^^

error: cannot find macro `datetime` in this scope
  --> tests/integration/formatting.rs:78:9
   |
78 |         datetime!(2021-01-02 03:04:05.123_456_789 -01:02).format(&Rfc3339)?,
   |         ^^^^^^^^

error: cannot find macro `datetime` in this scope
  --> tests/integration/formatting.rs:82:9
   |
82 |         datetime!(2021-01-02 03:04:05.123_456_789 +01:02).format(&Rfc3339)?,
   |         ^^^^^^^^

error: cannot find macro `datetime` in this scope
  --> tests/integration/formatting.rs:87:9
   |
87 |         datetime!(-0001-01-01 0:00 UTC).format(&Rfc3339),
   |         ^^^^^^^^

error: cannot find macro `datetime` in this scope
  --> tests/integration/formatting.rs:91:9
   |
91 |         datetime!(0000-01-01 0:00 +00:00:01).format(&Rfc3339),
   |         ^^^^^^^^

error: cannot find macro `fd` in this scope
   --> tests/integration/formatting.rs:101:10
    |
101 |         (fd!("[hour]"), "13"),
    |          ^^

error: cannot find macro `fd` in this scope
   --> tests/integration/formatting.rs:102:10
    |
102 |         (fd!("[hour repr:12]"), "01"),
    |          ^^

error[E0599]: no method named `num_digits` found for type `u32` in the current scope
  --> src/tests.rs:38:22
   |
38 |     assert_eq!(1_u32.num_digits(), 1);
   |                      ^^^^^^^^^^ method not found in `u32`

error: cannot find macro `fd` in this scope
   --> tests/integration/formatting.rs:103:10
    |
103 |         (fd!("[hour repr:12 padding:none]"), "1"),
    |          ^^

error: cannot find macro `fd` in this scope
   --> tests/integration/formatting.rs:104:10
    |
104 |         (fd!("[hour repr:12 padding:space]"), " 1"),
    |          ^^

error: cannot find macro `fd` in this scope
   --> tests/integration/formatting.rs:105:10
    |
105 |         (fd!("[hour repr:24]"), "13"),
    |          ^^

error: cannot find macro `fd` in this scope
   --> tests/integration/formatting.rs:106:10
    |
106 |         (fd!("[hour repr:24]"), "13"),
    |          ^^

error: cannot find macro `fd` in this scope
   --> tests/integration/formatting.rs:107:10
    |
107 |         (fd!("[hour repr:24 padding:none]"), "13"),
    |          ^^

error: cannot find macro `fd` in this scope
   --> tests/integration/formatting.rs:108:10
    |
108 |         (fd!("[hour repr:24 padding:space]"), "13"),
    |          ^^

error: cannot find macro `fd` in this scope
   --> tests/integration/formatting.rs:109:10
    |
109 |         (fd!("[minute]"), "02"),
    |          ^^

error: cannot find macro `fd` in this scope
   --> tests/integration/formatting.rs:110:10
    |
110 |         (fd!("[minute padding:none]"), "2"),
    |          ^^

error: cannot find macro `fd` in this scope
   --> tests/integration/formatting.rs:111:10
    |
111 |         (fd!("[minute padding:space]"), " 2"),
    |          ^^

error: cannot find macro `fd` in this scope
   --> tests/integration/formatting.rs:112:10
    |
112 |         (fd!("[minute padding:zero]"), "02"),
    |          ^^

error: cannot find macro `fd` in this scope
   --> tests/integration/formatting.rs:113:10
    |
113 |         (fd!("[period]"), "PM"),
    |          ^^

error: cannot find macro `fd` in this scope
   --> tests/integration/formatting.rs:114:10
    |
114 |         (fd!("[period case:upper]"), "PM"),
    |          ^^

error: cannot find macro `fd` in this scope
   --> tests/integration/formatting.rs:115:10
    |
115 |         (fd!("[period case:lower]"), "pm"),
    |          ^^

error[E0599]: no method named `num_digits` found for type `u32` in the current scope
  --> src/tests.rs:39:22
   |
39 |     assert_eq!(9_u32.num_digits(), 1);
   |                      ^^^^^^^^^^ method not found in `u32`

error: cannot find macro `fd` in this scope
   --> tests/integration/formatting.rs:116:10
    |
116 |         (fd!("[second]"), "03"),
    |          ^^

error: cannot find macro `fd` in this scope
   --> tests/integration/formatting.rs:117:10
    |
117 |         (fd!("[second padding:none]"), "3"),
    |          ^^

error: cannot find macro `fd` in this scope
   --> tests/integration/formatting.rs:118:10
    |
118 |         (fd!("[second padding:space]"), " 3"),
    |          ^^

error: cannot find macro `fd` in this scope
   --> tests/integration/formatting.rs:119:10
    |
119 |         (fd!("[second padding:zero]"), "03"),
    |          ^^

error: cannot find macro `fd` in this scope
   --> tests/integration/formatting.rs:120:10
    |
120 |         (fd!("[subsecond]"), "456789012"),
    |          ^^

error: cannot find macro `fd` in this scope
   --> tests/integration/formatting.rs:121:10
    |
121 |         (fd!("[subsecond digits:1]"), "4"),
    |          ^^

error: cannot find macro `fd` in this scope
   --> tests/integration/formatting.rs:122:10
    |
122 |         (fd!("[subsecond digits:2]"), "45"),
    |          ^^

error: cannot find macro `fd` in this scope
   --> tests/integration/formatting.rs:123:10
    |
123 |         (fd!("[subsecond digits:3]"), "456"),
    |          ^^

error: cannot find macro `fd` in this scope
   --> tests/integration/formatting.rs:124:10
    |
124 |         (fd!("[subsecond digits:4]"), "4567"),
    |          ^^

error: cannot find macro `fd` in this scope
   --> tests/integration/formatting.rs:125:10
    |
125 |         (fd!("[subsecond digits:5]"), "45678"),
    |          ^^

error: cannot find macro `fd` in this scope
   --> tests/integration/formatting.rs:126:10
    |
126 |         (fd!("[subsecond digits:6]"), "456789"),
    |          ^^

error: cannot find macro `fd` in this scope
   --> tests/integration/formatting.rs:127:10
    |
127 |         (fd!("[subsecond digits:7]"), "4567890"),
    |          ^^

error: cannot find macro `fd` in this scope
   --> tests/integration/formatting.rs:128:10
    |
128 |         (fd!("[subsecond digits:8]"), "45678901"),
    |          ^^

error[E0599]: no method named `num_digits` found for type `u32` in the current scope
  --> src/tests.rs:40:23
   |
40 |     assert_eq!(10_u32.num_digits(), 2);
   |                       ^^^^^^^^^^ method not found in `u32`

error: cannot find macro `fd` in this scope
   --> tests/integration/formatting.rs:129:10
    |
129 |         (fd!("[subsecond digits:9]"), "456789012"),
    |          ^^

error: cannot find macro `fd` in this scope
   --> tests/integration/formatting.rs:130:10
    |
130 |         (fd!("[subsecond digits:1+]"), "456789012"),
    |          ^^

error: cannot determine resolution for the macro `time`
   --> tests/integration/formatting.rs:135:13
    |
135 |             time!(13:02:03.456_789_012).format(format_description)?,
    |             ^^^^
    |
    = note: import resolution is stuck, try simplifying macro imports

error: cannot determine resolution for the macro `time`
   --> tests/integration/formatting.rs:139:13
    |
139 |             time!(13:02:03.456_789_012)
    |             ^^^^
    |
    = note: import resolution is stuck, try simplifying macro imports

error: cannot determine resolution for the macro `time`
   --> tests/integration/formatting.rs:146:9
    |
146 |         time!(1:02:03).format(fd!("[hour repr:12][period]"))?,
    |         ^^^^
    |
    = note: import resolution is stuck, try simplifying macro imports

error: cannot find macro `fd` in this scope
   --> tests/integration/formatting.rs:146:31
    |
146 |         time!(1:02:03).format(fd!("[hour repr:12][period]"))?,
    |                               ^^

error: cannot find macro `fd` in this scope
   --> tests/integration/formatting.rs:150:31
    |
150 |         Time::MIDNIGHT.format(fd!("[hour repr:12][period case:lower]"))?,
    |                               ^^

error: cannot find macro `fd` in this scope
   --> tests/integration/formatting.rs:153:38
    |
153 |     assert_eq!(Time::MIDNIGHT.format(fd!("[subsecond digits:1+]"))?, "0");
    |                                      ^^

error: cannot determine resolution for the macro `time`
   --> tests/integration/formatting.rs:155:9
    |
155 |         time!(0:00:00.01).format(fd!("[subsecond digits:1+]"))?,
    |         ^^^^
    |
    = note: import resolution is stuck, try simplifying macro imports

error: cannot find macro `fd` in this scope
   --> tests/integration/formatting.rs:155:34
    |
155 |         time!(0:00:00.01).format(fd!("[subsecond digits:1+]"))?,
    |                                  ^^

error: cannot determine resolution for the macro `time`
   --> tests/integration/formatting.rs:159:9
    |
159 |         time!(0:00:00.001).format(fd!("[subsecond digits:1+]"))?,
    |         ^^^^
    |
    = note: import resolution is stuck, try simplifying macro imports

error: cannot find macro `fd` in this scope
   --> tests/integration/formatting.rs:159:35
    |
159 |         time!(0:00:00.001).format(fd!("[subsecond digits:1+]"))?,
    |                                   ^^

error: cannot determine resolution for the macro `time`
   --> tests/integration/formatting.rs:163:9
    |
163 |         time!(0:00:00.0001).format(fd!("[subsecond digits:1+]"))?,
    |         ^^^^
    |
    = note: import resolution is stuck, try simplifying macro imports

error: cannot find macro `fd` in this scope
   --> tests/integration/formatting.rs:163:36
    |
163 |         time!(0:00:00.0001).format(fd!("[subsecond digits:1+]"))?,
    |                                    ^^

error: cannot determine resolution for the macro `time`
   --> tests/integration/formatting.rs:167:9
    |
167 |         time!(0:00:00.00001).format(fd!("[subsecond digits:1+]"))?,
    |         ^^^^
    |
    = note: import resolution is stuck, try simplifying macro imports

error: cannot find macro `fd` in this scope
   --> tests/integration/formatting.rs:167:37
    |
167 |         time!(0:00:00.00001).format(fd!("[subsecond digits:1+]"))?,
    |                                     ^^

error: cannot determine resolution for the macro `time`
   --> tests/integration/formatting.rs:171:9
    |
171 |         time!(0:00:00.000001).format(fd!("[subsecond digits:1+]"))?,
    |         ^^^^
    |
    = note: import resolution is stuck, try simplifying macro imports

error: cannot find macro `fd` in this scope
   --> tests/integration/formatting.rs:171:38
    |
171 |         time!(0:00:00.000001).format(fd!("[subsecond digits:1+]"))?,
    |                                      ^^

error: cannot determine resolution for the macro `time`
   --> tests/integration/formatting.rs:175:9
    |
175 |         time!(0:00:00.0000001).format(fd!("[subsecond digits:1+]"))?,
    |         ^^^^
    |
    = note: import resolution is stuck, try simplifying macro imports

error: cannot find macro `fd` in this scope
   --> tests/integration/formatting.rs:175:39
    |
175 |         time!(0:00:00.0000001).format(fd!("[subsecond digits:1+]"))?,
    |                                       ^^

error: cannot determine resolution for the macro `time`
   --> tests/integration/formatting.rs:179:9
    |
179 |         time!(0:00:00.00000001).format(fd!("[subsecond digits:1+]"))?,
    |         ^^^^
    |
    = note: import resolution is stuck, try simplifying macro imports

error: cannot find macro `fd` in this scope
   --> tests/integration/formatting.rs:179:40
    |
179 |         time!(0:00:00.00000001).format(fd!("[subsecond digits:1+]"))?,
    |                                        ^^

error: cannot determine resolution for the macro `time`
   --> tests/integration/formatting.rs:183:9
    |
183 |         time!(0:00:00.000000001).format(fd!("[subsecond digits:1+]"))?,
    |         ^^^^
    |
    = note: import resolution is stuck, try simplifying macro imports

error: cannot find macro `fd` in this scope
   --> tests/integration/formatting.rs:183:41
    |
183 |         time!(0:00:00.000000001).format(fd!("[subsecond digits:1+]"))?,
    |                                         ^^

error[E0599]: no method named `num_digits` found for type `u32` in the current scope
  --> src/tests.rs:41:23
   |
41 |     assert_eq!(99_u32.num_digits(), 2);
   |                       ^^^^^^^^^^ method not found in `u32`

error: cannot determine resolution for the macro `time`
   --> tests/integration/formatting.rs:192:16
    |
192 |     assert_eq!(time!(0:00).to_string(), "0:00:00.0");
    |                ^^^^
    |
    = note: import resolution is stuck, try simplifying macro imports

error: cannot determine resolution for the macro `time`
   --> tests/integration/formatting.rs:193:16
    |
193 |     assert_eq!(time!(23:59).to_string(), "23:59:00.0");
    |                ^^^^
    |
    = note: import resolution is stuck, try simplifying macro imports

error: cannot determine resolution for the macro `time`
   --> tests/integration/formatting.rs:194:16
    |
194 |     assert_eq!(time!(23:59:59).to_string(), "23:59:59.0");
    |                ^^^^
    |
    = note: import resolution is stuck, try simplifying macro imports

error: cannot determine resolution for the macro `time`
   --> tests/integration/formatting.rs:195:16
    |
195 |     assert_eq!(time!(0:00:01).to_string(), "0:00:01.0");
    |                ^^^^
    |
    = note: import resolution is stuck, try simplifying macro imports

error: cannot determine resolution for the macro `time`
   --> tests/integration/formatting.rs:196:16
    |
196 |     assert_eq!(time!(0:00:00.1).to_string(), "0:00:00.1");
    |                ^^^^
    |
    = note: import resolution is stuck, try simplifying macro imports

error: cannot determine resolution for the macro `time`
   --> tests/integration/formatting.rs:197:16
    |
197 |     assert_eq!(time!(0:00:00.01).to_string(), "0:00:00.01");
    |                ^^^^
    |
    = note: import resolution is stuck, try simplifying macro imports

error: cannot determine resolution for the macro `time`
   --> tests/integration/formatting.rs:198:16
    |
198 |     assert_eq!(time!(0:00:00.001).to_string(), "0:00:00.001");
    |                ^^^^
    |
    = note: import resolution is stuck, try simplifying macro imports

error: cannot determine resolution for the macro `time`
   --> tests/integration/formatting.rs:199:16
    |
199 |     assert_eq!(time!(0:00:00.000_1).to_string(), "0:00:00.0001");
    |                ^^^^
    |
    = note: import resolution is stuck, try simplifying macro imports

error: cannot determine resolution for the macro `time`
   --> tests/integration/formatting.rs:200:16
    |
200 |     assert_eq!(time!(0:00:00.000_01).to_string(), "0:00:00.00001");
    |                ^^^^
    |
    = note: import resolution is stuck, try simplifying macro imports

error: cannot determine resolution for the macro `time`
   --> tests/integration/formatting.rs:201:16
    |
201 |     assert_eq!(time!(0:00:00.000_001).to_string(), "0:00:00.000001");
    |                ^^^^
    |
    = note: import resolution is stuck, try simplifying macro imports

error: cannot determine resolution for the macro `time`
   --> tests/integration/formatting.rs:202:16
    |
202 |     assert_eq!(time!(0:00:00.000_000_1).to_string(), "0:00:00.0000001");
    |                ^^^^
    |
    = note: import resolution is stuck, try simplifying macro imports

error: cannot determine resolution for the macro `time`
   --> tests/integration/formatting.rs:203:16
    |
203 |     assert_eq!(time!(0:00:00.000_000_01).to_string(), "0:00:00.00000001");
    |                ^^^^
    |
    = note: import resolution is stuck, try simplifying macro imports

error: cannot determine resolution for the macro `time`
   --> tests/integration/formatting.rs:204:16
    |
204 |     assert_eq!(time!(0:00:00.000_000_001).to_string(), "0:00:00.000000001");
    |                ^^^^
    |
    = note: import resolution is stuck, try simplifying macro imports

error: cannot find macro `fd` in this scope
   --> tests/integration/formatting.rs:210:10
    |
210 |         (fd!("[day]"), "31"),
    |          ^^

error: cannot find macro `fd` in this scope
   --> tests/integration/formatting.rs:211:10
    |
211 |         (fd!("[month]"), "12"),
    |          ^^

error: cannot find macro `fd` in this scope
   --> tests/integration/formatting.rs:212:10
    |
212 |         (fd!("[month repr:short]"), "Dec"),
    |          ^^

error: cannot find macro `fd` in this scope
   --> tests/integration/formatting.rs:213:10
    |
213 |         (fd!("[month repr:long]"), "December"),
    |          ^^

error: cannot find macro `fd` in this scope
   --> tests/integration/formatting.rs:214:10
    |
214 |         (fd!("[ordinal]"), "365"),
    |          ^^

error: cannot find macro `fd` in this scope
   --> tests/integration/formatting.rs:215:10
    |
215 |         (fd!("[weekday]"), "Tuesday"),
    |          ^^

error: cannot find macro `fd` in this scope
   --> tests/integration/formatting.rs:216:10
    |
216 |         (fd!("[weekday repr:short]"), "Tue"),
    |          ^^

error: cannot find macro `fd` in this scope
   --> tests/integration/formatting.rs:217:10
    |
217 |         (fd!("[weekday repr:sunday]"), "3"),
    |          ^^

error: cannot find macro `fd` in this scope
   --> tests/integration/formatting.rs:218:10
    |
218 |         (fd!("[weekday repr:sunday one_indexed:false]"), "2"),
    |          ^^

error: cannot find macro `fd` in this scope
   --> tests/integration/formatting.rs:219:10
    |
219 |         (fd!("[weekday repr:monday]"), "2"),
    |          ^^

error: cannot find macro `fd` in this scope
   --> tests/integration/formatting.rs:220:10
    |
220 |         (fd!("[weekday repr:monday one_indexed:false]"), "1"),
    |          ^^

error: cannot find macro `fd` in this scope
   --> tests/integration/formatting.rs:221:10
    |
221 |         (fd!("[week_number]"), "01"),
    |          ^^

error: cannot find macro `fd` in this scope
   --> tests/integration/formatting.rs:222:10
    |
222 |         (fd!("[week_number padding:none]"), "1"),
    |          ^^

error[E0599]: no method named `num_digits` found for type `u32` in the current scope
  --> src/tests.rs:42:24
   |
42 |     assert_eq!(100_u32.num_digits(), 3);
   |                        ^^^^^^^^^^ method not found in `u32`

error: cannot find macro `fd` in this scope
   --> tests/integration/formatting.rs:223:10
    |
223 |         (fd!("[week_number padding:space]"), " 1"),
    |          ^^

error: cannot find macro `fd` in this scope
   --> tests/integration/formatting.rs:224:10
    |
224 |         (fd!("[week_number repr:sunday]"), "52"),
    |          ^^

error: cannot find macro `fd` in this scope
   --> tests/integration/formatting.rs:225:10
    |
225 |         (fd!("[week_number repr:monday]"), "52"),
    |          ^^

error: cannot find macro `fd` in this scope
   --> tests/integration/formatting.rs:226:10
    |
226 |         (fd!("[year]"), "2019"),
    |          ^^

error: cannot find macro `fd` in this scope
   --> tests/integration/formatting.rs:227:10
    |
227 |         (fd!("[year base:iso_week]"), "2020"),
    |          ^^

error: cannot find macro `fd` in this scope
   --> tests/integration/formatting.rs:228:10
    |
228 |         (fd!("[year sign:mandatory]"), "+2019"),
    |          ^^

error: cannot find macro `fd` in this scope
   --> tests/integration/formatting.rs:229:10
    |
229 |         (fd!("[year base:iso_week sign:mandatory]"), "+2020"),
    |          ^^

error: cannot find macro `fd` in this scope
   --> tests/integration/formatting.rs:230:10
    |
230 |         (fd!("[year repr:last_two]"), "19"),
    |          ^^

error: cannot find macro `fd` in this scope
   --> tests/integration/formatting.rs:231:10
    |
231 |         (fd!("[year base:iso_week repr:last_two]"), "20"),
    |          ^^

error: cannot find macro `date` in this scope
   --> tests/integration/formatting.rs:235:20
    |
235 |         assert_eq!(date!(2019 - 12 - 31).format(format_description)?, output);
    |                    ^^^^

error: cannot find macro `date` in this scope
   --> tests/integration/formatting.rs:237:13
    |
237 |             date!(2019 - 12 - 31)
    |             ^^^^

error: cannot find macro `date` in this scope
   --> tests/integration/formatting.rs:248:16
    |
248 |     assert_eq!(date!(2019 - 01 - 01).to_string(), "2019-01-01");
    |                ^^^^

error: cannot find macro `date` in this scope
   --> tests/integration/formatting.rs:249:16
    |
249 |     assert_eq!(date!(2019 - 12 - 31).to_string(), "2019-12-31");
    |                ^^^^

error: cannot find macro `date` in this scope
   --> tests/integration/formatting.rs:250:16
    |
250 |     assert_eq!(date!(-4713 - 11 - 24).to_string(), "-4713-11-24");
    |                ^^^^

error[E0599]: no method named `num_digits` found for type `u32` in the current scope
  --> src/tests.rs:43:24
   |
43 |     assert_eq!(999_u32.num_digits(), 3);
   |                        ^^^^^^^^^^ method not found in `u32`

error: cannot find macro `date` in this scope
   --> tests/integration/formatting.rs:251:16
    |
251 |     assert_eq!(date!(-0001 - 01 - 01).to_string(), "-0001-01-01");
    |                ^^^^

error: cannot find macro `date` in this scope
   --> tests/integration/formatting.rs:253:16
    |
253 |     assert_eq!(date!(+10_000-01-01).to_string(), "+10000-01-01");
    |                ^^^^

error: cannot find macro `date` in this scope
   --> tests/integration/formatting.rs:254:16
    |
254 |     assert_eq!(date!(+100_000-01-01).to_string(), "+100000-01-01");
    |                ^^^^

error: cannot find macro `date` in this scope
   --> tests/integration/formatting.rs:255:16
    |
255 |     assert_eq!(date!(-10_000 - 01 - 01).to_string(), "-10000-01-01");
    |                ^^^^

error: cannot find macro `date` in this scope
   --> tests/integration/formatting.rs:256:16
    |
256 |     assert_eq!(date!(-100_000 - 01 - 01).to_string(), "-100000-01-01");
    |                ^^^^

error: cannot find macro `offset` in this scope
   --> tests/integration/formatting.rs:263:13
    |
263 |             offset!(+01:02:03),
    |             ^^^^^^

error: cannot find macro `fd` in this scope
   --> tests/integration/formatting.rs:264:13
    |
264 |             fd!("[offset_hour sign:automatic]"),
    |             ^^

error: cannot find macro `offset` in this scope
   --> tests/integration/formatting.rs:268:13
    |
268 |             offset!(+01:02:03),
    |             ^^^^^^

error: cannot find macro `fd` in this scope
   --> tests/integration/formatting.rs:269:13
    |
269 |             fd!("[offset_hour sign:mandatory]"),
    |             ^^

error: cannot find macro `offset` in this scope
   --> tests/integration/formatting.rs:273:13
    |
273 |             offset!(-01:02:03),
    |             ^^^^^^

error: cannot find macro `fd` in this scope
   --> tests/integration/formatting.rs:274:13
    |
274 |             fd!("[offset_hour sign:automatic]"),
    |             ^^

error: cannot find macro `offset` in this scope
   --> tests/integration/formatting.rs:278:13
    |
278 |             offset!(-01:02:03),
    |             ^^^^^^

error: cannot find macro `fd` in this scope
   --> tests/integration/formatting.rs:279:13
    |
279 |             fd!("[offset_hour sign:mandatory]"),
    |             ^^

error[E0599]: no method named `num_digits` found for type `u32` in the current scope
  --> src/tests.rs:44:26
   |
44 |     assert_eq!(1_000_u32.num_digits(), 4);
   |                          ^^^^^^^^^^ method not found in `u32`

error: cannot find macro `offset` in this scope
   --> tests/integration/formatting.rs:282:10
    |
282 |         (offset!(+01:02:03), fd!("[offset_minute]"), "02"),
    |          ^^^^^^

error: cannot find macro `fd` in this scope
   --> tests/integration/formatting.rs:282:30
    |
282 |         (offset!(+01:02:03), fd!("[offset_minute]"), "02"),
    |                              ^^

error: cannot find macro `offset` in this scope
   --> tests/integration/formatting.rs:283:10
    |
283 |         (offset!(+01:02:03), fd!("[offset_second]"), "03"),
    |          ^^^^^^

error: cannot find macro `fd` in this scope
   --> tests/integration/formatting.rs:283:30
    |
283 |         (offset!(+01:02:03), fd!("[offset_second]"), "03"),
    |                              ^^

error: cannot find macro `offset` in this scope
   --> tests/integration/formatting.rs:300:16
    |
300 |     assert_eq!(offset!(UTC).to_string(), "+00:00:00");
    |                ^^^^^^

error: cannot find macro `offset` in this scope
   --> tests/integration/formatting.rs:301:16
    |
301 |     assert_eq!(offset!(+0:00:01).to_string(), "+00:00:01");
    |                ^^^^^^

error: cannot find macro `offset` in this scope
   --> tests/integration/formatting.rs:302:16
    |
302 |     assert_eq!(offset!(-0:00:01).to_string(), "-00:00:01");
    |                ^^^^^^

error: cannot find macro `offset` in this scope
   --> tests/integration/formatting.rs:303:16
    |
303 |     assert_eq!(offset!(+1).to_string(), "+01:00:00");
    |                ^^^^^^

error: cannot find macro `offset` in this scope
   --> tests/integration/formatting.rs:304:16
    |
304 |     assert_eq!(offset!(-1).to_string(), "-01:00:00");
    |                ^^^^^^

error: cannot find macro `offset` in this scope
   --> tests/integration/formatting.rs:305:16
    |
305 |     assert_eq!(offset!(+23:59).to_string(), "+23:59:00");
    |                ^^^^^^

error: cannot find macro `offset` in this scope
   --> tests/integration/formatting.rs:306:16
    |
306 |     assert_eq!(offset!(-23:59).to_string(), "-23:59:00");
    |                ^^^^^^

error: cannot find macro `offset` in this scope
   --> tests/integration/formatting.rs:307:16
    |
307 |     assert_eq!(offset!(+23:59:59).to_string(), "+23:59:59");
    |                ^^^^^^

error: cannot find macro `offset` in this scope
   --> tests/integration/formatting.rs:308:16
    |
308 |     assert_eq!(offset!(-23:59:59).to_string(), "-23:59:59");
    |                ^^^^^^

error[E0599]: no method named `num_digits` found for type `u32` in the current scope
  --> src/tests.rs:45:26
   |
45 |     assert_eq!(9_999_u32.num_digits(), 4);
   |                          ^^^^^^^^^^ method not found in `u32`

error: cannot find macro `fd` in this scope
   --> tests/integration/formatting.rs:313:30
    |
313 |     let format_description = fd!("[year]-[month]-[day] [hour]:[minute]:[second].[subsecond]");
    |                              ^^

error: cannot find macro `datetime` in this scope
   --> tests/integration/formatting.rs:316:9
    |
316 |         datetime!(1970-01-01 0:00).format(format_description)?,
    |         ^^^^^^^^

error: cannot find macro `datetime` in this scope
   --> tests/integration/formatting.rs:320:9
    |
320 |         datetime!(1970-01-01 0:00)
    |         ^^^^^^^^

error: cannot find macro `datetime` in this scope
   --> tests/integration/formatting.rs:331:9
    |
331 |         datetime!(1970-01-01 0:00).to_string(),
    |         ^^^^^^^^

error: cannot find macro `datetime` in this scope
   --> tests/integration/formatting.rs:335:9
    |
335 |         datetime!(1970-01-01 0:00:01).to_string(),
    |         ^^^^^^^^

error: cannot find macro `datetime` in this scope
   --> tests/integration/formatting.rs:348:9
    |
348 |         datetime!(1970-01-01 0:00 UTC).format(&format_description)?,
    |         ^^^^^^^^

error: cannot find macro `datetime` in this scope
   --> tests/integration/formatting.rs:352:9
    |
352 |         datetime!(1970-01-01 0:00 UTC)
    |         ^^^^^^^^

error: cannot find macro `datetime` in this scope
   --> tests/integration/formatting.rs:363:9
    |
363 |         datetime!(1970-01-01 0:00 UTC).to_string(),
    |         ^^^^^^^^

error: cannot find macro `fd` in this scope
   --> tests/integration/formatting.rs:376:64
    |
376 |     assert_insufficient_type_information(Time::MIDNIGHT.format(fd!("[year]")));
    |                                                                ^^

error: cannot find macro `date` in this scope
   --> tests/integration/formatting.rs:378:42
    |
378 |     assert_insufficient_type_information(date!(2021 - 001).format(&Rfc3339));
    |                                          ^^^^

error: cannot find macro `datetime` in this scope
   --> tests/integration/formatting.rs:379:42
    |
379 |     assert_insufficient_type_information(datetime!(2021 - 001 0:00).format(&Rfc3339));
    |                                          ^^^^^^^^

error: cannot find macro `date` in this scope
   --> tests/integration/formatting.rs:381:42
    |
381 |     assert_insufficient_type_information(date!(2021 - 001).format(&Rfc2822));
    |                                          ^^^^

error: cannot find macro `datetime` in this scope
   --> tests/integration/formatting.rs:382:42
    |
382 |     assert_insufficient_type_information(datetime!(2021 - 001 0:00).format(&Rfc2822));
    |                                          ^^^^^^^^

error[E0599]: no method named `num_digits` found for type `u32` in the current scope
  --> src/tests.rs:46:27
   |
46 |     assert_eq!(10_000_u32.num_digits(), 5);
   |                           ^^^^^^^^^^ method not found in `u32`

error: cannot find macro `fd` in this scope
   --> tests/integration/formatting.rs:384:73
    |
384 |         Time::MIDNIGHT.format(&FormatItem::First(&[FormatItem::Compound(fd!("[year]"))])),
    |                                                                         ^^

error: cannot find macro `fd` in this scope
   --> tests/integration/formatting.rs:402:54
    |
402 |     assert_err(Time::MIDNIGHT.format_into(bytes!(0), fd!("foo")));
    |                                                      ^^

error: cannot find macro `fd` in this scope
   --> tests/integration/formatting.rs:403:76
    |
403 |     assert_err(Time::MIDNIGHT.format_into(bytes!(0), &FormatItem::Compound(fd!("foo"))));
    |                                                                            ^^

error: cannot find macro `fd` in this scope
   --> tests/integration/formatting.rs:406:53
    |
406 |         &FormatItem::Optional(&FormatItem::Compound(fd!("foo"))),
    |                                                     ^^

error: cannot find macro `datetime` in this scope
   --> tests/integration/formatting.rs:420:16
    |
420 |     assert_err(datetime!(2021-001 0:00:00.1 UTC).format_into(bytes!(19), &Rfc3339));
    |                ^^^^^^^^

error: cannot find macro `datetime` in this scope
   --> tests/integration/formatting.rs:421:16
    |
421 |     assert_err(datetime!(2021-001 0:00:00.1 UTC).format_into(bytes!(20), &Rfc3339));
    |                ^^^^^^^^

error: cannot find macro `datetime` in this scope
   --> tests/integration/formatting.rs:422:16
    |
422 |     assert_err(datetime!(2021-001 0:00 +0:01).format_into(bytes!(19), &Rfc3339));
    |                ^^^^^^^^

error: cannot find macro `datetime` in this scope
   --> tests/integration/formatting.rs:423:16
    |
423 |     assert_err(datetime!(2021-001 0:00 +0:01).format_into(bytes!(20), &Rfc3339));
    |                ^^^^^^^^

error: cannot find macro `datetime` in this scope
   --> tests/integration/formatting.rs:424:16
    |
424 |     assert_err(datetime!(2021-001 0:00 +0:01).format_into(bytes!(22), &Rfc3339));
    |                ^^^^^^^^

error: cannot find macro `datetime` in this scope
   --> tests/integration/formatting.rs:425:16
    |
425 |     assert_err(datetime!(2021-001 0:00 +0:01).format_into(bytes!(23), &Rfc3339));
    |                ^^^^^^^^

error: cannot find macro `fd` in this scope
   --> tests/integration/formatting.rs:446:54
    |
446 |     assert_err(Time::MIDNIGHT.format_into(bytes!(0), fd!("[hour padding:space]")));
    |                                                      ^^

error: cannot find macro `fd` in this scope
   --> tests/integration/formatting.rs:447:54
    |
447 |     assert_err(Time::MIDNIGHT.format_into(bytes!(1), fd!("[hour padding:space]")));
    |                                                      ^^

error: cannot find macro `offset` in this scope
   --> tests/integration/formatting.rs:448:16
    |
448 |     assert_err(offset!(+1).format_into(bytes!(0), fd!("[offset_hour sign:mandatory]")));
    |                ^^^^^^

error[E0599]: no method named `num_digits` found for type `u32` in the current scope
  --> src/tests.rs:47:27
   |
47 |     assert_eq!(99_999_u32.num_digits(), 5);
   |                           ^^^^^^^^^^ method not found in `u32`

error: cannot find macro `fd` in this scope
   --> tests/integration/formatting.rs:448:51
    |
448 |     assert_err(offset!(+1).format_into(bytes!(0), fd!("[offset_hour sign:mandatory]")));
    |                                                   ^^

error: cannot find macro `offset` in this scope
   --> tests/integration/formatting.rs:449:16
    |
449 |     assert_err(offset!(-1).format_into(bytes!(0), fd!("[offset_hour]")));
    |                ^^^^^^

error: cannot find macro `fd` in this scope
   --> tests/integration/formatting.rs:449:51
    |
449 |     assert_err(offset!(-1).format_into(bytes!(0), fd!("[offset_hour]")));
    |                                                   ^^

error: cannot find macro `offset` in this scope
   --> tests/integration/formatting.rs:450:16
    |
450 |     assert_err(offset!(-1).format_into(bytes!(1), fd!("[offset_hour]")));
    |                ^^^^^^

error: cannot find macro `fd` in this scope
   --> tests/integration/formatting.rs:450:51
    |
450 |     assert_err(offset!(-1).format_into(bytes!(1), fd!("[offset_hour]")));
    |                                                   ^^

error: cannot find macro `date` in this scope
   --> tests/integration/formatting.rs:451:16
    |
451 |     assert_err(date!(-1 - 001).format_into(bytes!(0), fd!("[year]")));
    |                ^^^^

error: cannot find macro `fd` in this scope
   --> tests/integration/formatting.rs:451:55
    |
451 |     assert_err(date!(-1 - 001).format_into(bytes!(0), fd!("[year]")));
    |                                                       ^^

error: cannot find macro `date` in this scope
   --> tests/integration/formatting.rs:452:16
    |
452 |     assert_err(date!(2021 - 001).format_into(bytes!(0), fd!("[year sign:mandatory]")));
    |                ^^^^

error: cannot find macro `fd` in this scope
   --> tests/integration/formatting.rs:452:57
    |
452 |     assert_err(date!(2021 - 001).format_into(bytes!(0), fd!("[year sign:mandatory]")));
    |                                                         ^^

error: cannot find macro `date` in this scope
   --> tests/integration/formatting.rs:453:16
    |
453 |     assert_err(date!(+999_999 - 001).format_into(bytes!(4), fd!("[year]")));
    |                ^^^^

error: cannot find macro `fd` in this scope
   --> tests/integration/formatting.rs:453:61
    |
453 |     assert_err(date!(+999_999 - 001).format_into(bytes!(4), fd!("[year]")));
    |                                                             ^^

error: cannot find macro `date` in this scope
   --> tests/integration/formatting.rs:454:16
    |
454 |     assert_err(date!(+99_999 - 001).format_into(bytes!(4), fd!("[year]")));
    |                ^^^^

error[E0599]: no method named `num_digits` found for type `u32` in the current scope
  --> src/tests.rs:48:28
   |
48 |     assert_eq!(100_000_u32.num_digits(), 6);
   |                            ^^^^^^^^^^ method not found in `u32`

error: cannot find macro `fd` in this scope
   --> tests/integration/formatting.rs:454:60
    |
454 |     assert_err(date!(+99_999 - 001).format_into(bytes!(4), fd!("[year]")));
    |                                                            ^^

error: cannot find macro `fd` in this scope
   --> tests/integration/formatting.rs:486:73
    |
486 |         Time::MIDNIGHT.format(&FormatItem::First(&[FormatItem::Compound(fd!("[hour]"))]))?,
    |                                                                         ^^

error: cannot find macro `format_description` in this scope
  --> tests/integration/macros.rs:10:13
   |
10 |     assert!(format_description!(r"").is_empty());
   |             ^^^^^^^^^^^^^^^^^^

error: cannot find macro `format_description` in this scope
  --> tests/integration/macros.rs:11:13
   |
11 |     assert!(format_description!(r###""###).is_empty());
   |             ^^^^^^^^^^^^^^^^^^

error: cannot find macro `format_description` in this scope
  --> tests/integration/macros.rs:12:13
   |
12 |     assert!(format_description!(b"").is_empty());
   |             ^^^^^^^^^^^^^^^^^^

error: cannot find macro `format_description` in this scope
  --> tests/integration/macros.rs:13:13
   |
13 |     assert!(format_description!(br"").is_empty());
   |             ^^^^^^^^^^^^^^^^^^

error: cannot find macro `format_description` in this scope
  --> tests/integration/macros.rs:14:13
   |
14 |     assert!(format_description!(br###""###).is_empty());
   |             ^^^^^^^^^^^^^^^^^^

error: cannot find macro `format_description` in this scope
  --> tests/integration/macros.rs:17:9
   |
17 |         format_description!("foo\
   |         ^^^^^^^^^^^^^^^^^^

error: cannot find macro `format_description` in this scope
  --> tests/integration/macros.rs:23:9
   |
23 |         format_description!(b"foo\
   |         ^^^^^^^^^^^^^^^^^^

error: cannot find macro `format_description` in this scope
  --> tests/integration/macros.rs:32:9
   |
32 |         format_description!("[day padding:space][day padding:zero][day padding:none]"),
   |         ^^^^^^^^^^^^^^^^^^

error: cannot find macro `format_description` in this scope
  --> tests/integration/macros.rs:46:9
   |
46 |         format_description!(
   |         ^^^^^^^^^^^^^^^^^^

error: cannot find macro `format_description` in this scope
  --> tests/integration/macros.rs:62:9
   |
62 |         format_description!(
   |         ^^^^^^^^^^^^^^^^^^

error: cannot find macro `format_description` in this scope
  --> tests/integration/macros.rs:78:9
   |
78 |         format_description!("[ordinal padding:space][ordinal padding:zero][ordinal padding:none]"),
   |         ^^^^^^^^^^^^^^^^^^

error: cannot find macro `format_description` in this scope
  --> tests/integration/macros.rs:92:9
   |
92 |         format_description!("[month repr:numerical]"),
   |         ^^^^^^^^^^^^^^^^^^

error[E0599]: no method named `num_digits` found for type `u32` in the current scope
  --> src/tests.rs:49:28
   |
49 |     assert_eq!(999_999_u32.num_digits(), 6);
   |                            ^^^^^^^^^^ method not found in `u32`

error: cannot find macro `format_description` in this scope
  --> tests/integration/macros.rs:99:9
   |
99 |         format_description!("[week_number repr:iso ]"),
   |         ^^^^^^^^^^^^^^^^^^

error: cannot find macro `format_description` in this scope
   --> tests/integration/macros.rs:108:9
    |
108 |         format_description!("[weekday repr:long one_indexed:true]"),
    |         ^^^^^^^^^^^^^^^^^^

error: cannot find macro `format_description` in this scope
   --> tests/integration/macros.rs:117:9
    |
117 |         format_description!("[year repr:full base:calendar]"),
    |         ^^^^^^^^^^^^^^^^^^

error: cannot find macro `format_description` in this scope
   --> tests/integration/macros.rs:126:9
    |
126 |         format_description!("[[ "),
    |         ^^^^^^^^^^^^^^^^^^

error: cannot find macro `date` in this scope
   --> tests/integration/macros.rs:133:19
    |
133 |     assert_eq!(Ok(date!(2000 - 001)), Date::from_ordinal_date(2000, 1));
    |                   ^^^^

error: cannot find macro `date` in this scope
   --> tests/integration/macros.rs:134:19
    |
134 |     assert_eq!(Ok(date!(2019-W 01-1)), Date::from_ordinal_date(2018, 365));
    |                   ^^^^

error: cannot find macro `date` in this scope
   --> tests/integration/macros.rs:135:19
    |
135 |     assert_eq!(Ok(date!(2021-W 52-6)), Date::from_ordinal_date(2022, 1));
    |                   ^^^^

error: cannot find macro `date` in this scope
   --> tests/integration/macros.rs:136:19
    |
136 |     assert_eq!(Ok(date!(2021-W 34-5)), Date::from_ordinal_date(2021, 239));
    |                   ^^^^

error: cannot determine resolution for the macro `time`
   --> tests/integration/macros.rs:141:16
    |
141 |     assert_eq!(time!(12 AM), Time::MIDNIGHT);
    |                ^^^^
    |
    = note: import resolution is stuck, try simplifying macro imports

error: cannot determine resolution for the macro `time`
   --> tests/integration/macros.rs:142:19
    |
142 |     assert_eq!(Ok(time!(12 PM)), Time::from_hms(12, 0, 0));
    |                   ^^^^
    |
    = note: import resolution is stuck, try simplifying macro imports

error: cannot find macro `offset` in this scope
  --> tests/integration/offset_date_time.rs:11:52
   |
11 |     assert_eq!(OffsetDateTime::now_utc().offset(), offset!(UTC));
   |                                                    ^^^^^^
   |
   = note: `offset` is in scope, but it is a function, not a macro

error: cannot find macro `datetime` in this scope
  --> tests/integration/offset_date_time.rs:27:9
   |
27 |         datetime!(2000-01-01 0:00 UTC).to_offset(offset!(-1)).year(),
   |         ^^^^^^^^

error: cannot find macro `offset` in this scope
  --> tests/integration/offset_date_time.rs:27:50
   |
27 |         datetime!(2000-01-01 0:00 UTC).to_offset(offset!(-1)).year(),
   |                                                  ^^^^^^
   |
   = note: `offset` is in scope, but it is a function, not a macro

error: cannot find macro `datetime` in this scope
  --> tests/integration/offset_date_time.rs:31:18
   |
31 |     let sydney = datetime!(2000-01-01 0:00 +11);
   |                  ^^^^^^^^

error[E0599]: no method named `num_digits` found for type `u32` in the current scope
  --> src/tests.rs:50:30
   |
50 |     assert_eq!(1_000_000_u32.num_digits(), 7);
   |                              ^^^^^^^^^^ method not found in `u32`

error: cannot find macro `offset` in this scope
  --> tests/integration/offset_date_time.rs:32:37
   |
32 |     let new_york = sydney.to_offset(offset!(-5));
   |                                     ^^^^^^
   |
   = note: `offset` is in scope, but it is a function, not a macro

error: cannot find macro `offset` in this scope
  --> tests/integration/offset_date_time.rs:33:40
   |
33 |     let los_angeles = sydney.to_offset(offset!(-8));
   |                                        ^^^^^^
   |
   = note: `offset` is in scope, but it is a function, not a macro

error: cannot find macro `datetime` in this scope
  --> tests/integration/offset_date_time.rs:50:12
   |
50 |         Ok(datetime!(2019-01-01 0:00 UTC)),
   |            ^^^^^^^^

error: cannot find macro `datetime` in this scope
  --> tests/integration/offset_date_time.rs:62:12
   |
62 |         Ok(datetime!(2019-01-01 0:00 UTC)),
   |            ^^^^^^^^

error: cannot find macro `datetime` in this scope
  --> tests/integration/offset_date_time.rs:69:16
   |
69 |     assert_eq!(datetime!(2019-01-01 0:00 UTC).offset(), offset!(UTC));
   |                ^^^^^^^^

error: cannot find macro `offset` in this scope
  --> tests/integration/offset_date_time.rs:69:57
   |
69 |     assert_eq!(datetime!(2019-01-01 0:00 UTC).offset(), offset!(UTC));
   |                                                         ^^^^^^
   |
   = note: `offset` is in scope, but it is a function, not a macro

error: cannot find macro `datetime` in this scope
  --> tests/integration/offset_date_time.rs:70:16
   |
70 |     assert_eq!(datetime!(2019-01-01 0:00 +1).offset(), offset!(+1));
   |                ^^^^^^^^

error: cannot find macro `offset` in this scope
  --> tests/integration/offset_date_time.rs:70:56
   |
70 |     assert_eq!(datetime!(2019-01-01 0:00 +1).offset(), offset!(+1));
   |                                                        ^^^^^^
   |
   = note: `offset` is in scope, but it is a function, not a macro

error: cannot find macro `datetime` in this scope
  --> tests/integration/offset_date_time.rs:72:9
   |
72 |         datetime!(2019-01-01 0:00 UTC)
   |         ^^^^^^^^

error: cannot find macro `offset` in this scope
  --> tests/integration/offset_date_time.rs:73:24
   |
73 |             .to_offset(offset!(+1))
   |                        ^^^^^^
   |
   = note: `offset` is in scope, but it is a function, not a macro

error: cannot find macro `offset` in this scope
  --> tests/integration/offset_date_time.rs:75:9
   |
75 |         offset!(+1),
   |         ^^^^^^
   |
   = note: `offset` is in scope, but it is a function, not a macro

error: cannot find macro `offset` in this scope
  --> tests/integration/offset_date_time.rs:84:24
   |
84 |             .to_offset(offset!(+1))
   |                        ^^^^^^
   |
   = note: `offset` is in scope, but it is a function, not a macro

error[E0599]: no method named `num_digits` found for type `u32` in the current scope
  --> src/tests.rs:51:30
   |
51 |     assert_eq!(9_999_999_u32.num_digits(), 7);
   |                              ^^^^^^^^^^ method not found in `u32`

error: cannot find macro `datetime` in this scope
  --> tests/integration/offset_date_time.rs:88:16
   |
88 |     assert_eq!(datetime!(1970-01-01 0:00 -1).unix_timestamp(), 3_600);
   |                ^^^^^^^^

error: cannot find macro `datetime` in this scope
  --> tests/integration/offset_date_time.rs:93:16
   |
93 |     assert_eq!(datetime!(1970-01-01 0:00 UTC).unix_timestamp_nanos(), 0);
   |                ^^^^^^^^

error: cannot find macro `datetime` in this scope
  --> tests/integration/offset_date_time.rs:95:9
   |
95 |         datetime!(1970-01-01 1:00 UTC)
   |         ^^^^^^^^

error: cannot find macro `offset` in this scope
  --> tests/integration/offset_date_time.rs:96:24
   |
96 |             .to_offset(offset!(-1))
   |                        ^^^^^^
   |
   = note: `offset` is in scope, but it is a function, not a macro

error: cannot find macro `datetime` in this scope
   --> tests/integration/offset_date_time.rs:104:16
    |
104 |     assert_eq!(datetime!(2019-01-01 0:00 UTC).date(), date!(2019 - 01 - 01));
    |                ^^^^^^^^

error: cannot find macro `date` in this scope
   --> tests/integration/offset_date_time.rs:104:55
    |
104 |     assert_eq!(datetime!(2019-01-01 0:00 UTC).date(), date!(2019 - 01 - 01));
    |                                                       ^^^^
    |
    = note: `date` is in scope, but it is a function, not a macro

error: cannot find macro `datetime` in this scope
   --> tests/integration/offset_date_time.rs:106:9
    |
106 |         datetime!(2019-01-01 0:00 UTC).to_offset(offset!(-1)).date(),
    |         ^^^^^^^^

error: cannot find macro `offset` in this scope
   --> tests/integration/offset_date_time.rs:106:50
    |
106 |         datetime!(2019-01-01 0:00 UTC).to_offset(offset!(-1)).date(),
    |                                                  ^^^^^^
    |
    = note: `offset` is in scope, but it is a function, not a macro

error: cannot find macro `date` in this scope
   --> tests/integration/offset_date_time.rs:107:9
    |
107 |         date!(2018 - 12 - 31),
    |         ^^^^
    |
    = note: `date` is in scope, but it is a function, not a macro

error: cannot find macro `datetime` in this scope
   --> tests/integration/offset_date_time.rs:113:16
    |
113 |     assert_eq!(datetime!(2019-01-01 0:00 UTC).time(), time!(0:00));
    |                ^^^^^^^^

error: cannot determine resolution for the macro `time`
   --> tests/integration/offset_date_time.rs:113:55
    |
113 |     assert_eq!(datetime!(2019-01-01 0:00 UTC).time(), time!(0:00));
    |                                                       ^^^^
    |
    = note: import resolution is stuck, try simplifying macro imports

error: cannot find macro `datetime` in this scope
   --> tests/integration/offset_date_time.rs:115:9
    |
115 |         datetime!(2019-01-01 0:00 UTC).to_offset(offset!(-1)).time(),
    |         ^^^^^^^^

error: cannot find macro `offset` in this scope
   --> tests/integration/offset_date_time.rs:115:50
    |
115 |         datetime!(2019-01-01 0:00 UTC).to_offset(offset!(-1)).time(),
    |                                                  ^^^^^^
    |
    = note: `offset` is in scope, but it is a function, not a macro

error: cannot determine resolution for the macro `time`
   --> tests/integration/offset_date_time.rs:116:9
    |
116 |         time!(23:00),
    |         ^^^^
    |
    = note: import resolution is stuck, try simplifying macro imports

error: cannot find macro `datetime` in this scope
   --> tests/integration/offset_date_time.rs:122:16
    |
122 |     assert_eq!(datetime!(2019-01-01 0:00 UTC).year(), 2019);
    |                ^^^^^^^^

error: cannot find macro `datetime` in this scope
   --> tests/integration/offset_date_time.rs:124:9
    |
124 |         datetime!(2019-12-31 23:00 UTC)
    |         ^^^^^^^^

error[E0599]: no method named `num_digits` found for type `u32` in the current scope
  --> src/tests.rs:52:31
   |
52 |     assert_eq!(10_000_000_u32.num_digits(), 8);
   |                               ^^^^^^^^^^ method not found in `u32`

error: cannot find macro `offset` in this scope
   --> tests/integration/offset_date_time.rs:125:24
    |
125 |             .to_offset(offset!(+1))
    |                        ^^^^^^
    |
    = note: `offset` is in scope, but it is a function, not a macro

error: cannot find macro `datetime` in this scope
   --> tests/integration/offset_date_time.rs:129:16
    |
129 |     assert_eq!(datetime!(2020-01-01 0:00 UTC).year(), 2020);
    |                ^^^^^^^^

error: cannot find macro `datetime` in this scope
   --> tests/integration/offset_date_time.rs:134:16
    |
134 |     assert_eq!(datetime!(2019-01-01 0:00 UTC).month(), Month::January);
    |                ^^^^^^^^

error: cannot find macro `datetime` in this scope
   --> tests/integration/offset_date_time.rs:136:9
    |
136 |         datetime!(2019-12-31 23:00 UTC)
    |         ^^^^^^^^

error: cannot find macro `offset` in this scope
   --> tests/integration/offset_date_time.rs:137:24
    |
137 |             .to_offset(offset!(+1))
    |                        ^^^^^^
    |
    = note: `offset` is in scope, but it is a function, not a macro

error: cannot find macro `datetime` in this scope
   --> tests/integration/offset_date_time.rs:145:16
    |
145 |     assert_eq!(datetime!(2019-01-01 0:00 UTC).day(), 1);
    |                ^^^^^^^^

error: cannot find macro `datetime` in this scope
   --> tests/integration/offset_date_time.rs:147:9
    |
147 |         datetime!(2019-12-31 23:00 UTC).to_offset(offset!(+1)).day(),
    |         ^^^^^^^^

error: cannot find macro `offset` in this scope
   --> tests/integration/offset_date_time.rs:147:51
    |
147 |         datetime!(2019-12-31 23:00 UTC).to_offset(offset!(+1)).day(),
    |                                                   ^^^^^^
    |
    = note: `offset` is in scope, but it is a function, not a macro

error: cannot find macro `datetime` in this scope
   --> tests/integration/offset_date_time.rs:154:16
    |
154 |     assert_eq!(datetime!(2019-01-01 0:00 UTC).ordinal(), 1);
    |                ^^^^^^^^

error: cannot find macro `datetime` in this scope
   --> tests/integration/offset_date_time.rs:156:9
    |
156 |         datetime!(2019-12-31 23:00 UTC)
    |         ^^^^^^^^

error: cannot find macro `offset` in this scope
   --> tests/integration/offset_date_time.rs:157:24
    |
157 |             .to_offset(offset!(+1))
    |                        ^^^^^^
    |
    = note: `offset` is in scope, but it is a function, not a macro

error[E0599]: no method named `num_digits` found for type `u32` in the current scope
  --> src/tests.rs:53:31
   |
53 |     assert_eq!(99_999_999_u32.num_digits(), 8);
   |                               ^^^^^^^^^^ method not found in `u32`

error: cannot find macro `datetime` in this scope
   --> tests/integration/offset_date_time.rs:165:16
    |
165 |     assert_eq!(datetime!(2019-01-01 0:00 UTC).iso_week(), 1);
    |                ^^^^^^^^

error: cannot find macro `datetime` in this scope
   --> tests/integration/offset_date_time.rs:166:16
    |
166 |     assert_eq!(datetime!(2020-01-01 0:00 UTC).iso_week(), 1);
    |                ^^^^^^^^

error: cannot find macro `datetime` in this scope
   --> tests/integration/offset_date_time.rs:167:16
    |
167 |     assert_eq!(datetime!(2020-12-31 0:00 UTC).iso_week(), 53);
    |                ^^^^^^^^

error: cannot find macro `datetime` in this scope
   --> tests/integration/offset_date_time.rs:168:16
    |
168 |     assert_eq!(datetime!(2021-01-01 0:00 UTC).iso_week(), 53);
    |                ^^^^^^^^

error: cannot find macro `datetime` in this scope
   --> tests/integration/offset_date_time.rs:173:16
    |
173 |     assert_eq!(datetime!(2019-01-01 0:00 UTC).sunday_based_week(), 0);
    |                ^^^^^^^^

error: cannot find macro `datetime` in this scope
   --> tests/integration/offset_date_time.rs:174:16
    |
174 |     assert_eq!(datetime!(2020-01-01 0:00 UTC).sunday_based_week(), 0);
    |                ^^^^^^^^

error: cannot find macro `datetime` in this scope
   --> tests/integration/offset_date_time.rs:175:16
    |
175 |     assert_eq!(datetime!(2020-12-31 0:00 UTC).sunday_based_week(), 52);
    |                ^^^^^^^^

error: cannot find macro `datetime` in this scope
   --> tests/integration/offset_date_time.rs:176:16
    |
176 |     assert_eq!(datetime!(2021-01-01 0:00 UTC).sunday_based_week(), 0);
    |                ^^^^^^^^

error: cannot find macro `datetime` in this scope
   --> tests/integration/offset_date_time.rs:181:16
    |
181 |     assert_eq!(datetime!(2019-01-01 0:00 UTC).monday_based_week(), 0);
    |                ^^^^^^^^

error: cannot find macro `datetime` in this scope
   --> tests/integration/offset_date_time.rs:182:16
    |
182 |     assert_eq!(datetime!(2020-01-01 0:00 UTC).monday_based_week(), 0);
    |                ^^^^^^^^

error: cannot find macro `datetime` in this scope
   --> tests/integration/offset_date_time.rs:183:16
    |
183 |     assert_eq!(datetime!(2020-12-31 0:00 UTC).monday_based_week(), 52);
    |                ^^^^^^^^

error: cannot find macro `datetime` in this scope
   --> tests/integration/offset_date_time.rs:184:16
    |
184 |     assert_eq!(datetime!(2021-01-01 0:00 UTC).monday_based_week(), 0);
    |                ^^^^^^^^

error: cannot find macro `datetime` in this scope
   --> tests/integration/offset_date_time.rs:190:9
    |
190 |         datetime!(2019-01-02 0:00 UTC).to_calendar_date(),
    |         ^^^^^^^^

error: cannot find macro `datetime` in this scope
   --> tests/integration/offset_date_time.rs:197:16
    |
197 |     assert_eq!(datetime!(2019-01-01 0:00 UTC).to_ordinal_date(), (2019, 1));
    |                ^^^^^^^^

error[E0599]: no method named `num_digits` found for type `u32` in the current scope
  --> src/tests.rs:54:32
   |
54 |     assert_eq!(100_000_000_u32.num_digits(), 9);
   |                                ^^^^^^^^^^ method not found in `u32`

error: cannot find macro `datetime` in this scope
   --> tests/integration/offset_date_time.rs:204:9
    |
204 |         datetime!(2019-01-01 0:00 UTC).to_iso_week_date(),
    |         ^^^^^^^^

error: cannot find macro `datetime` in this scope
   --> tests/integration/offset_date_time.rs:208:9
    |
208 |         datetime!(2019-10-04 0:00 UTC).to_iso_week_date(),
    |         ^^^^^^^^

error: cannot find macro `datetime` in this scope
   --> tests/integration/offset_date_time.rs:212:9
    |
212 |         datetime!(2020-01-01 0:00 UTC).to_iso_week_date(),
    |         ^^^^^^^^

error: cannot find macro `datetime` in this scope
   --> tests/integration/offset_date_time.rs:216:9
    |
216 |         datetime!(2020-12-31 0:00 UTC).to_iso_week_date(),
    |         ^^^^^^^^

error: cannot find macro `datetime` in this scope
   --> tests/integration/offset_date_time.rs:220:9
    |
220 |         datetime!(2021-01-01 0:00 UTC).to_iso_week_date(),
    |         ^^^^^^^^

error: cannot find macro `datetime` in this scope
   --> tests/integration/offset_date_time.rs:228:16
    |
228 |     assert_eq!(datetime!(2019-01-01 0:00 UTC).weekday(), Tuesday);
    |                ^^^^^^^^

error: cannot find macro `datetime` in this scope
   --> tests/integration/offset_date_time.rs:229:16
    |
229 |     assert_eq!(datetime!(2019-02-01 0:00 UTC).weekday(), Friday);
    |                ^^^^^^^^

error: cannot find macro `datetime` in this scope
   --> tests/integration/offset_date_time.rs:230:16
    |
230 |     assert_eq!(datetime!(2019-03-01 0:00 UTC).weekday(), Friday);
    |                ^^^^^^^^

error: cannot find macro `datetime` in this scope
   --> tests/integration/offset_date_time.rs:236:9
    |
236 |         datetime!(-999_999-01-01 0:00 UTC).to_julian_day(),
    |         ^^^^^^^^

error: cannot find macro `datetime` in this scope
   --> tests/integration/offset_date_time.rs:239:16
    |
239 |     assert_eq!(datetime!(-4713-11-24 0:00 UTC).to_julian_day(), 0);
    |                ^^^^^^^^

error: cannot find macro `datetime` in this scope
   --> tests/integration/offset_date_time.rs:240:16
    |
240 |     assert_eq!(datetime!(2000-01-01 0:00 UTC).to_julian_day(), 2_451_545);
    |                ^^^^^^^^

error[E0599]: no method named `num_digits` found for type `u32` in the current scope
  --> src/tests.rs:55:32
   |
55 |     assert_eq!(999_999_999_u32.num_digits(), 9);
   |                                ^^^^^^^^^^ method not found in `u32`

error: cannot find macro `datetime` in this scope
   --> tests/integration/offset_date_time.rs:241:16
    |
241 |     assert_eq!(datetime!(2019-01-01 0:00 UTC).to_julian_day(), 2_458_485);
    |                ^^^^^^^^

error: cannot find macro `datetime` in this scope
   --> tests/integration/offset_date_time.rs:242:16
    |
242 |     assert_eq!(datetime!(2019-12-31 0:00 UTC).to_julian_day(), 2_458_849);
    |                ^^^^^^^^

error: cannot find macro `datetime` in this scope
   --> tests/integration/offset_date_time.rs:247:16
    |
247 |     assert_eq!(datetime!(2020-01-01 1:02:03 UTC).to_hms(), (1, 2, 3));
    |                ^^^^^^^^

error: cannot find macro `datetime` in this scope
   --> tests/integration/offset_date_time.rs:253:9
    |
253 |         datetime!(2020-01-01 1:02:03.004 UTC).to_hms_milli(),
    |         ^^^^^^^^

error: cannot find macro `datetime` in this scope
   --> tests/integration/offset_date_time.rs:261:9
    |
261 |         datetime!(2020-01-01 1:02:03.004_005 UTC).to_hms_micro(),
    |         ^^^^^^^^

error: cannot find macro `datetime` in this scope
   --> tests/integration/offset_date_time.rs:269:9
    |
269 |         datetime!(2020-01-01 1:02:03.004_005_006 UTC).to_hms_nano(),
    |         ^^^^^^^^

error: cannot find macro `datetime` in this scope
   --> tests/integration/offset_date_time.rs:276:16
    |
276 |     assert_eq!(datetime!(2019-01-01 0:00 UTC).hour(), 0);
    |                ^^^^^^^^

error: cannot find macro `datetime` in this scope
   --> tests/integration/offset_date_time.rs:278:9
    |
278 |         datetime!(2019-01-01 23:59:59 UTC)
    |         ^^^^^^^^

error: cannot find macro `offset` in this scope
   --> tests/integration/offset_date_time.rs:279:24
    |
279 |             .to_offset(offset!(-2))
    |                        ^^^^^^
    |
    = note: `offset` is in scope, but it is a function, not a macro

error: cannot find macro `datetime` in this scope
   --> tests/integration/offset_date_time.rs:287:16
    |
287 |     assert_eq!(datetime!(2019-01-01 0:00 UTC).minute(), 0);
    |                ^^^^^^^^

error: cannot find macro `datetime` in this scope
   --> tests/integration/offset_date_time.rs:289:9
    |
289 |         datetime!(2019-01-01 23:59:59 UTC)
    |         ^^^^^^^^

error: cannot find macro `offset` in this scope
   --> tests/integration/offset_date_time.rs:290:24
    |
290 |             .to_offset(offset!(+0:30))
    |                        ^^^^^^
    |
    = note: `offset` is in scope, but it is a function, not a macro

error: cannot find macro `datetime` in this scope
   --> tests/integration/offset_date_time.rs:298:16
    |
298 |     assert_eq!(datetime!(2019-01-01 0:00 UTC).second(), 0);
    |                ^^^^^^^^

error[E0599]: no method named `num_digits` found for type `u32` in the current scope
  --> src/tests.rs:56:34
   |
56 |     assert_eq!(1_000_000_000_u32.num_digits(), 10);
   |                                  ^^^^^^^^^^ method not found in `u32`

error: cannot find macro `datetime` in this scope
   --> tests/integration/offset_date_time.rs:300:9
    |
300 |         datetime!(2019-01-01 23:59:59 UTC)
    |         ^^^^^^^^

error: cannot find macro `offset` in this scope
   --> tests/integration/offset_date_time.rs:301:24
    |
301 |             .to_offset(offset!(+0:00:30))
    |                        ^^^^^^
    |
    = note: `offset` is in scope, but it is a function, not a macro

error: cannot find macro `datetime` in this scope
   --> tests/integration/offset_date_time.rs:309:16
    |
309 |     assert_eq!(datetime!(2019-01-01 0:00 UTC).millisecond(), 0);
    |                ^^^^^^^^

error: cannot find macro `datetime` in this scope
   --> tests/integration/offset_date_time.rs:310:16
    |
310 |     assert_eq!(datetime!(2019-01-01 23:59:59.999 UTC).millisecond(), 999);
    |                ^^^^^^^^

error: cannot find macro `datetime` in this scope
   --> tests/integration/offset_date_time.rs:315:16
    |
315 |     assert_eq!(datetime!(2019-01-01 0:00 UTC).microsecond(), 0);
    |                ^^^^^^^^

error: cannot find macro `datetime` in this scope
   --> tests/integration/offset_date_time.rs:317:9
    |
317 |         datetime!(2019-01-01 23:59:59.999_999 UTC).microsecond(),
    |         ^^^^^^^^

error: cannot find macro `datetime` in this scope
   --> tests/integration/offset_date_time.rs:324:16
    |
324 |     assert_eq!(datetime!(2019-01-01 0:00 UTC).nanosecond(), 0);
    |                ^^^^^^^^

error: cannot find macro `datetime` in this scope
   --> tests/integration/offset_date_time.rs:326:9
    |
326 |         datetime!(2019-01-01 23:59:59.999_999_999 UTC).nanosecond(),
    |         ^^^^^^^^

error: cannot find macro `datetime` in this scope
   --> tests/integration/offset_date_time.rs:334:9
    |
334 |         datetime!(2020-01-01 5:00 UTC).replace_time(time!(12:00)),
    |         ^^^^^^^^

error: cannot determine resolution for the macro `time`
   --> tests/integration/offset_date_time.rs:334:53
    |
334 |         datetime!(2020-01-01 5:00 UTC).replace_time(time!(12:00)),
    |                                                     ^^^^
    |
    = note: import resolution is stuck, try simplifying macro imports

error: cannot find macro `datetime` in this scope
   --> tests/integration/offset_date_time.rs:335:9
    |
335 |         datetime!(2020-01-01 12:00 UTC)
    |         ^^^^^^^^

error: cannot find macro `datetime` in this scope
   --> tests/integration/offset_date_time.rs:338:9
    |
338 |         datetime!(2020-01-01 12:00 -5).replace_time(time!(7:00)),
    |         ^^^^^^^^

error: cannot determine resolution for the macro `time`
   --> tests/integration/offset_date_time.rs:338:53
    |
338 |         datetime!(2020-01-01 12:00 -5).replace_time(time!(7:00)),
    |                                                     ^^^^
    |
    = note: import resolution is stuck, try simplifying macro imports

error: cannot find macro `datetime` in this scope
   --> tests/integration/offset_date_time.rs:339:9
    |
339 |         datetime!(2020-01-01 7:00 -5)
    |         ^^^^^^^^

error: cannot find macro `datetime` in this scope
   --> tests/integration/offset_date_time.rs:342:9
    |
342 |         datetime!(2020-01-01 0:00 +1).replace_time(time!(12:00)),
    |         ^^^^^^^^

error: cannot determine resolution for the macro `time`
   --> tests/integration/offset_date_time.rs:342:52
    |
342 |         datetime!(2020-01-01 0:00 +1).replace_time(time!(12:00)),
    |                                                    ^^^^
    |
    = note: import resolution is stuck, try simplifying macro imports

error: cannot find macro `datetime` in this scope
   --> tests/integration/offset_date_time.rs:343:9
    |
343 |         datetime!(2020-01-01 12:00 +1)
    |         ^^^^^^^^

error: cannot find macro `datetime` in this scope
   --> tests/integration/offset_date_time.rs:350:9
    |
350 |         datetime!(2020-01-01 12:00 UTC).replace_date(date!(2020 - 01 - 30)),
    |         ^^^^^^^^

error: cannot find macro `date` in this scope
   --> tests/integration/offset_date_time.rs:350:54
    |
350 |         datetime!(2020-01-01 12:00 UTC).replace_date(date!(2020 - 01 - 30)),
    |                                                      ^^^^
    |
    = note: `date` is in scope, but it is a function, not a macro

error: cannot find macro `datetime` in this scope
   --> tests/integration/offset_date_time.rs:351:9
    |
351 |         datetime!(2020-01-30 12:00 UTC)
    |         ^^^^^^^^

error: cannot find macro `datetime` in this scope
   --> tests/integration/offset_date_time.rs:354:9
    |
354 |         datetime!(2020-01-01 0:00 +1).replace_date(date!(2020 - 01 - 30)),
    |         ^^^^^^^^

error: cannot find macro `date` in this scope
   --> tests/integration/offset_date_time.rs:354:52
    |
354 |         datetime!(2020-01-01 0:00 +1).replace_date(date!(2020 - 01 - 30)),
    |                                                    ^^^^
    |
    = note: `date` is in scope, but it is a function, not a macro

error: cannot find macro `datetime` in this scope
   --> tests/integration/offset_date_time.rs:355:9
    |
355 |         datetime!(2020-01-30 0:00 +1)
    |         ^^^^^^^^

error: cannot find macro `datetime` in this scope
   --> tests/integration/offset_date_time.rs:362:9
    |
362 |         datetime!(2020-01-01 12:00 UTC).replace_date_time(datetime!(2020-01-30 16:00)),
    |         ^^^^^^^^

error: cannot find macro `datetime` in this scope
   --> tests/integration/offset_date_time.rs:362:59
    |
362 |         datetime!(2020-01-01 12:00 UTC).replace_date_time(datetime!(2020-01-30 16:00)),
    |                                                           ^^^^^^^^

error: cannot find macro `datetime` in this scope
   --> tests/integration/offset_date_time.rs:363:9
    |
363 |         datetime!(2020-01-30 16:00 UTC)
    |         ^^^^^^^^

error: cannot find macro `datetime` in this scope
   --> tests/integration/offset_date_time.rs:366:9
    |
366 |         datetime!(2020-01-01 12:00 +1).replace_date_time(datetime!(2020-01-30 0:00)),
    |         ^^^^^^^^

Some errors have detailed explanations: E0432, E0433, E0599.
For more information about an error, try `rustc --explain E0432`.
error: cannot find macro `datetime` in this scope
   --> tests/integration/offset_date_time.rs:366:58
    |
366 |         datetime!(2020-01-01 12:00 +1).replace_date_time(datetime!(2020-01-30 0:00)),
    |                                                          ^^^^^^^^

error: cannot find macro `datetime` in this scope
   --> tests/integration/offset_date_time.rs:367:9
    |
367 |         datetime!(2020-01-30 0:00 +1)
    |         ^^^^^^^^

error: cannot find macro `datetime` in this scope
   --> tests/integration/offset_date_time.rs:374:9
    |
374 |         datetime!(2020-01-01 0:00 UTC).replace_offset(offset!(-5)),
    |         ^^^^^^^^

error: cannot find macro `offset` in this scope
   --> tests/integration/offset_date_time.rs:374:55
    |
374 |         datetime!(2020-01-01 0:00 UTC).replace_offset(offset!(-5)),
    |                                                       ^^^^^^
    |
    = note: `offset` is in scope, but it is a function, not a macro

error: cannot find macro `datetime` in this scope
   --> tests/integration/offset_date_time.rs:375:9
    |
375 |         datetime!(2020-01-01 0:00 -5)
    |         ^^^^^^^^

error: cannot find macro `datetime` in this scope
   --> tests/integration/offset_date_time.rs:382:9
    |
382 |         datetime!(2000-01-01 0:00 UTC).to_offset(offset!(-1)),
    |         ^^^^^^^^

error: could not compile `time` due to 41 previous errors
warning: build failed, waiting for other jobs to finish...
error: cannot find macro `offset` in this scope
   --> tests/integration/offset_date_time.rs:382:50
    |
382 |         datetime!(2000-01-01 0:00 UTC).to_offset(offset!(-1)),
    |                                                  ^^^^^^
    |
    = note: `offset` is in scope, but it is a function, not a macro

error: cannot find macro `datetime` in this scope
   --> tests/integration/offset_date_time.rs:383:9
    |
383 |         datetime!(2000-01-01 0:00 UTC),
    |         ^^^^^^^^

error: cannot find macro `datetime` in this scope
   --> tests/integration/offset_date_time.rs:389:14
    |
389 |     let t1 = datetime!(2019-01-01 0:00 UTC);
    |              ^^^^^^^^

error: cannot find macro `datetime` in this scope
   --> tests/integration/offset_date_time.rs:390:14
    |
390 |     let t2 = datetime!(2019-01-01 0:00 UTC).to_offset(offset!(-1));
    |              ^^^^^^^^

error: cannot find macro `offset` in this scope
   --> tests/integration/offset_date_time.rs:390:55
    |
390 |     let t2 = datetime!(2019-01-01 0:00 UTC).to_offset(offset!(-1));
    |                                                       ^^^^^^
    |
    = note: `offset` is in scope, but it is a function, not a macro

error: cannot find macro `datetime` in this scope
   --> tests/integration/offset_date_time.rs:396:14
    |
396 |     let t1 = datetime!(2019-01-01 0:00 UTC);
    |              ^^^^^^^^

error: cannot find macro `datetime` in this scope
   --> tests/integration/offset_date_time.rs:397:14
    |
397 |     let t2 = datetime!(2019-01-01 0:00 UTC).to_offset(offset!(-1));
    |              ^^^^^^^^

error: cannot find macro `offset` in this scope
   --> tests/integration/offset_date_time.rs:397:55
    |
397 |     let t2 = datetime!(2019-01-01 0:00 UTC).to_offset(offset!(-1));
    |                                                       ^^^^^^
    |
    = note: `offset` is in scope, but it is a function, not a macro

error: cannot find macro `datetime` in this scope
   --> tests/integration/offset_date_time.rs:400:14
    |
400 |     let t1 = datetime!(2019-01-01 0:00 UTC);
    |              ^^^^^^^^

error: cannot find macro `datetime` in this scope
   --> tests/integration/offset_date_time.rs:401:14
    |
401 |     let t2 = datetime!(2019-01-01 0:00:00.000_000_001 UTC);
    |              ^^^^^^^^

error: cannot find macro `datetime` in this scope
   --> tests/integration/offset_date_time.rs:413:13
    |
413 |             datetime!(2019-01-01 0:00 UTC).hash(&mut hasher);
    |             ^^^^^^^^

error: cannot find macro `datetime` in this scope
   --> tests/integration/offset_date_time.rs:418:13
    |
418 |             datetime!(2019-01-01 0:00 UTC)
    |             ^^^^^^^^

error: cannot find macro `offset` in this scope
   --> tests/integration/offset_date_time.rs:419:28
    |
419 |                 .to_offset(offset!(-1))
    |                            ^^^^^^
    |
    = note: `offset` is in scope, but it is a function, not a macro

error: cannot find macro `datetime` in this scope
   --> tests/integration/offset_date_time.rs:430:13
    |
430 |             datetime!(2019-01-01 0:00).hash(&mut hasher);
    |             ^^^^^^^^

error: cannot find macro `datetime` in this scope
   --> tests/integration/offset_date_time.rs:435:13
    |
435 |             datetime!(2019-01-01 0:00 UTC).hash(&mut hasher);
    |             ^^^^^^^^

error: cannot find macro `offset` in this scope
   --> tests/integration/offset_date_time.rs:447:24
    |
447 |         .assume_offset(offset!(+12:00:01));
    |                        ^^^^^^
    |
    = note: `offset` is in scope, but it is a function, not a macro

error: cannot find macro `datetime` in this scope
   --> tests/integration/offset_date_time.rs:458:9
    |
458 |         datetime!(2019-01-01 0:00 UTC) + 5.days(),
    |         ^^^^^^^^

error: cannot find macro `datetime` in this scope
   --> tests/integration/offset_date_time.rs:459:9
    |
459 |         datetime!(2019-01-06 0:00 UTC),
    |         ^^^^^^^^

error: cannot find macro `datetime` in this scope
   --> tests/integration/offset_date_time.rs:462:9
    |
462 |         datetime!(2019-12-31 0:00 UTC) + 1.days(),
    |         ^^^^^^^^

error: cannot find macro `datetime` in this scope
   --> tests/integration/offset_date_time.rs:463:9
    |
463 |         datetime!(2020-01-01 0:00 UTC),
    |         ^^^^^^^^

error: cannot find macro `datetime` in this scope
   --> tests/integration/offset_date_time.rs:466:9
    |
466 |         datetime!(2019-12-31 23:59:59 UTC) + 2.seconds(),
    |         ^^^^^^^^

error: cannot find macro `datetime` in this scope
   --> tests/integration/offset_date_time.rs:467:9
    |
467 |         datetime!(2020-01-01 0:00:01 UTC),
    |         ^^^^^^^^

error: cannot find macro `datetime` in this scope
   --> tests/integration/offset_date_time.rs:470:9
    |
470 |         datetime!(2020-01-01 0:00:01 UTC) + (-2).seconds(),
    |         ^^^^^^^^

error: cannot find macro `datetime` in this scope
   --> tests/integration/offset_date_time.rs:471:9
    |
471 |         datetime!(2019-12-31 23:59:59 UTC),
    |         ^^^^^^^^

error: cannot find macro `datetime` in this scope
   --> tests/integration/offset_date_time.rs:474:9
    |
474 |         datetime!(1999-12-31 23:00 UTC) + 1.hours(),
    |         ^^^^^^^^

error: cannot find macro `datetime` in this scope
   --> tests/integration/offset_date_time.rs:475:9
    |
475 |         datetime!(2000-01-01 0:00 UTC),
    |         ^^^^^^^^

error: cannot find macro `datetime` in this scope
   --> tests/integration/offset_date_time.rs:482:9
    |
482 |         datetime!(2019-01-01 0:00 UTC) + 5.std_days(),
    |         ^^^^^^^^

error: cannot find macro `datetime` in this scope
   --> tests/integration/offset_date_time.rs:483:9
    |
483 |         datetime!(2019-01-06 0:00 UTC),
    |         ^^^^^^^^

error: cannot find macro `datetime` in this scope
   --> tests/integration/offset_date_time.rs:486:9
    |
486 |         datetime!(2019-12-31 0:00 UTC) + 1.std_days(),
    |         ^^^^^^^^

error: cannot find macro `datetime` in this scope
   --> tests/integration/offset_date_time.rs:487:9
    |
487 |         datetime!(2020-01-01 0:00 UTC),
    |         ^^^^^^^^

error: cannot find macro `datetime` in this scope
   --> tests/integration/offset_date_time.rs:490:9
    |
490 |         datetime!(2019-12-31 23:59:59 UTC) + 2.std_seconds(),
    |         ^^^^^^^^

error: cannot find macro `datetime` in this scope
   --> tests/integration/offset_date_time.rs:491:9
    |
491 |         datetime!(2020-01-01 0:00:01 UTC),
    |         ^^^^^^^^

error: cannot find macro `datetime` in this scope
   --> tests/integration/offset_date_time.rs:497:34
    |
497 |     let mut new_years_day_2019 = datetime!(2019-01-01 0:00 UTC);
    |                                  ^^^^^^^^

error: cannot find macro `datetime` in this scope
   --> tests/integration/offset_date_time.rs:499:36
    |
499 |     assert_eq!(new_years_day_2019, datetime!(2019-01-06 0:00 UTC));
    |                                    ^^^^^^^^

error: cannot find macro `datetime` in this scope
   --> tests/integration/offset_date_time.rs:501:39
    |
501 |     let mut new_years_eve_2020_days = datetime!(2019-12-31 0:00 UTC);
    |                                       ^^^^^^^^

error: cannot find macro `datetime` in this scope
   --> tests/integration/offset_date_time.rs:503:41
    |
503 |     assert_eq!(new_years_eve_2020_days, datetime!(2020-01-01 0:00 UTC));
    |                                         ^^^^^^^^

error: cannot find macro `datetime` in this scope
   --> tests/integration/offset_date_time.rs:505:42
    |
505 |     let mut new_years_eve_2020_seconds = datetime!(2019-12-31 23:59:59 UTC);
    |                                          ^^^^^^^^

error: cannot find macro `datetime` in this scope
   --> tests/integration/offset_date_time.rs:509:9
    |
509 |         datetime!(2020-01-01 0:00:01 UTC)
    |         ^^^^^^^^

error: cannot find macro `datetime` in this scope
   --> tests/integration/offset_date_time.rs:512:42
    |
512 |     let mut new_years_day_2020_seconds = datetime!(2020-01-01 0:00:01 UTC);
    |                                          ^^^^^^^^

error: cannot find macro `datetime` in this scope
   --> tests/integration/offset_date_time.rs:516:9
    |
516 |         datetime!(2019-12-31 23:59:59 UTC)
    |         ^^^^^^^^

error: cannot find macro `datetime` in this scope
   --> tests/integration/offset_date_time.rs:522:34
    |
522 |     let mut new_years_day_2019 = datetime!(2019-01-01 0:00 UTC);
    |                                  ^^^^^^^^

error: cannot find macro `datetime` in this scope
   --> tests/integration/offset_date_time.rs:524:36
    |
524 |     assert_eq!(new_years_day_2019, datetime!(2019-01-06 0:00 UTC));
    |                                    ^^^^^^^^

error: cannot find macro `datetime` in this scope
   --> tests/integration/offset_date_time.rs:526:39
    |
526 |     let mut new_years_eve_2020_days = datetime!(2019-12-31 0:00 UTC);
    |                                       ^^^^^^^^

error: cannot find macro `datetime` in this scope
   --> tests/integration/offset_date_time.rs:528:41
    |
528 |     assert_eq!(new_years_eve_2020_days, datetime!(2020-01-01 0:00 UTC));
    |                                         ^^^^^^^^

error: cannot find macro `datetime` in this scope
   --> tests/integration/offset_date_time.rs:530:42
    |
530 |     let mut new_years_eve_2020_seconds = datetime!(2019-12-31 23:59:59 UTC);
    |                                          ^^^^^^^^

error: cannot find macro `datetime` in this scope
   --> tests/integration/offset_date_time.rs:534:9
    |
534 |         datetime!(2020-01-01 0:00:01 UTC)
    |         ^^^^^^^^

error: cannot find macro `datetime` in this scope
   --> tests/integration/offset_date_time.rs:541:9
    |
541 |         datetime!(2019-01-06 0:00 UTC) - 5.days(),
    |         ^^^^^^^^

error: cannot find macro `datetime` in this scope
   --> tests/integration/offset_date_time.rs:542:9
    |
542 |         datetime!(2019-01-01 0:00 UTC),
    |         ^^^^^^^^

error: cannot find macro `datetime` in this scope
   --> tests/integration/offset_date_time.rs:545:9
    |
545 |         datetime!(2020-01-01 0:00 UTC) - 1.days(),
    |         ^^^^^^^^

error: cannot find macro `datetime` in this scope
   --> tests/integration/offset_date_time.rs:546:9
    |
546 |         datetime!(2019-12-31 0:00 UTC),
    |         ^^^^^^^^

error: cannot find macro `datetime` in this scope
   --> tests/integration/offset_date_time.rs:549:9
    |
549 |         datetime!(2020-01-01 0:00:01 UTC) - 2.seconds(),
    |         ^^^^^^^^

error: cannot find macro `datetime` in this scope
   --> tests/integration/offset_date_time.rs:550:9
    |
550 |         datetime!(2019-12-31 23:59:59 UTC),
    |         ^^^^^^^^

error: cannot find macro `datetime` in this scope
   --> tests/integration/offset_date_time.rs:553:9
    |
553 |         datetime!(2019-12-31 23:59:59 UTC) - (-2).seconds(),
    |         ^^^^^^^^

error: cannot find macro `datetime` in this scope
   --> tests/integration/offset_date_time.rs:554:9
    |
554 |         datetime!(2020-01-01 0:00:01 UTC),
    |         ^^^^^^^^

error: cannot find macro `datetime` in this scope
   --> tests/integration/offset_date_time.rs:557:9
    |
557 |         datetime!(1999-12-31 23:00 UTC) - (-1).hours(),
    |         ^^^^^^^^

error: cannot find macro `datetime` in this scope
   --> tests/integration/offset_date_time.rs:558:9
    |
558 |         datetime!(2000-01-01 0:00 UTC),
    |         ^^^^^^^^

error: cannot find macro `datetime` in this scope
   --> tests/integration/offset_date_time.rs:565:9
    |
565 |         datetime!(2019-01-06 0:00 UTC) - 5.std_days(),
    |         ^^^^^^^^

error: cannot find macro `datetime` in this scope
   --> tests/integration/offset_date_time.rs:566:9
    |
566 |         datetime!(2019-01-01 0:00 UTC),
    |         ^^^^^^^^

error: cannot find macro `datetime` in this scope
   --> tests/integration/offset_date_time.rs:569:9
    |
569 |         datetime!(2020-01-01 0:00 UTC) - 1.std_days(),
    |         ^^^^^^^^

error: cannot find macro `datetime` in this scope
   --> tests/integration/offset_date_time.rs:570:9
    |
570 |         datetime!(2019-12-31 0:00 UTC),
    |         ^^^^^^^^

error: cannot find macro `datetime` in this scope
   --> tests/integration/offset_date_time.rs:573:9
    |
573 |         datetime!(2020-01-01 0:00:01 UTC) - 2.std_seconds(),
    |         ^^^^^^^^

error: cannot find macro `datetime` in this scope
   --> tests/integration/offset_date_time.rs:574:9
    |
574 |         datetime!(2019-12-31 23:59:59 UTC),
    |         ^^^^^^^^

error: cannot find macro `datetime` in this scope
   --> tests/integration/offset_date_time.rs:580:34
    |
580 |     let mut new_years_day_2019 = datetime!(2019-01-06 0:00 UTC);
    |                                  ^^^^^^^^

error: cannot find macro `datetime` in this scope
   --> tests/integration/offset_date_time.rs:582:36
    |
582 |     assert_eq!(new_years_day_2019, datetime!(2019-01-01 0:00 UTC));
    |                                    ^^^^^^^^

error: cannot find macro `datetime` in this scope
   --> tests/integration/offset_date_time.rs:584:39
    |
584 |     let mut new_years_day_2020_days = datetime!(2020-01-01 0:00 UTC);
    |                                       ^^^^^^^^

error: cannot find macro `datetime` in this scope
   --> tests/integration/offset_date_time.rs:586:41
    |
586 |     assert_eq!(new_years_day_2020_days, datetime!(2019-12-31 0:00 UTC));
    |                                         ^^^^^^^^

error: cannot find macro `datetime` in this scope
   --> tests/integration/offset_date_time.rs:588:42
    |
588 |     let mut new_years_day_2020_seconds = datetime!(2020-01-01 0:00:01 UTC);
    |                                          ^^^^^^^^

error: cannot find macro `datetime` in this scope
   --> tests/integration/offset_date_time.rs:592:9
    |
592 |         datetime!(2019-12-31 23:59:59 UTC)
    |         ^^^^^^^^

error: cannot find macro `datetime` in this scope
   --> tests/integration/offset_date_time.rs:595:42
    |
595 |     let mut new_years_eve_2020_seconds = datetime!(2019-12-31 23:59:59 UTC);
    |                                          ^^^^^^^^

error: cannot find macro `datetime` in this scope
   --> tests/integration/offset_date_time.rs:599:9
    |
599 |         datetime!(2020-01-01 0:00:01 UTC)
    |         ^^^^^^^^

error: cannot find macro `datetime` in this scope
   --> tests/integration/offset_date_time.rs:605:20
    |
605 |     let mut ny19 = datetime!(2019-01-06 0:00 UTC);
    |                    ^^^^^^^^

error: cannot find macro `datetime` in this scope
   --> tests/integration/offset_date_time.rs:607:22
    |
607 |     assert_eq!(ny19, datetime!(2019-01-01 0:00 UTC));
    |                      ^^^^^^^^

error: cannot find macro `datetime` in this scope
   --> tests/integration/offset_date_time.rs:609:20
    |
609 |     let mut ny20 = datetime!(2020-01-01 0:00 UTC);
    |                    ^^^^^^^^

error: cannot find macro `datetime` in this scope
   --> tests/integration/offset_date_time.rs:611:22
    |
611 |     assert_eq!(ny20, datetime!(2019-12-31 0:00 UTC));
    |                      ^^^^^^^^

error: cannot find macro `datetime` in this scope
   --> tests/integration/offset_date_time.rs:613:21
    |
613 |     let mut ny20t = datetime!(2020-01-01 0:00:01 UTC);
    |                     ^^^^^^^^

error: cannot find macro `datetime` in this scope
   --> tests/integration/offset_date_time.rs:615:23
    |
615 |     assert_eq!(ny20t, datetime!(2019-12-31 23:59:59 UTC));
    |                       ^^^^^^^^

error: cannot find macro `datetime` in this scope
   --> tests/integration/offset_date_time.rs:621:26
    |
621 |         SystemTime::from(datetime!(2019-01-01 0:00 UTC)) + 0.seconds(),
    |                          ^^^^^^^^

error: cannot find macro `datetime` in this scope
   --> tests/integration/offset_date_time.rs:622:26
    |
622 |         SystemTime::from(datetime!(2019-01-01 0:00 UTC)),
    |                          ^^^^^^^^

error: cannot find macro `datetime` in this scope
   --> tests/integration/offset_date_time.rs:625:26
    |
625 |         SystemTime::from(datetime!(2019-01-01 0:00 UTC)) + 5.days(),
    |                          ^^^^^^^^

error: cannot find macro `datetime` in this scope
   --> tests/integration/offset_date_time.rs:626:26
    |
626 |         SystemTime::from(datetime!(2019-01-06 0:00 UTC)),
    |                          ^^^^^^^^

error: cannot find macro `datetime` in this scope
   --> tests/integration/offset_date_time.rs:629:26
    |
629 |         SystemTime::from(datetime!(2019-12-31 0:00 UTC)) + 1.days(),
    |                          ^^^^^^^^

error: cannot find macro `datetime` in this scope
   --> tests/integration/offset_date_time.rs:630:26
    |
630 |         SystemTime::from(datetime!(2020-01-01 0:00 UTC)),
    |                          ^^^^^^^^

error: cannot find macro `datetime` in this scope
   --> tests/integration/offset_date_time.rs:633:26
    |
633 |         SystemTime::from(datetime!(2019-12-31 23:59:59 UTC)) + 2.seconds(),
    |                          ^^^^^^^^

error: cannot find macro `datetime` in this scope
   --> tests/integration/offset_date_time.rs:634:26
    |
634 |         SystemTime::from(datetime!(2020-01-01 0:00:01 UTC)),
    |                          ^^^^^^^^

error: cannot find macro `datetime` in this scope
   --> tests/integration/offset_date_time.rs:637:26
    |
637 |         SystemTime::from(datetime!(2020-01-01 0:00:01 UTC)) + (-2).seconds(),
    |                          ^^^^^^^^

error: cannot find macro `datetime` in this scope
   --> tests/integration/offset_date_time.rs:638:26
    |
638 |         SystemTime::from(datetime!(2019-12-31 23:59:59 UTC)),
    |                          ^^^^^^^^

error: cannot find macro `datetime` in this scope
   --> tests/integration/offset_date_time.rs:644:51
    |
644 |     let mut new_years_day_2019 = SystemTime::from(datetime!(2019-01-01 0:00 UTC));
    |                                                   ^^^^^^^^

error: cannot find macro `datetime` in this scope
   --> tests/integration/offset_date_time.rs:646:36
    |
646 |     assert_eq!(new_years_day_2019, datetime!(2019-01-06 0:00 UTC));
    |                                    ^^^^^^^^

error: cannot find macro `datetime` in this scope
   --> tests/integration/offset_date_time.rs:648:56
    |
648 |     let mut new_years_eve_2020_days = SystemTime::from(datetime!(2019-12-31 0:00 UTC));
    |                                                        ^^^^^^^^

error: cannot find macro `datetime` in this scope
   --> tests/integration/offset_date_time.rs:650:41
    |
650 |     assert_eq!(new_years_eve_2020_days, datetime!(2020-01-01 0:00 UTC));
    |                                         ^^^^^^^^

error: cannot find macro `datetime` in this scope
   --> tests/integration/offset_date_time.rs:652:59
    |
652 |     let mut new_years_eve_2020_seconds = SystemTime::from(datetime!(2019-12-31 23:59:59 UTC));
    |                                                           ^^^^^^^^

error: cannot find macro `datetime` in this scope
   --> tests/integration/offset_date_time.rs:656:9
    |
656 |         datetime!(2020-01-01 0:00:01 UTC)
    |         ^^^^^^^^

error: cannot find macro `datetime` in this scope
   --> tests/integration/offset_date_time.rs:659:59
    |
659 |     let mut new_years_day_2020_seconds = SystemTime::from(datetime!(2020-01-01 0:00:01 UTC));
    |                                                           ^^^^^^^^

error: cannot find macro `datetime` in this scope
   --> tests/integration/offset_date_time.rs:663:9
    |
663 |         datetime!(2019-12-31 23:59:59 UTC)
    |         ^^^^^^^^

error: cannot find macro `datetime` in this scope
   --> tests/integration/offset_date_time.rs:670:26
    |
670 |         SystemTime::from(datetime!(2019-01-06 0:00 UTC)) - 5.days(),
    |                          ^^^^^^^^

error: cannot find macro `datetime` in this scope
   --> tests/integration/offset_date_time.rs:671:26
    |
671 |         SystemTime::from(datetime!(2019-01-01 0:00 UTC)),
    |                          ^^^^^^^^

error: cannot find macro `datetime` in this scope
   --> tests/integration/offset_date_time.rs:674:26
    |
674 |         SystemTime::from(datetime!(2020-01-01 0:00 UTC)) - 1.days(),
    |                          ^^^^^^^^

error: cannot find macro `datetime` in this scope
   --> tests/integration/offset_date_time.rs:675:26
    |
675 |         SystemTime::from(datetime!(2019-12-31 0:00 UTC)),
    |                          ^^^^^^^^

error: cannot find macro `datetime` in this scope
   --> tests/integration/offset_date_time.rs:678:26
    |
678 |         SystemTime::from(datetime!(2020-01-01 0:00:01 UTC)) - 2.seconds(),
    |                          ^^^^^^^^

error: cannot find macro `datetime` in this scope
   --> tests/integration/offset_date_time.rs:679:26
    |
679 |         SystemTime::from(datetime!(2019-12-31 23:59:59 UTC)),
    |                          ^^^^^^^^

error: cannot find macro `datetime` in this scope
   --> tests/integration/offset_date_time.rs:682:26
    |
682 |         SystemTime::from(datetime!(2019-12-31 23:59:59 UTC)) - (-2).seconds(),
    |                          ^^^^^^^^

error: cannot find macro `datetime` in this scope
   --> tests/integration/offset_date_time.rs:683:26
    |
683 |         SystemTime::from(datetime!(2020-01-01 0:00:01 UTC)),
    |                          ^^^^^^^^

error: cannot find macro `datetime` in this scope
   --> tests/integration/offset_date_time.rs:689:51
    |
689 |     let mut new_years_day_2019 = SystemTime::from(datetime!(2019-01-06 0:00 UTC));
    |                                                   ^^^^^^^^

error: cannot find macro `datetime` in this scope
   --> tests/integration/offset_date_time.rs:691:36
    |
691 |     assert_eq!(new_years_day_2019, datetime!(2019-01-01 0:00 UTC));
    |                                    ^^^^^^^^

error: cannot find macro `datetime` in this scope
   --> tests/integration/offset_date_time.rs:693:51
    |
693 |     let mut new_years_day_2020 = SystemTime::from(datetime!(2020-01-01 0:00 UTC));
    |                                                   ^^^^^^^^

error: cannot find macro `datetime` in this scope
   --> tests/integration/offset_date_time.rs:695:36
    |
695 |     assert_eq!(new_years_day_2020, datetime!(2019-12-31 0:00 UTC));
    |                                    ^^^^^^^^

error: cannot find macro `datetime` in this scope
   --> tests/integration/offset_date_time.rs:697:59
    |
697 |     let mut new_years_day_2020_seconds = SystemTime::from(datetime!(2020-01-01 0:00:01 UTC));
    |                                                           ^^^^^^^^

error: cannot find macro `datetime` in this scope
   --> tests/integration/offset_date_time.rs:701:9
    |
701 |         datetime!(2019-12-31 23:59:59 UTC)
    |         ^^^^^^^^

error: cannot find macro `datetime` in this scope
   --> tests/integration/offset_date_time.rs:704:59
    |
704 |     let mut new_years_eve_2020_seconds = SystemTime::from(datetime!(2019-12-31 23:59:59 UTC));
    |                                                           ^^^^^^^^

error: cannot find macro `datetime` in this scope
   --> tests/integration/offset_date_time.rs:708:9
    |
708 |         datetime!(2020-01-01 0:00:01 UTC)
    |         ^^^^^^^^

error: cannot find macro `datetime` in this scope
   --> tests/integration/offset_date_time.rs:715:9
    |
715 |         datetime!(2019-01-02 0:00 UTC) - datetime!(2019-01-01 0:00 UTC),
    |         ^^^^^^^^

error: cannot find macro `datetime` in this scope
   --> tests/integration/offset_date_time.rs:715:42
    |
715 |         datetime!(2019-01-02 0:00 UTC) - datetime!(2019-01-01 0:00 UTC),
    |                                          ^^^^^^^^

error: cannot find macro `datetime` in this scope
   --> tests/integration/offset_date_time.rs:719:9
    |
719 |         datetime!(2019-01-01 0:00 UTC) - datetime!(2019-01-02 0:00 UTC),
    |         ^^^^^^^^

error: cannot find macro `datetime` in this scope
   --> tests/integration/offset_date_time.rs:719:42
    |
719 |         datetime!(2019-01-01 0:00 UTC) - datetime!(2019-01-02 0:00 UTC),
    |                                          ^^^^^^^^

error: cannot find macro `datetime` in this scope
   --> tests/integration/offset_date_time.rs:723:9
    |
723 |         datetime!(2020-01-01 0:00 UTC) - datetime!(2019-12-31 0:00 UTC),
    |         ^^^^^^^^

error: cannot find macro `datetime` in this scope
   --> tests/integration/offset_date_time.rs:723:42
    |
723 |         datetime!(2020-01-01 0:00 UTC) - datetime!(2019-12-31 0:00 UTC),
    |                                          ^^^^^^^^

error: cannot find macro `datetime` in this scope
   --> tests/integration/offset_date_time.rs:727:9
    |
727 |         datetime!(2019-12-31 0:00 UTC) - datetime!(2020-01-01 0:00 UTC),
    |         ^^^^^^^^

error: cannot find macro `datetime` in this scope
   --> tests/integration/offset_date_time.rs:727:42
    |
727 |         datetime!(2019-12-31 0:00 UTC) - datetime!(2020-01-01 0:00 UTC),
    |                                          ^^^^^^^^

error: cannot find macro `datetime` in this scope
   --> tests/integration/offset_date_time.rs:735:26
    |
735 |         SystemTime::from(datetime!(2019-01-02 0:00 UTC)) - datetime!(2019-01-01 0:00 UTC),
    |                          ^^^^^^^^

error: cannot find macro `datetime` in this scope
   --> tests/integration/offset_date_time.rs:735:60
    |
735 |         SystemTime::from(datetime!(2019-01-02 0:00 UTC)) - datetime!(2019-01-01 0:00 UTC),
    |                                                            ^^^^^^^^

error: cannot find macro `datetime` in this scope
   --> tests/integration/offset_date_time.rs:739:26
    |
739 |         SystemTime::from(datetime!(2019-01-01 0:00 UTC)) - datetime!(2019-01-02 0:00 UTC),
    |                          ^^^^^^^^

error: cannot find macro `datetime` in this scope
   --> tests/integration/offset_date_time.rs:739:60
    |
739 |         SystemTime::from(datetime!(2019-01-01 0:00 UTC)) - datetime!(2019-01-02 0:00 UTC),
    |                                                            ^^^^^^^^

error: cannot find macro `datetime` in this scope
   --> tests/integration/offset_date_time.rs:743:26
    |
743 |         SystemTime::from(datetime!(2020-01-01 0:00 UTC)) - datetime!(2019-12-31 0:00 UTC),
    |                          ^^^^^^^^

error: cannot find macro `datetime` in this scope
   --> tests/integration/offset_date_time.rs:743:60
    |
743 |         SystemTime::from(datetime!(2020-01-01 0:00 UTC)) - datetime!(2019-12-31 0:00 UTC),
    |                                                            ^^^^^^^^

error: cannot find macro `datetime` in this scope
   --> tests/integration/offset_date_time.rs:747:26
    |
747 |         SystemTime::from(datetime!(2019-12-31 0:00 UTC)) - datetime!(2020-01-01 0:00 UTC),
    |                          ^^^^^^^^

error: cannot find macro `datetime` in this scope
   --> tests/integration/offset_date_time.rs:747:60
    |
747 |         SystemTime::from(datetime!(2019-12-31 0:00 UTC)) - datetime!(2020-01-01 0:00 UTC),
    |                                                            ^^^^^^^^

error: cannot find macro `datetime` in this scope
   --> tests/integration/offset_date_time.rs:755:9
    |
755 |         datetime!(2019-01-02 0:00 UTC) - SystemTime::from(datetime!(2019-01-01 0:00 UTC)),
    |         ^^^^^^^^

error: cannot find macro `datetime` in this scope
   --> tests/integration/offset_date_time.rs:755:59
    |
755 |         datetime!(2019-01-02 0:00 UTC) - SystemTime::from(datetime!(2019-01-01 0:00 UTC)),
    |                                                           ^^^^^^^^

error: cannot find macro `datetime` in this scope
   --> tests/integration/offset_date_time.rs:759:9
    |
759 |         datetime!(2019-01-01 0:00 UTC) - SystemTime::from(datetime!(2019-01-02 0:00 UTC)),
    |         ^^^^^^^^

error: cannot find macro `datetime` in this scope
   --> tests/integration/offset_date_time.rs:759:59
    |
759 |         datetime!(2019-01-01 0:00 UTC) - SystemTime::from(datetime!(2019-01-02 0:00 UTC)),
    |                                                           ^^^^^^^^

error: cannot find macro `datetime` in this scope
   --> tests/integration/offset_date_time.rs:763:9
    |
763 |         datetime!(2020-01-01 0:00 UTC) - SystemTime::from(datetime!(2019-12-31 0:00 UTC)),
    |         ^^^^^^^^

error: cannot find macro `datetime` in this scope
   --> tests/integration/offset_date_time.rs:763:59
    |
763 |         datetime!(2020-01-01 0:00 UTC) - SystemTime::from(datetime!(2019-12-31 0:00 UTC)),
    |                                                           ^^^^^^^^

error: cannot find macro `datetime` in this scope
   --> tests/integration/offset_date_time.rs:767:9
    |
767 |         datetime!(2019-12-31 0:00 UTC) - SystemTime::from(datetime!(2020-01-01 0:00 UTC)),
    |         ^^^^^^^^

error: cannot find macro `datetime` in this scope
   --> tests/integration/offset_date_time.rs:767:59
    |
767 |         datetime!(2019-12-31 0:00 UTC) - SystemTime::from(datetime!(2020-01-01 0:00 UTC)),
    |                                                           ^^^^^^^^

error: cannot find macro `datetime` in this scope
   --> tests/integration/offset_date_time.rs:789:9
    |
789 |         datetime!(2019-01-01 0:00 UTC),
    |         ^^^^^^^^

error: cannot find macro `datetime` in this scope
   --> tests/integration/offset_date_time.rs:790:26
    |
790 |         SystemTime::from(datetime!(2019-01-01 0:00 UTC))
    |                          ^^^^^^^^

error: cannot find macro `datetime` in this scope
   --> tests/integration/offset_date_time.rs:792:13
    |
792 |     assert!(datetime!(2019-01-01 0:00 UTC) < SystemTime::from(datetime!(2020-01-01 0:00 UTC)));
    |             ^^^^^^^^

error: cannot find macro `datetime` in this scope
   --> tests/integration/offset_date_time.rs:792:63
    |
792 |     assert!(datetime!(2019-01-01 0:00 UTC) < SystemTime::from(datetime!(2020-01-01 0:00 UTC)));
    |                                                               ^^^^^^^^

error: cannot find macro `datetime` in this scope
   --> tests/integration/offset_date_time.rs:793:13
    |
793 |     assert!(datetime!(2019-01-01 0:00 UTC) < SystemTime::from(datetime!(2019-02-01 0:00 UTC)));
    |             ^^^^^^^^

error: cannot find macro `datetime` in this scope
   --> tests/integration/offset_date_time.rs:793:63
    |
793 |     assert!(datetime!(2019-01-01 0:00 UTC) < SystemTime::from(datetime!(2019-02-01 0:00 UTC)));
    |                                                               ^^^^^^^^

error: cannot find macro `datetime` in this scope
   --> tests/integration/offset_date_time.rs:794:13
    |
794 |     assert!(datetime!(2019-01-01 0:00 UTC) < SystemTime::from(datetime!(2019-01-02 0:00 UTC)));
    |             ^^^^^^^^

error: cannot find macro `datetime` in this scope
   --> tests/integration/offset_date_time.rs:794:63
    |
794 |     assert!(datetime!(2019-01-01 0:00 UTC) < SystemTime::from(datetime!(2019-01-02 0:00 UTC)));
    |                                                               ^^^^^^^^

error: cannot find macro `datetime` in this scope
   --> tests/integration/offset_date_time.rs:795:13
    |
795 |     assert!(datetime!(2019-01-01 0:00 UTC) < SystemTime::from(datetime!(2019-01-01 1:00:00 UTC)));
    |             ^^^^^^^^

error: cannot find macro `datetime` in this scope
   --> tests/integration/offset_date_time.rs:795:63
    |
795 |     assert!(datetime!(2019-01-01 0:00 UTC) < SystemTime::from(datetime!(2019-01-01 1:00:00 UTC)));
    |                                                               ^^^^^^^^

error: cannot find macro `datetime` in this scope
   --> tests/integration/offset_date_time.rs:796:13
    |
796 |     assert!(datetime!(2019-01-01 0:00 UTC) < SystemTime::from(datetime!(2019-01-01 0:01:00 UTC)));
    |             ^^^^^^^^

error: cannot find macro `datetime` in this scope
   --> tests/integration/offset_date_time.rs:796:63
    |
796 |     assert!(datetime!(2019-01-01 0:00 UTC) < SystemTime::from(datetime!(2019-01-01 0:01:00 UTC)));
    |                                                               ^^^^^^^^

error: cannot find macro `datetime` in this scope
   --> tests/integration/offset_date_time.rs:797:13
    |
797 |     assert!(datetime!(2019-01-01 0:00 UTC) < SystemTime::from(datetime!(2019-01-01 0:00:01 UTC)));
    |             ^^^^^^^^

error: cannot find macro `datetime` in this scope
   --> tests/integration/offset_date_time.rs:797:63
    |
797 |     assert!(datetime!(2019-01-01 0:00 UTC) < SystemTime::from(datetime!(2019-01-01 0:00:01 UTC)));
    |                                                               ^^^^^^^^

error: cannot find macro `datetime` in this scope
   --> tests/integration/offset_date_time.rs:799:9
    |
799 |         datetime!(2019-01-01 0:00 UTC) < SystemTime::from(datetime!(2019-01-01 0:00:00.001 UTC))
    |         ^^^^^^^^

error: cannot find macro `datetime` in this scope
   --> tests/integration/offset_date_time.rs:799:59
    |
799 |         datetime!(2019-01-01 0:00 UTC) < SystemTime::from(datetime!(2019-01-01 0:00:00.001 UTC))
    |                                                           ^^^^^^^^

error: cannot find macro `datetime` in this scope
   --> tests/integration/offset_date_time.rs:801:13
    |
801 |     assert!(datetime!(2020-01-01 0:00 UTC) > SystemTime::from(datetime!(2019-01-01 0:00 UTC)));
    |             ^^^^^^^^

error: cannot find macro `datetime` in this scope
   --> tests/integration/offset_date_time.rs:801:63
    |
801 |     assert!(datetime!(2020-01-01 0:00 UTC) > SystemTime::from(datetime!(2019-01-01 0:00 UTC)));
    |                                                               ^^^^^^^^

error: cannot find macro `datetime` in this scope
   --> tests/integration/offset_date_time.rs:802:13
    |
802 |     assert!(datetime!(2019-02-01 0:00 UTC) > SystemTime::from(datetime!(2019-01-01 0:00 UTC)));
    |             ^^^^^^^^

error: cannot find macro `datetime` in this scope
   --> tests/integration/offset_date_time.rs:802:63
    |
802 |     assert!(datetime!(2019-02-01 0:00 UTC) > SystemTime::from(datetime!(2019-01-01 0:00 UTC)));
    |                                                               ^^^^^^^^

error: cannot find macro `datetime` in this scope
   --> tests/integration/offset_date_time.rs:803:13
    |
803 |     assert!(datetime!(2019-01-02 0:00 UTC) > SystemTime::from(datetime!(2019-01-01 0:00 UTC)));
    |             ^^^^^^^^

error: cannot find macro `datetime` in this scope
   --> tests/integration/offset_date_time.rs:803:63
    |
803 |     assert!(datetime!(2019-01-02 0:00 UTC) > SystemTime::from(datetime!(2019-01-01 0:00 UTC)));
    |                                                               ^^^^^^^^

error: cannot find macro `datetime` in this scope
   --> tests/integration/offset_date_time.rs:804:13
    |
804 |     assert!(datetime!(2019-01-01 1:00:00 UTC) > SystemTime::from(datetime!(2019-01-01 0:00 UTC)));
    |             ^^^^^^^^

error: cannot find macro `datetime` in this scope
   --> tests/integration/offset_date_time.rs:804:66
    |
804 |     assert!(datetime!(2019-01-01 1:00:00 UTC) > SystemTime::from(datetime!(2019-01-01 0:00 UTC)));
    |                                                                  ^^^^^^^^

error: cannot find macro `datetime` in this scope
   --> tests/integration/offset_date_time.rs:805:13
    |
805 |     assert!(datetime!(2019-01-01 0:01:00 UTC) > SystemTime::from(datetime!(2019-01-01 0:00 UTC)));
    |             ^^^^^^^^

error: cannot find macro `datetime` in this scope
   --> tests/integration/offset_date_time.rs:805:66
    |
805 |     assert!(datetime!(2019-01-01 0:01:00 UTC) > SystemTime::from(datetime!(2019-01-01 0:00 UTC)));
    |                                                                  ^^^^^^^^

error: cannot find macro `datetime` in this scope
   --> tests/integration/offset_date_time.rs:806:13
    |
806 |     assert!(datetime!(2019-01-01 0:00:01 UTC) > SystemTime::from(datetime!(2019-01-01 0:00 UTC)));
    |             ^^^^^^^^

error: cannot find macro `datetime` in this scope
   --> tests/integration/offset_date_time.rs:806:66
    |
806 |     assert!(datetime!(2019-01-01 0:00:01 UTC) > SystemTime::from(datetime!(2019-01-01 0:00 UTC)));
    |                                                                  ^^^^^^^^

error: cannot find macro `datetime` in this scope
   --> tests/integration/offset_date_time.rs:808:9
    |
808 |         datetime!(2019-01-01 0:00:00.000_000_001 UTC)
    |         ^^^^^^^^

error: cannot find macro `datetime` in this scope
   --> tests/integration/offset_date_time.rs:809:32
    |
809 |             > SystemTime::from(datetime!(2019-01-01 0:00 UTC))
    |                                ^^^^^^^^

error: cannot find macro `datetime` in this scope
   --> tests/integration/offset_date_time.rs:816:26
    |
816 |         SystemTime::from(datetime!(2019-01-01 0:00 UTC)),
    |                          ^^^^^^^^

error: cannot find macro `datetime` in this scope
   --> tests/integration/offset_date_time.rs:817:9
    |
817 |         datetime!(2019-01-01 0:00 UTC)
    |         ^^^^^^^^

error: cannot find macro `datetime` in this scope
   --> tests/integration/offset_date_time.rs:819:30
    |
819 |     assert!(SystemTime::from(datetime!(2019-01-01 0:00 UTC)) < datetime!(2020-01-01 0:00 UTC));
    |                              ^^^^^^^^

error: cannot find macro `datetime` in this scope
   --> tests/integration/offset_date_time.rs:819:64
    |
819 |     assert!(SystemTime::from(datetime!(2019-01-01 0:00 UTC)) < datetime!(2020-01-01 0:00 UTC));
    |                                                                ^^^^^^^^

error: cannot find macro `datetime` in this scope
   --> tests/integration/offset_date_time.rs:820:30
    |
820 |     assert!(SystemTime::from(datetime!(2019-01-01 0:00 UTC)) < datetime!(2019-02-01 0:00 UTC));
    |                              ^^^^^^^^

error: cannot find macro `datetime` in this scope
   --> tests/integration/offset_date_time.rs:820:64
    |
820 |     assert!(SystemTime::from(datetime!(2019-01-01 0:00 UTC)) < datetime!(2019-02-01 0:00 UTC));
    |                                                                ^^^^^^^^

error: cannot find macro `datetime` in this scope
   --> tests/integration/offset_date_time.rs:821:30
    |
821 |     assert!(SystemTime::from(datetime!(2019-01-01 0:00 UTC)) < datetime!(2019-01-02 0:00 UTC));
    |                              ^^^^^^^^

error: cannot find macro `datetime` in this scope
   --> tests/integration/offset_date_time.rs:821:64
    |
821 |     assert!(SystemTime::from(datetime!(2019-01-01 0:00 UTC)) < datetime!(2019-01-02 0:00 UTC));
    |                                                                ^^^^^^^^

error: cannot find macro `datetime` in this scope
   --> tests/integration/offset_date_time.rs:822:30
    |
822 |     assert!(SystemTime::from(datetime!(2019-01-01 0:00 UTC)) < datetime!(2019-01-01 1:00:00 UTC));
    |                              ^^^^^^^^

error: cannot find macro `datetime` in this scope
   --> tests/integration/offset_date_time.rs:822:64
    |
822 |     assert!(SystemTime::from(datetime!(2019-01-01 0:00 UTC)) < datetime!(2019-01-01 1:00:00 UTC));
    |                                                                ^^^^^^^^

error: cannot find macro `datetime` in this scope
   --> tests/integration/offset_date_time.rs:823:30
    |
823 |     assert!(SystemTime::from(datetime!(2019-01-01 0:00 UTC)) < datetime!(2019-01-01 0:01:00 UTC));
    |                              ^^^^^^^^

error: cannot find macro `datetime` in this scope
   --> tests/integration/offset_date_time.rs:823:64
    |
823 |     assert!(SystemTime::from(datetime!(2019-01-01 0:00 UTC)) < datetime!(2019-01-01 0:01:00 UTC));
    |                                                                ^^^^^^^^

error: cannot find macro `datetime` in this scope
   --> tests/integration/offset_date_time.rs:824:30
    |
824 |     assert!(SystemTime::from(datetime!(2019-01-01 0:00 UTC)) < datetime!(2019-01-01 0:00:01 UTC));
    |                              ^^^^^^^^

error: cannot find macro `datetime` in this scope
   --> tests/integration/offset_date_time.rs:824:64
    |
824 |     assert!(SystemTime::from(datetime!(2019-01-01 0:00 UTC)) < datetime!(2019-01-01 0:00:01 UTC));
    |                                                                ^^^^^^^^

error: cannot find macro `datetime` in this scope
   --> tests/integration/offset_date_time.rs:826:26
    |
826 |         SystemTime::from(datetime!(2019-01-01 0:00 UTC))
    |                          ^^^^^^^^

error: cannot find macro `datetime` in this scope
   --> tests/integration/offset_date_time.rs:827:15
    |
827 |             < datetime!(2019-01-01 0:00:00.000_000_001 UTC)
    |               ^^^^^^^^

error: cannot find macro `datetime` in this scope
   --> tests/integration/offset_date_time.rs:829:30
    |
829 |     assert!(SystemTime::from(datetime!(2020-01-01 0:00 UTC)) > datetime!(2019-01-01 0:00 UTC));
    |                              ^^^^^^^^

error: cannot find macro `datetime` in this scope
   --> tests/integration/offset_date_time.rs:829:64
    |
829 |     assert!(SystemTime::from(datetime!(2020-01-01 0:00 UTC)) > datetime!(2019-01-01 0:00 UTC));
    |                                                                ^^^^^^^^

error: cannot find macro `datetime` in this scope
   --> tests/integration/offset_date_time.rs:830:30
    |
830 |     assert!(SystemTime::from(datetime!(2019-02-01 0:00 UTC)) > datetime!(2019-01-01 0:00 UTC));
    |                              ^^^^^^^^

error: cannot find macro `datetime` in this scope
   --> tests/integration/offset_date_time.rs:830:64
    |
830 |     assert!(SystemTime::from(datetime!(2019-02-01 0:00 UTC)) > datetime!(2019-01-01 0:00 UTC));
    |                                                                ^^^^^^^^

error: cannot find macro `datetime` in this scope
   --> tests/integration/offset_date_time.rs:831:30
    |
831 |     assert!(SystemTime::from(datetime!(2019-01-02 0:00 UTC)) > datetime!(2019-01-01 0:00 UTC));
    |                              ^^^^^^^^

error: cannot find macro `datetime` in this scope
   --> tests/integration/offset_date_time.rs:831:64
    |
831 |     assert!(SystemTime::from(datetime!(2019-01-02 0:00 UTC)) > datetime!(2019-01-01 0:00 UTC));
    |                                                                ^^^^^^^^

error: cannot find macro `datetime` in this scope
   --> tests/integration/offset_date_time.rs:832:30
    |
832 |     assert!(SystemTime::from(datetime!(2019-01-01 1:00:00 UTC)) > datetime!(2019-01-01 0:00 UTC));
    |                              ^^^^^^^^

error: cannot find macro `datetime` in this scope
   --> tests/integration/offset_date_time.rs:832:67
    |
832 |     assert!(SystemTime::from(datetime!(2019-01-01 1:00:00 UTC)) > datetime!(2019-01-01 0:00 UTC));
    |                                                                   ^^^^^^^^

error: cannot find macro `datetime` in this scope
   --> tests/integration/offset_date_time.rs:833:30
    |
833 |     assert!(SystemTime::from(datetime!(2019-01-01 0:01:00 UTC)) > datetime!(2019-01-01 0:00 UTC));
    |                              ^^^^^^^^

error: cannot find macro `datetime` in this scope
   --> tests/integration/offset_date_time.rs:833:67
    |
833 |     assert!(SystemTime::from(datetime!(2019-01-01 0:01:00 UTC)) > datetime!(2019-01-01 0:00 UTC));
    |                                                                   ^^^^^^^^

error: cannot find macro `datetime` in this scope
   --> tests/integration/offset_date_time.rs:834:30
    |
834 |     assert!(SystemTime::from(datetime!(2019-01-01 0:00:01 UTC)) > datetime!(2019-01-01 0:00 UTC));
    |                              ^^^^^^^^

error: cannot find macro `datetime` in this scope
   --> tests/integration/offset_date_time.rs:834:67
    |
834 |     assert!(SystemTime::from(datetime!(2019-01-01 0:00:01 UTC)) > datetime!(2019-01-01 0:00 UTC));
    |                                                                   ^^^^^^^^

error: cannot find macro `datetime` in this scope
   --> tests/integration/offset_date_time.rs:836:26
    |
836 |         SystemTime::from(datetime!(2019-01-01 0:00:00.001 UTC)) > datetime!(2019-01-01 0:00 UTC)
    |                          ^^^^^^^^

error: cannot find macro `datetime` in this scope
   --> tests/integration/offset_date_time.rs:836:67
    |
836 |         SystemTime::from(datetime!(2019-01-01 0:00:00.001 UTC)) > datetime!(2019-01-01 0:00 UTC)
    |                                                                   ^^^^^^^^

error: cannot find macro `datetime` in this scope
   --> tests/integration/offset_date_time.rs:876:9
    |
876 |         datetime!(2021 - 10 - 25 14:01:53.45 UTC).checked_add(5.nanoseconds()),
    |         ^^^^^^^^

error: cannot find macro `datetime` in this scope
   --> tests/integration/offset_date_time.rs:877:14
    |
877 |         Some(datetime!(2021 - 10 - 25 14:01:53.450_000_005 UTC))
    |              ^^^^^^^^

error: cannot find macro `datetime` in this scope
   --> tests/integration/offset_date_time.rs:880:9
    |
880 |         datetime!(2021 - 10 - 25 14:01:53.45 UTC).checked_add(4.seconds()),
    |         ^^^^^^^^

error: cannot find macro `datetime` in this scope
   --> tests/integration/offset_date_time.rs:881:14
    |
881 |         Some(datetime!(2021 - 10 - 25 14:01:57.45 UTC))
    |              ^^^^^^^^

error: cannot find macro `datetime` in this scope
   --> tests/integration/offset_date_time.rs:884:9
    |
884 |         datetime!(2021 - 10 - 25 14:01:53.45 UTC).checked_add(2.days()),
    |         ^^^^^^^^

error: cannot find macro `datetime` in this scope
   --> tests/integration/offset_date_time.rs:885:14
    |
885 |         Some(datetime!(2021 - 10 - 27 14:01:53.45 UTC))
    |              ^^^^^^^^

error: cannot find macro `datetime` in this scope
   --> tests/integration/offset_date_time.rs:888:9
    |
888 |         datetime!(2021 - 10 - 25 14:01:53.45 UTC).checked_add(1.weeks()),
    |         ^^^^^^^^

error: cannot find macro `datetime` in this scope
   --> tests/integration/offset_date_time.rs:889:14
    |
889 |         Some(datetime!(2021 - 11 - 01 14:01:53.45 UTC))
    |              ^^^^^^^^

error: cannot find macro `datetime` in this scope
   --> tests/integration/offset_date_time.rs:892:9
    |
892 |         datetime!(2021 - 10 - 25 14:01:53.45 UTC).checked_add((-5).nanoseconds()),
    |         ^^^^^^^^

error: cannot find macro `datetime` in this scope
   --> tests/integration/offset_date_time.rs:893:14
    |
893 |         Some(datetime!(2021 - 10 - 25 14:01:53.449_999_995 UTC))
    |              ^^^^^^^^

error: cannot find macro `datetime` in this scope
   --> tests/integration/offset_date_time.rs:896:9
    |
896 |         datetime!(2021 - 10 - 25 14:01:53.45 UTC).checked_add((-4).seconds()),
    |         ^^^^^^^^

error: cannot find macro `datetime` in this scope
   --> tests/integration/offset_date_time.rs:897:14
    |
897 |         Some(datetime!(2021 - 10 - 25 14:01:49.45 UTC))
    |              ^^^^^^^^

error: cannot find macro `datetime` in this scope
   --> tests/integration/offset_date_time.rs:900:9
    |
900 |         datetime!(2021 - 10 - 25 14:01:53.45 UTC).checked_add((-2).days()),
    |         ^^^^^^^^

error: cannot find macro `datetime` in this scope
   --> tests/integration/offset_date_time.rs:901:14
    |
901 |         Some(datetime!(2021 - 10 - 23 14:01:53.45 UTC))
    |              ^^^^^^^^

error: cannot find macro `datetime` in this scope
   --> tests/integration/offset_date_time.rs:904:9
    |
904 |         datetime!(2021 - 10 - 25 14:01:53.45 UTC).checked_add((-1).weeks()),
    |         ^^^^^^^^

error: cannot find macro `datetime` in this scope
   --> tests/integration/offset_date_time.rs:905:14
    |
905 |         Some(datetime!(2021 - 10 - 18 14:01:53.45 UTC))
    |              ^^^^^^^^

error: cannot find macro `datetime` in this scope
   --> tests/integration/offset_date_time.rs:910:9
    |
910 |         datetime!(-999_999 - 01 - 01 0:00 UTC).checked_add((-1).nanoseconds()),
    |         ^^^^^^^^

error: cannot find macro `datetime` in this scope
   --> tests/integration/offset_date_time.rs:914:9
    |
914 |         datetime!(-999_999 - 01 - 01 0:00 UTC).checked_add(Duration::MIN),
    |         ^^^^^^^^

error: cannot find macro `datetime` in this scope
   --> tests/integration/offset_date_time.rs:918:9
    |
918 |         datetime!(-999_990 - 01 - 01 0:00 UTC).checked_add((-530).weeks()),
    |         ^^^^^^^^

error: cannot find macro `datetime` in this scope
   --> tests/integration/offset_date_time.rs:924:9
    |
924 |         datetime!(+999_999 - 12 - 31 23:59:59.999_999_999 UTC).checked_add(1.nanoseconds()),
    |         ^^^^^^^^

error: cannot find macro `datetime` in this scope
   --> tests/integration/offset_date_time.rs:928:9
    |
928 |         datetime!(+999_999 - 12 - 31 23:59:59.999_999_999 UTC).checked_add(Duration::MAX),
    |         ^^^^^^^^

error: cannot find macro `datetime` in this scope
   --> tests/integration/offset_date_time.rs:932:9
    |
932 |         datetime!(+999_990 - 12 - 31 23:59:59.999_999_999 UTC).checked_add(530.weeks()),
    |         ^^^^^^^^

error: cannot find macro `datetime` in this scope
   --> tests/integration/offset_date_time.rs:938:9
    |
938 |         datetime!(+999_999 - 12 - 31 23:59:59.999_999_999 -10:00).checked_add(Duration::ZERO),
    |         ^^^^^^^^

error: cannot find macro `datetime` in this scope
   --> tests/integration/offset_date_time.rs:939:14
    |
939 |         Some(datetime!(+999_999 - 12 - 31 23:59:59.999_999_999 -10:00))
    |              ^^^^^^^^

error: cannot find macro `datetime` in this scope
   --> tests/integration/offset_date_time.rs:942:9
    |
942 |         datetime!(-999_999 - 01 - 01 0:00 +10:00).checked_add(Duration::ZERO),
    |         ^^^^^^^^

error: cannot find macro `datetime` in this scope
   --> tests/integration/offset_date_time.rs:943:14
    |
943 |         Some(datetime!(-999_999 - 01 - 01 0:00 +10:00))
    |              ^^^^^^^^

error: cannot find macro `datetime` in this scope
   --> tests/integration/offset_date_time.rs:951:9
    |
951 |         datetime!(2021 - 10 - 25 14:01:53.45 UTC).checked_sub((-5).nanoseconds()),
    |         ^^^^^^^^

error: cannot find macro `datetime` in this scope
   --> tests/integration/offset_date_time.rs:952:14
    |
952 |         Some(datetime!(2021 - 10 - 25 14:01:53.450_000_005 UTC))
    |              ^^^^^^^^

error: cannot find macro `datetime` in this scope
   --> tests/integration/offset_date_time.rs:955:9
    |
955 |         datetime!(2021 - 10 - 25 14:01:53.45 UTC).checked_sub((-4).seconds()),
    |         ^^^^^^^^

error: cannot find macro `datetime` in this scope
   --> tests/integration/offset_date_time.rs:956:14
    |
956 |         Some(datetime!(2021 - 10 - 25 14:01:57.45 UTC))
    |              ^^^^^^^^

error: cannot find macro `datetime` in this scope
   --> tests/integration/offset_date_time.rs:959:9
    |
959 |         datetime!(2021 - 10 - 25 14:01:53.45 UTC).checked_sub((-2).days()),
    |         ^^^^^^^^

error: cannot find macro `datetime` in this scope
   --> tests/integration/offset_date_time.rs:960:14
    |
960 |         Some(datetime!(2021 - 10 - 27 14:01:53.45 UTC))
    |              ^^^^^^^^

error: cannot find macro `datetime` in this scope
   --> tests/integration/offset_date_time.rs:963:9
    |
963 |         datetime!(2021 - 10 - 25 14:01:53.45 UTC).checked_sub((-1).weeks()),
    |         ^^^^^^^^

error: cannot find macro `datetime` in this scope
   --> tests/integration/offset_date_time.rs:964:14
    |
964 |         Some(datetime!(2021 - 11 - 01 14:01:53.45 UTC))
    |              ^^^^^^^^

error: cannot find macro `datetime` in this scope
   --> tests/integration/offset_date_time.rs:967:9
    |
967 |         datetime!(2021 - 10 - 25 14:01:53.45 UTC).checked_sub(5.nanoseconds()),
    |         ^^^^^^^^

error: cannot find macro `datetime` in this scope
   --> tests/integration/offset_date_time.rs:968:14
    |
968 |         Some(datetime!(2021 - 10 - 25 14:01:53.449_999_995 UTC))
    |              ^^^^^^^^

error: cannot find macro `datetime` in this scope
   --> tests/integration/offset_date_time.rs:971:9
    |
971 |         datetime!(2021 - 10 - 25 14:01:53.45 UTC).checked_sub(4.seconds()),
    |         ^^^^^^^^

error: cannot find macro `datetime` in this scope
   --> tests/integration/offset_date_time.rs:972:14
    |
972 |         Some(datetime!(2021 - 10 - 25 14:01:49.45 UTC))
    |              ^^^^^^^^

error: cannot find macro `datetime` in this scope
   --> tests/integration/offset_date_time.rs:975:9
    |
975 |         datetime!(2021 - 10 - 25 14:01:53.45 UTC).checked_sub(2.days()),
    |         ^^^^^^^^

error: cannot find macro `datetime` in this scope
   --> tests/integration/offset_date_time.rs:976:14
    |
976 |         Some(datetime!(2021 - 10 - 23 14:01:53.45 UTC))
    |              ^^^^^^^^

error: cannot find macro `datetime` in this scope
   --> tests/integration/offset_date_time.rs:979:9
    |
979 |         datetime!(2021 - 10 - 25 14:01:53.45 UTC).checked_sub(1.weeks()),
    |         ^^^^^^^^

error: cannot find macro `datetime` in this scope
   --> tests/integration/offset_date_time.rs:980:14
    |
980 |         Some(datetime!(2021 - 10 - 18 14:01:53.45 UTC))
    |              ^^^^^^^^

error: cannot find macro `datetime` in this scope
   --> tests/integration/offset_date_time.rs:985:9
    |
985 |         datetime!(-999_999 - 01 - 01 0:00 UTC).checked_sub(1.nanoseconds()),
    |         ^^^^^^^^

error: cannot find macro `datetime` in this scope
   --> tests/integration/offset_date_time.rs:989:9
    |
989 |         datetime!(-999_999 - 01 - 01 0:00 UTC).checked_sub(Duration::MAX),
    |         ^^^^^^^^

error: cannot find macro `datetime` in this scope
   --> tests/integration/offset_date_time.rs:993:9
    |
993 |         datetime!(-999_990 - 01 - 01 0:00 UTC).checked_sub(530.weeks()),
    |         ^^^^^^^^

error: cannot find macro `datetime` in this scope
   --> tests/integration/offset_date_time.rs:999:9
    |
999 |         datetime!(+999_999 - 12 - 31 23:59:59.999_999_999 UTC).checked_sub((-1).nanoseconds()),
    |         ^^^^^^^^

error: cannot find macro `datetime` in this scope
    --> tests/integration/offset_date_time.rs:1003:9
     |
1003 |         datetime!(+999_999 - 12 - 31 23:59:59.999_999_999 UTC).checked_sub(Duration::MIN),
     |         ^^^^^^^^

error: cannot find macro `datetime` in this scope
    --> tests/integration/offset_date_time.rs:1007:9
     |
1007 |         datetime!(+999_990 - 12 - 31 23:59:59.999_999_999 UTC).checked_sub((-530).weeks()),
     |         ^^^^^^^^

error: cannot find macro `datetime` in this scope
    --> tests/integration/offset_date_time.rs:1013:9
     |
1013 |         datetime!(+999_999 - 12 - 31 23:59:59.999_999_999 -10).checked_sub(Duration::ZERO),
     |         ^^^^^^^^

error: cannot find macro `datetime` in this scope
    --> tests/integration/offset_date_time.rs:1014:14
     |
1014 |         Some(datetime!(+999_999 - 12 - 31 23:59:59.999_999_999 -10))
     |              ^^^^^^^^

error: cannot find macro `datetime` in this scope
    --> tests/integration/offset_date_time.rs:1017:9
     |
1017 |         datetime!(-999_999 - 01 - 01 0:00 +10).checked_sub(Duration::ZERO),
     |         ^^^^^^^^

error: cannot find macro `datetime` in this scope
    --> tests/integration/offset_date_time.rs:1018:14
     |
1018 |         Some(datetime!(-999_999 - 01 - 01 0:00 +10))
     |              ^^^^^^^^

error: cannot find macro `datetime` in this scope
    --> tests/integration/offset_date_time.rs:1025:9
     |
1025 |         datetime!(2021 - 11 - 12 17:47 +10).saturating_add(2.days()),
     |         ^^^^^^^^

error: cannot find macro `datetime` in this scope
    --> tests/integration/offset_date_time.rs:1026:9
     |
1026 |         datetime!(2021 - 11 - 14 17:47 +10)
     |         ^^^^^^^^

error: cannot find macro `datetime` in this scope
    --> tests/integration/offset_date_time.rs:1029:9
     |
1029 |         datetime!(2021 - 11 - 12 17:47 +10).saturating_add((-2).days()),
     |         ^^^^^^^^

error: cannot find macro `datetime` in this scope
    --> tests/integration/offset_date_time.rs:1030:9
     |
1030 |         datetime!(2021 - 11 - 10 17:47 +10)
     |         ^^^^^^^^

error: cannot find macro `datetime` in this scope
    --> tests/integration/offset_date_time.rs:1035:9
     |
1035 |         datetime!(-999999 - 01 - 01 0:00 +10).saturating_add((-10).days()),
     |         ^^^^^^^^

error: cannot find macro `datetime` in this scope
    --> tests/integration/offset_date_time.rs:1036:9
     |
1036 |         datetime!(-999999 - 01 - 01 0:00 +10)
     |         ^^^^^^^^

error: cannot find macro `datetime` in this scope
    --> tests/integration/offset_date_time.rs:1041:9
     |
1041 |         datetime!(+999999 - 12 - 31 23:59:59.999_999_999 +10).saturating_add(10.days()),
     |         ^^^^^^^^

error: cannot find macro `datetime` in this scope
    --> tests/integration/offset_date_time.rs:1042:9
     |
1042 |         datetime!(+999999 - 12 - 31 23:59:59.999_999_999 +10)
     |         ^^^^^^^^

error: cannot find macro `datetime` in this scope
    --> tests/integration/offset_date_time.rs:1047:9
     |
1047 |         datetime!(-999999 - 01 - 01 0:00 +10).saturating_add(Duration::ZERO),
     |         ^^^^^^^^

error: cannot find macro `datetime` in this scope
    --> tests/integration/offset_date_time.rs:1048:9
     |
1048 |         datetime!(-999999 - 01 - 01 0:00 +10)
     |         ^^^^^^^^

error: cannot find macro `datetime` in this scope
    --> tests/integration/offset_date_time.rs:1051:9
     |
1051 |         datetime!(+999999 - 12 - 31 23:59:59.999_999_999 +10).saturating_add(Duration::ZERO),
     |         ^^^^^^^^

error: cannot find macro `datetime` in this scope
    --> tests/integration/offset_date_time.rs:1052:9
     |
1052 |         datetime!(+999999 - 12 - 31 23:59:59.999_999_999 +10)
     |         ^^^^^^^^

error: cannot find macro `datetime` in this scope
    --> tests/integration/offset_date_time.rs:1059:9
     |
1059 |         datetime!(2021 - 11 - 12 17:47 +10).saturating_sub(2.days()),
     |         ^^^^^^^^

error: cannot find macro `datetime` in this scope
    --> tests/integration/offset_date_time.rs:1060:9
     |
1060 |         datetime!(2021 - 11 - 10 17:47 +10)
     |         ^^^^^^^^

error: cannot find macro `datetime` in this scope
    --> tests/integration/offset_date_time.rs:1063:9
     |
1063 |         datetime!(2021 - 11 - 12 17:47 +10).saturating_sub((-2).days()),
     |         ^^^^^^^^

error: cannot find macro `datetime` in this scope
    --> tests/integration/offset_date_time.rs:1064:9
     |
1064 |         datetime!(2021 - 11 - 14 17:47 +10)
     |         ^^^^^^^^

error: cannot find macro `datetime` in this scope
    --> tests/integration/offset_date_time.rs:1069:9
     |
1069 |         datetime!(-999999 - 01 - 01 0:00 +10).saturating_sub(10.days()),
     |         ^^^^^^^^

error: cannot find macro `datetime` in this scope
    --> tests/integration/offset_date_time.rs:1070:9
     |
1070 |         datetime!(-999999 - 01 - 01 0:00 +10)
     |         ^^^^^^^^

error: cannot find macro `datetime` in this scope
    --> tests/integration/offset_date_time.rs:1075:9
     |
1075 |         datetime!(+999999 - 12 - 31 23:59:59.999_999_999 +10).saturating_sub((-10).days()),
     |         ^^^^^^^^

error: cannot find macro `datetime` in this scope
    --> tests/integration/offset_date_time.rs:1076:9
     |
1076 |         datetime!(+999999 - 12 - 31 23:59:59.999_999_999 +10)
     |         ^^^^^^^^

error: cannot find macro `datetime` in this scope
    --> tests/integration/offset_date_time.rs:1081:9
     |
1081 |         datetime!(-999999 - 01 - 01 0:00 +10).saturating_sub(Duration::ZERO),
     |         ^^^^^^^^

error: cannot find macro `datetime` in this scope
    --> tests/integration/offset_date_time.rs:1082:9
     |
1082 |         datetime!(-999999 - 01 - 01 0:00 +10)
     |         ^^^^^^^^

error: cannot find macro `datetime` in this scope
    --> tests/integration/offset_date_time.rs:1085:9
     |
1085 |         datetime!(+999999 - 12 - 31 23:59:59.999_999_999 +10).saturating_sub(Duration::ZERO),
     |         ^^^^^^^^

error: cannot find macro `datetime` in this scope
    --> tests/integration/offset_date_time.rs:1086:9
     |
1086 |         datetime!(+999999 - 12 - 31 23:59:59.999_999_999 +10)
     |         ^^^^^^^^

error: cannot find macro `datetime` in this scope
  --> tests/integration/parsing.rs:32:9
   |
32 |         datetime!(2021-01-02 03:04:05 UTC),
   |         ^^^^^^^^

error: cannot find macro `datetime` in this scope
  --> tests/integration/parsing.rs:36:9
   |
36 |         datetime!(2021-01-02 03:04:05 UTC),
   |         ^^^^^^^^

error: cannot find macro `datetime` in this scope
  --> tests/integration/parsing.rs:40:9
   |
40 |         datetime!(2021-01-02 03:04:05 UTC),
   |         ^^^^^^^^

error: cannot find macro `datetime` in this scope
  --> tests/integration/parsing.rs:44:9
   |
44 |         datetime!(2021-01-02 03:04:05 +06:07),
   |         ^^^^^^^^

error: cannot find macro `datetime` in this scope
  --> tests/integration/parsing.rs:48:9
   |
48 |         datetime!(2021-01-02 03:04:05 -06:07),
   |         ^^^^^^^^

error: cannot find macro `datetime` in this scope
  --> tests/integration/parsing.rs:52:9
   |
52 |         datetime!(2021-12-31 23:59:59.999_999_999 UTC),
   |         ^^^^^^^^

error: cannot find macro `datetime` in this scope
  --> tests/integration/parsing.rs:56:9
   |
56 |         datetime!(2021-12-31 23:59:59.999_999_999 UTC),
   |         ^^^^^^^^

error: cannot find macro `datetime` in this scope
  --> tests/integration/parsing.rs:60:9
   |
60 |         datetime!(2021-12-31 23:59:59.999_999_999 UTC),
   |         ^^^^^^^^

error: cannot find macro `datetime` in this scope
  --> tests/integration/parsing.rs:64:9
   |
64 |         datetime!(2021-12-31 23:59:59.999_999_999 UTC),
   |         ^^^^^^^^

error: cannot find macro `datetime` in this scope
  --> tests/integration/parsing.rs:68:9
   |
68 |         datetime!(2021-12-31 17:52:59.999_999_999 -06:07),
   |         ^^^^^^^^

error: cannot find macro `datetime` in this scope
  --> tests/integration/parsing.rs:72:9
   |
72 |         datetime!(2022-01-01 06:06:59.999_999_999 +06:07),
   |         ^^^^^^^^

error: cannot find macro `date` in this scope
  --> tests/integration/parsing.rs:77:9
   |
77 |         date!(2021 - 01 - 02)
   |         ^^^^

error: cannot find macro `date` in this scope
  --> tests/integration/parsing.rs:81:9
   |
81 |         date!(2021 - 01 - 02)
   |         ^^^^

error: cannot find macro `date` in this scope
  --> tests/integration/parsing.rs:85:9
   |
85 |         date!(2021 - 01 - 02)
   |         ^^^^

error: cannot find macro `date` in this scope
  --> tests/integration/parsing.rs:89:9
   |
89 |         date!(2021 - 01 - 02)
   |         ^^^^

error: cannot find macro `date` in this scope
  --> tests/integration/parsing.rs:93:9
   |
93 |         date!(1971 - 01 - 02)
   |         ^^^^

error: cannot find macro `datetime` in this scope
  --> tests/integration/parsing.rs:98:9
   |
98 |         datetime!(2021 - 01 - 02 03:04:05 UTC),
   |         ^^^^^^^^

error: cannot determine resolution for the macro `time`
   --> tests/integration/parsing.rs:111:9
    |
111 |         time!(03:04:05)
    |         ^^^^
    |
    = note: import resolution is stuck, try simplifying macro imports

error: cannot find macro `datetime` in this scope
   --> tests/integration/parsing.rs:222:9
    |
222 |         datetime!(2021-01-02 03:04:05 UTC),
    |         ^^^^^^^^

error: cannot find macro `datetime` in this scope
   --> tests/integration/parsing.rs:226:9
    |
226 |         datetime!(2021-01-02 03:04:59.999_999_999 UTC),
    |         ^^^^^^^^

error: cannot find macro `datetime` in this scope
   --> tests/integration/parsing.rs:230:9
    |
230 |         datetime!(2021-01-02 03:04:05.1 UTC),
    |         ^^^^^^^^

error: cannot find macro `datetime` in this scope
   --> tests/integration/parsing.rs:234:9
    |
234 |         datetime!(2021-01-02 03:04:05.12 UTC),
    |         ^^^^^^^^

error: cannot find macro `datetime` in this scope
   --> tests/integration/parsing.rs:238:9
    |
238 |         datetime!(2021-01-02 03:04:05.123 UTC),
    |         ^^^^^^^^

error: cannot find macro `datetime` in this scope
   --> tests/integration/parsing.rs:242:9
    |
242 |         datetime!(2021-01-02 03:04:05.123_4 UTC),
    |         ^^^^^^^^

error: cannot find macro `datetime` in this scope
   --> tests/integration/parsing.rs:246:9
    |
246 |         datetime!(2021-01-02 03:04:05.123_45 UTC),
    |         ^^^^^^^^

error: cannot find macro `datetime` in this scope
   --> tests/integration/parsing.rs:250:9
    |
250 |         datetime!(2021-01-02 03:04:05.123_456 UTC),
    |         ^^^^^^^^

error: cannot find macro `datetime` in this scope
   --> tests/integration/parsing.rs:254:9
    |
254 |         datetime!(2021-01-02 03:04:05.123_456_7 UTC),
    |         ^^^^^^^^

error: cannot find macro `datetime` in this scope
   --> tests/integration/parsing.rs:258:9
    |
258 |         datetime!(2021-01-02 03:04:05.123_456_78 UTC),
    |         ^^^^^^^^

error: cannot find macro `datetime` in this scope
   --> tests/integration/parsing.rs:262:9
    |
262 |         datetime!(2021-01-02 03:04:05.123_456_789 UTC),
    |         ^^^^^^^^

error: cannot find macro `datetime` in this scope
   --> tests/integration/parsing.rs:266:9
    |
266 |         datetime!(2021-01-02 03:04:05.123_456_789 -01:02),
    |         ^^^^^^^^

error: cannot find macro `datetime` in this scope
   --> tests/integration/parsing.rs:270:9
    |
270 |         datetime!(2021-01-02 03:04:05.123_456_789 +01:02),
    |         ^^^^^^^^

error: cannot find macro `date` in this scope
   --> tests/integration/parsing.rs:275:9
    |
275 |         date!(2021 - 01 - 02),
    |         ^^^^

error: cannot find macro `date` in this scope
   --> tests/integration/parsing.rs:279:9
    |
279 |         date!(2021 - 01 - 02),
    |         ^^^^

error: cannot find macro `date` in this scope
   --> tests/integration/parsing.rs:283:9
    |
283 |         date!(2021 - 01 - 02),
    |         ^^^^

error: cannot determine resolution for the macro `time`
   --> tests/integration/parsing.rs:287:9
    |
287 |         time!(03:04:59.999_999_999)
    |         ^^^^
    |
    = note: import resolution is stuck, try simplifying macro imports

error: cannot determine resolution for the macro `time`
   --> tests/integration/parsing.rs:457:58
    |
457 |         (fd::parse("[hour repr:12] [period]")?, "01 PM", time!(1 PM)),
    |                                                          ^^^^
    |
    = note: import resolution is stuck, try simplifying macro imports

error: cannot determine resolution for the macro `time`
   --> tests/integration/parsing.rs:461:13
    |
461 |             time!(13:02:03),
    |             ^^^^
    |
    = note: import resolution is stuck, try simplifying macro imports

error: cannot determine resolution for the macro `time`
   --> tests/integration/parsing.rs:466:13
    |
466 |             time!(1:02 PM),
    |             ^^^^
    |
    = note: import resolution is stuck, try simplifying macro imports

error: cannot determine resolution for the macro `time`
   --> tests/integration/parsing.rs:468:50
    |
468 |         (fd::parse("[hour]:[minute]")?, "01:02", time!(1:02)),
    |                                                  ^^^^
    |
    = note: import resolution is stuck, try simplifying macro imports

error: cannot determine resolution for the macro `time`
   --> tests/integration/parsing.rs:472:13
    |
472 |             time!(1:02 AM),
    |             ^^^^
    |
    = note: import resolution is stuck, try simplifying macro imports

error: cannot determine resolution for the macro `time`
   --> tests/integration/parsing.rs:474:50
    |
474 |         (fd::parse("[hour]:[minute]")?, "01:02", time!(1:02)),
    |                                                  ^^^^
    |
    = note: import resolution is stuck, try simplifying macro imports

error: cannot determine resolution for the macro `time`
   --> tests/integration/parsing.rs:475:58
    |
475 |         (fd::parse("[hour repr:12] [period]")?, "12 AM", time!(12 AM)),
    |                                                          ^^^^
    |
    = note: import resolution is stuck, try simplifying macro imports

error: cannot determine resolution for the macro `time`
   --> tests/integration/parsing.rs:476:58
    |
476 |         (fd::parse("[hour repr:12] [period]")?, "12 PM", time!(12 PM)),
    |                                                          ^^^^
    |
    = note: import resolution is stuck, try simplifying macro imports

error: cannot find macro `date` in this scope
   --> tests/integration/parsing.rs:578:13
    |
578 |             date!(2021 - 01 - 02),
    |             ^^^^

error: cannot find macro `date` in this scope
   --> tests/integration/parsing.rs:583:13
    |
583 |             date!(2021 - 002),
    |             ^^^^

error: cannot find macro `date` in this scope
   --> tests/integration/parsing.rs:588:13
    |
588 |             date!(2021 - 01 - 02),
    |             ^^^^

error: cannot find macro `date` in this scope
   --> tests/integration/parsing.rs:593:13
    |
593 |             date!(2021 - 01 - 02),
    |             ^^^^

error: cannot find macro `date` in this scope
   --> tests/integration/parsing.rs:598:13
    |
598 |             date!(2021 - 01 - 02),
    |             ^^^^

error: cannot find macro `date` in this scope
   --> tests/integration/parsing.rs:603:13
    |
603 |             date!(2023 - 01 - 02),
    |             ^^^^

error: cannot find macro `date` in this scope
   --> tests/integration/parsing.rs:608:13
    |
608 |             date!(2022 - 01 - 02),
    |             ^^^^

error: cannot find macro `date` in this scope
   --> tests/integration/parsing.rs:613:13
    |
613 |             date!(2026 - 01 - 02),
    |             ^^^^

error: cannot find macro `date` in this scope
   --> tests/integration/parsing.rs:618:13
    |
618 |             date!(2025 - 01 - 02),
    |             ^^^^

error: cannot find macro `date` in this scope
   --> tests/integration/parsing.rs:623:13
    |
623 |             date!(2019 - 01 - 02),
    |             ^^^^

error: cannot find macro `date` in this scope
   --> tests/integration/parsing.rs:628:13
    |
628 |             date!(2018 - 01 - 02),
    |             ^^^^

error: cannot find macro `date` in this scope
   --> tests/integration/parsing.rs:636:13
    |
636 |             date!(2018 - 01 - 02),
    |             ^^^^

error: cannot find macro `date` in this scope
  --> tests/integration/primitive_date_time.rs:10:32
   |
10 |         PrimitiveDateTime::new(date!(2019 - 01 - 01), time!(0:00)),
   |                                ^^^^
   |
   = note: `date` is in scope, but it is a function, not a macro

error: cannot determine resolution for the macro `time`
  --> tests/integration/primitive_date_time.rs:10:55
   |
10 |         PrimitiveDateTime::new(date!(2019 - 01 - 01), time!(0:00)),
   |                                                       ^^^^
   |
   = note: import resolution is stuck, try simplifying macro imports

error: cannot find macro `datetime` in this scope
  --> tests/integration/primitive_date_time.rs:11:9
   |
11 |         datetime!(2019-01-01 0:00),
   |         ^^^^^^^^

error: cannot find macro `datetime` in this scope
  --> tests/integration/primitive_date_time.rs:17:16
   |
17 |     assert_eq!(datetime!(2019-01-01 0:00).date(), date!(2019 - 01 - 01));
   |                ^^^^^^^^

error: cannot find macro `date` in this scope
  --> tests/integration/primitive_date_time.rs:17:51
   |
17 |     assert_eq!(datetime!(2019-01-01 0:00).date(), date!(2019 - 01 - 01));
   |                                                   ^^^^
   |
   = note: `date` is in scope, but it is a function, not a macro

error: cannot find macro `datetime` in this scope
  --> tests/integration/primitive_date_time.rs:22:16
   |
22 |     assert_eq!(datetime!(2019-01-01 0:00).time(), time!(0:00));
   |                ^^^^^^^^

error: cannot determine resolution for the macro `time`
  --> tests/integration/primitive_date_time.rs:22:51
   |
22 |     assert_eq!(datetime!(2019-01-01 0:00).time(), time!(0:00));
   |                                                   ^^^^
   |
   = note: import resolution is stuck, try simplifying macro imports

error: cannot find macro `datetime` in this scope
  --> tests/integration/primitive_date_time.rs:27:16
   |
27 |     assert_eq!(datetime!(2019-01-01 0:00).year(), 2019);
   |                ^^^^^^^^

error: cannot find macro `datetime` in this scope
  --> tests/integration/primitive_date_time.rs:28:16
   |
28 |     assert_eq!(datetime!(2019-12-31 0:00).year(), 2019);
   |                ^^^^^^^^

error: cannot find macro `datetime` in this scope
  --> tests/integration/primitive_date_time.rs:29:16
   |
29 |     assert_eq!(datetime!(2020-01-01 0:00).year(), 2020);
   |                ^^^^^^^^

error: cannot find macro `datetime` in this scope
  --> tests/integration/primitive_date_time.rs:34:16
   |
34 |     assert_eq!(datetime!(2019-01-01 0:00).month(), Month::January);
   |                ^^^^^^^^

error: cannot find macro `datetime` in this scope
  --> tests/integration/primitive_date_time.rs:35:16
   |
35 |     assert_eq!(datetime!(2019-12-31 0:00).month(), Month::December);
   |                ^^^^^^^^

error: cannot find macro `datetime` in this scope
  --> tests/integration/primitive_date_time.rs:40:16
   |
40 |     assert_eq!(datetime!(2019-01-01 0:00).day(), 1);
   |                ^^^^^^^^

error: cannot find macro `datetime` in this scope
  --> tests/integration/primitive_date_time.rs:41:16
   |
41 |     assert_eq!(datetime!(2019-12-31 0:00).day(), 31);
   |                ^^^^^^^^

error: cannot find macro `datetime` in this scope
  --> tests/integration/primitive_date_time.rs:46:16
   |
46 |     assert_eq!(datetime!(2019-01-01 0:00).ordinal(), 1);
   |                ^^^^^^^^

error: cannot find macro `datetime` in this scope
  --> tests/integration/primitive_date_time.rs:47:16
   |
47 |     assert_eq!(datetime!(2019-12-31 0:00).ordinal(), 365);
   |                ^^^^^^^^

error: cannot find macro `datetime` in this scope
  --> tests/integration/primitive_date_time.rs:52:16
   |
52 |     assert_eq!(datetime!(2019-01-01 0:00).iso_week(), 1);
   |                ^^^^^^^^

error: cannot find macro `datetime` in this scope
  --> tests/integration/primitive_date_time.rs:53:16
   |
53 |     assert_eq!(datetime!(2019-10-04 0:00).iso_week(), 40);
   |                ^^^^^^^^

error: cannot find macro `datetime` in this scope
  --> tests/integration/primitive_date_time.rs:54:16
   |
54 |     assert_eq!(datetime!(2020-01-01 0:00).iso_week(), 1);
   |                ^^^^^^^^

error: cannot find macro `datetime` in this scope
  --> tests/integration/primitive_date_time.rs:55:16
   |
55 |     assert_eq!(datetime!(2020-12-31 0:00).iso_week(), 53);
   |                ^^^^^^^^

error: cannot find macro `datetime` in this scope
  --> tests/integration/primitive_date_time.rs:56:16
   |
56 |     assert_eq!(datetime!(2021-01-01 0:00).iso_week(), 53);
   |                ^^^^^^^^

error: cannot find macro `datetime` in this scope
  --> tests/integration/primitive_date_time.rs:61:16
   |
61 |     assert_eq!(datetime!(2019-01-01 0:00).sunday_based_week(), 0);
   |                ^^^^^^^^

error: cannot find macro `datetime` in this scope
  --> tests/integration/primitive_date_time.rs:62:16
   |
62 |     assert_eq!(datetime!(2020-01-01 0:00).sunday_based_week(), 0);
   |                ^^^^^^^^

error: cannot find macro `datetime` in this scope
  --> tests/integration/primitive_date_time.rs:63:16
   |
63 |     assert_eq!(datetime!(2020-12-31 0:00).sunday_based_week(), 52);
   |                ^^^^^^^^

error: cannot find macro `datetime` in this scope
  --> tests/integration/primitive_date_time.rs:64:16
   |
64 |     assert_eq!(datetime!(2021-01-01 0:00).sunday_based_week(), 0);
   |                ^^^^^^^^

error: cannot find macro `datetime` in this scope
  --> tests/integration/primitive_date_time.rs:69:16
   |
69 |     assert_eq!(datetime!(2019-01-01 0:00).monday_based_week(), 0);
   |                ^^^^^^^^

error: cannot find macro `datetime` in this scope
  --> tests/integration/primitive_date_time.rs:70:16
   |
70 |     assert_eq!(datetime!(2020-01-01 0:00).monday_based_week(), 0);
   |                ^^^^^^^^

error: cannot find macro `datetime` in this scope
  --> tests/integration/primitive_date_time.rs:71:16
   |
71 |     assert_eq!(datetime!(2020-12-31 0:00).monday_based_week(), 52);
   |                ^^^^^^^^

error: cannot find macro `datetime` in this scope
  --> tests/integration/primitive_date_time.rs:72:16
   |
72 |     assert_eq!(datetime!(2021-01-01 0:00).monday_based_week(), 0);
   |                ^^^^^^^^

error: cannot find macro `datetime` in this scope
  --> tests/integration/primitive_date_time.rs:78:9
   |
78 |         datetime!(2019-01-02 0:00).to_calendar_date(),
   |         ^^^^^^^^

error: cannot find macro `datetime` in this scope
  --> tests/integration/primitive_date_time.rs:85:16
   |
85 |     assert_eq!(datetime!(2019-01-01 0:00).to_ordinal_date(), (2019, 1));
   |                ^^^^^^^^

error: cannot find macro `datetime` in this scope
  --> tests/integration/primitive_date_time.rs:92:9
   |
92 |         datetime!(2019-01-01 0:00).to_iso_week_date(),
   |         ^^^^^^^^

error: cannot find macro `datetime` in this scope
  --> tests/integration/primitive_date_time.rs:96:9
   |
96 |         datetime!(2019-10-04 0:00).to_iso_week_date(),
   |         ^^^^^^^^

error: cannot find macro `datetime` in this scope
   --> tests/integration/primitive_date_time.rs:100:9
    |
100 |         datetime!(2020-01-01 0:00).to_iso_week_date(),
    |         ^^^^^^^^

error: cannot find macro `datetime` in this scope
   --> tests/integration/primitive_date_time.rs:104:9
    |
104 |         datetime!(2020-12-31 0:00).to_iso_week_date(),
    |         ^^^^^^^^

error: cannot find macro `datetime` in this scope
   --> tests/integration/primitive_date_time.rs:108:9
    |
108 |         datetime!(2021-01-01 0:00).to_iso_week_date(),
    |         ^^^^^^^^

error: cannot find macro `datetime` in this scope
   --> tests/integration/primitive_date_time.rs:116:16
    |
116 |     assert_eq!(datetime!(2019-01-01 0:00).weekday(), Tuesday);
    |                ^^^^^^^^

error: cannot find macro `datetime` in this scope
   --> tests/integration/primitive_date_time.rs:117:16
    |
117 |     assert_eq!(datetime!(2019-02-01 0:00).weekday(), Friday);
    |                ^^^^^^^^

error: cannot find macro `datetime` in this scope
   --> tests/integration/primitive_date_time.rs:118:16
    |
118 |     assert_eq!(datetime!(2019-03-01 0:00).weekday(), Friday);
    |                ^^^^^^^^

error: cannot find macro `datetime` in this scope
   --> tests/integration/primitive_date_time.rs:119:16
    |
119 |     assert_eq!(datetime!(2019-04-01 0:00).weekday(), Monday);
    |                ^^^^^^^^

error: cannot find macro `datetime` in this scope
   --> tests/integration/primitive_date_time.rs:120:16
    |
120 |     assert_eq!(datetime!(2019-05-01 0:00).weekday(), Wednesday);
    |                ^^^^^^^^

error: cannot find macro `datetime` in this scope
   --> tests/integration/primitive_date_time.rs:121:16
    |
121 |     assert_eq!(datetime!(2019-06-01 0:00).weekday(), Saturday);
    |                ^^^^^^^^

error: cannot find macro `datetime` in this scope
   --> tests/integration/primitive_date_time.rs:122:16
    |
122 |     assert_eq!(datetime!(2019-07-01 0:00).weekday(), Monday);
    |                ^^^^^^^^

error: cannot find macro `datetime` in this scope
   --> tests/integration/primitive_date_time.rs:123:16
    |
123 |     assert_eq!(datetime!(2019-08-01 0:00).weekday(), Thursday);
    |                ^^^^^^^^

error: cannot find macro `datetime` in this scope
   --> tests/integration/primitive_date_time.rs:124:16
    |
124 |     assert_eq!(datetime!(2019-09-01 0:00).weekday(), Sunday);
    |                ^^^^^^^^

error: cannot find macro `datetime` in this scope
   --> tests/integration/primitive_date_time.rs:125:16
    |
125 |     assert_eq!(datetime!(2019-10-01 0:00).weekday(), Tuesday);
    |                ^^^^^^^^

error: cannot find macro `datetime` in this scope
   --> tests/integration/primitive_date_time.rs:126:16
    |
126 |     assert_eq!(datetime!(2019-11-01 0:00).weekday(), Friday);
    |                ^^^^^^^^

error: cannot find macro `datetime` in this scope
   --> tests/integration/primitive_date_time.rs:127:16
    |
127 |     assert_eq!(datetime!(2019-12-01 0:00).weekday(), Sunday);
    |                ^^^^^^^^

error: cannot find macro `datetime` in this scope
   --> tests/integration/primitive_date_time.rs:132:16
    |
132 |     assert_eq!(datetime!(-999_999-01-01 0:00).to_julian_day(), -363_521_074);
    |                ^^^^^^^^

error: cannot find macro `datetime` in this scope
   --> tests/integration/primitive_date_time.rs:133:16
    |
133 |     assert_eq!(datetime!(-4713-11-24 0:00).to_julian_day(), 0);
    |                ^^^^^^^^

error: cannot find macro `datetime` in this scope
   --> tests/integration/primitive_date_time.rs:134:16
    |
134 |     assert_eq!(datetime!(2000-01-01 0:00).to_julian_day(), 2_451_545);
    |                ^^^^^^^^

error: cannot find macro `datetime` in this scope
   --> tests/integration/primitive_date_time.rs:135:16
    |
135 |     assert_eq!(datetime!(2019-01-01 0:00).to_julian_day(), 2_458_485);
    |                ^^^^^^^^

error: cannot find macro `datetime` in this scope
   --> tests/integration/primitive_date_time.rs:136:16
    |
136 |     assert_eq!(datetime!(2019-12-31 0:00).to_julian_day(), 2_458_849);
    |                ^^^^^^^^

error: cannot find macro `datetime` in this scope
   --> tests/integration/primitive_date_time.rs:141:16
    |
141 |     assert_eq!(datetime!(2020-01-01 1:02:03).as_hms(), (1, 2, 3));
    |                ^^^^^^^^

error: cannot find macro `datetime` in this scope
   --> tests/integration/primitive_date_time.rs:147:9
    |
147 |         datetime!(2020-01-01 1:02:03.004).as_hms_milli(),
    |         ^^^^^^^^

error: cannot find macro `datetime` in this scope
   --> tests/integration/primitive_date_time.rs:155:9
    |
155 |         datetime!(2020-01-01 1:02:03.004_005).as_hms_micro(),
    |         ^^^^^^^^

error: cannot find macro `datetime` in this scope
   --> tests/integration/primitive_date_time.rs:163:9
    |
163 |         datetime!(2020-01-01 1:02:03.004_005_006).as_hms_nano(),
    |         ^^^^^^^^

error: cannot find macro `datetime` in this scope
   --> tests/integration/primitive_date_time.rs:170:16
    |
170 |     assert_eq!(datetime!(2019-01-01 0:00).hour(), 0);
    |                ^^^^^^^^

error: cannot find macro `datetime` in this scope
   --> tests/integration/primitive_date_time.rs:171:16
    |
171 |     assert_eq!(datetime!(2019-01-01 23:59:59).hour(), 23);
    |                ^^^^^^^^

error: cannot find macro `datetime` in this scope
   --> tests/integration/primitive_date_time.rs:176:16
    |
176 |     assert_eq!(datetime!(2019-01-01 0:00).minute(), 0);
    |                ^^^^^^^^

error: cannot find macro `datetime` in this scope
   --> tests/integration/primitive_date_time.rs:177:16
    |
177 |     assert_eq!(datetime!(2019-01-01 23:59:59).minute(), 59);
    |                ^^^^^^^^

error: cannot find macro `datetime` in this scope
   --> tests/integration/primitive_date_time.rs:182:16
    |
182 |     assert_eq!(datetime!(2019-01-01 0:00).second(), 0);
    |                ^^^^^^^^

error: cannot find macro `datetime` in this scope
   --> tests/integration/primitive_date_time.rs:183:16
    |
183 |     assert_eq!(datetime!(2019-01-01 23:59:59).second(), 59);
    |                ^^^^^^^^

error: cannot find macro `datetime` in this scope
   --> tests/integration/primitive_date_time.rs:188:16
    |
188 |     assert_eq!(datetime!(2019-01-01 0:00).millisecond(), 0);
    |                ^^^^^^^^

error: cannot find macro `datetime` in this scope
   --> tests/integration/primitive_date_time.rs:189:16
    |
189 |     assert_eq!(datetime!(2019-01-01 23:59:59.999).millisecond(), 999);
    |                ^^^^^^^^

error: cannot find macro `datetime` in this scope
   --> tests/integration/primitive_date_time.rs:194:16
    |
194 |     assert_eq!(datetime!(2019-01-01 0:00).microsecond(), 0);
    |                ^^^^^^^^

error: cannot find macro `datetime` in this scope
   --> tests/integration/primitive_date_time.rs:196:9
    |
196 |         datetime!(2019-01-01 23:59:59.999_999).microsecond(),
    |         ^^^^^^^^

error: cannot find macro `datetime` in this scope
   --> tests/integration/primitive_date_time.rs:203:16
    |
203 |     assert_eq!(datetime!(2019-01-01 0:00).nanosecond(), 0);
    |                ^^^^^^^^

error: cannot find macro `datetime` in this scope
   --> tests/integration/primitive_date_time.rs:205:9
    |
205 |         datetime!(2019-01-01 23:59:59.999_999_999).nanosecond(),
    |         ^^^^^^^^

error: cannot find macro `datetime` in this scope
   --> tests/integration/primitive_date_time.rs:213:9
    |
213 |         datetime!(2019-01-01 0:00)
    |         ^^^^^^^^

error: cannot find macro `offset` in this scope
   --> tests/integration/primitive_date_time.rs:214:28
    |
214 |             .assume_offset(offset!(UTC))
    |                            ^^^^^^

error: cannot find macro `datetime` in this scope
   --> tests/integration/primitive_date_time.rs:219:9
    |
219 |         datetime!(2019-01-01 0:00)
    |         ^^^^^^^^

error: cannot find macro `offset` in this scope
   --> tests/integration/primitive_date_time.rs:220:28
    |
220 |             .assume_offset(offset!(-1))
    |                            ^^^^^^

error: cannot find macro `datetime` in this scope
   --> tests/integration/primitive_date_time.rs:229:9
    |
229 |         datetime!(2019-01-01 0:00).assume_utc().unix_timestamp(),
    |         ^^^^^^^^

error: cannot find macro `datetime` in this scope
   --> tests/integration/primitive_date_time.rs:237:9
    |
237 |         datetime!(2020-01-01 12:00).replace_time(time!(5:00)),
    |         ^^^^^^^^

error: cannot determine resolution for the macro `time`
   --> tests/integration/primitive_date_time.rs:237:50
    |
237 |         datetime!(2020-01-01 12:00).replace_time(time!(5:00)),
    |                                                  ^^^^
    |
    = note: import resolution is stuck, try simplifying macro imports

error: cannot find macro `datetime` in this scope
   --> tests/integration/primitive_date_time.rs:238:9
    |
238 |         datetime!(2020-01-01 5:00)
    |         ^^^^^^^^

error: cannot find macro `datetime` in this scope
   --> tests/integration/primitive_date_time.rs:245:9
    |
245 |         datetime!(2020-01-01 12:00).replace_date(date!(2020 - 01 - 30)),
    |         ^^^^^^^^

error: cannot find macro `date` in this scope
   --> tests/integration/primitive_date_time.rs:245:50
    |
245 |         datetime!(2020-01-01 12:00).replace_date(date!(2020 - 01 - 30)),
    |                                                  ^^^^
    |
    = note: `date` is in scope, but it is a function, not a macro

error: cannot find macro `datetime` in this scope
   --> tests/integration/primitive_date_time.rs:246:9
    |
246 |         datetime!(2020-01-30 12:00)
    |         ^^^^^^^^

error: cannot find macro `datetime` in this scope
   --> tests/integration/primitive_date_time.rs:253:9
    |
253 |         datetime!(2019-01-01 0:00) + 5.days(),
    |         ^^^^^^^^

error: cannot find macro `datetime` in this scope
   --> tests/integration/primitive_date_time.rs:254:9
    |
254 |         datetime!(2019-01-06 0:00),
    |         ^^^^^^^^

error: cannot find macro `datetime` in this scope
   --> tests/integration/primitive_date_time.rs:257:9
    |
257 |         datetime!(2019-12-31 0:00) + 1.days(),
    |         ^^^^^^^^

error: cannot find macro `datetime` in this scope
   --> tests/integration/primitive_date_time.rs:258:9
    |
258 |         datetime!(2020-01-01 0:00),
    |         ^^^^^^^^

error: cannot find macro `datetime` in this scope
   --> tests/integration/primitive_date_time.rs:261:9
    |
261 |         datetime!(2019-12-31 23:59:59) + 2.seconds(),
    |         ^^^^^^^^

error: cannot find macro `datetime` in this scope
   --> tests/integration/primitive_date_time.rs:262:9
    |
262 |         datetime!(2020-01-01 0:00:01),
    |         ^^^^^^^^

error: cannot find macro `datetime` in this scope
   --> tests/integration/primitive_date_time.rs:265:9
    |
265 |         datetime!(2020-01-01 0:00:01) + (-2).seconds(),
    |         ^^^^^^^^

error: cannot find macro `datetime` in this scope
   --> tests/integration/primitive_date_time.rs:266:9
    |
266 |         datetime!(2019-12-31 23:59:59),
    |         ^^^^^^^^

error: cannot find macro `datetime` in this scope
   --> tests/integration/primitive_date_time.rs:269:9
    |
269 |         datetime!(1999-12-31 23:00) + 1.hours(),
    |         ^^^^^^^^

error: cannot find macro `datetime` in this scope
   --> tests/integration/primitive_date_time.rs:270:9
    |
270 |         datetime!(2000-01-01 0:00),
    |         ^^^^^^^^

error: cannot find macro `datetime` in this scope
   --> tests/integration/primitive_date_time.rs:277:9
    |
277 |         datetime!(2019-01-01 0:00) + 5.std_days(),
    |         ^^^^^^^^

error: cannot find macro `datetime` in this scope
   --> tests/integration/primitive_date_time.rs:278:9
    |
278 |         datetime!(2019-01-06 0:00),
    |         ^^^^^^^^

error: cannot find macro `datetime` in this scope
   --> tests/integration/primitive_date_time.rs:281:9
    |
281 |         datetime!(2019-12-31 0:00) + 1.std_days(),
    |         ^^^^^^^^

error: cannot find macro `datetime` in this scope
   --> tests/integration/primitive_date_time.rs:282:9
    |
282 |         datetime!(2020-01-01 0:00),
    |         ^^^^^^^^

error: cannot find macro `datetime` in this scope
   --> tests/integration/primitive_date_time.rs:285:9
    |
285 |         datetime!(2019-12-31 23:59:59) + 2.std_seconds(),
    |         ^^^^^^^^

error: cannot find macro `datetime` in this scope
   --> tests/integration/primitive_date_time.rs:286:9
    |
286 |         datetime!(2020-01-01 0:00:01),
    |         ^^^^^^^^

error: cannot find macro `datetime` in this scope
   --> tests/integration/primitive_date_time.rs:292:34
    |
292 |     let mut new_years_day_2019 = datetime!(2019-01-01 0:00);
    |                                  ^^^^^^^^

error: cannot find macro `datetime` in this scope
   --> tests/integration/primitive_date_time.rs:294:36
    |
294 |     assert_eq!(new_years_day_2019, datetime!(2019-01-06 0:00));
    |                                    ^^^^^^^^

error: cannot find macro `datetime` in this scope
   --> tests/integration/primitive_date_time.rs:296:39
    |
296 |     let mut new_years_eve_2020_days = datetime!(2019-12-31 0:00);
    |                                       ^^^^^^^^

error: cannot find macro `datetime` in this scope
   --> tests/integration/primitive_date_time.rs:298:41
    |
298 |     assert_eq!(new_years_eve_2020_days, datetime!(2020-01-01 0:00));
    |                                         ^^^^^^^^

error: cannot find macro `datetime` in this scope
   --> tests/integration/primitive_date_time.rs:300:42
    |
300 |     let mut new_years_eve_2020_seconds = datetime!(2019-12-31 23:59:59);
    |                                          ^^^^^^^^

error: cannot find macro `datetime` in this scope
   --> tests/integration/primitive_date_time.rs:302:44
    |
302 |     assert_eq!(new_years_eve_2020_seconds, datetime!(2020-01-01 0:00:01));
    |                                            ^^^^^^^^

error: cannot find macro `datetime` in this scope
   --> tests/integration/primitive_date_time.rs:304:39
    |
304 |     let mut new_years_day_2020_days = datetime!(2020-01-01 0:00:01);
    |                                       ^^^^^^^^

error: cannot find macro `datetime` in this scope
   --> tests/integration/primitive_date_time.rs:306:41
    |
306 |     assert_eq!(new_years_day_2020_days, datetime!(2019-12-31 23:59:59));
    |                                         ^^^^^^^^

error: cannot find macro `datetime` in this scope
   --> tests/integration/primitive_date_time.rs:311:20
    |
311 |     let mut ny19 = datetime!(2019-01-01 0:00);
    |                    ^^^^^^^^

error: cannot find macro `datetime` in this scope
   --> tests/integration/primitive_date_time.rs:313:22
    |
313 |     assert_eq!(ny19, datetime!(2019-01-06 0:00));
    |                      ^^^^^^^^

error: cannot find macro `datetime` in this scope
   --> tests/integration/primitive_date_time.rs:315:21
    |
315 |     let mut nye20 = datetime!(2019-12-31 0:00);
    |                     ^^^^^^^^

error: cannot find macro `datetime` in this scope
   --> tests/integration/primitive_date_time.rs:317:23
    |
317 |     assert_eq!(nye20, datetime!(2020-01-01 0:00));
    |                       ^^^^^^^^

error: cannot find macro `datetime` in this scope
   --> tests/integration/primitive_date_time.rs:319:22
    |
319 |     let mut nye20t = datetime!(2019-12-31 23:59:59);
    |                      ^^^^^^^^

error: cannot find macro `datetime` in this scope
   --> tests/integration/primitive_date_time.rs:321:24
    |
321 |     assert_eq!(nye20t, datetime!(2020-01-01 0:00:01));
    |                        ^^^^^^^^

error: cannot find macro `datetime` in this scope
   --> tests/integration/primitive_date_time.rs:327:9
    |
327 |         datetime!(2019-01-06 0:00) - 5.days(),
    |         ^^^^^^^^

error: cannot find macro `datetime` in this scope
   --> tests/integration/primitive_date_time.rs:328:9
    |
328 |         datetime!(2019-01-01 0:00),
    |         ^^^^^^^^

error: cannot find macro `datetime` in this scope
   --> tests/integration/primitive_date_time.rs:331:9
    |
331 |         datetime!(2020-01-01 0:00) - 1.days(),
    |         ^^^^^^^^

error: cannot find macro `datetime` in this scope
   --> tests/integration/primitive_date_time.rs:332:9
    |
332 |         datetime!(2019-12-31 0:00),
    |         ^^^^^^^^

error: cannot find macro `datetime` in this scope
   --> tests/integration/primitive_date_time.rs:335:9
    |
335 |         datetime!(2020-01-01 0:00:01) - 2.seconds(),
    |         ^^^^^^^^

error: cannot find macro `datetime` in this scope
   --> tests/integration/primitive_date_time.rs:336:9
    |
336 |         datetime!(2019-12-31 23:59:59),
    |         ^^^^^^^^

error: cannot find macro `datetime` in this scope
   --> tests/integration/primitive_date_time.rs:339:9
    |
339 |         datetime!(2019-12-31 23:59:59) - (-2).seconds(),
    |         ^^^^^^^^

error: cannot find macro `datetime` in this scope
   --> tests/integration/primitive_date_time.rs:340:9
    |
340 |         datetime!(2020-01-01 0:00:01),
    |         ^^^^^^^^

error: cannot find macro `datetime` in this scope
   --> tests/integration/primitive_date_time.rs:343:9
    |
343 |         datetime!(1999-12-31 23:00) - (-1).hours(),
    |         ^^^^^^^^

error: cannot find macro `datetime` in this scope
   --> tests/integration/primitive_date_time.rs:344:9
    |
344 |         datetime!(2000-01-01 0:00),
    |         ^^^^^^^^

error: cannot find macro `datetime` in this scope
   --> tests/integration/primitive_date_time.rs:351:9
    |
351 |         datetime!(2019-01-06 0:00) - 5.std_days(),
    |         ^^^^^^^^

error: cannot find macro `datetime` in this scope
   --> tests/integration/primitive_date_time.rs:352:9
    |
352 |         datetime!(2019-01-01 0:00),
    |         ^^^^^^^^

error: cannot find macro `datetime` in this scope
   --> tests/integration/primitive_date_time.rs:355:9
    |
355 |         datetime!(2020-01-01 0:00) - 1.std_days(),
    |         ^^^^^^^^

error: cannot find macro `datetime` in this scope
   --> tests/integration/primitive_date_time.rs:356:9
    |
356 |         datetime!(2019-12-31 0:00),
    |         ^^^^^^^^

error: cannot find macro `datetime` in this scope
   --> tests/integration/primitive_date_time.rs:359:9
    |
359 |         datetime!(2020-01-01 0:00:01) - 2.std_seconds(),
    |         ^^^^^^^^

error: cannot find macro `datetime` in this scope
   --> tests/integration/primitive_date_time.rs:360:9
    |
360 |         datetime!(2019-12-31 23:59:59),
    |         ^^^^^^^^

error: cannot find macro `datetime` in this scope
   --> tests/integration/primitive_date_time.rs:366:34
    |
366 |     let mut new_years_day_2019 = datetime!(2019-01-06 0:00);
    |                                  ^^^^^^^^

error: cannot find macro `datetime` in this scope
   --> tests/integration/primitive_date_time.rs:368:36
    |
368 |     assert_eq!(new_years_day_2019, datetime!(2019-01-01 0:00));
    |                                    ^^^^^^^^

error: cannot find macro `datetime` in this scope
   --> tests/integration/primitive_date_time.rs:370:39
    |
370 |     let mut new_years_day_2020_days = datetime!(2020-01-01 0:00);
    |                                       ^^^^^^^^

error: cannot find macro `datetime` in this scope
   --> tests/integration/primitive_date_time.rs:372:41
    |
372 |     assert_eq!(new_years_day_2020_days, datetime!(2019-12-31 0:00));
    |                                         ^^^^^^^^

error: cannot find macro `datetime` in this scope
   --> tests/integration/primitive_date_time.rs:374:42
    |
374 |     let mut new_years_day_2020_seconds = datetime!(2020-01-01 0:00:01);
    |                                          ^^^^^^^^

error: cannot find macro `datetime` in this scope
   --> tests/integration/primitive_date_time.rs:376:44
    |
376 |     assert_eq!(new_years_day_2020_seconds, datetime!(2019-12-31 23:59:59));
    |                                            ^^^^^^^^

error: cannot find macro `datetime` in this scope
   --> tests/integration/primitive_date_time.rs:378:42
    |
378 |     let mut new_years_eve_2020_seconds = datetime!(2019-12-31 23:59:59);
    |                                          ^^^^^^^^

error: cannot find macro `datetime` in this scope
   --> tests/integration/primitive_date_time.rs:380:44
    |
380 |     assert_eq!(new_years_eve_2020_seconds, datetime!(2020-01-01 0:00:01));
    |                                            ^^^^^^^^

error: cannot find macro `datetime` in this scope
   --> tests/integration/primitive_date_time.rs:385:20
    |
385 |     let mut ny19 = datetime!(2019-01-06 0:00);
    |                    ^^^^^^^^

error: cannot find macro `datetime` in this scope
   --> tests/integration/primitive_date_time.rs:387:22
    |
387 |     assert_eq!(ny19, datetime!(2019-01-01 0:00));
    |                      ^^^^^^^^

error: cannot find macro `datetime` in this scope
   --> tests/integration/primitive_date_time.rs:389:20
    |
389 |     let mut ny20 = datetime!(2020-01-01 0:00);
    |                    ^^^^^^^^

error: cannot find macro `datetime` in this scope
   --> tests/integration/primitive_date_time.rs:391:22
    |
391 |     assert_eq!(ny20, datetime!(2019-12-31 0:00));
    |                      ^^^^^^^^

error: cannot find macro `datetime` in this scope
   --> tests/integration/primitive_date_time.rs:393:21
    |
393 |     let mut ny20t = datetime!(2020-01-01 0:00:01);
    |                     ^^^^^^^^

error: cannot find macro `datetime` in this scope
   --> tests/integration/primitive_date_time.rs:395:23
    |
395 |     assert_eq!(ny20t, datetime!(2019-12-31 23:59:59));
    |                       ^^^^^^^^

error: cannot find macro `datetime` in this scope
   --> tests/integration/primitive_date_time.rs:401:9
    |
401 |         datetime!(2019-01-02 0:00) - datetime!(2019-01-01 0:00),
    |         ^^^^^^^^

error: cannot find macro `datetime` in this scope
   --> tests/integration/primitive_date_time.rs:401:38
    |
401 |         datetime!(2019-01-02 0:00) - datetime!(2019-01-01 0:00),
    |                                      ^^^^^^^^

error: cannot find macro `datetime` in this scope
   --> tests/integration/primitive_date_time.rs:405:9
    |
405 |         datetime!(2019-01-01 0:00) - datetime!(2019-01-02 0:00),
    |         ^^^^^^^^

error: cannot find macro `datetime` in this scope
   --> tests/integration/primitive_date_time.rs:405:38
    |
405 |         datetime!(2019-01-01 0:00) - datetime!(2019-01-02 0:00),
    |                                      ^^^^^^^^

error: cannot find macro `datetime` in this scope
   --> tests/integration/primitive_date_time.rs:409:9
    |
409 |         datetime!(2020-01-01 0:00) - datetime!(2019-12-31 0:00),
    |         ^^^^^^^^

error: cannot find macro `datetime` in this scope
   --> tests/integration/primitive_date_time.rs:409:38
    |
409 |         datetime!(2020-01-01 0:00) - datetime!(2019-12-31 0:00),
    |                                      ^^^^^^^^

error: cannot find macro `datetime` in this scope
   --> tests/integration/primitive_date_time.rs:413:9
    |
413 |         datetime!(2019-12-31 0:00) - datetime!(2020-01-01 0:00),
    |         ^^^^^^^^

error: cannot find macro `datetime` in this scope
   --> tests/integration/primitive_date_time.rs:413:38
    |
413 |         datetime!(2019-12-31 0:00) - datetime!(2020-01-01 0:00),
    |                                      ^^^^^^^^

error: cannot find macro `datetime` in this scope
   --> tests/integration/primitive_date_time.rs:422:9
    |
422 |         datetime!(2019-01-01 0:00).partial_cmp(&datetime!(2019-01-01 0:00)),
    |         ^^^^^^^^

error: cannot find macro `datetime` in this scope
   --> tests/integration/primitive_date_time.rs:422:49
    |
422 |         datetime!(2019-01-01 0:00).partial_cmp(&datetime!(2019-01-01 0:00)),
    |                                                 ^^^^^^^^

error: cannot find macro `datetime` in this scope
   --> tests/integration/primitive_date_time.rs:426:9
    |
426 |         datetime!(2019-01-01 0:00).partial_cmp(&datetime!(2020-01-01 0:00)),
    |         ^^^^^^^^

error: cannot find macro `datetime` in this scope
   --> tests/integration/primitive_date_time.rs:426:49
    |
426 |         datetime!(2019-01-01 0:00).partial_cmp(&datetime!(2020-01-01 0:00)),
    |                                                 ^^^^^^^^

error: cannot find macro `datetime` in this scope
   --> tests/integration/primitive_date_time.rs:430:9
    |
430 |         datetime!(2019-01-01 0:00).partial_cmp(&datetime!(2019-02-01 0:00)),
    |         ^^^^^^^^

error: cannot find macro `datetime` in this scope
   --> tests/integration/primitive_date_time.rs:430:49
    |
430 |         datetime!(2019-01-01 0:00).partial_cmp(&datetime!(2019-02-01 0:00)),
    |                                                 ^^^^^^^^

error: cannot find macro `datetime` in this scope
   --> tests/integration/primitive_date_time.rs:434:9
    |
434 |         datetime!(2019-01-01 0:00).partial_cmp(&datetime!(2019-01-02 0:00)),
    |         ^^^^^^^^

error: cannot find macro `datetime` in this scope
   --> tests/integration/primitive_date_time.rs:434:49
    |
434 |         datetime!(2019-01-01 0:00).partial_cmp(&datetime!(2019-01-02 0:00)),
    |                                                 ^^^^^^^^

error: cannot find macro `datetime` in this scope
   --> tests/integration/primitive_date_time.rs:438:9
    |
438 |         datetime!(2019-01-01 0:00).partial_cmp(&datetime!(2019-01-01 1:00)),
    |         ^^^^^^^^

error: cannot find macro `datetime` in this scope
   --> tests/integration/primitive_date_time.rs:438:49
    |
438 |         datetime!(2019-01-01 0:00).partial_cmp(&datetime!(2019-01-01 1:00)),
    |                                                 ^^^^^^^^

error: cannot find macro `datetime` in this scope
   --> tests/integration/primitive_date_time.rs:442:9
    |
442 |         datetime!(2019-01-01 0:00).partial_cmp(&datetime!(2019-01-01 0:01)),
    |         ^^^^^^^^

error: cannot find macro `datetime` in this scope
   --> tests/integration/primitive_date_time.rs:442:49
    |
442 |         datetime!(2019-01-01 0:00).partial_cmp(&datetime!(2019-01-01 0:01)),
    |                                                 ^^^^^^^^

error: cannot find macro `datetime` in this scope
   --> tests/integration/primitive_date_time.rs:446:9
    |
446 |         datetime!(2019-01-01 0:00).partial_cmp(&datetime!(2019-01-01 0:00:01)),
    |         ^^^^^^^^

error: cannot find macro `datetime` in this scope
   --> tests/integration/primitive_date_time.rs:446:49
    |
446 |         datetime!(2019-01-01 0:00).partial_cmp(&datetime!(2019-01-01 0:00:01)),
    |                                                 ^^^^^^^^

error: cannot find macro `datetime` in this scope
   --> tests/integration/primitive_date_time.rs:450:9
    |
450 |         datetime!(2019-01-01 0:00).partial_cmp(&datetime!(2019-01-01 0:00:00.000_000_001)),
    |         ^^^^^^^^

error: cannot find macro `datetime` in this scope
   --> tests/integration/primitive_date_time.rs:450:49
    |
450 |         datetime!(2019-01-01 0:00).partial_cmp(&datetime!(2019-01-01 0:00:00.000_000_001)),
    |                                                 ^^^^^^^^

error: cannot find macro `datetime` in this scope
   --> tests/integration/primitive_date_time.rs:454:9
    |
454 |         datetime!(2020-01-01 0:00).partial_cmp(&datetime!(2019-01-01 0:00)),
    |         ^^^^^^^^

error: cannot find macro `datetime` in this scope
   --> tests/integration/primitive_date_time.rs:454:49
    |
454 |         datetime!(2020-01-01 0:00).partial_cmp(&datetime!(2019-01-01 0:00)),
    |                                                 ^^^^^^^^

error: cannot find macro `datetime` in this scope
   --> tests/integration/primitive_date_time.rs:458:9
    |
458 |         datetime!(2019-02-01 0:00).partial_cmp(&datetime!(2019-01-01 0:00)),
    |         ^^^^^^^^

error: cannot find macro `datetime` in this scope
   --> tests/integration/primitive_date_time.rs:458:49
    |
458 |         datetime!(2019-02-01 0:00).partial_cmp(&datetime!(2019-01-01 0:00)),
    |                                                 ^^^^^^^^

error: cannot find macro `datetime` in this scope
   --> tests/integration/primitive_date_time.rs:462:9
    |
462 |         datetime!(2019-01-02 0:00).partial_cmp(&datetime!(2019-01-01 0:00)),
    |         ^^^^^^^^

error: cannot find macro `datetime` in this scope
   --> tests/integration/primitive_date_time.rs:462:49
    |
462 |         datetime!(2019-01-02 0:00).partial_cmp(&datetime!(2019-01-01 0:00)),
    |                                                 ^^^^^^^^

error: cannot find macro `datetime` in this scope
   --> tests/integration/primitive_date_time.rs:466:9
    |
466 |         datetime!(2019-01-01 1:00).partial_cmp(&datetime!(2019-01-01 0:00)),
    |         ^^^^^^^^

error: cannot find macro `datetime` in this scope
   --> tests/integration/primitive_date_time.rs:466:49
    |
466 |         datetime!(2019-01-01 1:00).partial_cmp(&datetime!(2019-01-01 0:00)),
    |                                                 ^^^^^^^^

error: cannot find macro `datetime` in this scope
   --> tests/integration/primitive_date_time.rs:470:9
    |
470 |         datetime!(2019-01-01 0:01).partial_cmp(&datetime!(2019-01-01 0:00)),
    |         ^^^^^^^^

error: cannot find macro `datetime` in this scope
   --> tests/integration/primitive_date_time.rs:470:49
    |
470 |         datetime!(2019-01-01 0:01).partial_cmp(&datetime!(2019-01-01 0:00)),
    |                                                 ^^^^^^^^

error: cannot find macro `datetime` in this scope
   --> tests/integration/primitive_date_time.rs:474:9
    |
474 |         datetime!(2019-01-01 0:00:01).partial_cmp(&datetime!(2019-01-01 0:00)),
    |         ^^^^^^^^

error: cannot find macro `datetime` in this scope
   --> tests/integration/primitive_date_time.rs:474:52
    |
474 |         datetime!(2019-01-01 0:00:01).partial_cmp(&datetime!(2019-01-01 0:00)),
    |                                                    ^^^^^^^^

error: cannot find macro `datetime` in this scope
   --> tests/integration/primitive_date_time.rs:478:9
    |
478 |         datetime!(2019-01-01 0:00:00.000_000_001).partial_cmp(&datetime!(2019-01-01 0:00)),
    |         ^^^^^^^^

error: cannot find macro `datetime` in this scope
   --> tests/integration/primitive_date_time.rs:478:64
    |
478 |         datetime!(2019-01-01 0:00:00.000_000_001).partial_cmp(&datetime!(2019-01-01 0:00)),
    |                                                                ^^^^^^^^

error: cannot find macro `datetime` in this scope
   --> tests/integration/primitive_date_time.rs:487:9
    |
487 |         datetime!(2021 - 10 - 25 14:01:53.45).checked_add(5.nanoseconds()),
    |         ^^^^^^^^

error: cannot find macro `datetime` in this scope
   --> tests/integration/primitive_date_time.rs:488:14
    |
488 |         Some(datetime!(2021 - 10 - 25 14:01:53.450_000_005))
    |              ^^^^^^^^

error: cannot find macro `datetime` in this scope
   --> tests/integration/primitive_date_time.rs:491:9
    |
491 |         datetime!(2021 - 10 - 25 14:01:53.45).checked_add(4.seconds()),
    |         ^^^^^^^^

error: cannot find macro `datetime` in this scope
   --> tests/integration/primitive_date_time.rs:492:14
    |
492 |         Some(datetime!(2021 - 10 - 25 14:01:57.45))
    |              ^^^^^^^^

error: cannot find macro `datetime` in this scope
   --> tests/integration/primitive_date_time.rs:495:9
    |
495 |         datetime!(2021 - 10 - 25 14:01:53.45).checked_add(2.days()),
    |         ^^^^^^^^

error: cannot find macro `datetime` in this scope
   --> tests/integration/primitive_date_time.rs:496:14
    |
496 |         Some(datetime!(2021 - 10 - 27 14:01:53.45))
    |              ^^^^^^^^

error: cannot find macro `datetime` in this scope
   --> tests/integration/primitive_date_time.rs:499:9
    |
499 |         datetime!(2021 - 10 - 25 14:01:53.45).checked_add(1.weeks()),
    |         ^^^^^^^^

error: cannot find macro `datetime` in this scope
   --> tests/integration/primitive_date_time.rs:500:14
    |
500 |         Some(datetime!(2021 - 11 - 01 14:01:53.45))
    |              ^^^^^^^^

error: cannot find macro `datetime` in this scope
   --> tests/integration/primitive_date_time.rs:503:9
    |
503 |         datetime!(2021 - 10 - 25 14:01:53.45).checked_add((-5).nanoseconds()),
    |         ^^^^^^^^

error: cannot find macro `datetime` in this scope
   --> tests/integration/primitive_date_time.rs:504:14
    |
504 |         Some(datetime!(2021 - 10 - 25 14:01:53.449_999_995))
    |              ^^^^^^^^

error: cannot find macro `datetime` in this scope
   --> tests/integration/primitive_date_time.rs:507:9
    |
507 |         datetime!(2021 - 10 - 25 14:01:53.45).checked_add((-4).seconds()),
    |         ^^^^^^^^

error: cannot find macro `datetime` in this scope
   --> tests/integration/primitive_date_time.rs:508:14
    |
508 |         Some(datetime!(2021 - 10 - 25 14:01:49.45))
    |              ^^^^^^^^

error: cannot find macro `datetime` in this scope
   --> tests/integration/primitive_date_time.rs:511:9
    |
511 |         datetime!(2021 - 10 - 25 14:01:53.45).checked_add((-2).days()),
    |         ^^^^^^^^

error: cannot find macro `datetime` in this scope
   --> tests/integration/primitive_date_time.rs:512:14
    |
512 |         Some(datetime!(2021 - 10 - 23 14:01:53.45))
    |              ^^^^^^^^

error: cannot find macro `datetime` in this scope
   --> tests/integration/primitive_date_time.rs:515:9
    |
515 |         datetime!(2021 - 10 - 25 14:01:53.45).checked_add((-1).weeks()),
    |         ^^^^^^^^

error: cannot find macro `datetime` in this scope
   --> tests/integration/primitive_date_time.rs:516:14
    |
516 |         Some(datetime!(2021 - 10 - 18 14:01:53.45))
    |              ^^^^^^^^

error: cannot find macro `datetime` in this scope
   --> tests/integration/primitive_date_time.rs:521:9
    |
521 |         datetime!(-999_999 - 01 - 01 0:00).checked_add((-1).nanoseconds()),
    |         ^^^^^^^^

error: cannot find macro `datetime` in this scope
   --> tests/integration/primitive_date_time.rs:525:9
    |
525 |         datetime!(-999_999 - 01 - 01 0:00).checked_add(Duration::MIN),
    |         ^^^^^^^^

error: cannot find macro `datetime` in this scope
   --> tests/integration/primitive_date_time.rs:529:9
    |
529 |         datetime!(-999_990 - 01 - 01 0:00).checked_add((-530).weeks()),
    |         ^^^^^^^^

error: cannot find macro `datetime` in this scope
   --> tests/integration/primitive_date_time.rs:535:9
    |
535 |         datetime!(+999_999 - 12 - 31 23:59:59.999_999_999).checked_add(1.nanoseconds()),
    |         ^^^^^^^^

error: cannot find macro `datetime` in this scope
   --> tests/integration/primitive_date_time.rs:539:9
    |
539 |         datetime!(+999_999 - 12 - 31 23:59:59.999_999_999).checked_add(Duration::MAX),
    |         ^^^^^^^^

error: cannot find macro `datetime` in this scope
   --> tests/integration/primitive_date_time.rs:543:9
    |
543 |         datetime!(+999_990 - 12 - 31 23:59:59.999_999_999).checked_add(530.weeks()),
    |         ^^^^^^^^

error: cannot find macro `datetime` in this scope
   --> tests/integration/primitive_date_time.rs:552:9
    |
552 |         datetime!(2021 - 10 - 25 14:01:53.45).checked_sub((-5).nanoseconds()),
    |         ^^^^^^^^

error: cannot find macro `datetime` in this scope
   --> tests/integration/primitive_date_time.rs:553:14
    |
553 |         Some(datetime!(2021 - 10 - 25 14:01:53.450_000_005))
    |              ^^^^^^^^

error: cannot find macro `datetime` in this scope
   --> tests/integration/primitive_date_time.rs:556:9
    |
556 |         datetime!(2021 - 10 - 25 14:01:53.45).checked_sub((-4).seconds()),
    |         ^^^^^^^^

error: cannot find macro `datetime` in this scope
   --> tests/integration/primitive_date_time.rs:557:14
    |
557 |         Some(datetime!(2021 - 10 - 25 14:01:57.45))
    |              ^^^^^^^^

error: cannot find macro `datetime` in this scope
   --> tests/integration/primitive_date_time.rs:560:9
    |
560 |         datetime!(2021 - 10 - 25 14:01:53.45).checked_sub((-2).days()),
    |         ^^^^^^^^

error: cannot find macro `datetime` in this scope
   --> tests/integration/primitive_date_time.rs:561:14
    |
561 |         Some(datetime!(2021 - 10 - 27 14:01:53.45))
    |              ^^^^^^^^

error: cannot find macro `datetime` in this scope
   --> tests/integration/primitive_date_time.rs:564:9
    |
564 |         datetime!(2021 - 10 - 25 14:01:53.45).checked_sub((-1).weeks()),
    |         ^^^^^^^^

error: cannot find macro `datetime` in this scope
   --> tests/integration/primitive_date_time.rs:565:14
    |
565 |         Some(datetime!(2021 - 11 - 01 14:01:53.45))
    |              ^^^^^^^^

error: cannot find macro `datetime` in this scope
   --> tests/integration/primitive_date_time.rs:568:9
    |
568 |         datetime!(2021 - 10 - 25 14:01:53.45).checked_sub(5.nanoseconds()),
    |         ^^^^^^^^

error: cannot find macro `datetime` in this scope
   --> tests/integration/primitive_date_time.rs:569:14
    |
569 |         Some(datetime!(2021 - 10 - 25 14:01:53.449_999_995))
    |              ^^^^^^^^

error: cannot find macro `datetime` in this scope
   --> tests/integration/primitive_date_time.rs:572:9
    |
572 |         datetime!(2021 - 10 - 25 14:01:53.45).checked_sub(4.seconds()),
    |         ^^^^^^^^

error: cannot find macro `datetime` in this scope
   --> tests/integration/primitive_date_time.rs:573:14
    |
573 |         Some(datetime!(2021 - 10 - 25 14:01:49.45))
    |              ^^^^^^^^

error: cannot find macro `datetime` in this scope
   --> tests/integration/primitive_date_time.rs:576:9
    |
576 |         datetime!(2021 - 10 - 25 14:01:53.45).checked_sub(2.days()),
    |         ^^^^^^^^

error: cannot find macro `datetime` in this scope
   --> tests/integration/primitive_date_time.rs:577:14
    |
577 |         Some(datetime!(2021 - 10 - 23 14:01:53.45))
    |              ^^^^^^^^

error: cannot find macro `datetime` in this scope
   --> tests/integration/primitive_date_time.rs:580:9
    |
580 |         datetime!(2021 - 10 - 25 14:01:53.45).checked_sub(1.weeks()),
    |         ^^^^^^^^

error: cannot find macro `datetime` in this scope
   --> tests/integration/primitive_date_time.rs:581:14
    |
581 |         Some(datetime!(2021 - 10 - 18 14:01:53.45))
    |              ^^^^^^^^

error: cannot find macro `datetime` in this scope
   --> tests/integration/primitive_date_time.rs:586:9
    |
586 |         datetime!(-999_999 - 01 - 01 0:00).checked_sub(1.nanoseconds()),
    |         ^^^^^^^^

error: cannot find macro `datetime` in this scope
   --> tests/integration/primitive_date_time.rs:590:9
    |
590 |         datetime!(-999_999 - 01 - 01 0:00).checked_sub(Duration::MAX),
    |         ^^^^^^^^

error: cannot find macro `datetime` in this scope
   --> tests/integration/primitive_date_time.rs:594:9
    |
594 |         datetime!(-999_990 - 01 - 01 0:00).checked_sub(530.weeks()),
    |         ^^^^^^^^

error: cannot find macro `datetime` in this scope
   --> tests/integration/primitive_date_time.rs:600:9
    |
600 |         datetime!(+999_999 - 12 - 31 23:59:59.999_999_999).checked_sub((-1).nanoseconds()),
    |         ^^^^^^^^

error: cannot find macro `datetime` in this scope
   --> tests/integration/primitive_date_time.rs:604:9
    |
604 |         datetime!(+999_999 - 12 - 31 23:59:59.999_999_999).checked_sub(Duration::MIN),
    |         ^^^^^^^^

error: cannot find macro `datetime` in this scope
   --> tests/integration/primitive_date_time.rs:608:9
    |
608 |         datetime!(+999_990 - 12 - 31 23:59:59.999_999_999).checked_sub((-530).weeks()),
    |         ^^^^^^^^

error: cannot find macro `datetime` in this scope
   --> tests/integration/primitive_date_time.rs:616:9
    |
616 |         datetime!(2021 - 11 - 12 17:47).saturating_add(2.days()),
    |         ^^^^^^^^

error: cannot find macro `datetime` in this scope
   --> tests/integration/primitive_date_time.rs:617:9
    |
617 |         datetime!(2021 - 11 - 14 17:47)
    |         ^^^^^^^^

error: cannot find macro `datetime` in this scope
   --> tests/integration/primitive_date_time.rs:620:9
    |
620 |         datetime!(2021 - 11 - 12 17:47).saturating_add((-2).days()),
    |         ^^^^^^^^

error: cannot find macro `datetime` in this scope
   --> tests/integration/primitive_date_time.rs:621:9
    |
621 |         datetime!(2021 - 11 - 10 17:47)
    |         ^^^^^^^^

error: cannot find macro `datetime` in this scope
   --> tests/integration/primitive_date_time.rs:650:9
    |
650 |         datetime!(2021 - 11 - 12 17:47).saturating_sub(2.days()),
    |         ^^^^^^^^

error: cannot find macro `datetime` in this scope
   --> tests/integration/primitive_date_time.rs:651:9
    |
651 |         datetime!(2021 - 11 - 10 17:47)
    |         ^^^^^^^^

error: cannot find macro `datetime` in this scope
   --> tests/integration/primitive_date_time.rs:654:9
    |
654 |         datetime!(2021 - 11 - 12 17:47).saturating_sub((-2).days()),
    |         ^^^^^^^^

error: cannot find macro `datetime` in this scope
   --> tests/integration/primitive_date_time.rs:655:9
    |
655 |         datetime!(2021 - 11 - 14 17:47)
    |         ^^^^^^^^

error: cannot determine resolution for the macro `quickcheck`
  --> tests/integration/quickcheck.rs:31:1
   |
31 | quickcheck! {
   | ^^^^^^^^^^
   |
   = note: import resolution is stuck, try simplifying macro imports

error: cannot determine resolution for the macro `quickcheck`
   --> tests/integration/quickcheck.rs:10:9
    |
10  |         quickcheck! {
    |         ^^^^^^^^^^
...
113 | test_shrink!(Date, date_can_shrink_year, year());
    | ------------------------------------------------ in this macro invocation
    |
    = note: import resolution is stuck, try simplifying macro imports
    = note: this error originates in the macro `test_shrink` (in Nightly builds, run with -Z macro-backtrace for more info)

error: cannot determine resolution for the macro `quickcheck`
   --> tests/integration/quickcheck.rs:10:9
    |
10  |         quickcheck! {
    |         ^^^^^^^^^^
...
114 | test_shrink!(Date, date_can_shrink_ordinal, ordinal(), min = 1);
    | --------------------------------------------------------------- in this macro invocation
    |
    = note: import resolution is stuck, try simplifying macro imports
    = note: this error originates in the macro `test_shrink` (in Nightly builds, run with -Z macro-backtrace for more info)

error: cannot determine resolution for the macro `quickcheck`
   --> tests/integration/quickcheck.rs:10:9
    |
10  |         quickcheck! {
    |         ^^^^^^^^^^
...
116 | test_shrink!(Duration, duration_can_shrink_seconds, whole_seconds());
    | -------------------------------------------------------------------- in this macro invocation
    |
    = note: import resolution is stuck, try simplifying macro imports
    = note: this error originates in the macro `test_shrink` (in Nightly builds, run with -Z macro-backtrace for more info)

error: cannot determine resolution for the macro `quickcheck`
   --> tests/integration/quickcheck.rs:10:9
    |
10  |         quickcheck! {
    |         ^^^^^^^^^^
...
117 | test_shrink!(Duration, duration_can_shrink_ns, subsec_nanoseconds());
    | -------------------------------------------------------------------- in this macro invocation
    |
    = note: import resolution is stuck, try simplifying macro imports
    = note: this error originates in the macro `test_shrink` (in Nightly builds, run with -Z macro-backtrace for more info)

error: cannot determine resolution for the macro `quickcheck`
   --> tests/integration/quickcheck.rs:10:9
    |
10  |         quickcheck! {
    |         ^^^^^^^^^^
...
119 | test_shrink!(Time, time_can_shrink_hour, hour());
    | ------------------------------------------------ in this macro invocation
    |
    = note: import resolution is stuck, try simplifying macro imports
    = note: this error originates in the macro `test_shrink` (in Nightly builds, run with -Z macro-backtrace for more info)

error: cannot determine resolution for the macro `quickcheck`
   --> tests/integration/quickcheck.rs:10:9
    |
10  |         quickcheck! {
    |         ^^^^^^^^^^
...
120 | test_shrink!(Time, time_can_shrink_minute, minute());
    | ---------------------------------------------------- in this macro invocation
    |
    = note: import resolution is stuck, try simplifying macro imports
    = note: this error originates in the macro `test_shrink` (in Nightly builds, run with -Z macro-backtrace for more info)

error: cannot determine resolution for the macro `quickcheck`
   --> tests/integration/quickcheck.rs:10:9
    |
10  |         quickcheck! {
    |         ^^^^^^^^^^
...
121 | test_shrink!(Time, time_can_shrink_second, second());
    | ---------------------------------------------------- in this macro invocation
    |
    = note: import resolution is stuck, try simplifying macro imports
    = note: this error originates in the macro `test_shrink` (in Nightly builds, run with -Z macro-backtrace for more info)

error: cannot determine resolution for the macro `quickcheck`
   --> tests/integration/quickcheck.rs:10:9
    |
10  |         quickcheck! {
    |         ^^^^^^^^^^
...
122 | test_shrink!(Time, time_can_shrink_nanosecond, nanosecond());
    | ------------------------------------------------------------ in this macro invocation
    |
    = note: import resolution is stuck, try simplifying macro imports
    = note: this error originates in the macro `test_shrink` (in Nightly builds, run with -Z macro-backtrace for more info)

error: cannot determine resolution for the macro `quickcheck`
   --> tests/integration/quickcheck.rs:10:9
    |
10  |           quickcheck! {
    |           ^^^^^^^^^^
...
124 | / test_shrink!(
125 | |     PrimitiveDateTime,
126 | |     primitive_date_time_can_shrink_year,
127 | |     year()
128 | | );
    | |_- in this macro invocation
    |
    = note: import resolution is stuck, try simplifying macro imports
    = note: this error originates in the macro `test_shrink` (in Nightly builds, run with -Z macro-backtrace for more info)

error: cannot determine resolution for the macro `quickcheck`
   --> tests/integration/quickcheck.rs:10:9
    |
10  |           quickcheck! {
    |           ^^^^^^^^^^
...
129 | / test_shrink!(
130 | |     PrimitiveDateTime,
131 | |     primitive_date_time_can_shrink_ordinal,
132 | |     ordinal(),
133 | |     min = 1
134 | | );
    | |_- in this macro invocation
    |
    = note: import resolution is stuck, try simplifying macro imports
    = note: this error originates in the macro `test_shrink` (in Nightly builds, run with -Z macro-backtrace for more info)

error: cannot determine resolution for the macro `quickcheck`
   --> tests/integration/quickcheck.rs:10:9
    |
10  |           quickcheck! {
    |           ^^^^^^^^^^
...
135 | / test_shrink!(
136 | |     PrimitiveDateTime,
137 | |     primitive_date_time_can_shrink_hour,
138 | |     hour()
139 | | );
    | |_- in this macro invocation
    |
    = note: import resolution is stuck, try simplifying macro imports
    = note: this error originates in the macro `test_shrink` (in Nightly builds, run with -Z macro-backtrace for more info)

error: cannot determine resolution for the macro `quickcheck`
   --> tests/integration/quickcheck.rs:10:9
    |
10  |           quickcheck! {
    |           ^^^^^^^^^^
...
140 | / test_shrink!(
141 | |     PrimitiveDateTime,
142 | |     primitive_date_time_can_shrink_minute,
143 | |     minute()
144 | | );
    | |_- in this macro invocation
    |
    = note: import resolution is stuck, try simplifying macro imports
    = note: this error originates in the macro `test_shrink` (in Nightly builds, run with -Z macro-backtrace for more info)

error: cannot determine resolution for the macro `quickcheck`
   --> tests/integration/quickcheck.rs:10:9
    |
10  |           quickcheck! {
    |           ^^^^^^^^^^
...
145 | / test_shrink!(
146 | |     PrimitiveDateTime,
147 | |     primitive_date_time_can_shrink_second,
148 | |     second()
149 | | );
    | |_- in this macro invocation
    |
    = note: import resolution is stuck, try simplifying macro imports
    = note: this error originates in the macro `test_shrink` (in Nightly builds, run with -Z macro-backtrace for more info)

error: cannot determine resolution for the macro `quickcheck`
   --> tests/integration/quickcheck.rs:10:9
    |
10  |           quickcheck! {
    |           ^^^^^^^^^^
...
150 | / test_shrink!(
151 | |     PrimitiveDateTime,
152 | |     primitive_date_time_can_shrink_nanosecond,
153 | |     nanosecond()
154 | | );
    | |_- in this macro invocation
    |
    = note: import resolution is stuck, try simplifying macro imports
    = note: this error originates in the macro `test_shrink` (in Nightly builds, run with -Z macro-backtrace for more info)

error: cannot determine resolution for the macro `quickcheck`
   --> tests/integration/quickcheck.rs:10:9
    |
10  |         quickcheck! {
    |         ^^^^^^^^^^
...
156 | test_shrink!(UtcOffset, utc_offset_can_shrink, whole_seconds());
    | --------------------------------------------------------------- in this macro invocation
    |
    = note: import resolution is stuck, try simplifying macro imports
    = note: this error originates in the macro `test_shrink` (in Nightly builds, run with -Z macro-backtrace for more info)

error: cannot determine resolution for the macro `quickcheck`
   --> tests/integration/quickcheck.rs:10:9
    |
10  |           quickcheck! {
    |           ^^^^^^^^^^
...
158 | / test_shrink!(
159 | |     OffsetDateTime,
160 | |     offset_date_time_can_shrink_offset,
161 | |     offset().whole_seconds()
162 | | );
    | |_- in this macro invocation
    |
    = note: import resolution is stuck, try simplifying macro imports
    = note: this error originates in the macro `test_shrink` (in Nightly builds, run with -Z macro-backtrace for more info)

error: cannot determine resolution for the macro `quickcheck`
   --> tests/integration/quickcheck.rs:10:9
    |
10  |         quickcheck! {
    |         ^^^^^^^^^^
...
163 | test_shrink!(OffsetDateTime, offset_date_time_can_shrink_year, year());
    | ---------------------------------------------------------------------- in this macro invocation
    |
    = note: import resolution is stuck, try simplifying macro imports
    = note: this error originates in the macro `test_shrink` (in Nightly builds, run with -Z macro-backtrace for more info)

error: cannot determine resolution for the macro `quickcheck`
   --> tests/integration/quickcheck.rs:10:9
    |
10  |           quickcheck! {
    |           ^^^^^^^^^^
...
164 | / test_shrink!(
165 | |     OffsetDateTime,
166 | |     offset_date_time_can_shrink_ordinal,
167 | |     ordinal(),
168 | |     min = 1
169 | | );
    | |_- in this macro invocation
    |
    = note: import resolution is stuck, try simplifying macro imports
    = note: this error originates in the macro `test_shrink` (in Nightly builds, run with -Z macro-backtrace for more info)

error: cannot determine resolution for the macro `quickcheck`
   --> tests/integration/quickcheck.rs:10:9
    |
10  |         quickcheck! {
    |         ^^^^^^^^^^
...
170 | test_shrink!(OffsetDateTime, offset_date_time_can_shrink_hour, hour());
    | ---------------------------------------------------------------------- in this macro invocation
    |
    = note: import resolution is stuck, try simplifying macro imports
    = note: this error originates in the macro `test_shrink` (in Nightly builds, run with -Z macro-backtrace for more info)

error: cannot determine resolution for the macro `quickcheck`
   --> tests/integration/quickcheck.rs:10:9
    |
10  |         quickcheck! {
    |         ^^^^^^^^^^
...
171 | test_shrink!(OffsetDateTime, offset_date_time_can_shrink_minute, minute());
    | -------------------------------------------------------------------------- in this macro invocation
    |
    = note: import resolution is stuck, try simplifying macro imports
    = note: this error originates in the macro `test_shrink` (in Nightly builds, run with -Z macro-backtrace for more info)

error: cannot determine resolution for the macro `quickcheck`
   --> tests/integration/quickcheck.rs:10:9
    |
10  |         quickcheck! {
    |         ^^^^^^^^^^
...
172 | test_shrink!(OffsetDateTime, offset_date_time_can_shrink_second, second());
    | -------------------------------------------------------------------------- in this macro invocation
    |
    = note: import resolution is stuck, try simplifying macro imports
    = note: this error originates in the macro `test_shrink` (in Nightly builds, run with -Z macro-backtrace for more info)

error: cannot determine resolution for the macro `quickcheck`
   --> tests/integration/quickcheck.rs:10:9
    |
10  |           quickcheck! {
    |           ^^^^^^^^^^
...
173 | / test_shrink!(
174 | |     OffsetDateTime,
175 | |     offset_date_time_can_shrink_nanosecond,
176 | |     nanosecond()
177 | | );
    | |_- in this macro invocation
    |
    = note: import resolution is stuck, try simplifying macro imports
    = note: this error originates in the macro `test_shrink` (in Nightly builds, run with -Z macro-backtrace for more info)

error: cannot determine resolution for the macro `time`
  --> tests/integration/serde.rs:19:10
   |
19 |         &time!(23:58:59.123_456_789).compact(),
   |          ^^^^
   |
   = note: import resolution is stuck, try simplifying macro imports

error: cannot determine resolution for the macro `time`
  --> tests/integration/serde.rs:34:10
   |
34 |         &time!(23:58:59.123_456_789).readable(),
   |          ^^^^
   |
   = note: import resolution is stuck, try simplifying macro imports

error: cannot find macro `date` in this scope
   --> tests/integration/serde.rs:109:10
    |
109 |         &date!(-9999 - 001).compact(),
    |          ^^^^
    |
    = note: `date` is in scope, but it is a function, not a macro

error: cannot find macro `date` in this scope
   --> tests/integration/serde.rs:118:10
    |
118 |         &date!(+9999-365).compact(),
    |          ^^^^
    |
    = note: `date` is in scope, but it is a function, not a macro

error: cannot find macro `date` in this scope
   --> tests/integration/serde.rs:127:10
    |
127 |         &date!(-9999 - 001).readable(),
    |          ^^^^
    |
    = note: `date` is in scope, but it is a function, not a macro

error: cannot find macro `date` in this scope
   --> tests/integration/serde.rs:131:10
    |
131 |         &date!(+9999-365).readable(),
    |          ^^^^
    |
    = note: `date` is in scope, but it is a function, not a macro

error: cannot find macro `datetime` in this scope
   --> tests/integration/serde.rs:160:10
    |
160 |         &datetime!(-9999-001 0:00).compact(),
    |          ^^^^^^^^

error: cannot find macro `datetime` in this scope
   --> tests/integration/serde.rs:173:10
    |
173 |         &datetime!(+9999-365 23:58:59.123_456_789).compact(),
    |          ^^^^^^^^

error: cannot find macro `datetime` in this scope
   --> tests/integration/serde.rs:186:10
    |
186 |         &datetime!(-9999-001 0:00).readable(),
    |          ^^^^^^^^

error: cannot find macro `datetime` in this scope
   --> tests/integration/serde.rs:190:10
    |
190 |         &datetime!(+9999-365 23:58:59.123_456_789).readable(),
    |          ^^^^^^^^

error: cannot find macro `datetime` in this scope
   --> tests/integration/serde.rs:290:10
    |
290 |         &datetime!(-9999-001 0:00 UTC)
    |          ^^^^^^^^

error: cannot find macro `offset` in this scope
   --> tests/integration/serde.rs:291:24
    |
291 |             .to_offset(offset!(+23:58:59))
    |                        ^^^^^^

error: cannot find macro `datetime` in this scope
   --> tests/integration/serde.rs:308:10
    |
308 |         &datetime!(+9999-365 23:58:59.123_456_789 UTC)
    |          ^^^^^^^^

error: cannot find macro `offset` in this scope
   --> tests/integration/serde.rs:309:24
    |
309 |             .to_offset(offset!(-23:58:59))
    |                        ^^^^^^

error: cannot find macro `datetime` in this scope
   --> tests/integration/serde.rs:326:10
    |
326 |         &datetime!(-9999-001 0:00 UTC)
    |          ^^^^^^^^

error: cannot find macro `offset` in this scope
   --> tests/integration/serde.rs:327:24
    |
327 |             .to_offset(offset!(+23:58:59))
    |                        ^^^^^^

error: cannot find macro `datetime` in this scope
   --> tests/integration/serde.rs:332:10
    |
332 |         &datetime!(+9999-365 23:58:59.123_456_789 UTC)
    |          ^^^^^^^^

error: cannot find macro `offset` in this scope
   --> tests/integration/serde.rs:333:24
    |
333 |             .to_offset(offset!(-23:58:59))
    |                        ^^^^^^

error: cannot find macro `offset` in this scope
   --> tests/integration/serde.rs:500:10
    |
500 |         &offset!(-23:58:59).compact(),
    |          ^^^^^^

error: cannot find macro `offset` in this scope
   --> tests/integration/serde.rs:510:10
    |
510 |         &offset!(+23:58:59).compact(),
    |          ^^^^^^

error: cannot find macro `offset` in this scope
   --> tests/integration/serde.rs:520:10
    |
520 |         &offset!(-23:58:59).readable(),
    |          ^^^^^^

error: cannot find macro `offset` in this scope
   --> tests/integration/serde.rs:524:10
    |
524 |         &offset!(+23:58:59).readable(),
    |          ^^^^^^

error: cannot determine resolution for the macro `datetime`
  --> tests/integration/serde_helpers.rs:23:13
   |
23 |             datetime!(2021-01-02 03:04:05 UTC),
   |             ^^^^^^^^
   |
   = note: import resolution is stuck, try simplifying macro imports

error: cannot determine resolution for the macro `datetime`
  --> tests/integration/serde_helpers.rs:24:18
   |
24 |             Some(datetime!(2021-01-02 03:04:05 UTC)),
   |                  ^^^^^^^^
   |
   = note: import resolution is stuck, try simplifying macro imports

error: cannot determine resolution for the macro `datetime`
  --> tests/integration/serde_helpers.rs:26:13
   |
26 |             datetime!(2021-01-02 03:04:05 UTC),
   |             ^^^^^^^^
   |
   = note: import resolution is stuck, try simplifying macro imports

error: cannot determine resolution for the macro `datetime`
  --> tests/integration/serde_helpers.rs:27:18
   |
27 |             Some(datetime!(2021-01-02 03:04:05 UTC)),
   |                  ^^^^^^^^
   |
   = note: import resolution is stuck, try simplifying macro imports

error: cannot determine resolution for the macro `datetime`
  --> tests/integration/serde_helpers.rs:29:13
   |
29 |             datetime!(2021-01-02 03:04:05 UTC),
   |             ^^^^^^^^
   |
   = note: import resolution is stuck, try simplifying macro imports

error: cannot determine resolution for the macro `datetime`
  --> tests/integration/serde_helpers.rs:30:18
   |
30 |             Some(datetime!(2021-01-02 03:04:05 UTC)),
   |                  ^^^^^^^^
   |
   = note: import resolution is stuck, try simplifying macro imports

error: cannot determine resolution for the macro `datetime`
  --> tests/integration/serde_helpers.rs:66:13
   |
66 |             datetime!(2021-01-02 03:04:05 +0:00:01),
   |             ^^^^^^^^
   |
   = note: import resolution is stuck, try simplifying macro imports

error: cannot determine resolution for the macro `datetime`
  --> tests/integration/serde_helpers.rs:67:18
   |
67 |             Some(datetime!(2021-01-02 03:04:05 UTC)),
   |                  ^^^^^^^^
   |
   = note: import resolution is stuck, try simplifying macro imports

error: cannot determine resolution for the macro `datetime`
  --> tests/integration/serde_helpers.rs:78:13
   |
78 |             datetime!(2021-01-02 03:04:05 UTC),
   |             ^^^^^^^^
   |
   = note: import resolution is stuck, try simplifying macro imports

error: cannot determine resolution for the macro `datetime`
  --> tests/integration/serde_helpers.rs:79:18
   |
79 |             Some(datetime!(2021-01-02 03:04:05 +0:00:01)),
   |                  ^^^^^^^^
   |
   = note: import resolution is stuck, try simplifying macro imports

error: cannot determine resolution for the macro `datetime`
   --> tests/integration/serde_helpers.rs:137:13
    |
137 |             datetime!(2021-01-02 03:04:05 +0:00:01),
    |             ^^^^^^^^
    |
    = note: import resolution is stuck, try simplifying macro imports

error: cannot determine resolution for the macro `datetime`
   --> tests/integration/serde_helpers.rs:138:18
    |
138 |             Some(datetime!(2021-01-02 03:04:05 UTC)),
    |                  ^^^^^^^^
    |
    = note: import resolution is stuck, try simplifying macro imports

error: cannot determine resolution for the macro `datetime`
   --> tests/integration/serde_helpers.rs:149:13
    |
149 |             datetime!(2021-01-02 03:04:05 UTC),
    |             ^^^^^^^^
    |
    = note: import resolution is stuck, try simplifying macro imports

error: cannot determine resolution for the macro `datetime`
   --> tests/integration/serde_helpers.rs:150:18
    |
150 |             Some(datetime!(2021-01-02 03:04:05 +0:00:01)),
    |                  ^^^^^^^^
    |
    = note: import resolution is stuck, try simplifying macro imports

error: cannot determine resolution for the macro `time`
  --> tests/integration/time.rs:68:16
   |
68 |     assert_eq!(time!(1:02:03).as_hms(), (1, 2, 3));
   |                ^^^^
   |
   = note: import resolution is stuck, try simplifying macro imports

error: cannot determine resolution for the macro `time`
  --> tests/integration/time.rs:73:16
   |
73 |     assert_eq!(time!(1:02:03.004).as_hms_milli(), (1, 2, 3, 4));
   |                ^^^^
   |
   = note: import resolution is stuck, try simplifying macro imports

error: cannot determine resolution for the macro `time`
  --> tests/integration/time.rs:78:16
   |
78 |     assert_eq!(time!(1:02:03.004_005).as_hms_micro(), (1, 2, 3, 4_005));
   |                ^^^^
   |
   = note: import resolution is stuck, try simplifying macro imports

error: cannot determine resolution for the macro `time`
  --> tests/integration/time.rs:84:9
   |
84 |         time!(1:02:03.004_005_006).as_hms_nano(),
   |         ^^^^
   |
   = note: import resolution is stuck, try simplifying macro imports

error: cannot determine resolution for the macro `time`
   --> tests/integration/time.rs:151:16
    |
151 |     assert_eq!(time!(0:00) + 1.seconds(), time!(0:00:01));
    |                ^^^^
    |
    = note: import resolution is stuck, try simplifying macro imports

error: cannot determine resolution for the macro `time`
   --> tests/integration/time.rs:151:43
    |
151 |     assert_eq!(time!(0:00) + 1.seconds(), time!(0:00:01));
    |                                           ^^^^
    |
    = note: import resolution is stuck, try simplifying macro imports

error: cannot determine resolution for the macro `time`
   --> tests/integration/time.rs:152:16
    |
152 |     assert_eq!(time!(0:00) + 1.minutes(), time!(0:01));
    |                ^^^^
    |
    = note: import resolution is stuck, try simplifying macro imports

error: cannot determine resolution for the macro `time`
   --> tests/integration/time.rs:152:43
    |
152 |     assert_eq!(time!(0:00) + 1.minutes(), time!(0:01));
    |                                           ^^^^
    |
    = note: import resolution is stuck, try simplifying macro imports

error: cannot determine resolution for the macro `time`
   --> tests/integration/time.rs:153:16
    |
153 |     assert_eq!(time!(0:00) + 1.hours(), time!(1:00));
    |                ^^^^
    |
    = note: import resolution is stuck, try simplifying macro imports

error: cannot determine resolution for the macro `time`
   --> tests/integration/time.rs:153:41
    |
153 |     assert_eq!(time!(0:00) + 1.hours(), time!(1:00));
    |                                         ^^^^
    |
    = note: import resolution is stuck, try simplifying macro imports

error: cannot determine resolution for the macro `time`
   --> tests/integration/time.rs:154:16
    |
154 |     assert_eq!(time!(0:00) + 1.days(), time!(0:00));
    |                ^^^^
    |
    = note: import resolution is stuck, try simplifying macro imports

error: cannot determine resolution for the macro `time`
   --> tests/integration/time.rs:154:40
    |
154 |     assert_eq!(time!(0:00) + 1.days(), time!(0:00));
    |                                        ^^^^
    |
    = note: import resolution is stuck, try simplifying macro imports

error: cannot determine resolution for the macro `time`
   --> tests/integration/time.rs:159:20
    |
159 |     let mut time = time!(0:00);
    |                    ^^^^
    |
    = note: import resolution is stuck, try simplifying macro imports

error: cannot determine resolution for the macro `time`
   --> tests/integration/time.rs:162:22
    |
162 |     assert_eq!(time, time!(0:00:01));
    |                      ^^^^
    |
    = note: import resolution is stuck, try simplifying macro imports

error: cannot determine resolution for the macro `time`
   --> tests/integration/time.rs:165:22
    |
165 |     assert_eq!(time, time!(0:01:01));
    |                      ^^^^
    |
    = note: import resolution is stuck, try simplifying macro imports

error: cannot determine resolution for the macro `time`
   --> tests/integration/time.rs:168:22
    |
168 |     assert_eq!(time, time!(1:01:01));
    |                      ^^^^
    |
    = note: import resolution is stuck, try simplifying macro imports

error: cannot determine resolution for the macro `time`
   --> tests/integration/time.rs:171:22
    |
171 |     assert_eq!(time, time!(1:01:01));
    |                      ^^^^
    |
    = note: import resolution is stuck, try simplifying macro imports

error: cannot determine resolution for the macro `time`
   --> tests/integration/time.rs:176:16
    |
176 |     assert_eq!(time!(12:00) - 1.hours(), time!(11:00));
    |                ^^^^
    |
    = note: import resolution is stuck, try simplifying macro imports

error: cannot determine resolution for the macro `time`
   --> tests/integration/time.rs:176:42
    |
176 |     assert_eq!(time!(12:00) - 1.hours(), time!(11:00));
    |                                          ^^^^
    |
    = note: import resolution is stuck, try simplifying macro imports

error: cannot determine resolution for the macro `time`
   --> tests/integration/time.rs:179:16
    |
179 |     assert_eq!(time!(0:00) - 1.seconds(), time!(23:59:59));
    |                ^^^^
    |
    = note: import resolution is stuck, try simplifying macro imports

error: cannot determine resolution for the macro `time`
   --> tests/integration/time.rs:179:43
    |
179 |     assert_eq!(time!(0:00) - 1.seconds(), time!(23:59:59));
    |                                           ^^^^
    |
    = note: import resolution is stuck, try simplifying macro imports

error: cannot determine resolution for the macro `time`
   --> tests/integration/time.rs:180:16
    |
180 |     assert_eq!(time!(0:00) - 1.minutes(), time!(23:59));
    |                ^^^^
    |
    = note: import resolution is stuck, try simplifying macro imports

error: cannot determine resolution for the macro `time`
   --> tests/integration/time.rs:180:43
    |
180 |     assert_eq!(time!(0:00) - 1.minutes(), time!(23:59));
    |                                           ^^^^
    |
    = note: import resolution is stuck, try simplifying macro imports

error: cannot determine resolution for the macro `time`
   --> tests/integration/time.rs:181:16
    |
181 |     assert_eq!(time!(0:00) - 1.hours(), time!(23:00));
    |                ^^^^
    |
    = note: import resolution is stuck, try simplifying macro imports

error: cannot determine resolution for the macro `time`
   --> tests/integration/time.rs:181:41
    |
181 |     assert_eq!(time!(0:00) - 1.hours(), time!(23:00));
    |                                         ^^^^
    |
    = note: import resolution is stuck, try simplifying macro imports

error: cannot determine resolution for the macro `time`
   --> tests/integration/time.rs:182:16
    |
182 |     assert_eq!(time!(0:00) - 1.days(), time!(0:00));
    |                ^^^^
    |
    = note: import resolution is stuck, try simplifying macro imports

error: cannot determine resolution for the macro `time`
   --> tests/integration/time.rs:182:40
    |
182 |     assert_eq!(time!(0:00) - 1.days(), time!(0:00));
    |                                        ^^^^
    |
    = note: import resolution is stuck, try simplifying macro imports

error: cannot determine resolution for the macro `time`
   --> tests/integration/time.rs:187:20
    |
187 |     let mut time = time!(0:00);
    |                    ^^^^
    |
    = note: import resolution is stuck, try simplifying macro imports

error: cannot determine resolution for the macro `time`
   --> tests/integration/time.rs:190:22
    |
190 |     assert_eq!(time, time!(23:59:59));
    |                      ^^^^
    |
    = note: import resolution is stuck, try simplifying macro imports

error: cannot determine resolution for the macro `time`
   --> tests/integration/time.rs:193:22
    |
193 |     assert_eq!(time, time!(23:58:59));
    |                      ^^^^
    |
    = note: import resolution is stuck, try simplifying macro imports

error: cannot determine resolution for the macro `time`
   --> tests/integration/time.rs:196:22
    |
196 |     assert_eq!(time, time!(22:58:59));
    |                      ^^^^
    |
    = note: import resolution is stuck, try simplifying macro imports

error: cannot determine resolution for the macro `time`
   --> tests/integration/time.rs:199:22
    |
199 |     assert_eq!(time, time!(22:58:59));
    |                      ^^^^
    |
    = note: import resolution is stuck, try simplifying macro imports

error: cannot determine resolution for the macro `time`
   --> tests/integration/time.rs:204:16
    |
204 |     assert_eq!(time!(0:00) + 1.std_milliseconds(), time!(0:00:00.001));
    |                ^^^^
    |
    = note: import resolution is stuck, try simplifying macro imports

error: cannot determine resolution for the macro `time`
   --> tests/integration/time.rs:204:52
    |
204 |     assert_eq!(time!(0:00) + 1.std_milliseconds(), time!(0:00:00.001));
    |                                                    ^^^^
    |
    = note: import resolution is stuck, try simplifying macro imports

error: cannot determine resolution for the macro `time`
   --> tests/integration/time.rs:205:16
    |
205 |     assert_eq!(time!(0:00) + 1.std_seconds(), time!(0:00:01));
    |                ^^^^
    |
    = note: import resolution is stuck, try simplifying macro imports

error: cannot determine resolution for the macro `time`
   --> tests/integration/time.rs:205:47
    |
205 |     assert_eq!(time!(0:00) + 1.std_seconds(), time!(0:00:01));
    |                                               ^^^^
    |
    = note: import resolution is stuck, try simplifying macro imports

error: cannot determine resolution for the macro `time`
   --> tests/integration/time.rs:206:16
    |
206 |     assert_eq!(time!(0:00) + 1.std_minutes(), time!(0:01));
    |                ^^^^
    |
    = note: import resolution is stuck, try simplifying macro imports

error: cannot determine resolution for the macro `time`
   --> tests/integration/time.rs:206:47
    |
206 |     assert_eq!(time!(0:00) + 1.std_minutes(), time!(0:01));
    |                                               ^^^^
    |
    = note: import resolution is stuck, try simplifying macro imports

error: cannot determine resolution for the macro `time`
   --> tests/integration/time.rs:207:16
    |
207 |     assert_eq!(time!(0:00) + 1.std_hours(), time!(1:00));
    |                ^^^^
    |
    = note: import resolution is stuck, try simplifying macro imports

error: cannot determine resolution for the macro `time`
   --> tests/integration/time.rs:207:45
    |
207 |     assert_eq!(time!(0:00) + 1.std_hours(), time!(1:00));
    |                                             ^^^^
    |
    = note: import resolution is stuck, try simplifying macro imports

error: cannot determine resolution for the macro `time`
   --> tests/integration/time.rs:208:16
    |
208 |     assert_eq!(time!(0:00) + 1.std_days(), time!(0:00));
    |                ^^^^
    |
    = note: import resolution is stuck, try simplifying macro imports

error: cannot determine resolution for the macro `time`
   --> tests/integration/time.rs:208:44
    |
208 |     assert_eq!(time!(0:00) + 1.std_days(), time!(0:00));
    |                                            ^^^^
    |
    = note: import resolution is stuck, try simplifying macro imports

error: cannot determine resolution for the macro `time`
   --> tests/integration/time.rs:213:20
    |
213 |     let mut time = time!(0:00);
    |                    ^^^^
    |
    = note: import resolution is stuck, try simplifying macro imports

error: cannot determine resolution for the macro `time`
   --> tests/integration/time.rs:216:22
    |
216 |     assert_eq!(time, time!(0:00:01));
    |                      ^^^^
    |
    = note: import resolution is stuck, try simplifying macro imports

error: cannot determine resolution for the macro `time`
   --> tests/integration/time.rs:219:22
    |
219 |     assert_eq!(time, time!(0:01:01));
    |                      ^^^^
    |
    = note: import resolution is stuck, try simplifying macro imports

error: cannot determine resolution for the macro `time`
   --> tests/integration/time.rs:222:22
    |
222 |     assert_eq!(time, time!(1:01:01));
    |                      ^^^^
    |
    = note: import resolution is stuck, try simplifying macro imports

error: cannot determine resolution for the macro `time`
   --> tests/integration/time.rs:225:22
    |
225 |     assert_eq!(time, time!(1:01:01));
    |                      ^^^^
    |
    = note: import resolution is stuck, try simplifying macro imports

error: cannot determine resolution for the macro `time`
   --> tests/integration/time.rs:230:16
    |
230 |     assert_eq!(time!(12:00) - 1.std_hours(), time!(11:00));
    |                ^^^^
    |
    = note: import resolution is stuck, try simplifying macro imports

error: cannot determine resolution for the macro `time`
   --> tests/integration/time.rs:230:46
    |
230 |     assert_eq!(time!(12:00) - 1.std_hours(), time!(11:00));
    |                                              ^^^^
    |
    = note: import resolution is stuck, try simplifying macro imports

error: cannot determine resolution for the macro `time`
   --> tests/integration/time.rs:233:16
    |
233 |     assert_eq!(time!(0:00) - 1.std_milliseconds(), time!(23:59:59.999));
    |                ^^^^
    |
    = note: import resolution is stuck, try simplifying macro imports

error: cannot determine resolution for the macro `time`
   --> tests/integration/time.rs:233:52
    |
233 |     assert_eq!(time!(0:00) - 1.std_milliseconds(), time!(23:59:59.999));
    |                                                    ^^^^
    |
    = note: import resolution is stuck, try simplifying macro imports

error: cannot determine resolution for the macro `time`
   --> tests/integration/time.rs:234:16
    |
234 |     assert_eq!(time!(0:00) - 1.std_seconds(), time!(23:59:59));
    |                ^^^^
    |
    = note: import resolution is stuck, try simplifying macro imports

error: cannot determine resolution for the macro `time`
   --> tests/integration/time.rs:234:47
    |
234 |     assert_eq!(time!(0:00) - 1.std_seconds(), time!(23:59:59));
    |                                               ^^^^
    |
    = note: import resolution is stuck, try simplifying macro imports

error: cannot determine resolution for the macro `time`
   --> tests/integration/time.rs:235:16
    |
235 |     assert_eq!(time!(0:00) - 1.std_minutes(), time!(23:59));
    |                ^^^^
    |
    = note: import resolution is stuck, try simplifying macro imports

error: cannot determine resolution for the macro `time`
   --> tests/integration/time.rs:235:47
    |
235 |     assert_eq!(time!(0:00) - 1.std_minutes(), time!(23:59));
    |                                               ^^^^
    |
    = note: import resolution is stuck, try simplifying macro imports

error: cannot determine resolution for the macro `time`
   --> tests/integration/time.rs:236:16
    |
236 |     assert_eq!(time!(0:00) - 1.std_hours(), time!(23:00));
    |                ^^^^
    |
    = note: import resolution is stuck, try simplifying macro imports

error: cannot determine resolution for the macro `time`
   --> tests/integration/time.rs:236:45
    |
236 |     assert_eq!(time!(0:00) - 1.std_hours(), time!(23:00));
    |                                             ^^^^
    |
    = note: import resolution is stuck, try simplifying macro imports

error: cannot determine resolution for the macro `time`
   --> tests/integration/time.rs:237:16
    |
237 |     assert_eq!(time!(0:00) - 1.std_days(), time!(0:00));
    |                ^^^^
    |
    = note: import resolution is stuck, try simplifying macro imports

error: cannot determine resolution for the macro `time`
   --> tests/integration/time.rs:237:44
    |
237 |     assert_eq!(time!(0:00) - 1.std_days(), time!(0:00));
    |                                            ^^^^
    |
    = note: import resolution is stuck, try simplifying macro imports

error: cannot determine resolution for the macro `time`
   --> tests/integration/time.rs:242:20
    |
242 |     let mut time = time!(0:00);
    |                    ^^^^
    |
    = note: import resolution is stuck, try simplifying macro imports

error: cannot determine resolution for the macro `time`
   --> tests/integration/time.rs:245:22
    |
245 |     assert_eq!(time, time!(23:59:59));
    |                      ^^^^
    |
    = note: import resolution is stuck, try simplifying macro imports

error: cannot determine resolution for the macro `time`
   --> tests/integration/time.rs:248:22
    |
248 |     assert_eq!(time, time!(23:58:59));
    |                      ^^^^
    |
    = note: import resolution is stuck, try simplifying macro imports

error: cannot determine resolution for the macro `time`
   --> tests/integration/time.rs:251:22
    |
251 |     assert_eq!(time, time!(22:58:59));
    |                      ^^^^
    |
    = note: import resolution is stuck, try simplifying macro imports

error: cannot determine resolution for the macro `time`
   --> tests/integration/time.rs:254:22
    |
254 |     assert_eq!(time, time!(22:58:59));
    |                      ^^^^
    |
    = note: import resolution is stuck, try simplifying macro imports

error: cannot determine resolution for the macro `time`
   --> tests/integration/time.rs:259:16
    |
259 |     assert_eq!(time!(0:00) - time!(0:00), 0.seconds());
    |                ^^^^
    |
    = note: import resolution is stuck, try simplifying macro imports

error: cannot determine resolution for the macro `time`
   --> tests/integration/time.rs:259:30
    |
259 |     assert_eq!(time!(0:00) - time!(0:00), 0.seconds());
    |                              ^^^^
    |
    = note: import resolution is stuck, try simplifying macro imports

error: cannot determine resolution for the macro `time`
   --> tests/integration/time.rs:260:16
    |
260 |     assert_eq!(time!(1:00) - time!(0:00), 1.hours());
    |                ^^^^
    |
    = note: import resolution is stuck, try simplifying macro imports

error: cannot determine resolution for the macro `time`
   --> tests/integration/time.rs:260:30
    |
260 |     assert_eq!(time!(1:00) - time!(0:00), 1.hours());
    |                              ^^^^
    |
    = note: import resolution is stuck, try simplifying macro imports

error: cannot determine resolution for the macro `time`
   --> tests/integration/time.rs:261:16
    |
261 |     assert_eq!(time!(1:00) - time!(0:00:01), 59.minutes() + 59.seconds());
    |                ^^^^
    |
    = note: import resolution is stuck, try simplifying macro imports

error: cannot determine resolution for the macro `time`
   --> tests/integration/time.rs:261:30
    |
261 |     assert_eq!(time!(1:00) - time!(0:00:01), 59.minutes() + 59.seconds());
    |                              ^^^^
    |
    = note: import resolution is stuck, try simplifying macro imports

error: cannot determine resolution for the macro `time`
   --> tests/integration/time.rs:266:13
    |
266 |     assert!(time!(0:00) < time!(0:00:00.000_000_001));
    |             ^^^^
    |
    = note: import resolution is stuck, try simplifying macro imports

error: cannot determine resolution for the macro `time`
   --> tests/integration/time.rs:266:27
    |
266 |     assert!(time!(0:00) < time!(0:00:00.000_000_001));
    |                           ^^^^
    |
    = note: import resolution is stuck, try simplifying macro imports

error: cannot determine resolution for the macro `time`
   --> tests/integration/time.rs:267:13
    |
267 |     assert!(time!(0:00) < time!(0:00:01));
    |             ^^^^
    |
    = note: import resolution is stuck, try simplifying macro imports

error: cannot determine resolution for the macro `time`
   --> tests/integration/time.rs:267:27
    |
267 |     assert!(time!(0:00) < time!(0:00:01));
    |                           ^^^^
    |
    = note: import resolution is stuck, try simplifying macro imports

error: cannot determine resolution for the macro `time`
   --> tests/integration/time.rs:268:13
    |
268 |     assert!(time!(12:00) > time!(11:00));
    |             ^^^^
    |
    = note: import resolution is stuck, try simplifying macro imports

error: cannot determine resolution for the macro `time`
   --> tests/integration/time.rs:268:28
    |
268 |     assert!(time!(12:00) > time!(11:00));
    |                            ^^^^
    |
    = note: import resolution is stuck, try simplifying macro imports

error: cannot determine resolution for the macro `time`
   --> tests/integration/time.rs:269:16
    |
269 |     assert_eq!(time!(0:00), time!(0:00));
    |                ^^^^
    |
    = note: import resolution is stuck, try simplifying macro imports

error: cannot determine resolution for the macro `time`
   --> tests/integration/time.rs:269:29
    |
269 |     assert_eq!(time!(0:00), time!(0:00));
    |                             ^^^^
    |
    = note: import resolution is stuck, try simplifying macro imports

error: cannot determine resolution for the macro `offset`
 --> tests/integration/utc_offset.rs:6:16
  |
6 |     assert_eq!(offset!(UTC), offset!(+0));
  |                ^^^^^^
  |
  = note: import resolution is stuck, try simplifying macro imports

error: cannot determine resolution for the macro `offset`
 --> tests/integration/utc_offset.rs:6:30
  |
6 |     assert_eq!(offset!(UTC), offset!(+0));
  |                              ^^^^^^
  |
  = note: import resolution is stuck, try simplifying macro imports

error: cannot determine resolution for the macro `offset`
  --> tests/integration/utc_offset.rs:11:49
   |
11 |     assert_eq!(UtcOffset::from_hms(0, 0, 0), Ok(offset!(UTC)));
   |                                                 ^^^^^^
   |
   = note: import resolution is stuck, try simplifying macro imports

error: cannot determine resolution for the macro `offset`
  --> tests/integration/utc_offset.rs:12:49
   |
12 |     assert_eq!(UtcOffset::from_hms(0, 0, 1), Ok(offset!(+0:00:01)));
   |                                                 ^^^^^^
   |
   = note: import resolution is stuck, try simplifying macro imports

error: cannot determine resolution for the macro `offset`
  --> tests/integration/utc_offset.rs:13:50
   |
13 |     assert_eq!(UtcOffset::from_hms(0, 0, -1), Ok(offset!(-0:00:01)));
   |                                                  ^^^^^^
   |
   = note: import resolution is stuck, try simplifying macro imports

error: cannot determine resolution for the macro `offset`
  --> tests/integration/utc_offset.rs:14:49
   |
14 |     assert_eq!(UtcOffset::from_hms(1, 0, 0), Ok(offset!(+1)));
   |                                                 ^^^^^^
   |
   = note: import resolution is stuck, try simplifying macro imports

error: cannot determine resolution for the macro `offset`
  --> tests/integration/utc_offset.rs:15:50
   |
15 |     assert_eq!(UtcOffset::from_hms(-1, 0, 0), Ok(offset!(-1)));
   |                                                  ^^^^^^
   |
   = note: import resolution is stuck, try simplifying macro imports

error: cannot determine resolution for the macro `offset`
  --> tests/integration/utc_offset.rs:16:51
   |
16 |     assert_eq!(UtcOffset::from_hms(23, 59, 0), Ok(offset!(+23:59)));
   |                                                   ^^^^^^
   |
   = note: import resolution is stuck, try simplifying macro imports

error: cannot determine resolution for the macro `offset`
  --> tests/integration/utc_offset.rs:17:53
   |
17 |     assert_eq!(UtcOffset::from_hms(-23, -59, 0), Ok(offset!(-23:59)));
   |                                                     ^^^^^^
   |
   = note: import resolution is stuck, try simplifying macro imports

error: cannot determine resolution for the macro `offset`
  --> tests/integration/utc_offset.rs:18:52
   |
18 |     assert_eq!(UtcOffset::from_hms(23, 59, 59), Ok(offset!(+23:59:59)));
   |                                                    ^^^^^^
   |
   = note: import resolution is stuck, try simplifying macro imports

error: cannot determine resolution for the macro `offset`
  --> tests/integration/utc_offset.rs:19:55
   |
19 |     assert_eq!(UtcOffset::from_hms(-23, -59, -59), Ok(offset!(-23:59:59)));
   |                                                       ^^^^^^
   |
   = note: import resolution is stuck, try simplifying macro imports

error: cannot determine resolution for the macro `offset`
  --> tests/integration/utc_offset.rs:28:53
   |
28 |     assert_eq!(UtcOffset::from_whole_seconds(0), Ok(offset!(UTC)));
   |                                                     ^^^^^^
   |
   = note: import resolution is stuck, try simplifying macro imports

error: cannot determine resolution for the macro `offset`
  --> tests/integration/utc_offset.rs:29:53
   |
29 |     assert_eq!(UtcOffset::from_whole_seconds(1), Ok(offset!(+0:00:01)));
   |                                                     ^^^^^^
   |
   = note: import resolution is stuck, try simplifying macro imports

error: cannot determine resolution for the macro `offset`
  --> tests/integration/utc_offset.rs:30:54
   |
30 |     assert_eq!(UtcOffset::from_whole_seconds(-1), Ok(offset!(-0:00:01)));
   |                                                      ^^^^^^
   |
   = note: import resolution is stuck, try simplifying macro imports

error: cannot determine resolution for the macro `offset`
  --> tests/integration/utc_offset.rs:31:57
   |
31 |     assert_eq!(UtcOffset::from_whole_seconds(3_600), Ok(offset!(+1)));
   |                                                         ^^^^^^
   |
   = note: import resolution is stuck, try simplifying macro imports

error: cannot determine resolution for the macro `offset`
  --> tests/integration/utc_offset.rs:32:58
   |
32 |     assert_eq!(UtcOffset::from_whole_seconds(-3_600), Ok(offset!(-1)));
   |                                                          ^^^^^^
   |
   = note: import resolution is stuck, try simplifying macro imports

error: cannot determine resolution for the macro `offset`
  --> tests/integration/utc_offset.rs:33:58
   |
33 |     assert_eq!(UtcOffset::from_whole_seconds(86_340), Ok(offset!(+23:59)));
   |                                                          ^^^^^^
   |
   = note: import resolution is stuck, try simplifying macro imports

error: cannot determine resolution for the macro `offset`
  --> tests/integration/utc_offset.rs:34:59
   |
34 |     assert_eq!(UtcOffset::from_whole_seconds(-86_340), Ok(offset!(-23:59)));
   |                                                           ^^^^^^
   |
   = note: import resolution is stuck, try simplifying macro imports

error: cannot determine resolution for the macro `offset`
  --> tests/integration/utc_offset.rs:37:12
   |
37 |         Ok(offset!(+23:59:59))
   |            ^^^^^^
   |
   = note: import resolution is stuck, try simplifying macro imports

error: cannot determine resolution for the macro `offset`
  --> tests/integration/utc_offset.rs:41:12
   |
41 |         Ok(offset!(-23:59:59))
   |            ^^^^^^
   |
   = note: import resolution is stuck, try simplifying macro imports

error: cannot determine resolution for the macro `offset`
  --> tests/integration/utc_offset.rs:47:16
   |
47 |     assert_eq!(offset!(UTC).as_hms(), (0, 0, 0));
   |                ^^^^^^
   |
   = note: import resolution is stuck, try simplifying macro imports

error: cannot determine resolution for the macro `offset`
  --> tests/integration/utc_offset.rs:48:16
   |
48 |     assert_eq!(offset!(+0:00:01).as_hms(), (0, 0, 1));
   |                ^^^^^^
   |
   = note: import resolution is stuck, try simplifying macro imports

error: cannot determine resolution for the macro `offset`
  --> tests/integration/utc_offset.rs:49:16
   |
49 |     assert_eq!(offset!(-0:00:01).as_hms(), (0, 0, -1));
   |                ^^^^^^
   |
   = note: import resolution is stuck, try simplifying macro imports

error: cannot determine resolution for the macro `offset`
  --> tests/integration/utc_offset.rs:50:16
   |
50 |     assert_eq!(offset!(+1).as_hms(), (1, 0, 0));
   |                ^^^^^^
   |
   = note: import resolution is stuck, try simplifying macro imports

error: cannot determine resolution for the macro `offset`
  --> tests/integration/utc_offset.rs:51:16
   |
51 |     assert_eq!(offset!(-1).as_hms(), (-1, 0, 0));
   |                ^^^^^^
   |
   = note: import resolution is stuck, try simplifying macro imports

error: cannot determine resolution for the macro `offset`
  --> tests/integration/utc_offset.rs:52:16
   |
52 |     assert_eq!(offset!(+23:59).as_hms(), (23, 59, 0));
   |                ^^^^^^
   |
   = note: import resolution is stuck, try simplifying macro imports

error: cannot determine resolution for the macro `offset`
  --> tests/integration/utc_offset.rs:53:16
   |
53 |     assert_eq!(offset!(-23:59).as_hms(), (-23, -59, 0));
   |                ^^^^^^
   |
   = note: import resolution is stuck, try simplifying macro imports

error: cannot determine resolution for the macro `offset`
  --> tests/integration/utc_offset.rs:54:16
   |
54 |     assert_eq!(offset!(+23:59:59).as_hms(), (23, 59, 59));
   |                ^^^^^^
   |
   = note: import resolution is stuck, try simplifying macro imports

error: cannot determine resolution for the macro `offset`
  --> tests/integration/utc_offset.rs:55:16
   |
55 |     assert_eq!(offset!(-23:59:59).as_hms(), (-23, -59, -59));
   |                ^^^^^^
   |
   = note: import resolution is stuck, try simplifying macro imports

error: cannot determine resolution for the macro `offset`
  --> tests/integration/utc_offset.rs:60:16
   |
60 |     assert_eq!(offset!(+1:02:03).whole_hours(), 1);
   |                ^^^^^^
   |
   = note: import resolution is stuck, try simplifying macro imports

error: cannot determine resolution for the macro `offset`
  --> tests/integration/utc_offset.rs:61:16
   |
61 |     assert_eq!(offset!(-1:02:03).whole_hours(), -1);
   |                ^^^^^^
   |
   = note: import resolution is stuck, try simplifying macro imports

error: cannot determine resolution for the macro `offset`
  --> tests/integration/utc_offset.rs:66:16
   |
66 |     assert_eq!(offset!(+1:02:03).whole_minutes(), 62);
   |                ^^^^^^
   |
   = note: import resolution is stuck, try simplifying macro imports

error: cannot determine resolution for the macro `offset`
  --> tests/integration/utc_offset.rs:67:16
   |
67 |     assert_eq!(offset!(-1:02:03).whole_minutes(), -62);
   |                ^^^^^^
   |
   = note: import resolution is stuck, try simplifying macro imports

error: cannot determine resolution for the macro `offset`
  --> tests/integration/utc_offset.rs:72:16
   |
72 |     assert_eq!(offset!(+1:02:03).minutes_past_hour(), 2);
   |                ^^^^^^
   |
   = note: import resolution is stuck, try simplifying macro imports

error: cannot determine resolution for the macro `offset`
  --> tests/integration/utc_offset.rs:73:16
   |
73 |     assert_eq!(offset!(-1:02:03).minutes_past_hour(), -2);
   |                ^^^^^^
   |
   = note: import resolution is stuck, try simplifying macro imports

error: cannot determine resolution for the macro `offset`
  --> tests/integration/utc_offset.rs:78:16
   |
78 |     assert_eq!(offset!(UTC).whole_seconds(), 0);
   |                ^^^^^^
   |
   = note: import resolution is stuck, try simplifying macro imports

error: cannot determine resolution for the macro `offset`
  --> tests/integration/utc_offset.rs:79:16
   |
79 |     assert_eq!(offset!(+0:00:01).whole_seconds(), 1);
   |                ^^^^^^
   |
   = note: import resolution is stuck, try simplifying macro imports

error: cannot determine resolution for the macro `offset`
  --> tests/integration/utc_offset.rs:80:16
   |
80 |     assert_eq!(offset!(-0:00:01).whole_seconds(), -1);
   |                ^^^^^^
   |
   = note: import resolution is stuck, try simplifying macro imports

error: cannot determine resolution for the macro `offset`
  --> tests/integration/utc_offset.rs:81:16
   |
81 |     assert_eq!(offset!(+1).whole_seconds(), 3_600);
   |                ^^^^^^
   |
   = note: import resolution is stuck, try simplifying macro imports

error: cannot determine resolution for the macro `offset`
  --> tests/integration/utc_offset.rs:82:16
   |
82 |     assert_eq!(offset!(-1).whole_seconds(), -3_600);
   |                ^^^^^^
   |
   = note: import resolution is stuck, try simplifying macro imports

error: cannot determine resolution for the macro `offset`
  --> tests/integration/utc_offset.rs:83:16
   |
83 |     assert_eq!(offset!(+23:59).whole_seconds(), 86_340);
   |                ^^^^^^
   |
   = note: import resolution is stuck, try simplifying macro imports

error: cannot determine resolution for the macro `offset`
  --> tests/integration/utc_offset.rs:84:16
   |
84 |     assert_eq!(offset!(-23:59).whole_seconds(), -86_340);
   |                ^^^^^^
   |
   = note: import resolution is stuck, try simplifying macro imports

error: cannot determine resolution for the macro `offset`
  --> tests/integration/utc_offset.rs:85:16
   |
85 |     assert_eq!(offset!(+23:59:59).whole_seconds(), 86_399);
   |                ^^^^^^
   |
   = note: import resolution is stuck, try simplifying macro imports

error: cannot determine resolution for the macro `offset`
  --> tests/integration/utc_offset.rs:86:16
   |
86 |     assert_eq!(offset!(-23:59:59).whole_seconds(), -86_399);
   |                ^^^^^^
   |
   = note: import resolution is stuck, try simplifying macro imports

error: cannot determine resolution for the macro `offset`
  --> tests/integration/utc_offset.rs:91:16
   |
91 |     assert_eq!(offset!(+1:02:03).seconds_past_minute(), 3);
   |                ^^^^^^
   |
   = note: import resolution is stuck, try simplifying macro imports

error: cannot determine resolution for the macro `offset`
  --> tests/integration/utc_offset.rs:92:16
   |
92 |     assert_eq!(offset!(-1:02:03).seconds_past_minute(), -3);
   |                ^^^^^^
   |
   = note: import resolution is stuck, try simplifying macro imports

error: cannot determine resolution for the macro `offset`
  --> tests/integration/utc_offset.rs:97:13
   |
97 |     assert!(offset!(UTC).is_utc());
   |             ^^^^^^
   |
   = note: import resolution is stuck, try simplifying macro imports

error: cannot determine resolution for the macro `offset`
  --> tests/integration/utc_offset.rs:98:14
   |
98 |     assert!(!offset!(+0:00:01).is_utc());
   |              ^^^^^^
   |
   = note: import resolution is stuck, try simplifying macro imports

error: cannot determine resolution for the macro `offset`
  --> tests/integration/utc_offset.rs:99:14
   |
99 |     assert!(!offset!(-0:00:01).is_utc());
   |              ^^^^^^
   |
   = note: import resolution is stuck, try simplifying macro imports

error: cannot determine resolution for the macro `offset`
   --> tests/integration/utc_offset.rs:100:14
    |
100 |     assert!(!offset!(+1).is_utc());
    |              ^^^^^^
    |
    = note: import resolution is stuck, try simplifying macro imports

error: cannot determine resolution for the macro `offset`
   --> tests/integration/utc_offset.rs:101:14
    |
101 |     assert!(!offset!(-1).is_utc());
    |              ^^^^^^
    |
    = note: import resolution is stuck, try simplifying macro imports

error: cannot determine resolution for the macro `offset`
   --> tests/integration/utc_offset.rs:102:14
    |
102 |     assert!(!offset!(+23:59).is_utc());
    |              ^^^^^^
    |
    = note: import resolution is stuck, try simplifying macro imports

error: cannot determine resolution for the macro `offset`
   --> tests/integration/utc_offset.rs:103:14
    |
103 |     assert!(!offset!(-23:59).is_utc());
    |              ^^^^^^
    |
    = note: import resolution is stuck, try simplifying macro imports

error: cannot determine resolution for the macro `offset`
   --> tests/integration/utc_offset.rs:104:14
    |
104 |     assert!(!offset!(+23:59:59).is_utc());
    |              ^^^^^^
    |
    = note: import resolution is stuck, try simplifying macro imports

error: cannot determine resolution for the macro `offset`
   --> tests/integration/utc_offset.rs:105:14
    |
105 |     assert!(!offset!(-23:59:59).is_utc());
    |              ^^^^^^
    |
    = note: import resolution is stuck, try simplifying macro imports

error: cannot determine resolution for the macro `offset`
   --> tests/integration/utc_offset.rs:110:14
    |
110 |     assert!(!offset!(UTC).is_positive());
    |              ^^^^^^
    |
    = note: import resolution is stuck, try simplifying macro imports

error: cannot determine resolution for the macro `offset`
   --> tests/integration/utc_offset.rs:111:13
    |
111 |     assert!(offset!(+0:00:01).is_positive());
    |             ^^^^^^
    |
    = note: import resolution is stuck, try simplifying macro imports

error: cannot determine resolution for the macro `offset`
   --> tests/integration/utc_offset.rs:112:14
    |
112 |     assert!(!offset!(-0:00:01).is_positive());
    |              ^^^^^^
    |
    = note: import resolution is stuck, try simplifying macro imports

error: cannot determine resolution for the macro `offset`
   --> tests/integration/utc_offset.rs:113:13
    |
113 |     assert!(offset!(+1).is_positive());
    |             ^^^^^^
    |
    = note: import resolution is stuck, try simplifying macro imports

error: cannot determine resolution for the macro `offset`
   --> tests/integration/utc_offset.rs:114:14
    |
114 |     assert!(!offset!(-1).is_positive());
    |              ^^^^^^
    |
    = note: import resolution is stuck, try simplifying macro imports

error: cannot determine resolution for the macro `offset`
   --> tests/integration/utc_offset.rs:115:13
    |
115 |     assert!(offset!(+23:59).is_positive());
    |             ^^^^^^
    |
    = note: import resolution is stuck, try simplifying macro imports

error: cannot determine resolution for the macro `offset`
   --> tests/integration/utc_offset.rs:116:14
    |
116 |     assert!(!offset!(-23:59).is_positive());
    |              ^^^^^^
    |
    = note: import resolution is stuck, try simplifying macro imports

error: cannot determine resolution for the macro `offset`
   --> tests/integration/utc_offset.rs:117:13
    |
117 |     assert!(offset!(+23:59:59).is_positive());
    |             ^^^^^^
    |
    = note: import resolution is stuck, try simplifying macro imports

error: cannot determine resolution for the macro `offset`
   --> tests/integration/utc_offset.rs:118:14
    |
118 |     assert!(!offset!(-23:59:59).is_positive());
    |              ^^^^^^
    |
    = note: import resolution is stuck, try simplifying macro imports

error: cannot determine resolution for the macro `offset`
   --> tests/integration/utc_offset.rs:123:14
    |
123 |     assert!(!offset!(UTC).is_negative());
    |              ^^^^^^
    |
    = note: import resolution is stuck, try simplifying macro imports

error: cannot determine resolution for the macro `offset`
   --> tests/integration/utc_offset.rs:124:14
    |
124 |     assert!(!offset!(+0:00:01).is_negative());
    |              ^^^^^^
    |
    = note: import resolution is stuck, try simplifying macro imports

error: cannot determine resolution for the macro `offset`
   --> tests/integration/utc_offset.rs:125:13
    |
125 |     assert!(offset!(-0:00:01).is_negative());
    |             ^^^^^^
    |
    = note: import resolution is stuck, try simplifying macro imports

error: cannot determine resolution for the macro `offset`
   --> tests/integration/utc_offset.rs:126:14
    |
126 |     assert!(!offset!(+1).is_negative());
    |              ^^^^^^
    |
    = note: import resolution is stuck, try simplifying macro imports

error: cannot determine resolution for the macro `offset`
   --> tests/integration/utc_offset.rs:127:13
    |
127 |     assert!(offset!(-1).is_negative());
    |             ^^^^^^
    |
    = note: import resolution is stuck, try simplifying macro imports

error: cannot determine resolution for the macro `offset`
   --> tests/integration/utc_offset.rs:128:14
    |
128 |     assert!(!offset!(+23:59).is_negative());
    |              ^^^^^^
    |
    = note: import resolution is stuck, try simplifying macro imports

error: cannot determine resolution for the macro `offset`
   --> tests/integration/utc_offset.rs:129:13
    |
129 |     assert!(offset!(-23:59).is_negative());
    |             ^^^^^^
    |
    = note: import resolution is stuck, try simplifying macro imports

error: cannot determine resolution for the macro `offset`
   --> tests/integration/utc_offset.rs:130:14
    |
130 |     assert!(!offset!(+23:59:59).is_negative());
    |              ^^^^^^
    |
    = note: import resolution is stuck, try simplifying macro imports

error: cannot determine resolution for the macro `offset`
   --> tests/integration/utc_offset.rs:131:13
    |
131 |     assert!(offset!(-23:59:59).is_negative());
    |             ^^^^^^
    |
    = note: import resolution is stuck, try simplifying macro imports

error: cannot determine resolution for the macro `offset`
   --> tests/integration/utc_offset.rs:136:17
    |
136 |     assert_eq!(-offset!(UTC), offset!(UTC));
    |                 ^^^^^^
    |
    = note: import resolution is stuck, try simplifying macro imports

error: cannot determine resolution for the macro `offset`
   --> tests/integration/utc_offset.rs:136:31
    |
136 |     assert_eq!(-offset!(UTC), offset!(UTC));
    |                               ^^^^^^
    |
    = note: import resolution is stuck, try simplifying macro imports

error: cannot determine resolution for the macro `offset`
   --> tests/integration/utc_offset.rs:137:17
    |
137 |     assert_eq!(-offset!(+0:00:01), offset!(-0:00:01));
    |                 ^^^^^^
    |
    = note: import resolution is stuck, try simplifying macro imports

error: cannot determine resolution for the macro `offset`
   --> tests/integration/utc_offset.rs:137:36
    |
137 |     assert_eq!(-offset!(+0:00:01), offset!(-0:00:01));
    |                                    ^^^^^^
    |
    = note: import resolution is stuck, try simplifying macro imports

error: cannot determine resolution for the macro `offset`
   --> tests/integration/utc_offset.rs:138:17
    |
138 |     assert_eq!(-offset!(-0:00:01), offset!(+0:00:01));
    |                 ^^^^^^
    |
    = note: import resolution is stuck, try simplifying macro imports

error: cannot determine resolution for the macro `offset`
   --> tests/integration/utc_offset.rs:138:36
    |
138 |     assert_eq!(-offset!(-0:00:01), offset!(+0:00:01));
    |                                    ^^^^^^
    |
    = note: import resolution is stuck, try simplifying macro imports

error: cannot determine resolution for the macro `offset`
   --> tests/integration/utc_offset.rs:139:17
    |
139 |     assert_eq!(-offset!(+1), offset!(-1));
    |                 ^^^^^^
    |
    = note: import resolution is stuck, try simplifying macro imports

error: cannot determine resolution for the macro `offset`
   --> tests/integration/utc_offset.rs:139:30
    |
139 |     assert_eq!(-offset!(+1), offset!(-1));
    |                              ^^^^^^
    |
    = note: import resolution is stuck, try simplifying macro imports

error: cannot determine resolution for the macro `offset`
   --> tests/integration/utc_offset.rs:140:17
    |
140 |     assert_eq!(-offset!(-1), offset!(+1));
    |                 ^^^^^^
    |
    = note: import resolution is stuck, try simplifying macro imports

error: cannot determine resolution for the macro `offset`
   --> tests/integration/utc_offset.rs:140:30
    |
140 |     assert_eq!(-offset!(-1), offset!(+1));
    |                              ^^^^^^
    |
    = note: import resolution is stuck, try simplifying macro imports

error: cannot determine resolution for the macro `offset`
   --> tests/integration/utc_offset.rs:141:17
    |
141 |     assert_eq!(-offset!(+23:59), offset!(-23:59));
    |                 ^^^^^^
    |
    = note: import resolution is stuck, try simplifying macro imports

error: cannot determine resolution for the macro `offset`
   --> tests/integration/utc_offset.rs:141:34
    |
141 |     assert_eq!(-offset!(+23:59), offset!(-23:59));
    |                                  ^^^^^^
    |
    = note: import resolution is stuck, try simplifying macro imports

error: cannot determine resolution for the macro `offset`
   --> tests/integration/utc_offset.rs:142:17
    |
142 |     assert_eq!(-offset!(-23:59), offset!(+23:59));
    |                 ^^^^^^
    |
    = note: import resolution is stuck, try simplifying macro imports

error: cannot determine resolution for the macro `offset`
   --> tests/integration/utc_offset.rs:142:34
    |
142 |     assert_eq!(-offset!(-23:59), offset!(+23:59));
    |                                  ^^^^^^
    |
    = note: import resolution is stuck, try simplifying macro imports

error: cannot determine resolution for the macro `offset`
   --> tests/integration/utc_offset.rs:143:17
    |
143 |     assert_eq!(-offset!(+23:59:59), offset!(-23:59:59));
    |                 ^^^^^^
    |
    = note: import resolution is stuck, try simplifying macro imports

error: cannot determine resolution for the macro `offset`
   --> tests/integration/utc_offset.rs:143:37
    |
143 |     assert_eq!(-offset!(+23:59:59), offset!(-23:59:59));
    |                                     ^^^^^^
    |
    = note: import resolution is stuck, try simplifying macro imports

error: cannot determine resolution for the macro `offset`
   --> tests/integration/utc_offset.rs:144:17
    |
144 |     assert_eq!(-offset!(-23:59:59), offset!(+23:59:59));
    |                 ^^^^^^
    |
    = note: import resolution is stuck, try simplifying macro imports

error: cannot determine resolution for the macro `offset`
   --> tests/integration/utc_offset.rs:144:37
    |
144 |     assert_eq!(-offset!(-23:59:59), offset!(+23:59:59));
    |                                     ^^^^^^
    |
    = note: import resolution is stuck, try simplifying macro imports

error[E0433]: failed to resolve: use of undeclared crate or module `util`
  --> tests/integration/date.rs:31:13
   |
31 |             util::weeks_in_year(year),
   |             ^^^^ use of undeclared crate or module `util`

error[E0433]: failed to resolve: use of undeclared type `Month`
   --> tests/integration/date.rs:453:43
    |
453 |     assert_eq!(date!(2019 - 002).month(), Month::January);
    |                                           ^^^^^ use of undeclared type `Month`

error[E0433]: failed to resolve: use of undeclared type `Month`
   --> tests/integration/date.rs:454:43
    |
454 |     assert_eq!(date!(2020 - 002).month(), Month::January);
    |                                           ^^^^^ use of undeclared type `Month`

error[E0433]: failed to resolve: use of undeclared type `Month`
   --> tests/integration/date.rs:455:43
    |
455 |     assert_eq!(date!(2019 - 060).month(), Month::March);
    |                                           ^^^^^ use of undeclared type `Month`

error[E0433]: failed to resolve: use of undeclared type `Month`
   --> tests/integration/date.rs:456:43
    |
456 |     assert_eq!(date!(2020 - 060).month(), Month::February);
    |                                           ^^^^^ use of undeclared type `Month`

error[E0433]: failed to resolve: use of undeclared type `Month`
   --> tests/integration/date.rs:480:16
    |
480 |         (2019, Month::January, 2)
    |                ^^^^^ use of undeclared type `Month`

error[E0433]: failed to resolve: use of undeclared type `Month`
   --> tests/integration/date.rs:484:16
    |
484 |         (2019, Month::February, 2)
    |                ^^^^^ use of undeclared type `Month`

error[E0433]: failed to resolve: use of undeclared type `Month`
   --> tests/integration/date.rs:488:16
    |
488 |         (2019, Month::March, 2)
    |                ^^^^^ use of undeclared type `Month`

error[E0433]: failed to resolve: use of undeclared type `Month`
   --> tests/integration/date.rs:492:16
    |
492 |         (2019, Month::April, 2)
    |                ^^^^^ use of undeclared type `Month`

error[E0433]: failed to resolve: use of undeclared type `Month`
   --> tests/integration/date.rs:496:16
    |
496 |         (2019, Month::May, 2)
    |                ^^^^^ use of undeclared type `Month`

error[E0433]: failed to resolve: use of undeclared type `Month`
   --> tests/integration/date.rs:500:16
    |
500 |         (2019, Month::June, 2)
    |                ^^^^^ use of undeclared type `Month`

error[E0433]: failed to resolve: use of undeclared type `Month`
   --> tests/integration/date.rs:504:16
    |
504 |         (2019, Month::July, 2)
    |                ^^^^^ use of undeclared type `Month`

error[E0433]: failed to resolve: use of undeclared type `Month`
   --> tests/integration/date.rs:508:16
    |
508 |         (2019, Month::August, 2)
    |                ^^^^^ use of undeclared type `Month`

error[E0433]: failed to resolve: use of undeclared type `Month`
   --> tests/integration/date.rs:512:16
    |
512 |         (2019, Month::September, 2)
    |                ^^^^^ use of undeclared type `Month`

error[E0433]: failed to resolve: use of undeclared type `Month`
   --> tests/integration/date.rs:516:16
    |
516 |         (2019, Month::October, 2)
    |                ^^^^^ use of undeclared type `Month`

error[E0433]: failed to resolve: use of undeclared type `Month`
   --> tests/integration/date.rs:520:16
    |
520 |         (2019, Month::November, 2)
    |                ^^^^^ use of undeclared type `Month`

error[E0433]: failed to resolve: use of undeclared type `Month`
   --> tests/integration/date.rs:524:16
    |
524 |         (2019, Month::December, 2)
    |                ^^^^^ use of undeclared type `Month`

error[E0433]: failed to resolve: use of undeclared type `Date`
   --> tests/integration/date.rs:585:16
    |
585 |     assert_eq!(Date::MAX.next_day(), None);
    |                ^^^^ use of undeclared type `Date`

error[E0433]: failed to resolve: use of undeclared type `Date`
   --> tests/integration/date.rs:606:16
    |
606 |     assert_eq!(Date::MIN.previous_day(), None);
    |                ^^^^ use of undeclared type `Date`

error[E0433]: failed to resolve: use of undeclared type `Weekday`
   --> tests/integration/date.rs:768:25
    |
768 |     assert_eq!(weekday, Weekday::Monday);
    |                         ^^^^^^^ use of undeclared type `Weekday`

error[E0433]: failed to resolve: use of undeclared type `Date`
   --> tests/integration/date.rs:775:9
    |
775 |         Date::MIN.checked_add(Duration::new(86_399, 999_999_999)),
    |         ^^^^ use of undeclared type `Date`

error[E0433]: failed to resolve: use of undeclared type `Date`
   --> tests/integration/date.rs:776:14
    |
776 |         Some(Date::MIN)
    |              ^^^^ use of undeclared type `Date`

error[E0433]: failed to resolve: use of undeclared type `Date`
   --> tests/integration/date.rs:779:9
    |
779 |         Date::MIN.checked_add(Duration::new(-86_399, -999_999_999)),
    |         ^^^^ use of undeclared type `Date`

error[E0433]: failed to resolve: use of undeclared type `Date`
   --> tests/integration/date.rs:780:14
    |
780 |         Some(Date::MIN)
    |              ^^^^ use of undeclared type `Date`

error[E0433]: failed to resolve: use of undeclared type `Date`
   --> tests/integration/date.rs:793:9
    |
793 |         Date::MAX.checked_add(Duration::new(86_399, 999_999_999)),
    |         ^^^^ use of undeclared type `Date`

error[E0433]: failed to resolve: use of undeclared type `Date`
   --> tests/integration/date.rs:794:14
    |
794 |         Some(Date::MAX)
    |              ^^^^ use of undeclared type `Date`

error[E0433]: failed to resolve: use of undeclared type `Date`
   --> tests/integration/date.rs:797:9
    |
797 |         Date::MAX.checked_add(Duration::new(-86_399, -999_999_999)),
    |         ^^^^ use of undeclared type `Date`

error[E0433]: failed to resolve: use of undeclared type `Date`
   --> tests/integration/date.rs:798:14
    |
798 |         Some(Date::MAX)
    |              ^^^^ use of undeclared type `Date`

error[E0433]: failed to resolve: use of undeclared type `Date`
   --> tests/integration/date.rs:802:16
    |
802 |     assert_eq!(Date::MIN.checked_add(Duration::DAY), Date::MIN.next_day());
    |                ^^^^ use of undeclared type `Date`

error[E0433]: failed to resolve: use of undeclared type `Duration`
   --> tests/integration/date.rs:802:38
    |
802 |     assert_eq!(Date::MIN.checked_add(Duration::DAY), Date::MIN.next_day());
    |                                      ^^^^^^^^ use of undeclared type `Duration`

error[E0433]: failed to resolve: use of undeclared type `Date`
   --> tests/integration/date.rs:802:54
    |
802 |     assert_eq!(Date::MIN.checked_add(Duration::DAY), Date::MIN.next_day());
    |                                                      ^^^^ use of undeclared type `Date`

error[E0433]: failed to resolve: use of undeclared type `Date`
   --> tests/integration/date.rs:803:16
    |
803 |     assert_eq!(Date::MIN.checked_add(-Duration::DAY), None);
    |                ^^^^ use of undeclared type `Date`

error[E0433]: failed to resolve: use of undeclared type `Duration`
   --> tests/integration/date.rs:803:39
    |
803 |     assert_eq!(Date::MIN.checked_add(-Duration::DAY), None);
    |                                       ^^^^^^^^ use of undeclared type `Duration`

error[E0433]: failed to resolve: use of undeclared type `Duration`
   --> tests/integration/date.rs:806:43
    |
806 |         date!(2021 - 10 - 25).checked_add(Duration::DAY),
    |                                           ^^^^^^^^ use of undeclared type `Duration`

error[E0433]: failed to resolve: use of undeclared type `Duration`
   --> tests/integration/date.rs:810:44
    |
810 |         date!(2021 - 10 - 25).checked_add(-Duration::DAY),
    |                                            ^^^^^^^^ use of undeclared type `Duration`

error[E0433]: failed to resolve: use of undeclared type `Date`
   --> tests/integration/date.rs:814:16
    |
814 |     assert_eq!(Date::MAX.checked_add(Duration::DAY), None);
    |                ^^^^ use of undeclared type `Date`

error[E0433]: failed to resolve: use of undeclared type `Duration`
   --> tests/integration/date.rs:814:38
    |
814 |     assert_eq!(Date::MAX.checked_add(Duration::DAY), None);
    |                                      ^^^^^^^^ use of undeclared type `Duration`

error[E0433]: failed to resolve: use of undeclared type `Date`
   --> tests/integration/date.rs:816:9
    |
816 |         Date::MAX.checked_add(-Duration::DAY),
    |         ^^^^ use of undeclared type `Date`

error[E0433]: failed to resolve: use of undeclared type `Duration`
   --> tests/integration/date.rs:816:32
    |
816 |         Date::MAX.checked_add(-Duration::DAY),
    |                                ^^^^^^^^ use of undeclared type `Duration`

error[E0433]: failed to resolve: use of undeclared type `Date`
   --> tests/integration/date.rs:817:9
    |
817 |         Date::MAX.previous_day()
    |         ^^^^ use of undeclared type `Date`

error[E0433]: failed to resolve: use of undeclared type `Date`
   --> tests/integration/date.rs:821:16
    |
821 |     assert_eq!(Date::MIN.checked_add(Duration::MIN), None);
    |                ^^^^ use of undeclared type `Date`

error[E0433]: failed to resolve: use of undeclared type `Duration`
   --> tests/integration/date.rs:821:38
    |
821 |     assert_eq!(Date::MIN.checked_add(Duration::MIN), None);
    |                                      ^^^^^^^^ use of undeclared type `Duration`

error[E0433]: failed to resolve: use of undeclared type `Date`
   --> tests/integration/date.rs:822:16
    |
822 |     assert_eq!(Date::MAX.checked_add(Duration::MAX), None);
    |                ^^^^ use of undeclared type `Date`

error[E0433]: failed to resolve: use of undeclared type `Duration`
   --> tests/integration/date.rs:822:38
    |
822 |     assert_eq!(Date::MAX.checked_add(Duration::MAX), None);
    |                                      ^^^^^^^^ use of undeclared type `Duration`

error[E0433]: failed to resolve: use of undeclared type `Date`
   --> tests/integration/date.rs:829:9
    |
829 |         Date::MIN.checked_sub(Duration::new(86_399, 999_999_999)),
    |         ^^^^ use of undeclared type `Date`

error[E0433]: failed to resolve: use of undeclared type `Date`
   --> tests/integration/date.rs:830:14
    |
830 |         Some(Date::MIN)
    |              ^^^^ use of undeclared type `Date`

error[E0433]: failed to resolve: use of undeclared type `Date`
   --> tests/integration/date.rs:833:9
    |
833 |         Date::MIN.checked_sub(Duration::new(-86_399, -999_999_999)),
    |         ^^^^ use of undeclared type `Date`

error[E0433]: failed to resolve: use of undeclared type `Date`
   --> tests/integration/date.rs:834:14
    |
834 |         Some(Date::MIN)
    |              ^^^^ use of undeclared type `Date`

error[E0433]: failed to resolve: use of undeclared type `Date`
   --> tests/integration/date.rs:847:9
    |
847 |         Date::MAX.checked_sub(Duration::new(86_399, 999_999_999)),
    |         ^^^^ use of undeclared type `Date`

error[E0433]: failed to resolve: use of undeclared type `Date`
   --> tests/integration/date.rs:848:14
    |
848 |         Some(Date::MAX)
    |              ^^^^ use of undeclared type `Date`

error[E0433]: failed to resolve: use of undeclared type `Date`
   --> tests/integration/date.rs:851:9
    |
851 |         Date::MAX.checked_sub(Duration::new(-86_399, -999_999_999)),
    |         ^^^^ use of undeclared type `Date`

error[E0433]: failed to resolve: use of undeclared type `Date`
   --> tests/integration/date.rs:852:14
    |
852 |         Some(Date::MAX)
    |              ^^^^ use of undeclared type `Date`

error[E0433]: failed to resolve: use of undeclared type `Date`
   --> tests/integration/date.rs:856:16
    |
856 |     assert_eq!(Date::MIN.checked_sub(Duration::DAY), None);
    |                ^^^^ use of undeclared type `Date`

error[E0433]: failed to resolve: use of undeclared type `Duration`
   --> tests/integration/date.rs:856:38
    |
856 |     assert_eq!(Date::MIN.checked_sub(Duration::DAY), None);
    |                                      ^^^^^^^^ use of undeclared type `Duration`

error[E0433]: failed to resolve: use of undeclared type `Date`
   --> tests/integration/date.rs:857:16
    |
857 |     assert_eq!(Date::MIN.checked_sub(-Duration::DAY), Date::MIN.next_day());
    |                ^^^^ use of undeclared type `Date`

error[E0433]: failed to resolve: use of undeclared type `Duration`
   --> tests/integration/date.rs:857:39
    |
857 |     assert_eq!(Date::MIN.checked_sub(-Duration::DAY), Date::MIN.next_day());
    |                                       ^^^^^^^^ use of undeclared type `Duration`

error[E0433]: failed to resolve: use of undeclared type `Date`
   --> tests/integration/date.rs:857:55
    |
857 |     assert_eq!(Date::MIN.checked_sub(-Duration::DAY), Date::MIN.next_day());
    |                                                       ^^^^ use of undeclared type `Date`

error[E0433]: failed to resolve: use of undeclared type `Duration`
   --> tests/integration/date.rs:860:43
    |
860 |         date!(2021 - 10 - 25).checked_sub(Duration::DAY),
    |                                           ^^^^^^^^ use of undeclared type `Duration`

error[E0433]: failed to resolve: use of undeclared type `Duration`
   --> tests/integration/date.rs:864:44
    |
864 |         date!(2021 - 10 - 25).checked_sub(-Duration::DAY),
    |                                            ^^^^^^^^ use of undeclared type `Duration`

error[E0433]: failed to resolve: use of undeclared type `Date`
   --> tests/integration/date.rs:869:9
    |
869 |         Date::MAX.checked_sub(Duration::DAY),
    |         ^^^^ use of undeclared type `Date`

error[E0433]: failed to resolve: use of undeclared type `Duration`
   --> tests/integration/date.rs:869:31
    |
869 |         Date::MAX.checked_sub(Duration::DAY),
    |                               ^^^^^^^^ use of undeclared type `Duration`

error[E0433]: failed to resolve: use of undeclared type `Date`
   --> tests/integration/date.rs:870:9
    |
870 |         Date::MAX.previous_day()
    |         ^^^^ use of undeclared type `Date`

error[E0433]: failed to resolve: use of undeclared type `Date`
   --> tests/integration/date.rs:872:16
    |
872 |     assert_eq!(Date::MAX.checked_sub(-Duration::DAY), None);
    |                ^^^^ use of undeclared type `Date`

error[E0433]: failed to resolve: use of undeclared type `Duration`
   --> tests/integration/date.rs:872:39
    |
872 |     assert_eq!(Date::MAX.checked_sub(-Duration::DAY), None);
    |                                       ^^^^^^^^ use of undeclared type `Duration`

error[E0433]: failed to resolve: use of undeclared type `Date`
   --> tests/integration/date.rs:875:16
    |
875 |     assert_eq!(Date::MIN.checked_sub(Duration::MAX), None);
    |                ^^^^ use of undeclared type `Date`

error[E0433]: failed to resolve: use of undeclared type `Duration`
   --> tests/integration/date.rs:875:38
    |
875 |     assert_eq!(Date::MIN.checked_sub(Duration::MAX), None);
    |                                      ^^^^^^^^ use of undeclared type `Duration`

error[E0433]: failed to resolve: use of undeclared type `Date`
   --> tests/integration/date.rs:876:16
    |
876 |     assert_eq!(Date::MAX.checked_sub(Duration::MIN), None);
    |                ^^^^ use of undeclared type `Date`

error[E0433]: failed to resolve: use of undeclared type `Duration`
   --> tests/integration/date.rs:876:38
    |
876 |     assert_eq!(Date::MAX.checked_sub(Duration::MIN), None);
    |                                      ^^^^^^^^ use of undeclared type `Duration`

error[E0433]: failed to resolve: use of undeclared type `Date`
   --> tests/integration/date.rs:891:16
    |
891 |     assert_eq!(Date::MIN.saturating_add((-10).days()), Date::MIN);
    |                ^^^^ use of undeclared type `Date`

error[E0433]: failed to resolve: use of undeclared type `Date`
   --> tests/integration/date.rs:891:56
    |
891 |     assert_eq!(Date::MIN.saturating_add((-10).days()), Date::MIN);
    |                                                        ^^^^ use of undeclared type `Date`

error[E0433]: failed to resolve: use of undeclared type `Date`
   --> tests/integration/date.rs:894:16
    |
894 |     assert_eq!(Date::MAX.saturating_add(10.days()), Date::MAX);
    |                ^^^^ use of undeclared type `Date`

error[E0433]: failed to resolve: use of undeclared type `Date`
   --> tests/integration/date.rs:894:53
    |
894 |     assert_eq!(Date::MAX.saturating_add(10.days()), Date::MAX);
    |                                                     ^^^^ use of undeclared type `Date`

error[E0433]: failed to resolve: use of undeclared type `Date`
   --> tests/integration/date.rs:897:16
    |
897 |     assert_eq!(Date::MIN.saturating_add(Duration::ZERO), Date::MIN);
    |                ^^^^ use of undeclared type `Date`

error[E0433]: failed to resolve: use of undeclared type `Duration`
   --> tests/integration/date.rs:897:41
    |
897 |     assert_eq!(Date::MIN.saturating_add(Duration::ZERO), Date::MIN);
    |                                         ^^^^^^^^ use of undeclared type `Duration`

error[E0433]: failed to resolve: use of undeclared type `Date`
   --> tests/integration/date.rs:897:58
    |
897 |     assert_eq!(Date::MIN.saturating_add(Duration::ZERO), Date::MIN);
    |                                                          ^^^^ use of undeclared type `Date`

error[E0433]: failed to resolve: use of undeclared type `Date`
   --> tests/integration/date.rs:898:16
    |
898 |     assert_eq!(Date::MAX.saturating_add(Duration::ZERO), Date::MAX);
    |                ^^^^ use of undeclared type `Date`

error[E0433]: failed to resolve: use of undeclared type `Duration`
   --> tests/integration/date.rs:898:41
    |
898 |     assert_eq!(Date::MAX.saturating_add(Duration::ZERO), Date::MAX);
    |                                         ^^^^^^^^ use of undeclared type `Duration`

error[E0433]: failed to resolve: use of undeclared type `Date`
   --> tests/integration/date.rs:898:58
    |
898 |     assert_eq!(Date::MAX.saturating_add(Duration::ZERO), Date::MAX);
    |                                                          ^^^^ use of undeclared type `Date`

error[E0433]: failed to resolve: use of undeclared type `Date`
   --> tests/integration/date.rs:913:16
    |
913 |     assert_eq!(Date::MIN.saturating_sub(10.days()), Date::MIN);
    |                ^^^^ use of undeclared type `Date`

error[E0433]: failed to resolve: use of undeclared type `Date`
   --> tests/integration/date.rs:913:53
    |
913 |     assert_eq!(Date::MIN.saturating_sub(10.days()), Date::MIN);
    |                                                     ^^^^ use of undeclared type `Date`

error[E0433]: failed to resolve: use of undeclared type `Date`
   --> tests/integration/date.rs:916:16
    |
916 |     assert_eq!(Date::MAX.saturating_sub((-10).days()), Date::MAX);
    |                ^^^^ use of undeclared type `Date`

error[E0433]: failed to resolve: use of undeclared type `Date`
   --> tests/integration/date.rs:916:56
    |
916 |     assert_eq!(Date::MAX.saturating_sub((-10).days()), Date::MAX);
    |                                                        ^^^^ use of undeclared type `Date`

error[E0433]: failed to resolve: use of undeclared type `Date`
   --> tests/integration/date.rs:919:16
    |
919 |     assert_eq!(Date::MIN.saturating_sub(Duration::ZERO), Date::MIN);
    |                ^^^^ use of undeclared type `Date`

error[E0433]: failed to resolve: use of undeclared type `Duration`
   --> tests/integration/date.rs:919:41
    |
919 |     assert_eq!(Date::MIN.saturating_sub(Duration::ZERO), Date::MIN);
    |                                         ^^^^^^^^ use of undeclared type `Duration`

error[E0433]: failed to resolve: use of undeclared type `Date`
   --> tests/integration/date.rs:919:58
    |
919 |     assert_eq!(Date::MIN.saturating_sub(Duration::ZERO), Date::MIN);
    |                                                          ^^^^ use of undeclared type `Date`

error[E0433]: failed to resolve: use of undeclared type `Date`
   --> tests/integration/date.rs:920:16
    |
920 |     assert_eq!(Date::MAX.saturating_sub(Duration::ZERO), Date::MAX);
    |                ^^^^ use of undeclared type `Date`

error[E0433]: failed to resolve: use of undeclared type `Duration`
   --> tests/integration/date.rs:920:41
    |
920 |     assert_eq!(Date::MAX.saturating_sub(Duration::ZERO), Date::MAX);
    |                                         ^^^^^^^^ use of undeclared type `Duration`

error[E0433]: failed to resolve: use of undeclared type `Date`
   --> tests/integration/date.rs:920:58
    |
920 |     assert_eq!(Date::MAX.saturating_sub(Duration::ZERO), Date::MAX);
    |                                                          ^^^^ use of undeclared type `Date`

error[E0433]: failed to resolve: use of undeclared crate or module `error`
  --> tests/integration/derives.rs:19:31
   |
19 | fn component_range_error() -> error::ComponentRange {
   |                               ^^^^^ use of undeclared crate or module `error`

error[E0433]: failed to resolve: use of undeclared crate or module `error`
  --> tests/integration/derives.rs:23:36
   |
23 | fn invalid_format_description() -> error::InvalidFormatDescription {
   |                                    ^^^^^ use of undeclared crate or module `error`

error[E0433]: failed to resolve: use of undeclared crate or module `format_description`
  --> tests/integration/derives.rs:24:5
   |
24 |     format_description::parse("[").unwrap_err()
   |     ^^^^^^^^^^^^^^^^^^ use of undeclared crate or module `format_description`

error[E0433]: failed to resolve: use of undeclared type `Weekday`
  --> tests/integration/derives.rs:35:23
   |
35 |     assert_cloned_eq!(Weekday::Monday);
   |                       ^^^^^^^ use of undeclared type `Weekday`

error[E0433]: failed to resolve: use of undeclared type `Month`
  --> tests/integration/derives.rs:36:23
   |
36 |     assert_cloned_eq!(Month::January);
   |                       ^^^^^ use of undeclared type `Month`

error[E0433]: failed to resolve: use of undeclared type `Duration`
  --> tests/integration/derives.rs:37:23
   |
37 |     assert_cloned_eq!(Duration::ZERO);
   |                       ^^^^^^^^ use of undeclared type `Duration`

error[E0433]: failed to resolve: use of undeclared type `TryFromParsed`
  --> tests/integration/derives.rs:42:23
   |
42 |     assert_cloned_eq!(TryFromParsed::InsufficientInformation);
   |                       ^^^^^^^^^^^^^ use of undeclared type `TryFromParsed`

error[E0433]: failed to resolve: use of undeclared type `Parsed`
  --> tests/integration/derives.rs:43:13
   |
43 |     let _ = Parsed::new().clone();
   |             ^^^^^^ use of undeclared type `Parsed`

error[E0433]: failed to resolve: use of undeclared crate or module `error`
  --> tests/integration/derives.rs:44:23
   |
44 |     assert_cloned_eq!(error::Parse::ParseFromDescription(
   |                       ^^^^^ use of undeclared crate or module `error`

error[E0433]: failed to resolve: use of undeclared crate or module `error`
  --> tests/integration/derives.rs:45:9
   |
45 |         error::ParseFromDescription::InvalidComponent("foo")
   |         ^^^^^ use of undeclared crate or module `error`

error[E0433]: failed to resolve: use of undeclared crate or module `error`
  --> tests/integration/derives.rs:47:23
   |
47 |     assert_cloned_eq!(error::DifferentVariant);
   |                       ^^^^^ use of undeclared crate or module `error`

error[E0433]: failed to resolve: use of undeclared crate or module `error`
  --> tests/integration/derives.rs:48:23
   |
48 |     assert_cloned_eq!(error::ParseFromDescription::InvalidComponent("foo"));
   |                       ^^^^^ use of undeclared crate or module `error`

error[E0433]: failed to resolve: use of undeclared crate or module `modifier`
  --> tests/integration/derives.rs:49:47
   |
49 |     assert_cloned_eq!(Component::OffsetSecond(modifier::OffsetSecond::default()));
   |                                               ^^^^^^^^ use of undeclared crate or module `modifier`

error[E0433]: failed to resolve: use of undeclared crate or module `well_known`
  --> tests/integration/derives.rs:50:23
   |
50 |     assert_cloned_eq!(well_known::Rfc2822);
   |                       ^^^^^^^^^^ use of undeclared crate or module `well_known`

error[E0433]: failed to resolve: use of undeclared crate or module `well_known`
  --> tests/integration/derives.rs:51:23
   |
51 |     assert_cloned_eq!(well_known::Rfc3339);
   |                       ^^^^^^^^^^ use of undeclared crate or module `well_known`

error[E0433]: failed to resolve: use of undeclared type `FormatItem`
  --> tests/integration/derives.rs:53:23
   |
53 |     assert_cloned_eq!(FormatItem::Literal(b""));
   |                       ^^^^^^^^^^ use of undeclared type `FormatItem`

error[E0433]: failed to resolve: use of undeclared crate or module `modifier`
  --> tests/integration/derives.rs:55:23
   |
55 |     assert_cloned_eq!(modifier::Day::default());
   |                       ^^^^^^^^ use of undeclared crate or module `modifier`

error[E0433]: failed to resolve: use of undeclared crate or module `modifier`
  --> tests/integration/derives.rs:56:23
   |
56 |     assert_cloned_eq!(modifier::MonthRepr::default());
   |                       ^^^^^^^^ use of undeclared crate or module `modifier`

error[E0433]: failed to resolve: use of undeclared crate or module `modifier`
  --> tests/integration/derives.rs:58:23
   |
58 |     assert_cloned_eq!(modifier::Ordinal::default());
   |                       ^^^^^^^^ use of undeclared crate or module `modifier`

error[E0433]: failed to resolve: use of undeclared crate or module `modifier`
  --> tests/integration/derives.rs:59:23
   |
59 |     assert_cloned_eq!(modifier::WeekdayRepr::default());
   |                       ^^^^^^^^ use of undeclared crate or module `modifier`

error[E0433]: failed to resolve: use of undeclared crate or module `modifier`
  --> tests/integration/derives.rs:61:23
   |
61 |     assert_cloned_eq!(modifier::WeekNumberRepr::default());
   |                       ^^^^^^^^ use of undeclared crate or module `modifier`

error[E0433]: failed to resolve: use of undeclared crate or module `modifier`
  --> tests/integration/derives.rs:62:23
   |
62 |     assert_cloned_eq!(modifier::WeekNumber::default());
   |                       ^^^^^^^^ use of undeclared crate or module `modifier`

error[E0433]: failed to resolve: use of undeclared crate or module `modifier`
  --> tests/integration/derives.rs:63:23
   |
63 |     assert_cloned_eq!(modifier::YearRepr::default());
   |                       ^^^^^^^^ use of undeclared crate or module `modifier`

error[E0433]: failed to resolve: use of undeclared crate or module `modifier`
  --> tests/integration/derives.rs:64:23
   |
64 |     assert_cloned_eq!(modifier::Year::default());
   |                       ^^^^^^^^ use of undeclared crate or module `modifier`

error[E0433]: failed to resolve: use of undeclared crate or module `modifier`
  --> tests/integration/derives.rs:65:23
   |
65 |     assert_cloned_eq!(modifier::Hour::default());
   |                       ^^^^^^^^ use of undeclared crate or module `modifier`

error[E0433]: failed to resolve: use of undeclared crate or module `modifier`
  --> tests/integration/derives.rs:66:23
   |
66 |     assert_cloned_eq!(modifier::Minute::default());
   |                       ^^^^^^^^ use of undeclared crate or module `modifier`

error[E0433]: failed to resolve: use of undeclared crate or module `modifier`
  --> tests/integration/derives.rs:67:23
   |
67 |     assert_cloned_eq!(modifier::Period::default());
   |                       ^^^^^^^^ use of undeclared crate or module `modifier`

error[E0433]: failed to resolve: use of undeclared crate or module `modifier`
  --> tests/integration/derives.rs:68:23
   |
68 |     assert_cloned_eq!(modifier::Second::default());
   |                       ^^^^^^^^ use of undeclared crate or module `modifier`

error[E0433]: failed to resolve: use of undeclared crate or module `modifier`
  --> tests/integration/derives.rs:69:23
   |
69 |     assert_cloned_eq!(modifier::SubsecondDigits::default());
   |                       ^^^^^^^^ use of undeclared crate or module `modifier`

error[E0433]: failed to resolve: use of undeclared crate or module `modifier`
  --> tests/integration/derives.rs:70:23
   |
70 |     assert_cloned_eq!(modifier::Subsecond::default());
   |                       ^^^^^^^^ use of undeclared crate or module `modifier`

error[E0433]: failed to resolve: use of undeclared crate or module `modifier`
  --> tests/integration/derives.rs:71:23
   |
71 |     assert_cloned_eq!(modifier::OffsetHour::default());
   |                       ^^^^^^^^ use of undeclared crate or module `modifier`

error[E0433]: failed to resolve: use of undeclared crate or module `modifier`
  --> tests/integration/derives.rs:72:23
   |
72 |     assert_cloned_eq!(modifier::OffsetMinute::default());
   |                       ^^^^^^^^ use of undeclared crate or module `modifier`

error[E0433]: failed to resolve: use of undeclared crate or module `modifier`
  --> tests/integration/derives.rs:73:23
   |
73 |     assert_cloned_eq!(modifier::OffsetSecond::default());
   |                       ^^^^^^^^ use of undeclared crate or module `modifier`

error[E0433]: failed to resolve: use of undeclared crate or module `modifier`
  --> tests/integration/derives.rs:74:23
   |
74 |     assert_cloned_eq!(modifier::Padding::default());
   |                       ^^^^^^^^ use of undeclared crate or module `modifier`

error[E0433]: failed to resolve: use of undeclared type `Weekday`
  --> tests/integration/derives.rs:85:5
   |
85 |     Weekday::Monday.hash(&mut hasher);
   |     ^^^^^^^ use of undeclared type `Weekday`

error[E0433]: failed to resolve: use of undeclared type `Month`
  --> tests/integration/derives.rs:86:5
   |
86 |     Month::January.hash(&mut hasher);
   |     ^^^^^ use of undeclared type `Month`

error[E0433]: failed to resolve: use of undeclared type `Duration`
  --> tests/integration/derives.rs:88:5
   |
88 |     Duration::ZERO.hash(&mut hasher);
   |     ^^^^^^^^ use of undeclared type `Duration`

error[E0433]: failed to resolve: use of undeclared type `Duration`
   --> tests/integration/derives.rs:126:9
    |
126 |         Duration::ZERO;
    |         ^^^^^^^^ use of undeclared type `Duration`

error[E0433]: failed to resolve: use of undeclared type `TryFromParsed`
   --> tests/integration/derives.rs:129:9
    |
129 |         TryFromParsed::InsufficientInformation;
    |         ^^^^^^^^^^^^^ use of undeclared type `TryFromParsed`

error[E0433]: failed to resolve: use of undeclared type `Parsed`
   --> tests/integration/derives.rs:130:9
    |
130 |         Parsed::new();
    |         ^^^^^^ use of undeclared type `Parsed`

error[E0433]: failed to resolve: use of undeclared crate or module `error`
   --> tests/integration/derives.rs:132:9
    |
132 |         error::ParseFromDescription::InvalidComponent("foo");
    |         ^^^^^ use of undeclared crate or module `error`

error[E0433]: failed to resolve: use of undeclared crate or module `error`
   --> tests/integration/derives.rs:133:9
    |
133 |         error::Format::InvalidComponent("foo");
    |         ^^^^^ use of undeclared crate or module `error`

error[E0433]: failed to resolve: use of undeclared crate or module `well_known`
   --> tests/integration/derives.rs:134:9
    |
134 |         well_known::Rfc2822;
    |         ^^^^^^^^^^ use of undeclared crate or module `well_known`

error[E0433]: failed to resolve: use of undeclared crate or module `well_known`
   --> tests/integration/derives.rs:135:9
    |
135 |         well_known::Rfc3339;
    |         ^^^^^^^^^^ use of undeclared crate or module `well_known`

error[E0433]: failed to resolve: use of undeclared crate or module `modifier`
   --> tests/integration/derives.rs:139:9
    |
139 |         modifier::Day::default();
    |         ^^^^^^^^ use of undeclared crate or module `modifier`

error[E0433]: failed to resolve: use of undeclared crate or module `modifier`
   --> tests/integration/derives.rs:140:9
    |
140 |         modifier::MonthRepr::default();
    |         ^^^^^^^^ use of undeclared crate or module `modifier`

error[E0433]: failed to resolve: use of undeclared crate or module `modifier`
   --> tests/integration/derives.rs:142:9
    |
142 |         modifier::Ordinal::default();
    |         ^^^^^^^^ use of undeclared crate or module `modifier`

error[E0433]: failed to resolve: use of undeclared crate or module `modifier`
   --> tests/integration/derives.rs:143:9
    |
143 |         modifier::WeekdayRepr::default();
    |         ^^^^^^^^ use of undeclared crate or module `modifier`

error[E0433]: failed to resolve: use of undeclared crate or module `modifier`
   --> tests/integration/derives.rs:145:9
    |
145 |         modifier::WeekNumberRepr::default();
    |         ^^^^^^^^ use of undeclared crate or module `modifier`

error[E0433]: failed to resolve: use of undeclared crate or module `modifier`
   --> tests/integration/derives.rs:146:9
    |
146 |         modifier::WeekNumber::default();
    |         ^^^^^^^^ use of undeclared crate or module `modifier`

error[E0433]: failed to resolve: use of undeclared crate or module `modifier`
   --> tests/integration/derives.rs:147:9
    |
147 |         modifier::YearRepr::default();
    |         ^^^^^^^^ use of undeclared crate or module `modifier`

error[E0433]: failed to resolve: use of undeclared crate or module `modifier`
   --> tests/integration/derives.rs:148:9
    |
148 |         modifier::Year::default();
    |         ^^^^^^^^ use of undeclared crate or module `modifier`

error[E0433]: failed to resolve: use of undeclared crate or module `modifier`
   --> tests/integration/derives.rs:149:9
    |
149 |         modifier::Hour::default();
    |         ^^^^^^^^ use of undeclared crate or module `modifier`

error[E0433]: failed to resolve: use of undeclared crate or module `modifier`
   --> tests/integration/derives.rs:150:9
    |
150 |         modifier::Minute::default();
    |         ^^^^^^^^ use of undeclared crate or module `modifier`

error[E0433]: failed to resolve: use of undeclared crate or module `modifier`
   --> tests/integration/derives.rs:151:9
    |
151 |         modifier::Period::default();
    |         ^^^^^^^^ use of undeclared crate or module `modifier`

error[E0433]: failed to resolve: use of undeclared crate or module `modifier`
   --> tests/integration/derives.rs:152:9
    |
152 |         modifier::Second::default();
    |         ^^^^^^^^ use of undeclared crate or module `modifier`

error[E0433]: failed to resolve: use of undeclared crate or module `modifier`
   --> tests/integration/derives.rs:153:9
    |
153 |         modifier::SubsecondDigits::default();
    |         ^^^^^^^^ use of undeclared crate or module `modifier`

error[E0433]: failed to resolve: use of undeclared crate or module `modifier`
   --> tests/integration/derives.rs:154:9
    |
154 |         modifier::Subsecond::default();
    |         ^^^^^^^^ use of undeclared crate or module `modifier`

error[E0433]: failed to resolve: use of undeclared crate or module `modifier`
   --> tests/integration/derives.rs:155:9
    |
155 |         modifier::OffsetHour::default();
    |         ^^^^^^^^ use of undeclared crate or module `modifier`

error[E0433]: failed to resolve: use of undeclared crate or module `modifier`
   --> tests/integration/derives.rs:156:9
    |
156 |         modifier::OffsetMinute::default();
    |         ^^^^^^^^ use of undeclared crate or module `modifier`

error[E0433]: failed to resolve: use of undeclared crate or module `modifier`
   --> tests/integration/derives.rs:157:9
    |
157 |         modifier::OffsetSecond::default();
    |         ^^^^^^^^ use of undeclared crate or module `modifier`

error[E0433]: failed to resolve: use of undeclared crate or module `modifier`
   --> tests/integration/derives.rs:158:9
    |
158 |         modifier::Padding::default();
    |         ^^^^^^^^ use of undeclared crate or module `modifier`

error[E0433]: failed to resolve: use of undeclared type `FormatItem`
   --> tests/integration/derives.rs:160:9
    |
160 |         FormatItem::Literal(b"abcdef");
    |         ^^^^^^^^^^ use of undeclared type `FormatItem`

error[E0433]: failed to resolve: use of undeclared type `FormatItem`
   --> tests/integration/derives.rs:161:9
    |
161 |         FormatItem::Compound(&[FormatItem::Component(Component::Day(modifier::Day::default()))]);
    |         ^^^^^^^^^^ use of undeclared type `FormatItem`

error[E0433]: failed to resolve: use of undeclared type `FormatItem`
   --> tests/integration/derives.rs:161:32
    |
161 |         FormatItem::Compound(&[FormatItem::Component(Component::Day(modifier::Day::default()))]);
    |                                ^^^^^^^^^^ use of undeclared type `FormatItem`

error[E0433]: failed to resolve: use of undeclared crate or module `modifier`
   --> tests/integration/derives.rs:161:69
    |
161 |         FormatItem::Compound(&[FormatItem::Component(Component::Day(modifier::Day::default()))]);
    |                                                                     ^^^^^^^^ use of undeclared crate or module `modifier`

error[E0433]: failed to resolve: use of undeclared type `FormatItem`
   --> tests/integration/derives.rs:162:9
    |
162 |         FormatItem::Optional(&FormatItem::Compound(&[]));
    |         ^^^^^^^^^^ use of undeclared type `FormatItem`

error[E0433]: failed to resolve: use of undeclared type `FormatItem`
   --> tests/integration/derives.rs:162:31
    |
162 |         FormatItem::Optional(&FormatItem::Compound(&[]));
    |                               ^^^^^^^^^^ use of undeclared type `FormatItem`

error[E0433]: failed to resolve: use of undeclared type `FormatItem`
   --> tests/integration/derives.rs:163:9
    |
163 |         FormatItem::First(&[]);
    |         ^^^^^^^^^^ use of undeclared type `FormatItem`

error[E0433]: failed to resolve: could not find `format_description` in `time`
  --> tests/integration/error.rs:40:24
   |
40 |         .format(&time::format_description::well_known::Rfc3339)
   |                        ^^^^^^^^^^^^^^^^^^ could not find `format_description` in `time`

error[E0433]: failed to resolve: use of undeclared type `Time`
   --> tests/integration/formatting.rs:150:9
    |
150 |         Time::MIDNIGHT.format(fd!("[hour repr:12][period case:lower]"))?,
    |         ^^^^ use of undeclared type `Time`

error[E0433]: failed to resolve: use of undeclared type `Time`
   --> tests/integration/formatting.rs:153:16
    |
153 |     assert_eq!(Time::MIDNIGHT.format(fd!("[subsecond digits:1+]"))?, "0");
    |                ^^^^ use of undeclared type `Time`

error[E0433]: failed to resolve: use of undeclared crate or module `format_description`
   --> tests/integration/formatting.rs:342:30
    |
342 |     let format_description = format_description::parse(
    |                              ^^^^^^^^^^^^^^^^^^ use of undeclared crate or module `format_description`

error[E0433]: failed to resolve: use of undeclared type `Time`
   --> tests/integration/formatting.rs:376:42
    |
376 |     assert_insufficient_type_information(Time::MIDNIGHT.format(fd!("[year]")));
    |                                          ^^^^ use of undeclared type `Time`

error[E0433]: failed to resolve: use of undeclared type `Time`
   --> tests/integration/formatting.rs:377:42
    |
377 |     assert_insufficient_type_information(Time::MIDNIGHT.format(&Rfc3339));
    |                                          ^^^^ use of undeclared type `Time`

error[E0433]: failed to resolve: use of undeclared type `Time`
   --> tests/integration/formatting.rs:380:42
    |
380 |     assert_insufficient_type_information(Time::MIDNIGHT.format(&Rfc2822));
    |                                          ^^^^ use of undeclared type `Time`

error[E0433]: failed to resolve: use of undeclared type `Time`
   --> tests/integration/formatting.rs:384:9
    |
384 |         Time::MIDNIGHT.format(&FormatItem::First(&[FormatItem::Compound(fd!("[year]"))])),
    |         ^^^^ use of undeclared type `Time`

error[E0433]: failed to resolve: use of undeclared type `FormatItem`
   --> tests/integration/formatting.rs:384:32
    |
384 |         Time::MIDNIGHT.format(&FormatItem::First(&[FormatItem::Compound(fd!("[year]"))])),
    |                                ^^^^^^^^^^ use of undeclared type `FormatItem`

error[E0433]: failed to resolve: use of undeclared type `FormatItem`
   --> tests/integration/formatting.rs:384:52
    |
384 |         Time::MIDNIGHT.format(&FormatItem::First(&[FormatItem::Compound(fd!("[year]"))])),
    |                                                    ^^^^^^^^^^ use of undeclared type `FormatItem`

error[E0433]: failed to resolve: use of undeclared type `Time`
   --> tests/integration/formatting.rs:402:16
    |
402 |     assert_err(Time::MIDNIGHT.format_into(bytes!(0), fd!("foo")));
    |                ^^^^ use of undeclared type `Time`

error[E0433]: failed to resolve: use of undeclared type `Time`
   --> tests/integration/formatting.rs:403:16
    |
403 |     assert_err(Time::MIDNIGHT.format_into(bytes!(0), &FormatItem::Compound(fd!("foo"))));
    |                ^^^^ use of undeclared type `Time`

error[E0433]: failed to resolve: use of undeclared type `FormatItem`
   --> tests/integration/formatting.rs:403:55
    |
403 |     assert_err(Time::MIDNIGHT.format_into(bytes!(0), &FormatItem::Compound(fd!("foo"))));
    |                                                       ^^^^^^^^^^ use of undeclared type `FormatItem`

error[E0433]: failed to resolve: use of undeclared type `Time`
   --> tests/integration/formatting.rs:404:16
    |
404 |     assert_err(Time::MIDNIGHT.format_into(
    |                ^^^^ use of undeclared type `Time`

error[E0433]: failed to resolve: use of undeclared type `FormatItem`
   --> tests/integration/formatting.rs:406:10
    |
406 |         &FormatItem::Optional(&FormatItem::Compound(fd!("foo"))),
    |          ^^^^^^^^^^ use of undeclared type `FormatItem`

error[E0433]: failed to resolve: use of undeclared type `FormatItem`
   --> tests/integration/formatting.rs:406:32
    |
406 |         &FormatItem::Optional(&FormatItem::Compound(fd!("foo"))),
    |                                ^^^^^^^^^^ use of undeclared type `FormatItem`

error[E0433]: failed to resolve: use of undeclared type `OffsetDateTime`
   --> tests/integration/formatting.rs:408:16
    |
408 |     assert_err(OffsetDateTime::UNIX_EPOCH.format_into(bytes!(0), &Rfc3339));
    |                ^^^^^^^^^^^^^^ use of undeclared type `OffsetDateTime`

error[E0433]: failed to resolve: use of undeclared type `OffsetDateTime`
   --> tests/integration/formatting.rs:409:16
    |
409 |     assert_err(OffsetDateTime::UNIX_EPOCH.format_into(bytes!(4), &Rfc3339));
    |                ^^^^^^^^^^^^^^ use of undeclared type `OffsetDateTime`

error[E0433]: failed to resolve: use of undeclared type `OffsetDateTime`
   --> tests/integration/formatting.rs:410:16
    |
410 |     assert_err(OffsetDateTime::UNIX_EPOCH.format_into(bytes!(5), &Rfc3339));
    |                ^^^^^^^^^^^^^^ use of undeclared type `OffsetDateTime`

error[E0433]: failed to resolve: use of undeclared type `OffsetDateTime`
   --> tests/integration/formatting.rs:411:16
    |
411 |     assert_err(OffsetDateTime::UNIX_EPOCH.format_into(bytes!(7), &Rfc3339));
    |                ^^^^^^^^^^^^^^ use of undeclared type `OffsetDateTime`

error[E0433]: failed to resolve: use of undeclared type `OffsetDateTime`
   --> tests/integration/formatting.rs:412:16
    |
412 |     assert_err(OffsetDateTime::UNIX_EPOCH.format_into(bytes!(8), &Rfc3339));
    |                ^^^^^^^^^^^^^^ use of undeclared type `OffsetDateTime`

error[E0433]: failed to resolve: use of undeclared type `OffsetDateTime`
   --> tests/integration/formatting.rs:413:16
    |
413 |     assert_err(OffsetDateTime::UNIX_EPOCH.format_into(bytes!(10), &Rfc3339));
    |                ^^^^^^^^^^^^^^ use of undeclared type `OffsetDateTime`

error[E0433]: failed to resolve: use of undeclared type `OffsetDateTime`
   --> tests/integration/formatting.rs:414:16
    |
414 |     assert_err(OffsetDateTime::UNIX_EPOCH.format_into(bytes!(11), &Rfc3339));
    |                ^^^^^^^^^^^^^^ use of undeclared type `OffsetDateTime`

error[E0433]: failed to resolve: use of undeclared type `OffsetDateTime`
   --> tests/integration/formatting.rs:415:16
    |
415 |     assert_err(OffsetDateTime::UNIX_EPOCH.format_into(bytes!(13), &Rfc3339));
    |                ^^^^^^^^^^^^^^ use of undeclared type `OffsetDateTime`

error[E0433]: failed to resolve: use of undeclared type `OffsetDateTime`
   --> tests/integration/formatting.rs:416:16
    |
416 |     assert_err(OffsetDateTime::UNIX_EPOCH.format_into(bytes!(14), &Rfc3339));
    |                ^^^^^^^^^^^^^^ use of undeclared type `OffsetDateTime`

error[E0433]: failed to resolve: use of undeclared type `OffsetDateTime`
   --> tests/integration/formatting.rs:417:16
    |
417 |     assert_err(OffsetDateTime::UNIX_EPOCH.format_into(bytes!(16), &Rfc3339));
    |                ^^^^^^^^^^^^^^ use of undeclared type `OffsetDateTime`

error[E0433]: failed to resolve: use of undeclared type `OffsetDateTime`
   --> tests/integration/formatting.rs:418:16
    |
418 |     assert_err(OffsetDateTime::UNIX_EPOCH.format_into(bytes!(17), &Rfc3339));
    |                ^^^^^^^^^^^^^^ use of undeclared type `OffsetDateTime`

error[E0433]: failed to resolve: use of undeclared type `OffsetDateTime`
   --> tests/integration/formatting.rs:419:16
    |
419 |     assert_err(OffsetDateTime::UNIX_EPOCH.format_into(bytes!(19), &Rfc3339));
    |                ^^^^^^^^^^^^^^ use of undeclared type `OffsetDateTime`

error[E0433]: failed to resolve: use of undeclared type `OffsetDateTime`
   --> tests/integration/formatting.rs:427:16
    |
427 |     assert_err(OffsetDateTime::UNIX_EPOCH.format_into(bytes!(0), &Rfc2822));
    |                ^^^^^^^^^^^^^^ use of undeclared type `OffsetDateTime`

error[E0433]: failed to resolve: use of undeclared type `OffsetDateTime`
   --> tests/integration/formatting.rs:428:16
    |
428 |     assert_err(OffsetDateTime::UNIX_EPOCH.format_into(bytes!(4), &Rfc2822));
    |                ^^^^^^^^^^^^^^ use of undeclared type `OffsetDateTime`

error[E0433]: failed to resolve: use of undeclared type `OffsetDateTime`
   --> tests/integration/formatting.rs:429:16
    |
429 |     assert_err(OffsetDateTime::UNIX_EPOCH.format_into(bytes!(6), &Rfc2822));
    |                ^^^^^^^^^^^^^^ use of undeclared type `OffsetDateTime`

error[E0433]: failed to resolve: use of undeclared type `OffsetDateTime`
   --> tests/integration/formatting.rs:430:16
    |
430 |     assert_err(OffsetDateTime::UNIX_EPOCH.format_into(bytes!(7), &Rfc2822));
    |                ^^^^^^^^^^^^^^ use of undeclared type `OffsetDateTime`

error[E0433]: failed to resolve: use of undeclared type `OffsetDateTime`
   --> tests/integration/formatting.rs:431:16
    |
431 |     assert_err(OffsetDateTime::UNIX_EPOCH.format_into(bytes!(8), &Rfc2822));
    |                ^^^^^^^^^^^^^^ use of undeclared type `OffsetDateTime`

error[E0433]: failed to resolve: use of undeclared type `OffsetDateTime`
   --> tests/integration/formatting.rs:432:16
    |
432 |     assert_err(OffsetDateTime::UNIX_EPOCH.format_into(bytes!(11), &Rfc2822));
    |                ^^^^^^^^^^^^^^ use of undeclared type `OffsetDateTime`

error[E0433]: failed to resolve: use of undeclared type `OffsetDateTime`
   --> tests/integration/formatting.rs:433:16
    |
433 |     assert_err(OffsetDateTime::UNIX_EPOCH.format_into(bytes!(12), &Rfc2822));
    |                ^^^^^^^^^^^^^^ use of undeclared type `OffsetDateTime`

error[E0433]: failed to resolve: use of undeclared type `OffsetDateTime`
   --> tests/integration/formatting.rs:434:16
    |
434 |     assert_err(OffsetDateTime::UNIX_EPOCH.format_into(bytes!(16), &Rfc2822));
    |                ^^^^^^^^^^^^^^ use of undeclared type `OffsetDateTime`

error[E0433]: failed to resolve: use of undeclared type `OffsetDateTime`
   --> tests/integration/formatting.rs:435:16
    |
435 |     assert_err(OffsetDateTime::UNIX_EPOCH.format_into(bytes!(17), &Rfc2822));
    |                ^^^^^^^^^^^^^^ use of undeclared type `OffsetDateTime`

error[E0433]: failed to resolve: use of undeclared type `OffsetDateTime`
   --> tests/integration/formatting.rs:436:16
    |
436 |     assert_err(OffsetDateTime::UNIX_EPOCH.format_into(bytes!(19), &Rfc2822));
    |                ^^^^^^^^^^^^^^ use of undeclared type `OffsetDateTime`

error[E0433]: failed to resolve: use of undeclared type `OffsetDateTime`
   --> tests/integration/formatting.rs:437:16
    |
437 |     assert_err(OffsetDateTime::UNIX_EPOCH.format_into(bytes!(20), &Rfc2822));
    |                ^^^^^^^^^^^^^^ use of undeclared type `OffsetDateTime`

error[E0433]: failed to resolve: use of undeclared type `OffsetDateTime`
   --> tests/integration/formatting.rs:438:16
    |
438 |     assert_err(OffsetDateTime::UNIX_EPOCH.format_into(bytes!(22), &Rfc2822));
    |                ^^^^^^^^^^^^^^ use of undeclared type `OffsetDateTime`

error[E0433]: failed to resolve: use of undeclared type `OffsetDateTime`
   --> tests/integration/formatting.rs:439:16
    |
439 |     assert_err(OffsetDateTime::UNIX_EPOCH.format_into(bytes!(23), &Rfc2822));
    |                ^^^^^^^^^^^^^^ use of undeclared type `OffsetDateTime`

error[E0433]: failed to resolve: use of undeclared type `OffsetDateTime`
   --> tests/integration/formatting.rs:440:16
    |
440 |     assert_err(OffsetDateTime::UNIX_EPOCH.format_into(bytes!(25), &Rfc2822));
    |                ^^^^^^^^^^^^^^ use of undeclared type `OffsetDateTime`

error[E0433]: failed to resolve: use of undeclared type `OffsetDateTime`
   --> tests/integration/formatting.rs:441:16
    |
441 |     assert_err(OffsetDateTime::UNIX_EPOCH.format_into(bytes!(26), &Rfc2822));
    |                ^^^^^^^^^^^^^^ use of undeclared type `OffsetDateTime`

error[E0433]: failed to resolve: use of undeclared type `OffsetDateTime`
   --> tests/integration/formatting.rs:442:16
    |
442 |     assert_err(OffsetDateTime::UNIX_EPOCH.format_into(bytes!(27), &Rfc2822));
    |                ^^^^^^^^^^^^^^ use of undeclared type `OffsetDateTime`

error[E0433]: failed to resolve: use of undeclared type `OffsetDateTime`
   --> tests/integration/formatting.rs:443:16
    |
443 |     assert_err(OffsetDateTime::UNIX_EPOCH.format_into(bytes!(29), &Rfc2822));
    |                ^^^^^^^^^^^^^^ use of undeclared type `OffsetDateTime`

error[E0433]: failed to resolve: use of undeclared type `OffsetDateTime`
   --> tests/integration/formatting.rs:444:16
    |
444 |     assert_err(OffsetDateTime::UNIX_EPOCH.format_into(bytes!(30), &Rfc2822));
    |                ^^^^^^^^^^^^^^ use of undeclared type `OffsetDateTime`

error[E0433]: failed to resolve: use of undeclared type `Time`
   --> tests/integration/formatting.rs:446:16
    |
446 |     assert_err(Time::MIDNIGHT.format_into(bytes!(0), fd!("[hour padding:space]")));
    |                ^^^^ use of undeclared type `Time`

error[E0433]: failed to resolve: use of undeclared type `Time`
   --> tests/integration/formatting.rs:447:16
    |
447 |     assert_err(Time::MIDNIGHT.format_into(bytes!(1), fd!("[hour padding:space]")));
    |                ^^^^ use of undeclared type `Time`

error[E0433]: failed to resolve: use of undeclared type `OffsetDateTime`
   --> tests/integration/formatting.rs:473:20
    |
473 |         assert_err(OffsetDateTime::UNIX_EPOCH.format_into(
    |                    ^^^^^^^^^^^^^^ use of undeclared type `OffsetDateTime`

error[E0433]: failed to resolve: use of undeclared crate or module `format_description`
   --> tests/integration/formatting.rs:475:14
    |
475 |             &format_description::parse(&format!("[{}]", component))?,
    |              ^^^^^^^^^^^^^^^^^^ use of undeclared crate or module `format_description`

error[E0433]: failed to resolve: use of undeclared type `Time`
   --> tests/integration/formatting.rs:484:16
    |
484 |     assert_eq!(Time::MIDNIGHT.format(&FormatItem::First(&[]))?, "");
    |                ^^^^ use of undeclared type `Time`

error[E0433]: failed to resolve: use of undeclared type `FormatItem`
   --> tests/integration/formatting.rs:484:39
    |
484 |     assert_eq!(Time::MIDNIGHT.format(&FormatItem::First(&[]))?, "");
    |                                       ^^^^^^^^^^ use of undeclared type `FormatItem`

error[E0433]: failed to resolve: use of undeclared type `Time`
   --> tests/integration/formatting.rs:486:9
    |
486 |         Time::MIDNIGHT.format(&FormatItem::First(&[FormatItem::Compound(fd!("[hour]"))]))?,
    |         ^^^^ use of undeclared type `Time`

error[E0433]: failed to resolve: use of undeclared type `FormatItem`
   --> tests/integration/formatting.rs:486:32
    |
486 |         Time::MIDNIGHT.format(&FormatItem::First(&[FormatItem::Compound(fd!("[hour]"))]))?,
    |                                ^^^^^^^^^^ use of undeclared type `FormatItem`

error[E0433]: failed to resolve: use of undeclared type `FormatItem`
   --> tests/integration/formatting.rs:486:52
    |
486 |         Time::MIDNIGHT.format(&FormatItem::First(&[FormatItem::Compound(fd!("[hour]"))]))?,
    |                                                    ^^^^^^^^^^ use of undeclared type `FormatItem`

error[E0433]: failed to resolve: use of undeclared type `FormatItem`
  --> tests/integration/macros.rs:19:11
   |
19 |         &[FormatItem::Literal(b"foobar\n\r\t\\\"'\0 NN NN")]
   |           ^^^^^^^^^^ use of undeclared type `FormatItem`

error[E0433]: failed to resolve: use of undeclared type `FormatItem`
  --> tests/integration/macros.rs:25:11
   |
25 |         &[FormatItem::Literal(b"foobar\n\r\t\\\"'\0 NN")]
   |           ^^^^^^^^^^ use of undeclared type `FormatItem`

error[E0433]: failed to resolve: use of undeclared type `FormatItem`
  --> tests/integration/macros.rs:34:13
   |
34 |             FormatItem::Component(Component::Day(modifier!(Day {
   |             ^^^^^^^^^^ use of undeclared type `FormatItem`

error[E0433]: failed to resolve: could not find `format_description` in `time`
  --> tests/integration/main.rs:38:33
   |
38 |           let mut value = ::time::format_description::modifier::$name::default();
   |                                   ^^^^^^^^^^^^^^^^^^ could not find `format_description` in `time`
   |
  ::: tests/integration/macros.rs:34:50
   |
34 |               FormatItem::Component(Component::Day(modifier!(Day {
   |  __________________________________________________-
35 | |                 padding: Padding::Space,
36 | |             }))),
   | |______________- in this macro invocation
   |
   = note: this error originates in the macro `modifier` (in Nightly builds, run with -Z macro-backtrace for more info)

error[E0433]: failed to resolve: use of undeclared type `Padding`
  --> tests/integration/macros.rs:35:26
   |
35 |                 padding: Padding::Space,
   |                          ^^^^^^^ use of undeclared type `Padding`

error[E0433]: failed to resolve: use of undeclared type `FormatItem`
  --> tests/integration/macros.rs:37:13
   |
37 |             FormatItem::Component(Component::Day(modifier!(Day {
   |             ^^^^^^^^^^ use of undeclared type `FormatItem`

error[E0433]: failed to resolve: could not find `format_description` in `time`
  --> tests/integration/main.rs:38:33
   |
38 |           let mut value = ::time::format_description::modifier::$name::default();
   |                                   ^^^^^^^^^^^^^^^^^^ could not find `format_description` in `time`
   |
  ::: tests/integration/macros.rs:37:50
   |
37 |               FormatItem::Component(Component::Day(modifier!(Day {
   |  __________________________________________________-
38 | |                 padding: Padding::Zero,
39 | |             }))),
   | |______________- in this macro invocation
   |
   = note: this error originates in the macro `modifier` (in Nightly builds, run with -Z macro-backtrace for more info)

error[E0433]: failed to resolve: use of undeclared type `Padding`
  --> tests/integration/macros.rs:38:26
   |
38 |                 padding: Padding::Zero,
   |                          ^^^^^^^ use of undeclared type `Padding`

error[E0433]: failed to resolve: use of undeclared type `FormatItem`
  --> tests/integration/macros.rs:40:13
   |
40 |             FormatItem::Component(Component::Day(modifier!(Day {
   |             ^^^^^^^^^^ use of undeclared type `FormatItem`

error[E0433]: failed to resolve: could not find `format_description` in `time`
  --> tests/integration/main.rs:38:33
   |
38 |           let mut value = ::time::format_description::modifier::$name::default();
   |                                   ^^^^^^^^^^^^^^^^^^ could not find `format_description` in `time`
   |
  ::: tests/integration/macros.rs:40:50
   |
40 |               FormatItem::Component(Component::Day(modifier!(Day {
   |  __________________________________________________-
41 | |                 padding: Padding::None,
42 | |             })))
   | |______________- in this macro invocation
   |
   = note: this error originates in the macro `modifier` (in Nightly builds, run with -Z macro-backtrace for more info)

error[E0433]: failed to resolve: use of undeclared type `Padding`
  --> tests/integration/macros.rs:41:26
   |
41 |                 padding: Padding::None,
   |                          ^^^^^^^ use of undeclared type `Padding`

error[E0433]: failed to resolve: use of undeclared type `FormatItem`
  --> tests/integration/macros.rs:50:13
   |
50 |             FormatItem::Component(Component::OffsetMinute(modifier!(OffsetMinute {
   |             ^^^^^^^^^^ use of undeclared type `FormatItem`

error[E0433]: failed to resolve: could not find `format_description` in `time`
  --> tests/integration/main.rs:38:33
   |
38 |           let mut value = ::time::format_description::modifier::$name::default();
   |                                   ^^^^^^^^^^^^^^^^^^ could not find `format_description` in `time`
   |
  ::: tests/integration/macros.rs:50:59
   |
50 |               FormatItem::Component(Component::OffsetMinute(modifier!(OffsetMinute {
   |  ___________________________________________________________-
51 | |                 padding: Padding::Space,
52 | |             }))),
   | |______________- in this macro invocation
   |
   = note: this error originates in the macro `modifier` (in Nightly builds, run with -Z macro-backtrace for more info)

error[E0433]: failed to resolve: use of undeclared type `Padding`
  --> tests/integration/macros.rs:51:26
   |
51 |                 padding: Padding::Space,
   |                          ^^^^^^^ use of undeclared type `Padding`

error[E0433]: failed to resolve: use of undeclared type `FormatItem`
  --> tests/integration/macros.rs:53:13
   |
53 |             FormatItem::Component(Component::OffsetMinute(modifier!(OffsetMinute {
   |             ^^^^^^^^^^ use of undeclared type `FormatItem`

error[E0433]: failed to resolve: could not find `format_description` in `time`
  --> tests/integration/main.rs:38:33
   |
38 |           let mut value = ::time::format_description::modifier::$name::default();
   |                                   ^^^^^^^^^^^^^^^^^^ could not find `format_description` in `time`
   |
  ::: tests/integration/macros.rs:53:59
   |
53 |               FormatItem::Component(Component::OffsetMinute(modifier!(OffsetMinute {
   |  ___________________________________________________________-
54 | |                 padding: Padding::Zero,
55 | |             }))),
   | |______________- in this macro invocation
   |
   = note: this error originates in the macro `modifier` (in Nightly builds, run with -Z macro-backtrace for more info)

error[E0433]: failed to resolve: use of undeclared type `Padding`
  --> tests/integration/macros.rs:54:26
   |
54 |                 padding: Padding::Zero,
   |                          ^^^^^^^ use of undeclared type `Padding`

error[E0433]: failed to resolve: use of undeclared type `FormatItem`
  --> tests/integration/macros.rs:56:13
   |
56 |             FormatItem::Component(Component::OffsetMinute(modifier!(OffsetMinute {
   |             ^^^^^^^^^^ use of undeclared type `FormatItem`

error[E0433]: failed to resolve: could not find `format_description` in `time`
  --> tests/integration/main.rs:38:33
   |
38 |           let mut value = ::time::format_description::modifier::$name::default();
   |                                   ^^^^^^^^^^^^^^^^^^ could not find `format_description` in `time`
   |
  ::: tests/integration/macros.rs:56:59
   |
56 |               FormatItem::Component(Component::OffsetMinute(modifier!(OffsetMinute {
   |  ___________________________________________________________-
57 | |                 padding: Padding::None,
58 | |             })))
   | |______________- in this macro invocation
   |
   = note: this error originates in the macro `modifier` (in Nightly builds, run with -Z macro-backtrace for more info)

error[E0433]: failed to resolve: use of undeclared type `Padding`
  --> tests/integration/macros.rs:57:26
   |
57 |                 padding: Padding::None,
   |                          ^^^^^^^ use of undeclared type `Padding`

error[E0433]: failed to resolve: use of undeclared type `FormatItem`
  --> tests/integration/macros.rs:66:13
   |
66 |             FormatItem::Component(Component::OffsetSecond(modifier!(OffsetSecond {
   |             ^^^^^^^^^^ use of undeclared type `FormatItem`

error[E0433]: failed to resolve: could not find `format_description` in `time`
  --> tests/integration/main.rs:38:33
   |
38 |           let mut value = ::time::format_description::modifier::$name::default();
   |                                   ^^^^^^^^^^^^^^^^^^ could not find `format_description` in `time`
   |
  ::: tests/integration/macros.rs:66:59
   |
66 |               FormatItem::Component(Component::OffsetSecond(modifier!(OffsetSecond {
   |  ___________________________________________________________-
67 | |                 padding: Padding::Space,
68 | |             }))),
   | |______________- in this macro invocation
   |
   = note: this error originates in the macro `modifier` (in Nightly builds, run with -Z macro-backtrace for more info)

error[E0433]: failed to resolve: use of undeclared type `Padding`
  --> tests/integration/macros.rs:67:26
   |
67 |                 padding: Padding::Space,
   |                          ^^^^^^^ use of undeclared type `Padding`

error[E0433]: failed to resolve: use of undeclared type `FormatItem`
  --> tests/integration/macros.rs:69:13
   |
69 |             FormatItem::Component(Component::OffsetSecond(modifier!(OffsetSecond {
   |             ^^^^^^^^^^ use of undeclared type `FormatItem`

error[E0433]: failed to resolve: could not find `format_description` in `time`
  --> tests/integration/main.rs:38:33
   |
38 |           let mut value = ::time::format_description::modifier::$name::default();
   |                                   ^^^^^^^^^^^^^^^^^^ could not find `format_description` in `time`
   |
  ::: tests/integration/macros.rs:69:59
   |
69 |               FormatItem::Component(Component::OffsetSecond(modifier!(OffsetSecond {
   |  ___________________________________________________________-
70 | |                 padding: Padding::Zero,
71 | |             }))),
   | |______________- in this macro invocation
   |
   = note: this error originates in the macro `modifier` (in Nightly builds, run with -Z macro-backtrace for more info)

error[E0433]: failed to resolve: use of undeclared type `Padding`
  --> tests/integration/macros.rs:70:26
   |
70 |                 padding: Padding::Zero,
   |                          ^^^^^^^ use of undeclared type `Padding`

error[E0433]: failed to resolve: use of undeclared type `FormatItem`
  --> tests/integration/macros.rs:72:13
   |
72 |             FormatItem::Component(Component::OffsetSecond(modifier!(OffsetSecond {
   |             ^^^^^^^^^^ use of undeclared type `FormatItem`

error[E0433]: failed to resolve: could not find `format_description` in `time`
  --> tests/integration/main.rs:38:33
   |
38 |           let mut value = ::time::format_description::modifier::$name::default();
   |                                   ^^^^^^^^^^^^^^^^^^ could not find `format_description` in `time`
   |
  ::: tests/integration/macros.rs:72:59
   |
72 |               FormatItem::Component(Component::OffsetSecond(modifier!(OffsetSecond {
   |  ___________________________________________________________-
73 | |                 padding: Padding::None,
74 | |             }))),
   | |______________- in this macro invocation
   |
   = note: this error originates in the macro `modifier` (in Nightly builds, run with -Z macro-backtrace for more info)

error[E0433]: failed to resolve: use of undeclared type `Padding`
  --> tests/integration/macros.rs:73:26
   |
73 |                 padding: Padding::None,
   |                          ^^^^^^^ use of undeclared type `Padding`

error[E0433]: failed to resolve: use of undeclared type `FormatItem`
  --> tests/integration/macros.rs:80:13
   |
80 |             FormatItem::Component(Component::Ordinal(modifier!(Ordinal {
   |             ^^^^^^^^^^ use of undeclared type `FormatItem`

error[E0433]: failed to resolve: could not find `format_description` in `time`
  --> tests/integration/main.rs:38:33
   |
38 |           let mut value = ::time::format_description::modifier::$name::default();
   |                                   ^^^^^^^^^^^^^^^^^^ could not find `format_description` in `time`
   |
  ::: tests/integration/macros.rs:80:54
   |
80 |               FormatItem::Component(Component::Ordinal(modifier!(Ordinal {
   |  ______________________________________________________-
81 | |                 padding: Padding::Space,
82 | |             }))),
   | |______________- in this macro invocation
   |
   = note: this error originates in the macro `modifier` (in Nightly builds, run with -Z macro-backtrace for more info)

error[E0433]: failed to resolve: use of undeclared type `Padding`
  --> tests/integration/macros.rs:81:26
   |
81 |                 padding: Padding::Space,
   |                          ^^^^^^^ use of undeclared type `Padding`

error[E0433]: failed to resolve: use of undeclared type `FormatItem`
  --> tests/integration/macros.rs:83:13
   |
83 |             FormatItem::Component(Component::Ordinal(modifier!(Ordinal {
   |             ^^^^^^^^^^ use of undeclared type `FormatItem`

error[E0433]: failed to resolve: could not find `format_description` in `time`
  --> tests/integration/main.rs:38:33
   |
38 |           let mut value = ::time::format_description::modifier::$name::default();
   |                                   ^^^^^^^^^^^^^^^^^^ could not find `format_description` in `time`
   |
  ::: tests/integration/macros.rs:83:54
   |
83 |               FormatItem::Component(Component::Ordinal(modifier!(Ordinal {
   |  ______________________________________________________-
84 | |                 padding: Padding::Zero,
85 | |             }))),
   | |______________- in this macro invocation
   |
   = note: this error originates in the macro `modifier` (in Nightly builds, run with -Z macro-backtrace for more info)

error[E0433]: failed to resolve: use of undeclared type `Padding`
  --> tests/integration/macros.rs:84:26
   |
84 |                 padding: Padding::Zero,
   |                          ^^^^^^^ use of undeclared type `Padding`

error[E0433]: failed to resolve: use of undeclared type `FormatItem`
  --> tests/integration/macros.rs:86:13
   |
86 |             FormatItem::Component(Component::Ordinal(modifier!(Ordinal {
   |             ^^^^^^^^^^ use of undeclared type `FormatItem`

error[E0433]: failed to resolve: could not find `format_description` in `time`
  --> tests/integration/main.rs:38:33
   |
38 |           let mut value = ::time::format_description::modifier::$name::default();
   |                                   ^^^^^^^^^^^^^^^^^^ could not find `format_description` in `time`
   |
  ::: tests/integration/macros.rs:86:54
   |
86 |               FormatItem::Component(Component::Ordinal(modifier!(Ordinal {
   |  ______________________________________________________-
87 | |                 padding: Padding::None,
88 | |             }))),
   | |______________- in this macro invocation
   |
   = note: this error originates in the macro `modifier` (in Nightly builds, run with -Z macro-backtrace for more info)

error[E0433]: failed to resolve: use of undeclared type `Padding`
  --> tests/integration/macros.rs:87:26
   |
87 |                 padding: Padding::None,
   |                          ^^^^^^^ use of undeclared type `Padding`

error[E0433]: failed to resolve: use of undeclared type `FormatItem`
  --> tests/integration/macros.rs:93:11
   |
93 |         &[FormatItem::Component(Component::Month(modifier!(Month {
   |           ^^^^^^^^^^ use of undeclared type `FormatItem`

error[E0433]: failed to resolve: use of undeclared type `MonthRepr`
  --> tests/integration/macros.rs:94:19
   |
94 |             repr: MonthRepr::Numerical,
   |                   ^^^^^^^^^ use of undeclared type `MonthRepr`

error[E0433]: failed to resolve: use of undeclared type `Padding`
  --> tests/integration/macros.rs:95:22
   |
95 |             padding: Padding::Zero,
   |                      ^^^^^^^ use of undeclared type `Padding`

error[E0433]: failed to resolve: use of undeclared type `FormatItem`
   --> tests/integration/macros.rs:100:11
    |
100 |         &[FormatItem::Component(Component::WeekNumber(modifier!(
    |           ^^^^^^^^^^ use of undeclared type `FormatItem`

error[E0433]: failed to resolve: could not find `format_description` in `time`
   --> tests/integration/main.rs:38:33
    |
38  |           let mut value = ::time::format_description::modifier::$name::default();
    |                                   ^^^^^^^^^^^^^^^^^^ could not find `format_description` in `time`
    |
   ::: tests/integration/macros.rs:100:55
    |
100 |           &[FormatItem::Component(Component::WeekNumber(modifier!(
    |  _______________________________________________________-
101 | |             WeekNumber {
102 | |                 padding: Padding::Zero,
103 | |                 repr: WeekNumberRepr::Iso,
104 | |             }
105 | |         )))]
    | |_________- in this macro invocation
    |
    = note: this error originates in the macro `modifier` (in Nightly builds, run with -Z macro-backtrace for more info)

error[E0433]: failed to resolve: use of undeclared type `Padding`
   --> tests/integration/macros.rs:102:26
    |
102 |                 padding: Padding::Zero,
    |                          ^^^^^^^ use of undeclared type `Padding`

error[E0433]: failed to resolve: use of undeclared type `WeekNumberRepr`
   --> tests/integration/macros.rs:103:23
    |
103 |                 repr: WeekNumberRepr::Iso,
    |                       ^^^^^^^^^^^^^^ use of undeclared type `WeekNumberRepr`

error[E0433]: failed to resolve: use of undeclared type `FormatItem`
   --> tests/integration/macros.rs:109:11
    |
109 |         &[FormatItem::Component(Component::Weekday(modifier!(
    |           ^^^^^^^^^^ use of undeclared type `FormatItem`

error[E0433]: failed to resolve: use of undeclared type `WeekdayRepr`
   --> tests/integration/macros.rs:111:23
    |
111 |                 repr: WeekdayRepr::Long,
    |                       ^^^^^^^^^^^ use of undeclared type `WeekdayRepr`

error[E0433]: failed to resolve: use of undeclared type `FormatItem`
   --> tests/integration/macros.rs:118:11
    |
118 |         &[FormatItem::Component(Component::Year(modifier!(Year {
    |           ^^^^^^^^^^ use of undeclared type `FormatItem`

error[E0433]: failed to resolve: could not find `format_description` in `time`
   --> tests/integration/main.rs:38:33
    |
38  |           let mut value = ::time::format_description::modifier::$name::default();
    |                                   ^^^^^^^^^^^^^^^^^^ could not find `format_description` in `time`
    |
   ::: tests/integration/macros.rs:118:49
    |
118 |           &[FormatItem::Component(Component::Year(modifier!(Year {
    |  _________________________________________________-
119 | |             repr: YearRepr::Full,
120 | |             iso_week_based: false,
121 | |             padding: Padding::Zero,
122 | |             sign_is_mandatory: false,
123 | |         })))]
    | |__________- in this macro invocation
    |
    = note: this error originates in the macro `modifier` (in Nightly builds, run with -Z macro-backtrace for more info)

error[E0433]: failed to resolve: use of undeclared type `YearRepr`
   --> tests/integration/macros.rs:119:19
    |
119 |             repr: YearRepr::Full,
    |                   ^^^^^^^^ use of undeclared type `YearRepr`

error[E0433]: failed to resolve: use of undeclared type `Padding`
   --> tests/integration/macros.rs:121:22
    |
121 |             padding: Padding::Zero,
    |                      ^^^^^^^ use of undeclared type `Padding`

error[E0433]: failed to resolve: use of undeclared type `FormatItem`
   --> tests/integration/macros.rs:127:11
    |
127 |         &[FormatItem::Literal(b"["), FormatItem::Literal(b" ")]
    |           ^^^^^^^^^^ use of undeclared type `FormatItem`

error[E0433]: failed to resolve: use of undeclared type `FormatItem`
   --> tests/integration/macros.rs:127:38
    |
127 |         &[FormatItem::Literal(b"["), FormatItem::Literal(b" ")]
    |                                      ^^^^^^^^^^ use of undeclared type `FormatItem`

error[E0433]: failed to resolve: use of undeclared type `Time`
   --> tests/integration/macros.rs:141:30
    |
141 |     assert_eq!(time!(12 AM), Time::MIDNIGHT);
    |                              ^^^^ use of undeclared type `Time`

error[E0433]: failed to resolve: use of undeclared type `OffsetDateTime`
  --> tests/integration/offset_date_time.rs:46:12
   |
46 |         Ok(OffsetDateTime::UNIX_EPOCH),
   |            ^^^^^^^^^^^^^^ use of undeclared type `OffsetDateTime`

error[E0433]: failed to resolve: use of undeclared type `OffsetDateTime`
  --> tests/integration/offset_date_time.rs:58:12
   |
58 |         Ok(OffsetDateTime::UNIX_EPOCH),
   |            ^^^^^^^^^^^^^^ use of undeclared type `OffsetDateTime`

error[E0433]: failed to resolve: use of undeclared type `OffsetDateTime`
  --> tests/integration/offset_date_time.rs:81:16
   |
81 |     assert_eq!(OffsetDateTime::UNIX_EPOCH.unix_timestamp(), 0);
   |                ^^^^^^^^^^^^^^ use of undeclared type `OffsetDateTime`

error[E0433]: failed to resolve: use of undeclared type `OffsetDateTime`
  --> tests/integration/offset_date_time.rs:83:9
   |
83 |         OffsetDateTime::UNIX_EPOCH
   |         ^^^^^^^^^^^^^^ use of undeclared type `OffsetDateTime`

error[E0433]: failed to resolve: use of undeclared type `Month`
   --> tests/integration/offset_date_time.rs:134:56
    |
134 |     assert_eq!(datetime!(2019-01-01 0:00 UTC).month(), Month::January);
    |                                                        ^^^^^ use of undeclared type `Month`

error[E0433]: failed to resolve: use of undeclared type `Month`
   --> tests/integration/offset_date_time.rs:139:9
    |
139 |         Month::January,
    |         ^^^^^ use of undeclared type `Month`

error[E0433]: failed to resolve: use of undeclared type `Month`
   --> tests/integration/offset_date_time.rs:191:16
    |
191 |         (2019, Month::January, 2)
    |                ^^^^^ use of undeclared type `Month`

error[E0433]: failed to resolve: use of undeclared type `Date`
   --> tests/integration/offset_date_time.rs:443:15
    |
443 |     let val = Date::MIN
    |               ^^^^ use of undeclared type `Date`

error[E0433]: failed to resolve: use of undeclared type `Duration`
   --> tests/integration/offset_date_time.rs:449:22
    |
449 |     assert_eq!(val + Duration::ZERO, val);
    |                      ^^^^^^^^ use of undeclared type `Duration`

error[E0433]: failed to resolve: use of undeclared type `Duration`
   --> tests/integration/offset_date_time.rs:450:22
    |
450 |     assert_eq!(val - Duration::ZERO, val);
    |                      ^^^^^^^^ use of undeclared type `Duration`

error[E0433]: failed to resolve: use of undeclared type `OffsetDateTime`
   --> tests/integration/offset_date_time.rs:844:9
    |
844 |         OffsetDateTime::UNIX_EPOCH
    |         ^^^^^^^^^^^^^^ use of undeclared type `OffsetDateTime`

error[E0433]: failed to resolve: use of undeclared type `OffsetDateTime`
   --> tests/integration/offset_date_time.rs:848:9
    |
848 |         OffsetDateTime::UNIX_EPOCH - 1.days()
    |         ^^^^^^^^^^^^^^ use of undeclared type `OffsetDateTime`

error[E0433]: failed to resolve: use of undeclared type `OffsetDateTime`
   --> tests/integration/offset_date_time.rs:852:9
    |
852 |         OffsetDateTime::UNIX_EPOCH + 1.days()
    |         ^^^^^^^^^^^^^^ use of undeclared type `OffsetDateTime`

error[E0433]: failed to resolve: use of undeclared type `OffsetDateTime`
   --> tests/integration/offset_date_time.rs:859:26
    |
859 |         SystemTime::from(OffsetDateTime::UNIX_EPOCH),
    |                          ^^^^^^^^^^^^^^ use of undeclared type `OffsetDateTime`

error[E0433]: failed to resolve: use of undeclared type `OffsetDateTime`
   --> tests/integration/offset_date_time.rs:863:26
    |
863 |         SystemTime::from(OffsetDateTime::UNIX_EPOCH + 1.days()),
    |                          ^^^^^^^^^^^^^^ use of undeclared type `OffsetDateTime`

error[E0433]: failed to resolve: use of undeclared type `OffsetDateTime`
   --> tests/integration/offset_date_time.rs:867:26
    |
867 |         SystemTime::from(OffsetDateTime::UNIX_EPOCH - 1.days()),
    |                          ^^^^^^^^^^^^^^ use of undeclared type `OffsetDateTime`

error[E0433]: failed to resolve: use of undeclared type `Duration`
   --> tests/integration/offset_date_time.rs:914:60
    |
914 |         datetime!(-999_999 - 01 - 01 0:00 UTC).checked_add(Duration::MIN),
    |                                                            ^^^^^^^^ use of undeclared type `Duration`

error[E0433]: failed to resolve: use of undeclared type `Duration`
   --> tests/integration/offset_date_time.rs:928:76
    |
928 |         datetime!(+999_999 - 12 - 31 23:59:59.999_999_999 UTC).checked_add(Duration::MAX),
    |                                                                            ^^^^^^^^ use of undeclared type `Duration`

error[E0433]: failed to resolve: use of undeclared type `Duration`
   --> tests/integration/offset_date_time.rs:938:79
    |
938 |         datetime!(+999_999 - 12 - 31 23:59:59.999_999_999 -10:00).checked_add(Duration::ZERO),
    |                                                                               ^^^^^^^^ use of undeclared type `Duration`

error[E0433]: failed to resolve: use of undeclared type `Duration`
   --> tests/integration/offset_date_time.rs:942:63
    |
942 |         datetime!(-999_999 - 01 - 01 0:00 +10:00).checked_add(Duration::ZERO),
    |                                                               ^^^^^^^^ use of undeclared type `Duration`

error[E0433]: failed to resolve: use of undeclared type `Duration`
   --> tests/integration/offset_date_time.rs:989:60
    |
989 |         datetime!(-999_999 - 01 - 01 0:00 UTC).checked_sub(Duration::MAX),
    |                                                            ^^^^^^^^ use of undeclared type `Duration`

error[E0433]: failed to resolve: use of undeclared type `Duration`
    --> tests/integration/offset_date_time.rs:1003:76
     |
1003 |         datetime!(+999_999 - 12 - 31 23:59:59.999_999_999 UTC).checked_sub(Duration::MIN),
     |                                                                            ^^^^^^^^ use of undeclared type `Duration`

error[E0433]: failed to resolve: use of undeclared type `Duration`
    --> tests/integration/offset_date_time.rs:1013:76
     |
1013 |         datetime!(+999_999 - 12 - 31 23:59:59.999_999_999 -10).checked_sub(Duration::ZERO),
     |                                                                            ^^^^^^^^ use of undeclared type `Duration`

error[E0433]: failed to resolve: use of undeclared type `Duration`
    --> tests/integration/offset_date_time.rs:1017:60
     |
1017 |         datetime!(-999_999 - 01 - 01 0:00 +10).checked_sub(Duration::ZERO),
     |                                                            ^^^^^^^^ use of undeclared type `Duration`

error[E0433]: failed to resolve: use of undeclared type `Duration`
    --> tests/integration/offset_date_time.rs:1047:62
     |
1047 |         datetime!(-999999 - 01 - 01 0:00 +10).saturating_add(Duration::ZERO),
     |                                                              ^^^^^^^^ use of undeclared type `Duration`

error[E0433]: failed to resolve: use of undeclared type `Duration`
    --> tests/integration/offset_date_time.rs:1051:78
     |
1051 |         datetime!(+999999 - 12 - 31 23:59:59.999_999_999 +10).saturating_add(Duration::ZERO),
     |                                                                              ^^^^^^^^ use of undeclared type `Duration`

error[E0433]: failed to resolve: use of undeclared type `Duration`
    --> tests/integration/offset_date_time.rs:1081:62
     |
1081 |         datetime!(-999999 - 01 - 01 0:00 +10).saturating_sub(Duration::ZERO),
     |                                                              ^^^^^^^^ use of undeclared type `Duration`

error[E0433]: failed to resolve: use of undeclared type `Duration`
    --> tests/integration/offset_date_time.rs:1085:78
     |
1085 |         datetime!(+999999 - 12 - 31 23:59:59.999_999_999 +10).saturating_sub(Duration::ZERO),
     |                                                                              ^^^^^^^^ use of undeclared type `Duration`

error[E0433]: failed to resolve: use of undeclared type `Padding`
 --> tests/integration/parse_format_description.rs:8:14
  |
8 |             (Padding::Space, "padding:space"),
  |              ^^^^^^^ use of undeclared type `Padding`

error[E0433]: failed to resolve: use of undeclared type `Padding`
 --> tests/integration/parse_format_description.rs:9:14
  |
9 |             (Padding::Zero, "padding:zero"),
  |              ^^^^^^^ use of undeclared type `Padding`

error[E0433]: failed to resolve: use of undeclared type `Padding`
  --> tests/integration/parse_format_description.rs:10:14
   |
10 |             (Padding::None, "padding:none"),
   |              ^^^^^^^ use of undeclared type `Padding`

error[E0433]: failed to resolve: use of undeclared type `MonthRepr`
  --> tests/integration/parse_format_description.rs:28:14
   |
28 |             (MonthRepr::Numerical, "repr:numerical"),
   |              ^^^^^^^^^ use of undeclared type `MonthRepr`

error[E0433]: failed to resolve: use of undeclared type `MonthRepr`
  --> tests/integration/parse_format_description.rs:29:14
   |
29 |             (MonthRepr::Long, "repr:long"),
   |              ^^^^^^^^^ use of undeclared type `MonthRepr`

error[E0433]: failed to resolve: use of undeclared type `MonthRepr`
  --> tests/integration/parse_format_description.rs:30:14
   |
30 |             (MonthRepr::Short, "repr:short"),
   |              ^^^^^^^^^ use of undeclared type `MonthRepr`

error[E0433]: failed to resolve: use of undeclared type `SubsecondDigits`
  --> tests/integration/parse_format_description.rs:38:14
   |
38 |             (SubsecondDigits::One, "digits:1"),
   |              ^^^^^^^^^^^^^^^ use of undeclared type `SubsecondDigits`

error[E0433]: failed to resolve: use of undeclared type `SubsecondDigits`
  --> tests/integration/parse_format_description.rs:39:14
   |
39 |             (SubsecondDigits::Two, "digits:2"),
   |              ^^^^^^^^^^^^^^^ use of undeclared type `SubsecondDigits`

error[E0433]: failed to resolve: use of undeclared type `SubsecondDigits`
  --> tests/integration/parse_format_description.rs:40:14
   |
40 |             (SubsecondDigits::Three, "digits:3"),
   |              ^^^^^^^^^^^^^^^ use of undeclared type `SubsecondDigits`

error[E0433]: failed to resolve: use of undeclared type `SubsecondDigits`
  --> tests/integration/parse_format_description.rs:41:14
   |
41 |             (SubsecondDigits::Four, "digits:4"),
   |              ^^^^^^^^^^^^^^^ use of undeclared type `SubsecondDigits`

error[E0433]: failed to resolve: use of undeclared type `SubsecondDigits`
  --> tests/integration/parse_format_description.rs:42:14
   |
42 |             (SubsecondDigits::Five, "digits:5"),
   |              ^^^^^^^^^^^^^^^ use of undeclared type `SubsecondDigits`

error[E0433]: failed to resolve: use of undeclared type `SubsecondDigits`
  --> tests/integration/parse_format_description.rs:43:14
   |
43 |             (SubsecondDigits::Six, "digits:6"),
   |              ^^^^^^^^^^^^^^^ use of undeclared type `SubsecondDigits`

error[E0433]: failed to resolve: use of undeclared type `SubsecondDigits`
  --> tests/integration/parse_format_description.rs:44:14
   |
44 |             (SubsecondDigits::Seven, "digits:7"),
   |              ^^^^^^^^^^^^^^^ use of undeclared type `SubsecondDigits`

error[E0433]: failed to resolve: use of undeclared type `SubsecondDigits`
  --> tests/integration/parse_format_description.rs:45:14
   |
45 |             (SubsecondDigits::Eight, "digits:8"),
   |              ^^^^^^^^^^^^^^^ use of undeclared type `SubsecondDigits`

error[E0433]: failed to resolve: use of undeclared type `SubsecondDigits`
  --> tests/integration/parse_format_description.rs:46:14
   |
46 |             (SubsecondDigits::Nine, "digits:9"),
   |              ^^^^^^^^^^^^^^^ use of undeclared type `SubsecondDigits`

error[E0433]: failed to resolve: use of undeclared type `SubsecondDigits`
  --> tests/integration/parse_format_description.rs:47:14
   |
47 |             (SubsecondDigits::OneOrMore, "digits:1+"),
   |              ^^^^^^^^^^^^^^^ use of undeclared type `SubsecondDigits`

error[E0433]: failed to resolve: use of undeclared type `WeekdayRepr`
  --> tests/integration/parse_format_description.rs:55:14
   |
55 |             (WeekdayRepr::Short, "repr:short"),
   |              ^^^^^^^^^^^ use of undeclared type `WeekdayRepr`

error[E0433]: failed to resolve: use of undeclared type `WeekdayRepr`
  --> tests/integration/parse_format_description.rs:56:14
   |
56 |             (WeekdayRepr::Long, "repr:long"),
   |              ^^^^^^^^^^^ use of undeclared type `WeekdayRepr`

error[E0433]: failed to resolve: use of undeclared type `WeekdayRepr`
  --> tests/integration/parse_format_description.rs:57:14
   |
57 |             (WeekdayRepr::Sunday, "repr:sunday"),
   |              ^^^^^^^^^^^ use of undeclared type `WeekdayRepr`

error[E0433]: failed to resolve: use of undeclared type `WeekdayRepr`
  --> tests/integration/parse_format_description.rs:58:14
   |
58 |             (WeekdayRepr::Monday, "repr:monday"),
   |              ^^^^^^^^^^^ use of undeclared type `WeekdayRepr`

error[E0433]: failed to resolve: use of undeclared type `WeekNumberRepr`
  --> tests/integration/parse_format_description.rs:66:14
   |
66 |             (WeekNumberRepr::Iso, "repr:iso"),
   |              ^^^^^^^^^^^^^^ use of undeclared type `WeekNumberRepr`

error[E0433]: failed to resolve: use of undeclared type `WeekNumberRepr`
  --> tests/integration/parse_format_description.rs:67:14
   |
67 |             (WeekNumberRepr::Sunday, "repr:sunday"),
   |              ^^^^^^^^^^^^^^ use of undeclared type `WeekNumberRepr`

error[E0433]: failed to resolve: use of undeclared type `WeekNumberRepr`
  --> tests/integration/parse_format_description.rs:68:14
   |
68 |             (WeekNumberRepr::Monday, "repr:monday"),
   |              ^^^^^^^^^^^^^^ use of undeclared type `WeekNumberRepr`

error[E0433]: failed to resolve: use of undeclared type `YearRepr`
  --> tests/integration/parse_format_description.rs:76:14
   |
76 |             (YearRepr::Full, "repr:full"),
   |              ^^^^^^^^ use of undeclared type `YearRepr`

error[E0433]: failed to resolve: use of undeclared type `YearRepr`
  --> tests/integration/parse_format_description.rs:77:14
   |
77 |             (YearRepr::LastTwo, "repr:last_two"),
   |              ^^^^^^^^ use of undeclared type `YearRepr`

error[E0433]: failed to resolve: could not find `format_description` in `time`
   --> tests/integration/main.rs:38:33
    |
38  |           let mut value = ::time::format_description::modifier::$name::default();
    |                                   ^^^^^^^^^^^^^^^^^^ could not find `format_description` in `time`
    |
   ::: tests/integration/parse_format_description.rs:158:54
    |
158 |           Ok(vec![FormatItem::Component(Component::Day(modifier!(
    |  ______________________________________________________-
159 | |             Day {
160 | |                 padding: Padding::Zero
161 | |             }
162 | |         )))])
    | |_________- in this macro invocation
    |
    = note: this error originates in the macro `modifier` (in Nightly builds, run with -Z macro-backtrace for more info)

error[E0433]: failed to resolve: use of undeclared type `Padding`
   --> tests/integration/parse_format_description.rs:160:26
    |
160 |                 padding: Padding::Zero
    |                          ^^^^^^^ use of undeclared type `Padding`

error[E0433]: failed to resolve: could not find `format_description` in `time`
   --> tests/integration/main.rs:38:33
    |
38  |           let mut value = ::time::format_description::modifier::$name::default();
    |                                   ^^^^^^^^^^^^^^^^^^ could not find `format_description` in `time`
    |
   ::: tests/integration/parse_format_description.rs:166:55
    |
166 |           Ok(vec![FormatItem::Component(Component::Hour(modifier!(
    |  _______________________________________________________-
167 | |             Hour {
168 | |                 padding: Padding::Zero,
169 | |                 is_12_hour_clock: false
170 | |             }
171 | |         )))])
    | |_________- in this macro invocation
    |
    = note: this error originates in the macro `modifier` (in Nightly builds, run with -Z macro-backtrace for more info)

error[E0433]: failed to resolve: use of undeclared type `Padding`
   --> tests/integration/parse_format_description.rs:168:26
    |
168 |                 padding: Padding::Zero,
    |                          ^^^^^^^ use of undeclared type `Padding`

error[E0433]: failed to resolve: could not find `format_description` in `time`
   --> tests/integration/main.rs:38:33
    |
38  |           let mut value = ::time::format_description::modifier::$name::default();
    |                                   ^^^^^^^^^^^^^^^^^^ could not find `format_description` in `time`
    |
   ::: tests/integration/parse_format_description.rs:175:57
    |
175 |           Ok(vec![FormatItem::Component(Component::Minute(modifier!(
    |  _________________________________________________________-
176 | |             Minute {
177 | |                 padding: Padding::Zero
178 | |             }
179 | |         )))])
    | |_________- in this macro invocation
    |
    = note: this error originates in the macro `modifier` (in Nightly builds, run with -Z macro-backtrace for more info)

error[E0433]: failed to resolve: use of undeclared type `Padding`
   --> tests/integration/parse_format_description.rs:177:26
    |
177 |                 padding: Padding::Zero
    |                          ^^^^^^^ use of undeclared type `Padding`

error[E0433]: failed to resolve: use of undeclared type `Padding`
   --> tests/integration/parse_format_description.rs:185:26
    |
185 |                 padding: Padding::Zero,
    |                          ^^^^^^^ use of undeclared type `Padding`

error[E0433]: failed to resolve: use of undeclared type `MonthRepr`
   --> tests/integration/parse_format_description.rs:186:23
    |
186 |                 repr: MonthRepr::Numerical
    |                       ^^^^^^^^^ use of undeclared type `MonthRepr`

error[E0433]: failed to resolve: could not find `format_description` in `time`
   --> tests/integration/main.rs:38:33
    |
38  |           let mut value = ::time::format_description::modifier::$name::default();
    |                                   ^^^^^^^^^^^^^^^^^^ could not find `format_description` in `time`
    |
   ::: tests/integration/parse_format_description.rs:193:13
    |
193 | /             modifier!(OffsetHour {
194 | |                 sign_is_mandatory: false,
195 | |                 padding: Padding::Zero
196 | |             })
    | |______________- in this macro invocation
    |
    = note: this error originates in the macro `modifier` (in Nightly builds, run with -Z macro-backtrace for more info)

error[E0433]: failed to resolve: use of undeclared type `Padding`
   --> tests/integration/parse_format_description.rs:195:26
    |
195 |                 padding: Padding::Zero
    |                          ^^^^^^^ use of undeclared type `Padding`

error[E0433]: failed to resolve: could not find `format_description` in `time`
   --> tests/integration/main.rs:38:33
    |
38  |           let mut value = ::time::format_description::modifier::$name::default();
    |                                   ^^^^^^^^^^^^^^^^^^ could not find `format_description` in `time`
    |
   ::: tests/integration/parse_format_description.rs:202:13
    |
202 | /             modifier!(OffsetMinute {
203 | |                 padding: Padding::Zero
204 | |             })
    | |______________- in this macro invocation
    |
    = note: this error originates in the macro `modifier` (in Nightly builds, run with -Z macro-backtrace for more info)

error[E0433]: failed to resolve: use of undeclared type `Padding`
   --> tests/integration/parse_format_description.rs:203:26
    |
203 |                 padding: Padding::Zero
    |                          ^^^^^^^ use of undeclared type `Padding`

error[E0433]: failed to resolve: could not find `format_description` in `time`
   --> tests/integration/main.rs:38:33
    |
38  |           let mut value = ::time::format_description::modifier::$name::default();
    |                                   ^^^^^^^^^^^^^^^^^^ could not find `format_description` in `time`
    |
   ::: tests/integration/parse_format_description.rs:210:13
    |
210 | /             modifier!(OffsetSecond {
211 | |                 padding: Padding::Zero
212 | |             })
    | |______________- in this macro invocation
    |
    = note: this error originates in the macro `modifier` (in Nightly builds, run with -Z macro-backtrace for more info)

error[E0433]: failed to resolve: use of undeclared type `Padding`
   --> tests/integration/parse_format_description.rs:211:26
    |
211 |                 padding: Padding::Zero
    |                          ^^^^^^^ use of undeclared type `Padding`

error[E0433]: failed to resolve: could not find `format_description` in `time`
   --> tests/integration/main.rs:38:33
    |
38  |           let mut value = ::time::format_description::modifier::$name::default();
    |                                   ^^^^^^^^^^^^^^^^^^ could not find `format_description` in `time`
    |
   ::: tests/integration/parse_format_description.rs:217:58
    |
217 |           Ok(vec![FormatItem::Component(Component::Ordinal(modifier!(
    |  __________________________________________________________-
218 | |             Ordinal {
219 | |                 padding: Padding::Zero
220 | |             }
221 | |         )))])
    | |_________- in this macro invocation
    |
    = note: this error originates in the macro `modifier` (in Nightly builds, run with -Z macro-backtrace for more info)

error[E0433]: failed to resolve: use of undeclared type `Padding`
   --> tests/integration/parse_format_description.rs:219:26
    |
219 |                 padding: Padding::Zero
    |                          ^^^^^^^ use of undeclared type `Padding`

error[E0433]: failed to resolve: could not find `format_description` in `time`
   --> tests/integration/main.rs:38:33
    |
38  |           let mut value = ::time::format_description::modifier::$name::default();
    |                                   ^^^^^^^^^^^^^^^^^^ could not find `format_description` in `time`
    |
   ::: tests/integration/parse_format_description.rs:225:57
    |
225 |           Ok(vec![FormatItem::Component(Component::Period(modifier!(
    |  _________________________________________________________-
226 | |             Period { is_uppercase: true }
227 | |         )))])
    | |_________- in this macro invocation
    |
    = note: this error originates in the macro `modifier` (in Nightly builds, run with -Z macro-backtrace for more info)

error[E0433]: failed to resolve: could not find `format_description` in `time`
   --> tests/integration/main.rs:38:33
    |
38  |           let mut value = ::time::format_description::modifier::$name::default();
    |                                   ^^^^^^^^^^^^^^^^^^ could not find `format_description` in `time`
    |
   ::: tests/integration/parse_format_description.rs:231:57
    |
231 |           Ok(vec![FormatItem::Component(Component::Second(modifier!(
    |  _________________________________________________________-
232 | |             Second {
233 | |                 padding: Padding::Zero
234 | |             }
235 | |         )))])
    | |_________- in this macro invocation
    |
    = note: this error originates in the macro `modifier` (in Nightly builds, run with -Z macro-backtrace for more info)

error[E0433]: failed to resolve: use of undeclared type `Padding`
   --> tests/integration/parse_format_description.rs:233:26
    |
233 |                 padding: Padding::Zero
    |                          ^^^^^^^ use of undeclared type `Padding`

error[E0433]: failed to resolve: could not find `format_description` in `time`
   --> tests/integration/main.rs:38:33
    |
38  |           let mut value = ::time::format_description::modifier::$name::default();
    |                                   ^^^^^^^^^^^^^^^^^^ could not find `format_description` in `time`
    |
   ::: tests/integration/parse_format_description.rs:240:13
    |
240 | /             modifier!(Subsecond {
241 | |                 digits: SubsecondDigits::OneOrMore
242 | |             })
    | |______________- in this macro invocation
    |
    = note: this error originates in the macro `modifier` (in Nightly builds, run with -Z macro-backtrace for more info)

error[E0433]: failed to resolve: use of undeclared type `SubsecondDigits`
   --> tests/integration/parse_format_description.rs:241:25
    |
241 |                 digits: SubsecondDigits::OneOrMore
    |                         ^^^^^^^^^^^^^^^ use of undeclared type `SubsecondDigits`

error[E0433]: failed to resolve: use of undeclared type `WeekdayRepr`
   --> tests/integration/parse_format_description.rs:249:23
    |
249 |                 repr: WeekdayRepr::Long,
    |                       ^^^^^^^^^^^ use of undeclared type `WeekdayRepr`

error[E0433]: failed to resolve: could not find `format_description` in `time`
   --> tests/integration/main.rs:38:33
    |
38  |           let mut value = ::time::format_description::modifier::$name::default();
    |                                   ^^^^^^^^^^^^^^^^^^ could not find `format_description` in `time`
    |
   ::: tests/integration/parse_format_description.rs:257:13
    |
257 | /             modifier!(WeekNumber {
258 | |                 padding: Padding::Zero,
259 | |                 repr: WeekNumberRepr::Iso
260 | |             })
    | |______________- in this macro invocation
    |
    = note: this error originates in the macro `modifier` (in Nightly builds, run with -Z macro-backtrace for more info)

error[E0433]: failed to resolve: use of undeclared type `Padding`
   --> tests/integration/parse_format_description.rs:258:26
    |
258 |                 padding: Padding::Zero,
    |                          ^^^^^^^ use of undeclared type `Padding`

error[E0433]: failed to resolve: use of undeclared type `WeekNumberRepr`
   --> tests/integration/parse_format_description.rs:259:23
    |
259 |                 repr: WeekNumberRepr::Iso
    |                       ^^^^^^^^^^^^^^ use of undeclared type `WeekNumberRepr`

error[E0433]: failed to resolve: could not find `format_description` in `time`
   --> tests/integration/main.rs:38:33
    |
38  |           let mut value = ::time::format_description::modifier::$name::default();
    |                                   ^^^^^^^^^^^^^^^^^^ could not find `format_description` in `time`
    |
   ::: tests/integration/parse_format_description.rs:265:55
    |
265 |           Ok(vec![FormatItem::Component(Component::Year(modifier!(
    |  _______________________________________________________-
266 | |             Year {
267 | |                 padding: Padding::Zero,
268 | |                 repr: YearRepr::Full,
...   |
271 | |             }
272 | |         )))])
    | |_________- in this macro invocation
    |
    = note: this error originates in the macro `modifier` (in Nightly builds, run with -Z macro-backtrace for more info)

error[E0433]: failed to resolve: use of undeclared type `Padding`
   --> tests/integration/parse_format_description.rs:267:26
    |
267 |                 padding: Padding::Zero,
    |                          ^^^^^^^ use of undeclared type `Padding`

error[E0433]: failed to resolve: use of undeclared type `YearRepr`
   --> tests/integration/parse_format_description.rs:268:23
    |
268 |                 repr: YearRepr::Full,
    |                       ^^^^^^^^ use of undeclared type `YearRepr`

error[E0433]: failed to resolve: could not find `format_description` in `time`
   --> tests/integration/main.rs:38:33
    |
38  |           let mut value = ::time::format_description::modifier::$name::default();
    |                                   ^^^^^^^^^^^^^^^^^^ could not find `format_description` in `time`
    |
   ::: tests/integration/parse_format_description.rs:302:58
    |
302 |               Ok(vec![FormatItem::Component(Component::Day(modifier!(
    |  __________________________________________________________-
303 | |                 Day { padding }
304 | |             )))])
    | |_____________- in this macro invocation
    |
    = note: this error originates in the macro `modifier` (in Nightly builds, run with -Z macro-backtrace for more info)

error[E0433]: failed to resolve: could not find `format_description` in `time`
   --> tests/integration/main.rs:38:33
    |
38  |           let mut value = ::time::format_description::modifier::$name::default();
    |                                   ^^^^^^^^^^^^^^^^^^ could not find `format_description` in `time`
    |
   ::: tests/integration/parse_format_description.rs:308:61
    |
308 |               Ok(vec![FormatItem::Component(Component::Minute(modifier!(
    |  _____________________________________________________________-
309 | |                 Minute { padding }
310 | |             )))])
    | |_____________- in this macro invocation
    |
    = note: this error originates in the macro `modifier` (in Nightly builds, run with -Z macro-backtrace for more info)

error[E0433]: failed to resolve: could not find `format_description` in `time`
   --> tests/integration/main.rs:38:33
    |
38  |         let mut value = ::time::format_description::modifier::$name::default();
    |                                 ^^^^^^^^^^^^^^^^^^ could not find `format_description` in `time`
    |
   ::: tests/integration/parse_format_description.rs:315:17
    |
315 |                 modifier!(OffsetMinute { padding })
    |                 ----------------------------------- in this macro invocation
    |
    = note: this error originates in the macro `modifier` (in Nightly builds, run with -Z macro-backtrace for more info)

error[E0433]: failed to resolve: could not find `format_description` in `time`
   --> tests/integration/main.rs:38:33
    |
38  |         let mut value = ::time::format_description::modifier::$name::default();
    |                                 ^^^^^^^^^^^^^^^^^^ could not find `format_description` in `time`
    |
   ::: tests/integration/parse_format_description.rs:321:17
    |
321 |                 modifier!(OffsetSecond { padding })
    |                 ----------------------------------- in this macro invocation
    |
    = note: this error originates in the macro `modifier` (in Nightly builds, run with -Z macro-backtrace for more info)

error[E0433]: failed to resolve: could not find `format_description` in `time`
   --> tests/integration/main.rs:38:33
    |
38  |           let mut value = ::time::format_description::modifier::$name::default();
    |                                   ^^^^^^^^^^^^^^^^^^ could not find `format_description` in `time`
    |
   ::: tests/integration/parse_format_description.rs:326:62
    |
326 |               Ok(vec![FormatItem::Component(Component::Ordinal(modifier!(
    |  ______________________________________________________________-
327 | |                 Ordinal { padding }
328 | |             )))])
    | |_____________- in this macro invocation
    |
    = note: this error originates in the macro `modifier` (in Nightly builds, run with -Z macro-backtrace for more info)

error[E0433]: failed to resolve: could not find `format_description` in `time`
   --> tests/integration/main.rs:38:33
    |
38  |           let mut value = ::time::format_description::modifier::$name::default();
    |                                   ^^^^^^^^^^^^^^^^^^ could not find `format_description` in `time`
    |
   ::: tests/integration/parse_format_description.rs:332:61
    |
332 |               Ok(vec![FormatItem::Component(Component::Second(modifier!(
    |  _____________________________________________________________-
333 | |                 Second { padding }
334 | |             )))])
    | |_____________- in this macro invocation
    |
    = note: this error originates in the macro `modifier` (in Nightly builds, run with -Z macro-backtrace for more info)

error[E0433]: failed to resolve: could not find `format_description` in `time`
   --> tests/integration/main.rs:38:33
    |
38  |           let mut value = ::time::format_description::modifier::$name::default();
    |                                   ^^^^^^^^^^^^^^^^^^ could not find `format_description` in `time`
    |
   ::: tests/integration/parse_format_description.rs:343:63
    |
343 |                   Ok(vec![FormatItem::Component(Component::Hour(modifier!(
    |  _______________________________________________________________-
344 | |                     Hour {
345 | |                         padding,
346 | |                         is_12_hour_clock
347 | |                     }
348 | |                 )))])
    | |_________________- in this macro invocation
    |
    = note: this error originates in the macro `modifier` (in Nightly builds, run with -Z macro-backtrace for more info)

error[E0433]: failed to resolve: could not find `format_description` in `time`
   --> tests/integration/main.rs:38:33
    |
38  |           let mut value = ::time::format_description::modifier::$name::default();
    |                                   ^^^^^^^^^^^^^^^^^^ could not find `format_description` in `time`
    |
   ::: tests/integration/parse_format_description.rs:373:69
    |
373 |                       Ok(vec![FormatItem::Component(Component::Period(modifier!(
    |  _____________________________________________________________________-
374 | |                         Period {
375 | |                             is_uppercase,
376 | |                             case_sensitive
377 | |                         }
378 | |                     )))])
    | |_____________________- in this macro invocation
    |
    = note: this error originates in the macro `modifier` (in Nightly builds, run with -Z macro-backtrace for more info)

error[E0433]: failed to resolve: could not find `format_description` in `time`
   --> tests/integration/main.rs:38:33
    |
38  |         let mut value = ::time::format_description::modifier::$name::default();
    |                                 ^^^^^^^^^^^^^^^^^^ could not find `format_description` in `time`
    |
   ::: tests/integration/parse_format_description.rs:403:21
    |
403 |                     modifier!(WeekNumber { padding, repr })
    |                     --------------------------------------- in this macro invocation
    |
    = note: this error originates in the macro `modifier` (in Nightly builds, run with -Z macro-backtrace for more info)

error[E0433]: failed to resolve: could not find `format_description` in `time`
   --> tests/integration/main.rs:38:33
    |
38  |           let mut value = ::time::format_description::modifier::$name::default();
    |                                   ^^^^^^^^^^^^^^^^^^ could not find `format_description` in `time`
    |
   ::: tests/integration/parse_format_description.rs:414:21
    |
414 | /                     modifier!(OffsetHour {
415 | |                         sign_is_mandatory,
416 | |                         padding
417 | |                     })
    | |______________________- in this macro invocation
    |
    = note: this error originates in the macro `modifier` (in Nightly builds, run with -Z macro-backtrace for more info)

error[E0433]: failed to resolve: could not find `format_description` in `time`
   --> tests/integration/main.rs:38:33
    |
38  |           let mut value = ::time::format_description::modifier::$name::default();
    |                                   ^^^^^^^^^^^^^^^^^^ could not find `format_description` in `time`
    |
   ::: tests/integration/parse_format_description.rs:428:71
    |
428 |                           Ok(vec![FormatItem::Component(Component::Year(modifier!(
    |  _______________________________________________________________________-
429 | |                             Year {
430 | |                                 padding,
431 | |                                 repr,
...   |
434 | |                             }
435 | |                         )))])
    | |_________________________- in this macro invocation
    |
    = note: this error originates in the macro `modifier` (in Nightly builds, run with -Z macro-backtrace for more info)

error[E0433]: failed to resolve: could not find `format_description` in `time`
   --> tests/integration/main.rs:38:33
    |
38  |         let mut value = ::time::format_description::modifier::$name::default();
    |                                 ^^^^^^^^^^^^^^^^^^ could not find `format_description` in `time`
    |
   ::: tests/integration/parse_format_description.rs:446:17
    |
446 |                 modifier!(Subsecond { digits })
    |                 ------------------------------- in this macro invocation
    |
    = note: this error originates in the macro `modifier` (in Nightly builds, run with -Z macro-backtrace for more info)

error[E0433]: failed to resolve: could not find `format_description` in `time`
   --> tests/integration/main.rs:38:33
    |
38  |           let mut value = ::time::format_description::modifier::$name::default();
    |                                   ^^^^^^^^^^^^^^^^^^ could not find `format_description` in `time`
    |
   ::: tests/integration/parse_format_description.rs:482:51
    |
482 |               FormatItem::Component(Component::Year(modifier!(Year {
    |  ___________________________________________________-
483 | |                 padding: Padding::Zero,
484 | |                 repr: YearRepr::Full,
485 | |                 iso_week_based: false,
486 | |                 sign_is_mandatory: false
487 | |             }))),
    | |______________- in this macro invocation
    |
    = note: this error originates in the macro `modifier` (in Nightly builds, run with -Z macro-backtrace for more info)

error[E0433]: failed to resolve: use of undeclared type `Padding`
   --> tests/integration/parse_format_description.rs:483:26
    |
483 |                 padding: Padding::Zero,
    |                          ^^^^^^^ use of undeclared type `Padding`

error[E0433]: failed to resolve: use of undeclared type `YearRepr`
   --> tests/integration/parse_format_description.rs:484:23
    |
484 |                 repr: YearRepr::Full,
    |                       ^^^^^^^^ use of undeclared type `YearRepr`

error[E0433]: failed to resolve: use of undeclared type `Padding`
   --> tests/integration/parse_format_description.rs:490:26
    |
490 |                 padding: Padding::Zero,
    |                          ^^^^^^^ use of undeclared type `Padding`

error[E0433]: failed to resolve: use of undeclared type `MonthRepr`
   --> tests/integration/parse_format_description.rs:491:23
    |
491 |                 repr: MonthRepr::Numerical
    |                       ^^^^^^^^^ use of undeclared type `MonthRepr`

error[E0433]: failed to resolve: could not find `format_description` in `time`
   --> tests/integration/main.rs:38:33
    |
38  |           let mut value = ::time::format_description::modifier::$name::default();
    |                                   ^^^^^^^^^^^^^^^^^^ could not find `format_description` in `time`
    |
   ::: tests/integration/parse_format_description.rs:494:50
    |
494 |               FormatItem::Component(Component::Day(modifier!(Day {
    |  __________________________________________________-
495 | |                 padding: Padding::Zero
496 | |             }))),
    | |______________- in this macro invocation
    |
    = note: this error originates in the macro `modifier` (in Nightly builds, run with -Z macro-backtrace for more info)

error[E0433]: failed to resolve: use of undeclared type `Padding`
   --> tests/integration/parse_format_description.rs:495:26
    |
495 |                 padding: Padding::Zero
    |                          ^^^^^^^ use of undeclared type `Padding`

error[E0433]: failed to resolve: could not find `format_description` in `time`
   --> tests/integration/main.rs:38:33
    |
38  |           let mut value = ::time::format_description::modifier::$name::default();
    |                                   ^^^^^^^^^^^^^^^^^^ could not find `format_description` in `time`
    |
   ::: tests/integration/parse_format_description.rs:498:51
    |
498 |               FormatItem::Component(Component::Hour(modifier!(Hour {
    |  ___________________________________________________-
499 | |                 padding: Padding::Zero,
500 | |                 is_12_hour_clock: false
501 | |             }))),
    | |______________- in this macro invocation
    |
    = note: this error originates in the macro `modifier` (in Nightly builds, run with -Z macro-backtrace for more info)

error[E0433]: failed to resolve: use of undeclared type `Padding`
   --> tests/integration/parse_format_description.rs:499:26
    |
499 |                 padding: Padding::Zero,
    |                          ^^^^^^^ use of undeclared type `Padding`

error[E0433]: failed to resolve: could not find `format_description` in `time`
   --> tests/integration/main.rs:38:33
    |
38  |           let mut value = ::time::format_description::modifier::$name::default();
    |                                   ^^^^^^^^^^^^^^^^^^ could not find `format_description` in `time`
    |
   ::: tests/integration/parse_format_description.rs:503:53
    |
503 |               FormatItem::Component(Component::Minute(modifier!(Minute {
    |  _____________________________________________________-
504 | |                 padding: Padding::Zero
505 | |             }))),
    | |______________- in this macro invocation
    |
    = note: this error originates in the macro `modifier` (in Nightly builds, run with -Z macro-backtrace for more info)

error[E0433]: failed to resolve: use of undeclared type `Padding`
   --> tests/integration/parse_format_description.rs:504:26
    |
504 |                 padding: Padding::Zero
    |                          ^^^^^^^ use of undeclared type `Padding`

error[E0433]: failed to resolve: could not find `format_description` in `time`
   --> tests/integration/main.rs:38:33
    |
38  |           let mut value = ::time::format_description::modifier::$name::default();
    |                                   ^^^^^^^^^^^^^^^^^^ could not find `format_description` in `time`
    |
   ::: tests/integration/parse_format_description.rs:507:53
    |
507 |               FormatItem::Component(Component::Second(modifier!(Second {
    |  _____________________________________________________-
508 | |                 padding: Padding::Zero
509 | |             }))),
    | |______________- in this macro invocation
    |
    = note: this error originates in the macro `modifier` (in Nightly builds, run with -Z macro-backtrace for more info)

error[E0433]: failed to resolve: use of undeclared type `Padding`
   --> tests/integration/parse_format_description.rs:508:26
    |
508 |                 padding: Padding::Zero
    |                          ^^^^^^^ use of undeclared type `Padding`

error[E0433]: failed to resolve: could not find `format_description` in `time`
   --> tests/integration/main.rs:38:33
    |
38  |           let mut value = ::time::format_description::modifier::$name::default();
    |                                   ^^^^^^^^^^^^^^^^^^ could not find `format_description` in `time`
    |
   ::: tests/integration/parse_format_description.rs:511:56
    |
511 |               FormatItem::Component(Component::Subsecond(modifier!(Subsecond {
    |  ________________________________________________________-
512 | |                 digits: SubsecondDigits::OneOrMore
513 | |             }))),
    | |______________- in this macro invocation
    |
    = note: this error originates in the macro `modifier` (in Nightly builds, run with -Z macro-backtrace for more info)

error[E0433]: failed to resolve: use of undeclared type `SubsecondDigits`
   --> tests/integration/parse_format_description.rs:512:25
    |
512 |                 digits: SubsecondDigits::OneOrMore
    |                         ^^^^^^^^^^^^^^^ use of undeclared type `SubsecondDigits`

error[E0433]: failed to resolve: could not find `format_description` in `time`
   --> tests/integration/main.rs:38:33
    |
38  |           let mut value = ::time::format_description::modifier::$name::default();
    |                                   ^^^^^^^^^^^^^^^^^^ could not find `format_description` in `time`
    |
   ::: tests/integration/parse_format_description.rs:514:57
    |
514 |               FormatItem::Component(Component::OffsetHour(modifier!(OffsetHour {
    |  _________________________________________________________-
515 | |                 padding: Padding::Zero,
516 | |                 sign_is_mandatory: true
517 | |             }))),
    | |______________- in this macro invocation
    |
    = note: this error originates in the macro `modifier` (in Nightly builds, run with -Z macro-backtrace for more info)

error[E0433]: failed to resolve: use of undeclared type `Padding`
   --> tests/integration/parse_format_description.rs:515:26
    |
515 |                 padding: Padding::Zero,
    |                          ^^^^^^^ use of undeclared type `Padding`

error[E0433]: failed to resolve: could not find `format_description` in `time`
   --> tests/integration/main.rs:38:33
    |
38  |           let mut value = ::time::format_description::modifier::$name::default();
    |                                   ^^^^^^^^^^^^^^^^^^ could not find `format_description` in `time`
    |
   ::: tests/integration/parse_format_description.rs:519:59
    |
519 |               FormatItem::Component(Component::OffsetMinute(modifier!(OffsetMinute {
    |  ___________________________________________________________-
520 | |                 padding: Padding::Zero
521 | |             })))
    | |______________- in this macro invocation
    |
    = note: this error originates in the macro `modifier` (in Nightly builds, run with -Z macro-backtrace for more info)

error[E0433]: failed to resolve: use of undeclared type `Padding`
   --> tests/integration/parse_format_description.rs:520:26
    |
520 |                 padding: Padding::Zero
    |                          ^^^^^^^ use of undeclared type `Padding`

error[E0433]: failed to resolve: could not find `ParseFromDescription` in `error`
   --> tests/integration/parsed.rs:119:28
    |
119 |                 Err(error::ParseFromDescription::InvalidComponent(
    |                            ^^^^^^^^^^^^^^^^^^^^ could not find `ParseFromDescription` in `error`
...
126 |     assert_invalid_component!("day", Component::Day(<_>::default()));
    |     ---------------------------------------------------------------- in this macro invocation
    |
    = note: this error originates in the macro `assert_invalid_component` (in Nightly builds, run with -Z macro-backtrace for more info)

error[E0433]: failed to resolve: could not find `ParseFromDescription` in `error`
   --> tests/integration/parsed.rs:119:28
    |
119 |                 Err(error::ParseFromDescription::InvalidComponent(
    |                            ^^^^^^^^^^^^^^^^^^^^ could not find `ParseFromDescription` in `error`
...
127 |     assert_invalid_component!("month", Component::Month(<_>::default()));
    |     -------------------------------------------------------------------- in this macro invocation
    |
    = note: this error originates in the macro `assert_invalid_component` (in Nightly builds, run with -Z macro-backtrace for more info)

error[E0433]: failed to resolve: could not find `ParseFromDescription` in `error`
   --> tests/integration/parsed.rs:119:28
    |
119 |                 Err(error::ParseFromDescription::InvalidComponent(
    |                            ^^^^^^^^^^^^^^^^^^^^ could not find `ParseFromDescription` in `error`
...
128 |     assert_invalid_component!("ordinal", Component::Ordinal(<_>::default()));
    |     ------------------------------------------------------------------------ in this macro invocation
    |
    = note: this error originates in the macro `assert_invalid_component` (in Nightly builds, run with -Z macro-backtrace for more info)

error[E0433]: failed to resolve: could not find `ParseFromDescription` in `error`
   --> tests/integration/parsed.rs:119:28
    |
119 |                 Err(error::ParseFromDescription::InvalidComponent(
    |                            ^^^^^^^^^^^^^^^^^^^^ could not find `ParseFromDescription` in `error`
...
129 |     assert_invalid_component!("weekday", Component::Weekday(<_>::default()));
    |     ------------------------------------------------------------------------ in this macro invocation
    |
    = note: this error originates in the macro `assert_invalid_component` (in Nightly builds, run with -Z macro-backtrace for more info)

error[E0433]: failed to resolve: could not find `ParseFromDescription` in `error`
   --> tests/integration/parsed.rs:119:28
    |
119 |                 Err(error::ParseFromDescription::InvalidComponent(
    |                            ^^^^^^^^^^^^^^^^^^^^ could not find `ParseFromDescription` in `error`
...
130 |     assert_invalid_component!("week number", Component::WeekNumber(<_>::default()));
    |     ------------------------------------------------------------------------------- in this macro invocation
    |
    = note: this error originates in the macro `assert_invalid_component` (in Nightly builds, run with -Z macro-backtrace for more info)

error[E0433]: failed to resolve: could not find `ParseFromDescription` in `error`
   --> tests/integration/parsed.rs:119:28
    |
119 |                 Err(error::ParseFromDescription::InvalidComponent(
    |                            ^^^^^^^^^^^^^^^^^^^^ could not find `ParseFromDescription` in `error`
...
131 |     assert_invalid_component!("year", Component::Year(<_>::default()));
    |     ------------------------------------------------------------------ in this macro invocation
    |
    = note: this error originates in the macro `assert_invalid_component` (in Nightly builds, run with -Z macro-backtrace for more info)

error[E0433]: failed to resolve: could not find `ParseFromDescription` in `error`
   --> tests/integration/parsed.rs:119:28
    |
119 |                 Err(error::ParseFromDescription::InvalidComponent(
    |                            ^^^^^^^^^^^^^^^^^^^^ could not find `ParseFromDescription` in `error`
...
132 |     assert_invalid_component!("minute", Component::Minute(<_>::default()));
    |     ---------------------------------------------------------------------- in this macro invocation
    |
    = note: this error originates in the macro `assert_invalid_component` (in Nightly builds, run with -Z macro-backtrace for more info)

error[E0433]: failed to resolve: could not find `ParseFromDescription` in `error`
   --> tests/integration/parsed.rs:119:28
    |
119 |                 Err(error::ParseFromDescription::InvalidComponent(
    |                            ^^^^^^^^^^^^^^^^^^^^ could not find `ParseFromDescription` in `error`
...
133 |     assert_invalid_component!("period", Component::Period(<_>::default()));
    |     ---------------------------------------------------------------------- in this macro invocation
    |
    = note: this error originates in the macro `assert_invalid_component` (in Nightly builds, run with -Z macro-backtrace for more info)

error[E0433]: failed to resolve: could not find `ParseFromDescription` in `error`
   --> tests/integration/parsed.rs:119:28
    |
119 |                 Err(error::ParseFromDescription::InvalidComponent(
    |                            ^^^^^^^^^^^^^^^^^^^^ could not find `ParseFromDescription` in `error`
...
134 |     assert_invalid_component!("second", Component::Second(<_>::default()));
    |     ---------------------------------------------------------------------- in this macro invocation
    |
    = note: this error originates in the macro `assert_invalid_component` (in Nightly builds, run with -Z macro-backtrace for more info)

error[E0433]: failed to resolve: could not find `ParseFromDescription` in `error`
   --> tests/integration/parsed.rs:119:28
    |
119 |                 Err(error::ParseFromDescription::InvalidComponent(
    |                            ^^^^^^^^^^^^^^^^^^^^ could not find `ParseFromDescription` in `error`
...
135 |     assert_invalid_component!("subsecond", Component::Subsecond(<_>::default()));
    |     ---------------------------------------------------------------------------- in this macro invocation
    |
    = note: this error originates in the macro `assert_invalid_component` (in Nightly builds, run with -Z macro-backtrace for more info)

error[E0433]: failed to resolve: could not find `ParseFromDescription` in `error`
   --> tests/integration/parsed.rs:119:28
    |
119 |                 Err(error::ParseFromDescription::InvalidComponent(
    |                            ^^^^^^^^^^^^^^^^^^^^ could not find `ParseFromDescription` in `error`
...
136 |     assert_invalid_component!("offset hour", Component::OffsetHour(<_>::default()));
    |     ------------------------------------------------------------------------------- in this macro invocation
    |
    = note: this error originates in the macro `assert_invalid_component` (in Nightly builds, run with -Z macro-backtrace for more info)

error[E0433]: failed to resolve: could not find `ParseFromDescription` in `error`
   --> tests/integration/parsed.rs:119:28
    |
119 |                 Err(error::ParseFromDescription::InvalidComponent(
    |                            ^^^^^^^^^^^^^^^^^^^^ could not find `ParseFromDescription` in `error`
...
137 |     assert_invalid_component!("offset minute", Component::OffsetMinute(<_>::default()));
    |     ----------------------------------------------------------------------------------- in this macro invocation
    |
    = note: this error originates in the macro `assert_invalid_component` (in Nightly builds, run with -Z macro-backtrace for more info)

error[E0433]: failed to resolve: could not find `ParseFromDescription` in `error`
   --> tests/integration/parsed.rs:119:28
    |
119 |                 Err(error::ParseFromDescription::InvalidComponent(
    |                            ^^^^^^^^^^^^^^^^^^^^ could not find `ParseFromDescription` in `error`
...
138 |     assert_invalid_component!("offset second", Component::OffsetSecond(<_>::default()));
    |     ----------------------------------------------------------------------------------- in this macro invocation
    |
    = note: this error originates in the macro `assert_invalid_component` (in Nightly builds, run with -Z macro-backtrace for more info)

error[E0433]: failed to resolve: could not find `format_description` in `time`
   --> tests/integration/main.rs:38:33
    |
38  |           let mut value = ::time::format_description::modifier::$name::default();
    |                                   ^^^^^^^^^^^^^^^^^^ could not find `format_description` in `time`
    |
   ::: tests/integration/parsed.rs:142:31
    |
142 |           Component::WeekNumber(modifier!(WeekNumber {
    |  _______________________________-
143 | |             repr: WeekNumberRepr::Iso,
144 | |         })),
    | |__________- in this macro invocation
    |
    = note: this error originates in the macro `modifier` (in Nightly builds, run with -Z macro-backtrace for more info)

error[E0433]: failed to resolve: use of undeclared type `WeekNumberRepr`
   --> tests/integration/parsed.rs:143:19
    |
143 |             repr: WeekNumberRepr::Iso,
    |                   ^^^^^^^^^^^^^^ use of undeclared type `WeekNumberRepr`

error[E0433]: failed to resolve: could not find `ParseFromDescription` in `error`
   --> tests/integration/parsed.rs:119:28
    |
119 |                   Err(error::ParseFromDescription::InvalidComponent(
    |                              ^^^^^^^^^^^^^^^^^^^^ could not find `ParseFromDescription` in `error`
...
140 | /     assert_invalid_component!(
141 | |         "week number",
142 | |         Component::WeekNumber(modifier!(WeekNumber {
143 | |             repr: WeekNumberRepr::Iso,
144 | |         })),
145 | |         b"00"
146 | |     );
    | |_____- in this macro invocation
    |
    = note: this error originates in the macro `assert_invalid_component` (in Nightly builds, run with -Z macro-backtrace for more info)

error[E0433]: failed to resolve: could not find `format_description` in `time`
   --> tests/integration/main.rs:38:33
    |
38  |           let mut value = ::time::format_description::modifier::$name::default();
    |                                   ^^^^^^^^^^^^^^^^^^ could not find `format_description` in `time`
    |
   ::: tests/integration/parsed.rs:149:25
    |
149 |           Component::Hour(modifier!(Hour {
    |  _________________________-
150 | |             is_12_hour_clock: true,
151 | |         })),
    | |__________- in this macro invocation
    |
    = note: this error originates in the macro `modifier` (in Nightly builds, run with -Z macro-backtrace for more info)

error[E0433]: failed to resolve: could not find `ParseFromDescription` in `error`
   --> tests/integration/parsed.rs:119:28
    |
119 |                   Err(error::ParseFromDescription::InvalidComponent(
    |                              ^^^^^^^^^^^^^^^^^^^^ could not find `ParseFromDescription` in `error`
...
147 | /     assert_invalid_component!(
148 | |         "hour",
149 | |         Component::Hour(modifier!(Hour {
150 | |             is_12_hour_clock: true,
151 | |         })),
152 | |         b"00"
153 | |     );
    | |_____- in this macro invocation
    |
    = note: this error originates in the macro `assert_invalid_component` (in Nightly builds, run with -Z macro-backtrace for more info)

error[E0433]: failed to resolve: use of undeclared crate or module `error`
   --> tests/integration/parsing.rs:22:13
    |
22  |         Err(error::Parse::ParseFromDescription(
    |             ^^^^^ use of undeclared crate or module `error`
...
125 |         invalid_component!("weekday")
    |         ----------------------------- in this macro invocation
    |
    = note: this error originates in the macro `invalid_component` (in Nightly builds, run with -Z macro-backtrace for more info)

error[E0433]: failed to resolve: use of undeclared crate or module `error`
   --> tests/integration/parsing.rs:23:13
    |
23  |             error::ParseFromDescription::InvalidComponent($name),
    |             ^^^^^ use of undeclared crate or module `error`
...
125 |         invalid_component!("weekday")
    |         ----------------------------- in this macro invocation
    |
    = note: this error originates in the macro `invalid_component` (in Nightly builds, run with -Z macro-backtrace for more info)

error[E0433]: failed to resolve: use of undeclared crate or module `error`
   --> tests/integration/parsing.rs:15:13
    |
15  |         Err(error::Parse::ParseFromDescription(
    |             ^^^^^ use of undeclared crate or module `error`
...
129 |         invalid_literal!()
    |         ------------------ in this macro invocation
    |
    = note: this error originates in the macro `invalid_literal` (in Nightly builds, run with -Z macro-backtrace for more info)

error[E0433]: failed to resolve: use of undeclared crate or module `error`
   --> tests/integration/parsing.rs:16:13
    |
16  |             error::ParseFromDescription::InvalidLiteral { .. },
    |             ^^^^^ use of undeclared crate or module `error`
...
129 |         invalid_literal!()
    |         ------------------ in this macro invocation
    |
    = note: this error originates in the macro `invalid_literal` (in Nightly builds, run with -Z macro-backtrace for more info)

error[E0433]: failed to resolve: use of undeclared crate or module `error`
   --> tests/integration/parsing.rs:15:13
    |
15  |         Err(error::Parse::ParseFromDescription(
    |             ^^^^^ use of undeclared crate or module `error`
...
133 |         invalid_literal!()
    |         ------------------ in this macro invocation
    |
    = note: this error originates in the macro `invalid_literal` (in Nightly builds, run with -Z macro-backtrace for more info)

error[E0433]: failed to resolve: use of undeclared crate or module `error`
   --> tests/integration/parsing.rs:16:13
    |
16  |             error::ParseFromDescription::InvalidLiteral { .. },
    |             ^^^^^ use of undeclared crate or module `error`
...
133 |         invalid_literal!()
    |         ------------------ in this macro invocation
    |
    = note: this error originates in the macro `invalid_literal` (in Nightly builds, run with -Z macro-backtrace for more info)

error[E0433]: failed to resolve: use of undeclared crate or module `error`
   --> tests/integration/parsing.rs:15:13
    |
15  |         Err(error::Parse::ParseFromDescription(
    |             ^^^^^ use of undeclared crate or module `error`
...
137 |         invalid_literal!()
    |         ------------------ in this macro invocation
    |
    = note: this error originates in the macro `invalid_literal` (in Nightly builds, run with -Z macro-backtrace for more info)

error[E0433]: failed to resolve: use of undeclared crate or module `error`
   --> tests/integration/parsing.rs:16:13
    |
16  |             error::ParseFromDescription::InvalidLiteral { .. },
    |             ^^^^^ use of undeclared crate or module `error`
...
137 |         invalid_literal!()
    |         ------------------ in this macro invocation
    |
    = note: this error originates in the macro `invalid_literal` (in Nightly builds, run with -Z macro-backtrace for more info)

error[E0433]: failed to resolve: use of undeclared crate or module `error`
   --> tests/integration/parsing.rs:15:13
    |
15  |         Err(error::Parse::ParseFromDescription(
    |             ^^^^^ use of undeclared crate or module `error`
...
141 |         invalid_literal!()
    |         ------------------ in this macro invocation
    |
    = note: this error originates in the macro `invalid_literal` (in Nightly builds, run with -Z macro-backtrace for more info)

error[E0433]: failed to resolve: use of undeclared crate or module `error`
   --> tests/integration/parsing.rs:16:13
    |
16  |             error::ParseFromDescription::InvalidLiteral { .. },
    |             ^^^^^ use of undeclared crate or module `error`
...
141 |         invalid_literal!()
    |         ------------------ in this macro invocation
    |
    = note: this error originates in the macro `invalid_literal` (in Nightly builds, run with -Z macro-backtrace for more info)

error[E0433]: failed to resolve: use of undeclared crate or module `error`
   --> tests/integration/parsing.rs:15:13
    |
15  |         Err(error::Parse::ParseFromDescription(
    |             ^^^^^ use of undeclared crate or module `error`
...
146 |         invalid_literal!()
    |         ------------------ in this macro invocation
    |
    = note: this error originates in the macro `invalid_literal` (in Nightly builds, run with -Z macro-backtrace for more info)

error[E0433]: failed to resolve: use of undeclared crate or module `error`
   --> tests/integration/parsing.rs:16:13
    |
16  |             error::ParseFromDescription::InvalidLiteral { .. },
    |             ^^^^^ use of undeclared crate or module `error`
...
146 |         invalid_literal!()
    |         ------------------ in this macro invocation
    |
    = note: this error originates in the macro `invalid_literal` (in Nightly builds, run with -Z macro-backtrace for more info)

error[E0433]: failed to resolve: use of undeclared crate or module `error`
   --> tests/integration/parsing.rs:22:13
    |
22  |         Err(error::Parse::ParseFromDescription(
    |             ^^^^^ use of undeclared crate or module `error`
...
150 |         invalid_component!("day")
    |         ------------------------- in this macro invocation
    |
    = note: this error originates in the macro `invalid_component` (in Nightly builds, run with -Z macro-backtrace for more info)

error[E0433]: failed to resolve: use of undeclared crate or module `error`
   --> tests/integration/parsing.rs:23:13
    |
23  |             error::ParseFromDescription::InvalidComponent($name),
    |             ^^^^^ use of undeclared crate or module `error`
...
150 |         invalid_component!("day")
    |         ------------------------- in this macro invocation
    |
    = note: this error originates in the macro `invalid_component` (in Nightly builds, run with -Z macro-backtrace for more info)

error[E0433]: failed to resolve: use of undeclared crate or module `error`
   --> tests/integration/parsing.rs:15:13
    |
15  |         Err(error::Parse::ParseFromDescription(
    |             ^^^^^ use of undeclared crate or module `error`
...
154 |         invalid_literal!()
    |         ------------------ in this macro invocation
    |
    = note: this error originates in the macro `invalid_literal` (in Nightly builds, run with -Z macro-backtrace for more info)

error[E0433]: failed to resolve: use of undeclared crate or module `error`
   --> tests/integration/parsing.rs:16:13
    |
16  |             error::ParseFromDescription::InvalidLiteral { .. },
    |             ^^^^^ use of undeclared crate or module `error`
...
154 |         invalid_literal!()
    |         ------------------ in this macro invocation
    |
    = note: this error originates in the macro `invalid_literal` (in Nightly builds, run with -Z macro-backtrace for more info)

error[E0433]: failed to resolve: use of undeclared crate or module `error`
   --> tests/integration/parsing.rs:22:13
    |
22  |         Err(error::Parse::ParseFromDescription(
    |             ^^^^^ use of undeclared crate or module `error`
...
158 |         invalid_component!("month")
    |         --------------------------- in this macro invocation
    |
    = note: this error originates in the macro `invalid_component` (in Nightly builds, run with -Z macro-backtrace for more info)

error[E0433]: failed to resolve: use of undeclared crate or module `error`
   --> tests/integration/parsing.rs:23:13
    |
23  |             error::ParseFromDescription::InvalidComponent($name),
    |             ^^^^^ use of undeclared crate or module `error`
...
158 |         invalid_component!("month")
    |         --------------------------- in this macro invocation
    |
    = note: this error originates in the macro `invalid_component` (in Nightly builds, run with -Z macro-backtrace for more info)

error[E0433]: failed to resolve: use of undeclared crate or module `error`
   --> tests/integration/parsing.rs:15:13
    |
15  |         Err(error::Parse::ParseFromDescription(
    |             ^^^^^ use of undeclared crate or module `error`
...
162 |         invalid_literal!()
    |         ------------------ in this macro invocation
    |
    = note: this error originates in the macro `invalid_literal` (in Nightly builds, run with -Z macro-backtrace for more info)

error[E0433]: failed to resolve: use of undeclared crate or module `error`
   --> tests/integration/parsing.rs:16:13
    |
16  |             error::ParseFromDescription::InvalidLiteral { .. },
    |             ^^^^^ use of undeclared crate or module `error`
...
162 |         invalid_literal!()
    |         ------------------ in this macro invocation
    |
    = note: this error originates in the macro `invalid_literal` (in Nightly builds, run with -Z macro-backtrace for more info)

error[E0433]: failed to resolve: use of undeclared crate or module `error`
   --> tests/integration/parsing.rs:22:13
    |
22  |         Err(error::Parse::ParseFromDescription(
    |             ^^^^^ use of undeclared crate or module `error`
...
166 |         invalid_component!("year")
    |         -------------------------- in this macro invocation
    |
    = note: this error originates in the macro `invalid_component` (in Nightly builds, run with -Z macro-backtrace for more info)

error[E0433]: failed to resolve: use of undeclared crate or module `error`
   --> tests/integration/parsing.rs:23:13
    |
23  |             error::ParseFromDescription::InvalidComponent($name),
    |             ^^^^^ use of undeclared crate or module `error`
...
166 |         invalid_component!("year")
    |         -------------------------- in this macro invocation
    |
    = note: this error originates in the macro `invalid_component` (in Nightly builds, run with -Z macro-backtrace for more info)

error[E0433]: failed to resolve: use of undeclared crate or module `error`
   --> tests/integration/parsing.rs:22:13
    |
22  |         Err(error::Parse::ParseFromDescription(
    |             ^^^^^ use of undeclared crate or module `error`
...
170 |         invalid_component!("year")
    |         -------------------------- in this macro invocation
    |
    = note: this error originates in the macro `invalid_component` (in Nightly builds, run with -Z macro-backtrace for more info)

error[E0433]: failed to resolve: use of undeclared crate or module `error`
   --> tests/integration/parsing.rs:23:13
    |
23  |             error::ParseFromDescription::InvalidComponent($name),
    |             ^^^^^ use of undeclared crate or module `error`
...
170 |         invalid_component!("year")
    |         -------------------------- in this macro invocation
    |
    = note: this error originates in the macro `invalid_component` (in Nightly builds, run with -Z macro-backtrace for more info)

error[E0433]: failed to resolve: use of undeclared crate or module `error`
   --> tests/integration/parsing.rs:15:13
    |
15  |         Err(error::Parse::ParseFromDescription(
    |             ^^^^^ use of undeclared crate or module `error`
...
174 |         invalid_literal!()
    |         ------------------ in this macro invocation
    |
    = note: this error originates in the macro `invalid_literal` (in Nightly builds, run with -Z macro-backtrace for more info)

error[E0433]: failed to resolve: use of undeclared crate or module `error`
   --> tests/integration/parsing.rs:16:13
    |
16  |             error::ParseFromDescription::InvalidLiteral { .. },
    |             ^^^^^ use of undeclared crate or module `error`
...
174 |         invalid_literal!()
    |         ------------------ in this macro invocation
    |
    = note: this error originates in the macro `invalid_literal` (in Nightly builds, run with -Z macro-backtrace for more info)

error[E0433]: failed to resolve: use of undeclared crate or module `error`
   --> tests/integration/parsing.rs:15:13
    |
15  |         Err(error::Parse::ParseFromDescription(
    |             ^^^^^ use of undeclared crate or module `error`
...
178 |         invalid_literal!()
    |         ------------------ in this macro invocation
    |
    = note: this error originates in the macro `invalid_literal` (in Nightly builds, run with -Z macro-backtrace for more info)

error[E0433]: failed to resolve: use of undeclared crate or module `error`
   --> tests/integration/parsing.rs:16:13
    |
16  |             error::ParseFromDescription::InvalidLiteral { .. },
    |             ^^^^^ use of undeclared crate or module `error`
...
178 |         invalid_literal!()
    |         ------------------ in this macro invocation
    |
    = note: this error originates in the macro `invalid_literal` (in Nightly builds, run with -Z macro-backtrace for more info)

error[E0433]: failed to resolve: use of undeclared crate or module `error`
   --> tests/integration/parsing.rs:22:13
    |
22  |         Err(error::Parse::ParseFromDescription(
    |             ^^^^^ use of undeclared crate or module `error`
...
182 |         invalid_component!("hour")
    |         -------------------------- in this macro invocation
    |
    = note: this error originates in the macro `invalid_component` (in Nightly builds, run with -Z macro-backtrace for more info)

error[E0433]: failed to resolve: use of undeclared crate or module `error`
   --> tests/integration/parsing.rs:23:13
    |
23  |             error::ParseFromDescription::InvalidComponent($name),
    |             ^^^^^ use of undeclared crate or module `error`
...
182 |         invalid_component!("hour")
    |         -------------------------- in this macro invocation
    |
    = note: this error originates in the macro `invalid_component` (in Nightly builds, run with -Z macro-backtrace for more info)

error[E0433]: failed to resolve: use of undeclared crate or module `error`
   --> tests/integration/parsing.rs:15:13
    |
15  |         Err(error::Parse::ParseFromDescription(
    |             ^^^^^ use of undeclared crate or module `error`
...
186 |         invalid_literal!()
    |         ------------------ in this macro invocation
    |
    = note: this error originates in the macro `invalid_literal` (in Nightly builds, run with -Z macro-backtrace for more info)

error[E0433]: failed to resolve: use of undeclared crate or module `error`
   --> tests/integration/parsing.rs:16:13
    |
16  |             error::ParseFromDescription::InvalidLiteral { .. },
    |             ^^^^^ use of undeclared crate or module `error`
...
186 |         invalid_literal!()
    |         ------------------ in this macro invocation
    |
    = note: this error originates in the macro `invalid_literal` (in Nightly builds, run with -Z macro-backtrace for more info)

error[E0433]: failed to resolve: use of undeclared crate or module `error`
   --> tests/integration/parsing.rs:22:13
    |
22  |         Err(error::Parse::ParseFromDescription(
    |             ^^^^^ use of undeclared crate or module `error`
...
190 |         invalid_component!("minute")
    |         ---------------------------- in this macro invocation
    |
    = note: this error originates in the macro `invalid_component` (in Nightly builds, run with -Z macro-backtrace for more info)

error[E0433]: failed to resolve: use of undeclared crate or module `error`
   --> tests/integration/parsing.rs:23:13
    |
23  |             error::ParseFromDescription::InvalidComponent($name),
    |             ^^^^^ use of undeclared crate or module `error`
...
190 |         invalid_component!("minute")
    |         ---------------------------- in this macro invocation
    |
    = note: this error originates in the macro `invalid_component` (in Nightly builds, run with -Z macro-backtrace for more info)

error[E0433]: failed to resolve: use of undeclared crate or module `error`
   --> tests/integration/parsing.rs:15:13
    |
15  |         Err(error::Parse::ParseFromDescription(
    |             ^^^^^ use of undeclared crate or module `error`
...
194 |         invalid_literal!()
    |         ------------------ in this macro invocation
    |
    = note: this error originates in the macro `invalid_literal` (in Nightly builds, run with -Z macro-backtrace for more info)

error[E0433]: failed to resolve: use of undeclared crate or module `error`
   --> tests/integration/parsing.rs:16:13
    |
16  |             error::ParseFromDescription::InvalidLiteral { .. },
    |             ^^^^^ use of undeclared crate or module `error`
...
194 |         invalid_literal!()
    |         ------------------ in this macro invocation
    |
    = note: this error originates in the macro `invalid_literal` (in Nightly builds, run with -Z macro-backtrace for more info)

error[E0433]: failed to resolve: use of undeclared crate or module `error`
   --> tests/integration/parsing.rs:22:13
    |
22  |         Err(error::Parse::ParseFromDescription(
    |             ^^^^^ use of undeclared crate or module `error`
...
198 |         invalid_component!("second")
    |         ---------------------------- in this macro invocation
    |
    = note: this error originates in the macro `invalid_component` (in Nightly builds, run with -Z macro-backtrace for more info)

error[E0433]: failed to resolve: use of undeclared crate or module `error`
   --> tests/integration/parsing.rs:23:13
    |
23  |             error::ParseFromDescription::InvalidComponent($name),
    |             ^^^^^ use of undeclared crate or module `error`
...
198 |         invalid_component!("second")
    |         ---------------------------- in this macro invocation
    |
    = note: this error originates in the macro `invalid_component` (in Nightly builds, run with -Z macro-backtrace for more info)

error[E0433]: failed to resolve: use of undeclared crate or module `error`
   --> tests/integration/parsing.rs:15:13
    |
15  |         Err(error::Parse::ParseFromDescription(
    |             ^^^^^ use of undeclared crate or module `error`
...
202 |         invalid_literal!()
    |         ------------------ in this macro invocation
    |
    = note: this error originates in the macro `invalid_literal` (in Nightly builds, run with -Z macro-backtrace for more info)

error[E0433]: failed to resolve: use of undeclared crate or module `error`
   --> tests/integration/parsing.rs:16:13
    |
16  |             error::ParseFromDescription::InvalidLiteral { .. },
    |             ^^^^^ use of undeclared crate or module `error`
...
202 |         invalid_literal!()
    |         ------------------ in this macro invocation
    |
    = note: this error originates in the macro `invalid_literal` (in Nightly builds, run with -Z macro-backtrace for more info)

error[E0433]: failed to resolve: use of undeclared crate or module `error`
   --> tests/integration/parsing.rs:22:13
    |
22  |         Err(error::Parse::ParseFromDescription(
    |             ^^^^^ use of undeclared crate or module `error`
...
206 |         invalid_component!("offset hour")
    |         --------------------------------- in this macro invocation
    |
    = note: this error originates in the macro `invalid_component` (in Nightly builds, run with -Z macro-backtrace for more info)

error[E0433]: failed to resolve: use of undeclared crate or module `error`
   --> tests/integration/parsing.rs:23:13
    |
23  |             error::ParseFromDescription::InvalidComponent($name),
    |             ^^^^^ use of undeclared crate or module `error`
...
206 |         invalid_component!("offset hour")
    |         --------------------------------- in this macro invocation
    |
    = note: this error originates in the macro `invalid_component` (in Nightly builds, run with -Z macro-backtrace for more info)

error[E0433]: failed to resolve: use of undeclared crate or module `error`
   --> tests/integration/parsing.rs:22:13
    |
22  |         Err(error::Parse::ParseFromDescription(
    |             ^^^^^ use of undeclared crate or module `error`
...
210 |         invalid_component!("offset hour")
    |         --------------------------------- in this macro invocation
    |
    = note: this error originates in the macro `invalid_component` (in Nightly builds, run with -Z macro-backtrace for more info)

error[E0433]: failed to resolve: use of undeclared crate or module `error`
   --> tests/integration/parsing.rs:23:13
    |
23  |             error::ParseFromDescription::InvalidComponent($name),
    |             ^^^^^ use of undeclared crate or module `error`
...
210 |         invalid_component!("offset hour")
    |         --------------------------------- in this macro invocation
    |
    = note: this error originates in the macro `invalid_component` (in Nightly builds, run with -Z macro-backtrace for more info)

error[E0433]: failed to resolve: use of undeclared crate or module `error`
   --> tests/integration/parsing.rs:22:13
    |
22  |         Err(error::Parse::ParseFromDescription(
    |             ^^^^^ use of undeclared crate or module `error`
...
214 |         invalid_component!("offset minute")
    |         ----------------------------------- in this macro invocation
    |
    = note: this error originates in the macro `invalid_component` (in Nightly builds, run with -Z macro-backtrace for more info)

error[E0433]: failed to resolve: use of undeclared crate or module `error`
   --> tests/integration/parsing.rs:23:13
    |
23  |             error::ParseFromDescription::InvalidComponent($name),
    |             ^^^^^ use of undeclared crate or module `error`
...
214 |         invalid_component!("offset minute")
    |         ----------------------------------- in this macro invocation
    |
    = note: this error originates in the macro `invalid_component` (in Nightly builds, run with -Z macro-backtrace for more info)

error[E0433]: failed to resolve: use of undeclared crate or module `error`
   --> tests/integration/parsing.rs:22:13
    |
22  |         Err(error::Parse::ParseFromDescription(
    |             ^^^^^ use of undeclared crate or module `error`
...
297 |         invalid_component!("year")
    |         -------------------------- in this macro invocation
    |
    = note: this error originates in the macro `invalid_component` (in Nightly builds, run with -Z macro-backtrace for more info)

error[E0433]: failed to resolve: use of undeclared crate or module `error`
   --> tests/integration/parsing.rs:23:13
    |
23  |             error::ParseFromDescription::InvalidComponent($name),
    |             ^^^^^ use of undeclared crate or module `error`
...
297 |         invalid_component!("year")
    |         -------------------------- in this macro invocation
    |
    = note: this error originates in the macro `invalid_component` (in Nightly builds, run with -Z macro-backtrace for more info)

error[E0433]: failed to resolve: use of undeclared crate or module `error`
   --> tests/integration/parsing.rs:15:13
    |
15  |         Err(error::Parse::ParseFromDescription(
    |             ^^^^^ use of undeclared crate or module `error`
...
301 |         invalid_literal!()
    |         ------------------ in this macro invocation
    |
    = note: this error originates in the macro `invalid_literal` (in Nightly builds, run with -Z macro-backtrace for more info)

error[E0433]: failed to resolve: use of undeclared crate or module `error`
   --> tests/integration/parsing.rs:16:13
    |
16  |             error::ParseFromDescription::InvalidLiteral { .. },
    |             ^^^^^ use of undeclared crate or module `error`
...
301 |         invalid_literal!()
    |         ------------------ in this macro invocation
    |
    = note: this error originates in the macro `invalid_literal` (in Nightly builds, run with -Z macro-backtrace for more info)

error[E0433]: failed to resolve: use of undeclared crate or module `error`
   --> tests/integration/parsing.rs:22:13
    |
22  |         Err(error::Parse::ParseFromDescription(
    |             ^^^^^ use of undeclared crate or module `error`
...
305 |         invalid_component!("month")
    |         --------------------------- in this macro invocation
    |
    = note: this error originates in the macro `invalid_component` (in Nightly builds, run with -Z macro-backtrace for more info)

error[E0433]: failed to resolve: use of undeclared crate or module `error`
   --> tests/integration/parsing.rs:23:13
    |
23  |             error::ParseFromDescription::InvalidComponent($name),
    |             ^^^^^ use of undeclared crate or module `error`
...
305 |         invalid_component!("month")
    |         --------------------------- in this macro invocation
    |
    = note: this error originates in the macro `invalid_component` (in Nightly builds, run with -Z macro-backtrace for more info)

error[E0433]: failed to resolve: use of undeclared crate or module `error`
   --> tests/integration/parsing.rs:22:13
    |
22  |         Err(error::Parse::ParseFromDescription(
    |             ^^^^^ use of undeclared crate or module `error`
...
309 |         invalid_component!("month")
    |         --------------------------- in this macro invocation
    |
    = note: this error originates in the macro `invalid_component` (in Nightly builds, run with -Z macro-backtrace for more info)

error[E0433]: failed to resolve: use of undeclared crate or module `error`
   --> tests/integration/parsing.rs:23:13
    |
23  |             error::ParseFromDescription::InvalidComponent($name),
    |             ^^^^^ use of undeclared crate or module `error`
...
309 |         invalid_component!("month")
    |         --------------------------- in this macro invocation
    |
    = note: this error originates in the macro `invalid_component` (in Nightly builds, run with -Z macro-backtrace for more info)

error[E0433]: failed to resolve: use of undeclared crate or module `error`
   --> tests/integration/parsing.rs:15:13
    |
15  |         Err(error::Parse::ParseFromDescription(
    |             ^^^^^ use of undeclared crate or module `error`
...
313 |         invalid_literal!()
    |         ------------------ in this macro invocation
    |
    = note: this error originates in the macro `invalid_literal` (in Nightly builds, run with -Z macro-backtrace for more info)

error[E0433]: failed to resolve: use of undeclared crate or module `error`
   --> tests/integration/parsing.rs:16:13
    |
16  |             error::ParseFromDescription::InvalidLiteral { .. },
    |             ^^^^^ use of undeclared crate or module `error`
...
313 |         invalid_literal!()
    |         ------------------ in this macro invocation
    |
    = note: this error originates in the macro `invalid_literal` (in Nightly builds, run with -Z macro-backtrace for more info)

error[E0433]: failed to resolve: use of undeclared crate or module `error`
   --> tests/integration/parsing.rs:22:13
    |
22  |         Err(error::Parse::ParseFromDescription(
    |             ^^^^^ use of undeclared crate or module `error`
...
317 |         invalid_component!("day")
    |         ------------------------- in this macro invocation
    |
    = note: this error originates in the macro `invalid_component` (in Nightly builds, run with -Z macro-backtrace for more info)

error[E0433]: failed to resolve: use of undeclared crate or module `error`
   --> tests/integration/parsing.rs:23:13
    |
23  |             error::ParseFromDescription::InvalidComponent($name),
    |             ^^^^^ use of undeclared crate or module `error`
...
317 |         invalid_component!("day")
    |         ------------------------- in this macro invocation
    |
    = note: this error originates in the macro `invalid_component` (in Nightly builds, run with -Z macro-backtrace for more info)

error[E0433]: failed to resolve: use of undeclared crate or module `error`
   --> tests/integration/parsing.rs:15:13
    |
15  |         Err(error::Parse::ParseFromDescription(
    |             ^^^^^ use of undeclared crate or module `error`
...
321 |         invalid_literal!()
    |         ------------------ in this macro invocation
    |
    = note: this error originates in the macro `invalid_literal` (in Nightly builds, run with -Z macro-backtrace for more info)

error[E0433]: failed to resolve: use of undeclared crate or module `error`
   --> tests/integration/parsing.rs:16:13
    |
16  |             error::ParseFromDescription::InvalidLiteral { .. },
    |             ^^^^^ use of undeclared crate or module `error`
...
321 |         invalid_literal!()
    |         ------------------ in this macro invocation
    |
    = note: this error originates in the macro `invalid_literal` (in Nightly builds, run with -Z macro-backtrace for more info)

error[E0433]: failed to resolve: use of undeclared crate or module `error`
   --> tests/integration/parsing.rs:22:13
    |
22  |         Err(error::Parse::ParseFromDescription(
    |             ^^^^^ use of undeclared crate or module `error`
...
325 |         invalid_component!("hour")
    |         -------------------------- in this macro invocation
    |
    = note: this error originates in the macro `invalid_component` (in Nightly builds, run with -Z macro-backtrace for more info)

error[E0433]: failed to resolve: use of undeclared crate or module `error`
   --> tests/integration/parsing.rs:23:13
    |
23  |             error::ParseFromDescription::InvalidComponent($name),
    |             ^^^^^ use of undeclared crate or module `error`
...
325 |         invalid_component!("hour")
    |         -------------------------- in this macro invocation
    |
    = note: this error originates in the macro `invalid_component` (in Nightly builds, run with -Z macro-backtrace for more info)

error[E0433]: failed to resolve: use of undeclared crate or module `error`
   --> tests/integration/parsing.rs:15:13
    |
15  |         Err(error::Parse::ParseFromDescription(
    |             ^^^^^ use of undeclared crate or module `error`
...
329 |         invalid_literal!()
    |         ------------------ in this macro invocation
    |
    = note: this error originates in the macro `invalid_literal` (in Nightly builds, run with -Z macro-backtrace for more info)

error[E0433]: failed to resolve: use of undeclared crate or module `error`
   --> tests/integration/parsing.rs:16:13
    |
16  |             error::ParseFromDescription::InvalidLiteral { .. },
    |             ^^^^^ use of undeclared crate or module `error`
...
329 |         invalid_literal!()
    |         ------------------ in this macro invocation
    |
    = note: this error originates in the macro `invalid_literal` (in Nightly builds, run with -Z macro-backtrace for more info)

error[E0433]: failed to resolve: use of undeclared crate or module `error`
   --> tests/integration/parsing.rs:22:13
    |
22  |         Err(error::Parse::ParseFromDescription(
    |             ^^^^^ use of undeclared crate or module `error`
...
333 |         invalid_component!("minute")
    |         ---------------------------- in this macro invocation
    |
    = note: this error originates in the macro `invalid_component` (in Nightly builds, run with -Z macro-backtrace for more info)

error[E0433]: failed to resolve: use of undeclared crate or module `error`
   --> tests/integration/parsing.rs:23:13
    |
23  |             error::ParseFromDescription::InvalidComponent($name),
    |             ^^^^^ use of undeclared crate or module `error`
...
333 |         invalid_component!("minute")
    |         ---------------------------- in this macro invocation
    |
    = note: this error originates in the macro `invalid_component` (in Nightly builds, run with -Z macro-backtrace for more info)

error[E0433]: failed to resolve: use of undeclared crate or module `error`
   --> tests/integration/parsing.rs:15:13
    |
15  |         Err(error::Parse::ParseFromDescription(
    |             ^^^^^ use of undeclared crate or module `error`
...
337 |         invalid_literal!()
    |         ------------------ in this macro invocation
    |
    = note: this error originates in the macro `invalid_literal` (in Nightly builds, run with -Z macro-backtrace for more info)

error[E0433]: failed to resolve: use of undeclared crate or module `error`
   --> tests/integration/parsing.rs:16:13
    |
16  |             error::ParseFromDescription::InvalidLiteral { .. },
    |             ^^^^^ use of undeclared crate or module `error`
...
337 |         invalid_literal!()
    |         ------------------ in this macro invocation
    |
    = note: this error originates in the macro `invalid_literal` (in Nightly builds, run with -Z macro-backtrace for more info)

error[E0433]: failed to resolve: use of undeclared crate or module `error`
   --> tests/integration/parsing.rs:22:13
    |
22  |         Err(error::Parse::ParseFromDescription(
    |             ^^^^^ use of undeclared crate or module `error`
...
341 |         invalid_component!("second")
    |         ---------------------------- in this macro invocation
    |
    = note: this error originates in the macro `invalid_component` (in Nightly builds, run with -Z macro-backtrace for more info)

error[E0433]: failed to resolve: use of undeclared crate or module `error`
   --> tests/integration/parsing.rs:23:13
    |
23  |             error::ParseFromDescription::InvalidComponent($name),
    |             ^^^^^ use of undeclared crate or module `error`
...
341 |         invalid_component!("second")
    |         ---------------------------- in this macro invocation
    |
    = note: this error originates in the macro `invalid_component` (in Nightly builds, run with -Z macro-backtrace for more info)

error[E0433]: failed to resolve: use of undeclared crate or module `error`
   --> tests/integration/parsing.rs:22:13
    |
22  |         Err(error::Parse::ParseFromDescription(
    |             ^^^^^ use of undeclared crate or module `error`
...
345 |         invalid_component!("subsecond")
    |         ------------------------------- in this macro invocation
    |
    = note: this error originates in the macro `invalid_component` (in Nightly builds, run with -Z macro-backtrace for more info)

error[E0433]: failed to resolve: use of undeclared crate or module `error`
   --> tests/integration/parsing.rs:23:13
    |
23  |             error::ParseFromDescription::InvalidComponent($name),
    |             ^^^^^ use of undeclared crate or module `error`
...
345 |         invalid_component!("subsecond")
    |         ------------------------------- in this macro invocation
    |
    = note: this error originates in the macro `invalid_component` (in Nightly builds, run with -Z macro-backtrace for more info)

error[E0433]: failed to resolve: use of undeclared crate or module `error`
   --> tests/integration/parsing.rs:22:13
    |
22  |         Err(error::Parse::ParseFromDescription(
    |             ^^^^^ use of undeclared crate or module `error`
...
349 |         invalid_component!("offset hour")
    |         --------------------------------- in this macro invocation
    |
    = note: this error originates in the macro `invalid_component` (in Nightly builds, run with -Z macro-backtrace for more info)

error[E0433]: failed to resolve: use of undeclared crate or module `error`
   --> tests/integration/parsing.rs:23:13
    |
23  |             error::ParseFromDescription::InvalidComponent($name),
    |             ^^^^^ use of undeclared crate or module `error`
...
349 |         invalid_component!("offset hour")
    |         --------------------------------- in this macro invocation
    |
    = note: this error originates in the macro `invalid_component` (in Nightly builds, run with -Z macro-backtrace for more info)

error[E0433]: failed to resolve: use of undeclared crate or module `error`
   --> tests/integration/parsing.rs:22:13
    |
22  |         Err(error::Parse::ParseFromDescription(
    |             ^^^^^ use of undeclared crate or module `error`
...
353 |         invalid_component!("offset hour")
    |         --------------------------------- in this macro invocation
    |
    = note: this error originates in the macro `invalid_component` (in Nightly builds, run with -Z macro-backtrace for more info)

error[E0433]: failed to resolve: use of undeclared crate or module `error`
   --> tests/integration/parsing.rs:23:13
    |
23  |             error::ParseFromDescription::InvalidComponent($name),
    |             ^^^^^ use of undeclared crate or module `error`
...
353 |         invalid_component!("offset hour")
    |         --------------------------------- in this macro invocation
    |
    = note: this error originates in the macro `invalid_component` (in Nightly builds, run with -Z macro-backtrace for more info)

error[E0433]: failed to resolve: use of undeclared crate or module `error`
   --> tests/integration/parsing.rs:15:13
    |
15  |         Err(error::Parse::ParseFromDescription(
    |             ^^^^^ use of undeclared crate or module `error`
...
357 |         invalid_literal!()
    |         ------------------ in this macro invocation
    |
    = note: this error originates in the macro `invalid_literal` (in Nightly builds, run with -Z macro-backtrace for more info)

error[E0433]: failed to resolve: use of undeclared crate or module `error`
   --> tests/integration/parsing.rs:16:13
    |
16  |             error::ParseFromDescription::InvalidLiteral { .. },
    |             ^^^^^ use of undeclared crate or module `error`
...
357 |         invalid_literal!()
    |         ------------------ in this macro invocation
    |
    = note: this error originates in the macro `invalid_literal` (in Nightly builds, run with -Z macro-backtrace for more info)

error[E0433]: failed to resolve: use of undeclared crate or module `error`
   --> tests/integration/parsing.rs:22:13
    |
22  |         Err(error::Parse::ParseFromDescription(
    |             ^^^^^ use of undeclared crate or module `error`
...
361 |         invalid_component!("offset minute")
    |         ----------------------------------- in this macro invocation
    |
    = note: this error originates in the macro `invalid_component` (in Nightly builds, run with -Z macro-backtrace for more info)

error[E0433]: failed to resolve: use of undeclared crate or module `error`
   --> tests/integration/parsing.rs:23:13
    |
23  |             error::ParseFromDescription::InvalidComponent($name),
    |             ^^^^^ use of undeclared crate or module `error`
...
361 |         invalid_component!("offset minute")
    |         ----------------------------------- in this macro invocation
    |
    = note: this error originates in the macro `invalid_component` (in Nightly builds, run with -Z macro-backtrace for more info)

error[E0433]: failed to resolve: use of undeclared crate or module `error`
   --> tests/integration/parsing.rs:365:13
    |
365 |         Err(error::Parse::TryFromParsed(error::TryFromParsed::ComponentRange(component))) if component.name() == "month"
    |             ^^^^^ use of undeclared crate or module `error`

error[E0433]: failed to resolve: use of undeclared crate or module `error`
   --> tests/integration/parsing.rs:365:41
    |
365 |         Err(error::Parse::TryFromParsed(error::TryFromParsed::ComponentRange(component))) if component.name() == "month"
    |                                         ^^^^^ use of undeclared crate or module `error`

error[E0433]: failed to resolve: use of undeclared crate or module `error`
   --> tests/integration/parsing.rs:370:13
    |
370 |         Err(error::Parse::UnexpectedTrailingCharacters { .. })
    |             ^^^^^ use of undeclared crate or module `error`

error[E0433]: failed to resolve: use of undeclared crate or module `error`
   --> tests/integration/parsing.rs:22:13
    |
22  |         Err(error::Parse::ParseFromDescription(
    |             ^^^^^ use of undeclared crate or module `error`
...
374 |         invalid_component!("year")
    |         -------------------------- in this macro invocation
    |
    = note: this error originates in the macro `invalid_component` (in Nightly builds, run with -Z macro-backtrace for more info)

error[E0433]: failed to resolve: use of undeclared crate or module `error`
   --> tests/integration/parsing.rs:23:13
    |
23  |             error::ParseFromDescription::InvalidComponent($name),
    |             ^^^^^ use of undeclared crate or module `error`
...
374 |         invalid_component!("year")
    |         -------------------------- in this macro invocation
    |
    = note: this error originates in the macro `invalid_component` (in Nightly builds, run with -Z macro-backtrace for more info)

error[E0433]: failed to resolve: use of undeclared crate or module `error`
   --> tests/integration/parsing.rs:15:13
    |
15  |         Err(error::Parse::ParseFromDescription(
    |             ^^^^^ use of undeclared crate or module `error`
...
378 |         invalid_literal!()
    |         ------------------ in this macro invocation
    |
    = note: this error originates in the macro `invalid_literal` (in Nightly builds, run with -Z macro-backtrace for more info)

error[E0433]: failed to resolve: use of undeclared crate or module `error`
   --> tests/integration/parsing.rs:16:13
    |
16  |             error::ParseFromDescription::InvalidLiteral { .. },
    |             ^^^^^ use of undeclared crate or module `error`
...
378 |         invalid_literal!()
    |         ------------------ in this macro invocation
    |
    = note: this error originates in the macro `invalid_literal` (in Nightly builds, run with -Z macro-backtrace for more info)

error[E0433]: failed to resolve: use of undeclared crate or module `error`
   --> tests/integration/parsing.rs:22:13
    |
22  |         Err(error::Parse::ParseFromDescription(
    |             ^^^^^ use of undeclared crate or module `error`
...
382 |         invalid_component!("month")
    |         --------------------------- in this macro invocation
    |
    = note: this error originates in the macro `invalid_component` (in Nightly builds, run with -Z macro-backtrace for more info)

error[E0433]: failed to resolve: use of undeclared crate or module `error`
   --> tests/integration/parsing.rs:23:13
    |
23  |             error::ParseFromDescription::InvalidComponent($name),
    |             ^^^^^ use of undeclared crate or module `error`
...
382 |         invalid_component!("month")
    |         --------------------------- in this macro invocation
    |
    = note: this error originates in the macro `invalid_component` (in Nightly builds, run with -Z macro-backtrace for more info)

error[E0433]: failed to resolve: use of undeclared crate or module `error`
   --> tests/integration/parsing.rs:22:13
    |
22  |         Err(error::Parse::ParseFromDescription(
    |             ^^^^^ use of undeclared crate or module `error`
...
386 |         invalid_component!("month")
    |         --------------------------- in this macro invocation
    |
    = note: this error originates in the macro `invalid_component` (in Nightly builds, run with -Z macro-backtrace for more info)

error[E0433]: failed to resolve: use of undeclared crate or module `error`
   --> tests/integration/parsing.rs:23:13
    |
23  |             error::ParseFromDescription::InvalidComponent($name),
    |             ^^^^^ use of undeclared crate or module `error`
...
386 |         invalid_component!("month")
    |         --------------------------- in this macro invocation
    |
    = note: this error originates in the macro `invalid_component` (in Nightly builds, run with -Z macro-backtrace for more info)

error[E0433]: failed to resolve: use of undeclared crate or module `error`
   --> tests/integration/parsing.rs:15:13
    |
15  |         Err(error::Parse::ParseFromDescription(
    |             ^^^^^ use of undeclared crate or module `error`
...
390 |         invalid_literal!()
    |         ------------------ in this macro invocation
    |
    = note: this error originates in the macro `invalid_literal` (in Nightly builds, run with -Z macro-backtrace for more info)

error[E0433]: failed to resolve: use of undeclared crate or module `error`
   --> tests/integration/parsing.rs:16:13
    |
16  |             error::ParseFromDescription::InvalidLiteral { .. },
    |             ^^^^^ use of undeclared crate or module `error`
...
390 |         invalid_literal!()
    |         ------------------ in this macro invocation
    |
    = note: this error originates in the macro `invalid_literal` (in Nightly builds, run with -Z macro-backtrace for more info)

error[E0433]: failed to resolve: use of undeclared crate or module `error`
   --> tests/integration/parsing.rs:22:13
    |
22  |         Err(error::Parse::ParseFromDescription(
    |             ^^^^^ use of undeclared crate or module `error`
...
394 |         invalid_component!("day")
    |         ------------------------- in this macro invocation
    |
    = note: this error originates in the macro `invalid_component` (in Nightly builds, run with -Z macro-backtrace for more info)

error[E0433]: failed to resolve: use of undeclared crate or module `error`
   --> tests/integration/parsing.rs:23:13
    |
23  |             error::ParseFromDescription::InvalidComponent($name),
    |             ^^^^^ use of undeclared crate or module `error`
...
394 |         invalid_component!("day")
    |         ------------------------- in this macro invocation
    |
    = note: this error originates in the macro `invalid_component` (in Nightly builds, run with -Z macro-backtrace for more info)

error[E0433]: failed to resolve: use of undeclared crate or module `error`
   --> tests/integration/parsing.rs:15:13
    |
15  |         Err(error::Parse::ParseFromDescription(
    |             ^^^^^ use of undeclared crate or module `error`
...
398 |         invalid_literal!()
    |         ------------------ in this macro invocation
    |
    = note: this error originates in the macro `invalid_literal` (in Nightly builds, run with -Z macro-backtrace for more info)

error[E0433]: failed to resolve: use of undeclared crate or module `error`
   --> tests/integration/parsing.rs:16:13
    |
16  |             error::ParseFromDescription::InvalidLiteral { .. },
    |             ^^^^^ use of undeclared crate or module `error`
...
398 |         invalid_literal!()
    |         ------------------ in this macro invocation
    |
    = note: this error originates in the macro `invalid_literal` (in Nightly builds, run with -Z macro-backtrace for more info)

error[E0433]: failed to resolve: use of undeclared crate or module `error`
   --> tests/integration/parsing.rs:22:13
    |
22  |         Err(error::Parse::ParseFromDescription(
    |             ^^^^^ use of undeclared crate or module `error`
...
402 |         invalid_component!("hour")
    |         -------------------------- in this macro invocation
    |
    = note: this error originates in the macro `invalid_component` (in Nightly builds, run with -Z macro-backtrace for more info)

error[E0433]: failed to resolve: use of undeclared crate or module `error`
   --> tests/integration/parsing.rs:23:13
    |
23  |             error::ParseFromDescription::InvalidComponent($name),
    |             ^^^^^ use of undeclared crate or module `error`
...
402 |         invalid_component!("hour")
    |         -------------------------- in this macro invocation
    |
    = note: this error originates in the macro `invalid_component` (in Nightly builds, run with -Z macro-backtrace for more info)

error[E0433]: failed to resolve: use of undeclared crate or module `error`
   --> tests/integration/parsing.rs:15:13
    |
15  |         Err(error::Parse::ParseFromDescription(
    |             ^^^^^ use of undeclared crate or module `error`
...
406 |         invalid_literal!()
    |         ------------------ in this macro invocation
    |
    = note: this error originates in the macro `invalid_literal` (in Nightly builds, run with -Z macro-backtrace for more info)

error[E0433]: failed to resolve: use of undeclared crate or module `error`
   --> tests/integration/parsing.rs:16:13
    |
16  |             error::ParseFromDescription::InvalidLiteral { .. },
    |             ^^^^^ use of undeclared crate or module `error`
...
406 |         invalid_literal!()
    |         ------------------ in this macro invocation
    |
    = note: this error originates in the macro `invalid_literal` (in Nightly builds, run with -Z macro-backtrace for more info)

error[E0433]: failed to resolve: use of undeclared crate or module `error`
   --> tests/integration/parsing.rs:22:13
    |
22  |         Err(error::Parse::ParseFromDescription(
    |             ^^^^^ use of undeclared crate or module `error`
...
410 |         invalid_component!("minute")
    |         ---------------------------- in this macro invocation
    |
    = note: this error originates in the macro `invalid_component` (in Nightly builds, run with -Z macro-backtrace for more info)

error[E0433]: failed to resolve: use of undeclared crate or module `error`
   --> tests/integration/parsing.rs:23:13
    |
23  |             error::ParseFromDescription::InvalidComponent($name),
    |             ^^^^^ use of undeclared crate or module `error`
...
410 |         invalid_component!("minute")
    |         ---------------------------- in this macro invocation
    |
    = note: this error originates in the macro `invalid_component` (in Nightly builds, run with -Z macro-backtrace for more info)

error[E0433]: failed to resolve: use of undeclared crate or module `error`
   --> tests/integration/parsing.rs:15:13
    |
15  |         Err(error::Parse::ParseFromDescription(
    |             ^^^^^ use of undeclared crate or module `error`
...
414 |         invalid_literal!()
    |         ------------------ in this macro invocation
    |
    = note: this error originates in the macro `invalid_literal` (in Nightly builds, run with -Z macro-backtrace for more info)

error[E0433]: failed to resolve: use of undeclared crate or module `error`
   --> tests/integration/parsing.rs:16:13
    |
16  |             error::ParseFromDescription::InvalidLiteral { .. },
    |             ^^^^^ use of undeclared crate or module `error`
...
414 |         invalid_literal!()
    |         ------------------ in this macro invocation
    |
    = note: this error originates in the macro `invalid_literal` (in Nightly builds, run with -Z macro-backtrace for more info)

error[E0433]: failed to resolve: use of undeclared crate or module `error`
   --> tests/integration/parsing.rs:22:13
    |
22  |         Err(error::Parse::ParseFromDescription(
    |             ^^^^^ use of undeclared crate or module `error`
...
418 |         invalid_component!("second")
    |         ---------------------------- in this macro invocation
    |
    = note: this error originates in the macro `invalid_component` (in Nightly builds, run with -Z macro-backtrace for more info)

error[E0433]: failed to resolve: use of undeclared crate or module `error`
   --> tests/integration/parsing.rs:23:13
    |
23  |             error::ParseFromDescription::InvalidComponent($name),
    |             ^^^^^ use of undeclared crate or module `error`
...
418 |         invalid_component!("second")
    |         ---------------------------- in this macro invocation
    |
    = note: this error originates in the macro `invalid_component` (in Nightly builds, run with -Z macro-backtrace for more info)

error[E0433]: failed to resolve: use of undeclared crate or module `error`
   --> tests/integration/parsing.rs:22:13
    |
22  |         Err(error::Parse::ParseFromDescription(
    |             ^^^^^ use of undeclared crate or module `error`
...
422 |         invalid_component!("subsecond")
    |         ------------------------------- in this macro invocation
    |
    = note: this error originates in the macro `invalid_component` (in Nightly builds, run with -Z macro-backtrace for more info)

error[E0433]: failed to resolve: use of undeclared crate or module `error`
   --> tests/integration/parsing.rs:23:13
    |
23  |             error::ParseFromDescription::InvalidComponent($name),
    |             ^^^^^ use of undeclared crate or module `error`
...
422 |         invalid_component!("subsecond")
    |         ------------------------------- in this macro invocation
    |
    = note: this error originates in the macro `invalid_component` (in Nightly builds, run with -Z macro-backtrace for more info)

error[E0433]: failed to resolve: use of undeclared crate or module `error`
   --> tests/integration/parsing.rs:22:13
    |
22  |         Err(error::Parse::ParseFromDescription(
    |             ^^^^^ use of undeclared crate or module `error`
...
426 |         invalid_component!("offset hour")
    |         --------------------------------- in this macro invocation
    |
    = note: this error originates in the macro `invalid_component` (in Nightly builds, run with -Z macro-backtrace for more info)

error[E0433]: failed to resolve: use of undeclared crate or module `error`
   --> tests/integration/parsing.rs:23:13
    |
23  |             error::ParseFromDescription::InvalidComponent($name),
    |             ^^^^^ use of undeclared crate or module `error`
...
426 |         invalid_component!("offset hour")
    |         --------------------------------- in this macro invocation
    |
    = note: this error originates in the macro `invalid_component` (in Nightly builds, run with -Z macro-backtrace for more info)

error[E0433]: failed to resolve: use of undeclared crate or module `error`
   --> tests/integration/parsing.rs:22:13
    |
22  |         Err(error::Parse::ParseFromDescription(
    |             ^^^^^ use of undeclared crate or module `error`
...
430 |         invalid_component!("offset hour")
    |         --------------------------------- in this macro invocation
    |
    = note: this error originates in the macro `invalid_component` (in Nightly builds, run with -Z macro-backtrace for more info)

error[E0433]: failed to resolve: use of undeclared crate or module `error`
   --> tests/integration/parsing.rs:23:13
    |
23  |             error::ParseFromDescription::InvalidComponent($name),
    |             ^^^^^ use of undeclared crate or module `error`
...
430 |         invalid_component!("offset hour")
    |         --------------------------------- in this macro invocation
    |
    = note: this error originates in the macro `invalid_component` (in Nightly builds, run with -Z macro-backtrace for more info)

error[E0433]: failed to resolve: use of undeclared crate or module `error`
   --> tests/integration/parsing.rs:15:13
    |
15  |         Err(error::Parse::ParseFromDescription(
    |             ^^^^^ use of undeclared crate or module `error`
...
434 |         invalid_literal!()
    |         ------------------ in this macro invocation
    |
    = note: this error originates in the macro `invalid_literal` (in Nightly builds, run with -Z macro-backtrace for more info)

error[E0433]: failed to resolve: use of undeclared crate or module `error`
   --> tests/integration/parsing.rs:16:13
    |
16  |             error::ParseFromDescription::InvalidLiteral { .. },
    |             ^^^^^ use of undeclared crate or module `error`
...
434 |         invalid_literal!()
    |         ------------------ in this macro invocation
    |
    = note: this error originates in the macro `invalid_literal` (in Nightly builds, run with -Z macro-backtrace for more info)

error[E0433]: failed to resolve: use of undeclared crate or module `error`
   --> tests/integration/parsing.rs:22:13
    |
22  |         Err(error::Parse::ParseFromDescription(
    |             ^^^^^ use of undeclared crate or module `error`
...
438 |         invalid_component!("offset minute")
    |         ----------------------------------- in this macro invocation
    |
    = note: this error originates in the macro `invalid_component` (in Nightly builds, run with -Z macro-backtrace for more info)

error[E0433]: failed to resolve: use of undeclared crate or module `error`
   --> tests/integration/parsing.rs:23:13
    |
23  |             error::ParseFromDescription::InvalidComponent($name),
    |             ^^^^^ use of undeclared crate or module `error`
...
438 |         invalid_component!("offset minute")
    |         ----------------------------------- in this macro invocation
    |
    = note: this error originates in the macro `invalid_component` (in Nightly builds, run with -Z macro-backtrace for more info)

error[E0433]: failed to resolve: use of undeclared crate or module `error`
   --> tests/integration/parsing.rs:442:13
    |
442 |         Err(error::Parse::TryFromParsed(error::TryFromParsed::ComponentRange(component))) if component.name() == "offset hour"
    |             ^^^^^ use of undeclared crate or module `error`

error[E0433]: failed to resolve: use of undeclared crate or module `error`
   --> tests/integration/parsing.rs:442:41
    |
442 |         Err(error::Parse::TryFromParsed(error::TryFromParsed::ComponentRange(component))) if component.name() == "offset hour"
    |                                         ^^^^^ use of undeclared crate or module `error`

error[E0433]: failed to resolve: use of undeclared crate or module `error`
   --> tests/integration/parsing.rs:446:13
    |
446 |         Err(error::Parse::TryFromParsed(error::TryFromParsed::ComponentRange(component))) if component.name() == "offset minute"
    |             ^^^^^ use of undeclared crate or module `error`

error[E0433]: failed to resolve: use of undeclared crate or module `error`
   --> tests/integration/parsing.rs:446:41
    |
446 |         Err(error::Parse::TryFromParsed(error::TryFromParsed::ComponentRange(component))) if component.name() == "offset minute"
    |                                         ^^^^^ use of undeclared crate or module `error`

error[E0433]: failed to resolve: use of undeclared crate or module `error`
   --> tests/integration/parsing.rs:450:13
    |
450 |         Err(error::Parse::TryFromParsed(error::TryFromParsed::ComponentRange(component))) if component.name() == "month"
    |             ^^^^^ use of undeclared crate or module `error`

error[E0433]: failed to resolve: use of undeclared crate or module `error`
   --> tests/integration/parsing.rs:450:41
    |
450 |         Err(error::Parse::TryFromParsed(error::TryFromParsed::ComponentRange(component))) if component.name() == "month"
    |                                         ^^^^^ use of undeclared crate or module `error`

error[E0433]: failed to resolve: use of undeclared crate or module `fd`
   --> tests/integration/parsing.rs:457:10
    |
457 |         (fd::parse("[hour repr:12] [period]")?, "01 PM", time!(1 PM)),
    |          ^^ use of undeclared crate or module `fd`

error[E0433]: failed to resolve: use of undeclared crate or module `fd`
   --> tests/integration/parsing.rs:459:13
    |
459 |             fd::parse("[hour]:[minute]:[second]")?,
    |             ^^ use of undeclared crate or module `fd`

error[E0433]: failed to resolve: use of undeclared crate or module `fd`
   --> tests/integration/parsing.rs:464:13
    |
464 |             fd::parse("[hour repr:12]:[minute] [period]")?,
    |             ^^ use of undeclared crate or module `fd`

error[E0433]: failed to resolve: use of undeclared crate or module `fd`
   --> tests/integration/parsing.rs:468:10
    |
468 |         (fd::parse("[hour]:[minute]")?, "01:02", time!(1:02)),
    |          ^^ use of undeclared crate or module `fd`

error[E0433]: failed to resolve: use of undeclared crate or module `fd`
   --> tests/integration/parsing.rs:470:13
    |
470 |             fd::parse("[hour repr:12]:[minute] [period]")?,
    |             ^^ use of undeclared crate or module `fd`

error[E0433]: failed to resolve: use of undeclared crate or module `fd`
   --> tests/integration/parsing.rs:474:10
    |
474 |         (fd::parse("[hour]:[minute]")?, "01:02", time!(1:02)),
    |          ^^ use of undeclared crate or module `fd`

error[E0433]: failed to resolve: use of undeclared crate or module `fd`
   --> tests/integration/parsing.rs:475:10
    |
475 |         (fd::parse("[hour repr:12] [period]")?, "12 AM", time!(12 AM)),
    |          ^^ use of undeclared crate or module `fd`

error[E0433]: failed to resolve: use of undeclared crate or module `fd`
   --> tests/integration/parsing.rs:476:10
    |
476 |         (fd::parse("[hour repr:12] [period]")?, "12 PM", time!(12 PM)),
    |          ^^ use of undeclared crate or module `fd`

error[E0433]: failed to resolve: use of undeclared type `Parsed`
   --> tests/integration/parsing.rs:489:24
    |
489 |         Time::try_from(Parsed::new()),
    |                        ^^^^^^ use of undeclared type `Parsed`

error[E0433]: failed to resolve: use of undeclared crate or module `error`
   --> tests/integration/parsing.rs:490:13
    |
490 |         Err(error::TryFromParsed::InsufficientInformation { .. })
    |             ^^^^^ use of undeclared crate or module `error`

error[E0433]: failed to resolve: use of undeclared crate or module `fd`
   --> tests/integration/parsing.rs:493:26
    |
493 |         Time::parse("", &fd::parse("")?),
    |                          ^^ use of undeclared crate or module `fd`

error[E0433]: failed to resolve: use of undeclared crate or module `error`
   --> tests/integration/parsing.rs:494:13
    |
494 |         Err(error::Parse::TryFromParsed(
    |             ^^^^^ use of undeclared crate or module `error`

error[E0433]: failed to resolve: use of undeclared crate or module `error`
   --> tests/integration/parsing.rs:495:13
    |
495 |             error::TryFromParsed::InsufficientInformation { .. }
    |             ^^^^^ use of undeclared crate or module `error`

error[E0433]: failed to resolve: use of undeclared crate or module `fd`
   --> tests/integration/parsing.rs:499:28
    |
499 |         Time::parse("12", &fd::parse("[hour]")?),
    |                            ^^ use of undeclared crate or module `fd`

error[E0433]: failed to resolve: use of undeclared crate or module `error`
   --> tests/integration/parsing.rs:500:13
    |
500 |         Err(error::Parse::TryFromParsed(
    |             ^^^^^ use of undeclared crate or module `error`

error[E0433]: failed to resolve: use of undeclared crate or module `error`
   --> tests/integration/parsing.rs:501:13
    |
501 |             error::TryFromParsed::InsufficientInformation { .. }
    |             ^^^^^ use of undeclared crate or module `error`

error[E0433]: failed to resolve: use of undeclared crate or module `fd`
   --> tests/integration/parsing.rs:505:31
    |
505 |         Time::parse("13 PM", &fd::parse("[hour repr:12] [period]")?),
    |                               ^^ use of undeclared crate or module `fd`

error[E0433]: failed to resolve: use of undeclared crate or module `error`
   --> tests/integration/parsing.rs:506:13
    |
506 |         Err(error::Parse::TryFromParsed(
    |             ^^^^^ use of undeclared crate or module `error`

error[E0433]: failed to resolve: use of undeclared crate or module `error`
   --> tests/integration/parsing.rs:507:13
    |
507 |             error::TryFromParsed::ComponentRange(component)
    |             ^^^^^ use of undeclared crate or module `error`

error[E0433]: failed to resolve: use of undeclared crate or module `fd`
   --> tests/integration/parsing.rs:511:27
    |
511 |         Time::parse(" ", &fd::parse("")?),
    |                           ^^ use of undeclared crate or module `fd`

error[E0433]: failed to resolve: use of undeclared crate or module `error`
   --> tests/integration/parsing.rs:512:13
    |
512 |         Err(error::Parse::UnexpectedTrailingCharacters { .. })
    |             ^^^^^ use of undeclared crate or module `error`

error[E0433]: failed to resolve: use of undeclared crate or module `fd`
   --> tests/integration/parsing.rs:515:27
    |
515 |         Time::parse("a", &fd::parse("[subsecond digits:1]")?),
    |                           ^^ use of undeclared crate or module `fd`

error[E0433]: failed to resolve: use of undeclared crate or module `error`
   --> tests/integration/parsing.rs:516:13
    |
516 |         Err(error::Parse::ParseFromDescription(
    |             ^^^^^ use of undeclared crate or module `error`

error[E0433]: failed to resolve: use of undeclared crate or module `error`
   --> tests/integration/parsing.rs:517:13
    |
517 |             error::ParseFromDescription::InvalidComponent("subsecond")
    |             ^^^^^ use of undeclared crate or module `error`

error[E0433]: failed to resolve: use of undeclared crate or module `fd`
   --> tests/integration/parsing.rs:521:28
    |
521 |         Time::parse("1a", &fd::parse("[subsecond digits:2]")?),
    |                            ^^ use of undeclared crate or module `fd`

error[E0433]: failed to resolve: use of undeclared crate or module `error`
   --> tests/integration/parsing.rs:522:13
    |
522 |         Err(error::Parse::ParseFromDescription(
    |             ^^^^^ use of undeclared crate or module `error`

error[E0433]: failed to resolve: use of undeclared crate or module `error`
   --> tests/integration/parsing.rs:523:13
    |
523 |             error::ParseFromDescription::InvalidComponent("subsecond")
    |             ^^^^^ use of undeclared crate or module `error`

error[E0433]: failed to resolve: use of undeclared crate or module `fd`
   --> tests/integration/parsing.rs:527:29
    |
527 |         Time::parse("12a", &fd::parse("[subsecond digits:3]")?),
    |                             ^^ use of undeclared crate or module `fd`

error[E0433]: failed to resolve: use of undeclared crate or module `error`
   --> tests/integration/parsing.rs:528:13
    |
528 |         Err(error::Parse::ParseFromDescription(
    |             ^^^^^ use of undeclared crate or module `error`

error[E0433]: failed to resolve: use of undeclared crate or module `error`
   --> tests/integration/parsing.rs:529:13
    |
529 |             error::ParseFromDescription::InvalidComponent("subsecond")
    |             ^^^^^ use of undeclared crate or module `error`

error[E0433]: failed to resolve: use of undeclared crate or module `fd`
   --> tests/integration/parsing.rs:533:30
    |
533 |         Time::parse("123a", &fd::parse("[subsecond digits:4]")?),
    |                              ^^ use of undeclared crate or module `fd`

error[E0433]: failed to resolve: use of undeclared crate or module `error`
   --> tests/integration/parsing.rs:534:13
    |
534 |         Err(error::Parse::ParseFromDescription(
    |             ^^^^^ use of undeclared crate or module `error`

error[E0433]: failed to resolve: use of undeclared crate or module `error`
   --> tests/integration/parsing.rs:535:13
    |
535 |             error::ParseFromDescription::InvalidComponent("subsecond")
    |             ^^^^^ use of undeclared crate or module `error`

error[E0433]: failed to resolve: use of undeclared crate or module `fd`
   --> tests/integration/parsing.rs:539:31
    |
539 |         Time::parse("1234a", &fd::parse("[subsecond digits:5]")?),
    |                               ^^ use of undeclared crate or module `fd`

error[E0433]: failed to resolve: use of undeclared crate or module `error`
   --> tests/integration/parsing.rs:540:13
    |
540 |         Err(error::Parse::ParseFromDescription(
    |             ^^^^^ use of undeclared crate or module `error`

error[E0433]: failed to resolve: use of undeclared crate or module `error`
   --> tests/integration/parsing.rs:541:13
    |
541 |             error::ParseFromDescription::InvalidComponent("subsecond")
    |             ^^^^^ use of undeclared crate or module `error`

error[E0433]: failed to resolve: use of undeclared crate or module `fd`
   --> tests/integration/parsing.rs:545:32
    |
545 |         Time::parse("12345a", &fd::parse("[subsecond digits:6]")?),
    |                                ^^ use of undeclared crate or module `fd`

error[E0433]: failed to resolve: use of undeclared crate or module `error`
   --> tests/integration/parsing.rs:546:13
    |
546 |         Err(error::Parse::ParseFromDescription(
    |             ^^^^^ use of undeclared crate or module `error`

error[E0433]: failed to resolve: use of undeclared crate or module `error`
   --> tests/integration/parsing.rs:547:13
    |
547 |             error::ParseFromDescription::InvalidComponent("subsecond")
    |             ^^^^^ use of undeclared crate or module `error`

error[E0433]: failed to resolve: use of undeclared crate or module `fd`
   --> tests/integration/parsing.rs:551:33
    |
551 |         Time::parse("123456a", &fd::parse("[subsecond digits:7]")?),
    |                                 ^^ use of undeclared crate or module `fd`

error[E0433]: failed to resolve: use of undeclared crate or module `error`
   --> tests/integration/parsing.rs:552:13
    |
552 |         Err(error::Parse::ParseFromDescription(
    |             ^^^^^ use of undeclared crate or module `error`

error[E0433]: failed to resolve: use of undeclared crate or module `error`
   --> tests/integration/parsing.rs:553:13
    |
553 |             error::ParseFromDescription::InvalidComponent("subsecond")
    |             ^^^^^ use of undeclared crate or module `error`

error[E0433]: failed to resolve: use of undeclared crate or module `fd`
   --> tests/integration/parsing.rs:557:34
    |
557 |         Time::parse("1234567a", &fd::parse("[subsecond digits:8]")?),
    |                                  ^^ use of undeclared crate or module `fd`

error[E0433]: failed to resolve: use of undeclared crate or module `error`
   --> tests/integration/parsing.rs:558:13
    |
558 |         Err(error::Parse::ParseFromDescription(
    |             ^^^^^ use of undeclared crate or module `error`

error[E0433]: failed to resolve: use of undeclared crate or module `error`
   --> tests/integration/parsing.rs:559:13
    |
559 |             error::ParseFromDescription::InvalidComponent("subsecond")
    |             ^^^^^ use of undeclared crate or module `error`

error[E0433]: failed to resolve: use of undeclared crate or module `fd`
   --> tests/integration/parsing.rs:563:35
    |
563 |         Time::parse("12345678a", &fd::parse("[subsecond digits:9]")?),
    |                                   ^^ use of undeclared crate or module `fd`

error[E0433]: failed to resolve: use of undeclared crate or module `error`
   --> tests/integration/parsing.rs:564:13
    |
564 |         Err(error::Parse::ParseFromDescription(
    |             ^^^^^ use of undeclared crate or module `error`

error[E0433]: failed to resolve: use of undeclared crate or module `error`
   --> tests/integration/parsing.rs:565:13
    |
565 |             error::ParseFromDescription::InvalidComponent("subsecond")
    |             ^^^^^ use of undeclared crate or module `error`

error[E0433]: failed to resolve: use of undeclared crate or module `fd`
   --> tests/integration/parsing.rs:576:13
    |
576 |             fd::parse("[year]-[month]-[day]")?,
    |             ^^ use of undeclared crate or module `fd`

error[E0433]: failed to resolve: use of undeclared crate or module `fd`
   --> tests/integration/parsing.rs:581:13
    |
581 |             fd::parse("[year]-[ordinal]")?,
    |             ^^ use of undeclared crate or module `fd`

error[E0433]: failed to resolve: use of undeclared crate or module `fd`
   --> tests/integration/parsing.rs:586:13
    |
586 |             fd::parse("[year base:iso_week]-W[week_number]-[weekday repr:monday]")?,
    |             ^^ use of undeclared crate or module `fd`

error[E0433]: failed to resolve: use of undeclared crate or module `fd`
   --> tests/integration/parsing.rs:591:13
    |
591 |             fd::parse("[year]-W[week_number repr:monday]-[weekday repr:monday]")?,
    |             ^^ use of undeclared crate or module `fd`

error[E0433]: failed to resolve: use of undeclared crate or module `fd`
   --> tests/integration/parsing.rs:596:13
    |
596 |             fd::parse("[year]-W[week_number repr:sunday]-[weekday repr:sunday]")?,
    |             ^^ use of undeclared crate or module `fd`

error[E0433]: failed to resolve: use of undeclared crate or module `fd`
   --> tests/integration/parsing.rs:601:13
    |
601 |             fd::parse("[year]-W[week_number repr:sunday]-[weekday repr:sunday]")?,
    |             ^^ use of undeclared crate or module `fd`

error[E0433]: failed to resolve: use of undeclared crate or module `fd`
   --> tests/integration/parsing.rs:606:13
    |
606 |             fd::parse("[year]-W[week_number repr:sunday]-[weekday repr:sunday]")?,
    |             ^^ use of undeclared crate or module `fd`

error[E0433]: failed to resolve: use of undeclared crate or module `fd`
   --> tests/integration/parsing.rs:611:13
    |
611 |             fd::parse("[year]-W[week_number repr:sunday]-[weekday repr:sunday]")?,
    |             ^^ use of undeclared crate or module `fd`

error[E0433]: failed to resolve: use of undeclared crate or module `fd`
   --> tests/integration/parsing.rs:616:13
    |
616 |             fd::parse("[year]-W[week_number repr:sunday]-[weekday repr:sunday]")?,
    |             ^^ use of undeclared crate or module `fd`

error[E0433]: failed to resolve: use of undeclared crate or module `fd`
   --> tests/integration/parsing.rs:621:13
    |
621 |             fd::parse("[year]-W[week_number repr:sunday]-[weekday repr:sunday]")?,
    |             ^^ use of undeclared crate or module `fd`

error[E0433]: failed to resolve: use of undeclared crate or module `fd`
   --> tests/integration/parsing.rs:626:13
    |
626 |             fd::parse("[year]-W[week_number repr:sunday]-[weekday repr:sunday]")?,
    |             ^^ use of undeclared crate or module `fd`

error[E0433]: failed to resolve: use of undeclared crate or module `fd`
   --> tests/integration/parsing.rs:631:13
    |
631 |             fd::parse(
    |             ^^ use of undeclared crate or module `fd`

error[E0433]: failed to resolve: use of undeclared type `Parsed`
   --> tests/integration/parsing.rs:650:24
    |
650 |         Date::try_from(Parsed::new()),
    |                        ^^^^^^ use of undeclared type `Parsed`

error[E0433]: failed to resolve: use of undeclared crate or module `error`
   --> tests/integration/parsing.rs:651:13
    |
651 |         Err(error::TryFromParsed::InsufficientInformation { .. })
    |             ^^^^^ use of undeclared crate or module `error`

error[E0433]: failed to resolve: use of undeclared crate or module `fd`
   --> tests/integration/parsing.rs:654:26
    |
654 |         Date::parse("", &fd::parse("")?),
    |                          ^^ use of undeclared crate or module `fd`

error[E0433]: failed to resolve: use of undeclared crate or module `error`
   --> tests/integration/parsing.rs:655:13
    |
655 |         Err(error::Parse::TryFromParsed(
    |             ^^^^^ use of undeclared crate or module `error`

error[E0433]: failed to resolve: use of undeclared crate or module `error`
   --> tests/integration/parsing.rs:656:13
    |
656 |             error::TryFromParsed::InsufficientInformation { .. }
    |             ^^^^^ use of undeclared crate or module `error`

error[E0433]: failed to resolve: use of undeclared crate or module `fd`
   --> tests/integration/parsing.rs:660:27
    |
660 |         Date::parse("a", &fd::parse("[year]")?),
    |                           ^^ use of undeclared crate or module `fd`

error[E0433]: failed to resolve: use of undeclared crate or module `error`
   --> tests/integration/parsing.rs:661:13
    |
661 |         Err(error::Parse::ParseFromDescription(
    |             ^^^^^ use of undeclared crate or module `error`

error[E0433]: failed to resolve: use of undeclared crate or module `error`
   --> tests/integration/parsing.rs:662:13
    |
662 |             error::ParseFromDescription::InvalidComponent("year")
    |             ^^^^^ use of undeclared crate or module `error`

error[E0433]: failed to resolve: use of undeclared crate or module `fd`
   --> tests/integration/parsing.rs:666:30
    |
666 |         Date::parse("0001", &fd::parse("[year sign:mandatory]")?),
    |                              ^^ use of undeclared crate or module `fd`

error[E0433]: failed to resolve: use of undeclared crate or module `error`
   --> tests/integration/parsing.rs:667:13
    |
667 |         Err(error::Parse::ParseFromDescription(
    |             ^^^^^ use of undeclared crate or module `error`

error[E0433]: failed to resolve: use of undeclared crate or module `error`
   --> tests/integration/parsing.rs:668:13
    |
668 |             error::ParseFromDescription::InvalidComponent("year")
    |             ^^^^^ use of undeclared crate or module `error`

error[E0433]: failed to resolve: use of undeclared crate or module `fd`
   --> tests/integration/parsing.rs:672:28
    |
672 |         Date::parse("0a", &fd::parse("[year repr:last_two]")?),
    |                            ^^ use of undeclared crate or module `fd`

error[E0433]: failed to resolve: use of undeclared crate or module `error`
   --> tests/integration/parsing.rs:673:13
    |
673 |         Err(error::Parse::ParseFromDescription(
    |             ^^^^^ use of undeclared crate or module `error`

error[E0433]: failed to resolve: use of undeclared crate or module `error`
   --> tests/integration/parsing.rs:674:13
    |
674 |             error::ParseFromDescription::InvalidComponent("year")
    |             ^^^^^ use of undeclared crate or module `error`

error[E0433]: failed to resolve: use of undeclared crate or module `fd`
   --> tests/integration/parsing.rs:678:34
    |
678 |         Date::parse("2021-366", &fd::parse("[year]-[ordinal]")?),
    |                                  ^^ use of undeclared crate or module `fd`

error[E0433]: failed to resolve: use of undeclared crate or module `error`
   --> tests/integration/parsing.rs:679:13
    |
679 |         Err(error::Parse::TryFromParsed(
    |             ^^^^^ use of undeclared crate or module `error`

error[E0433]: failed to resolve: use of undeclared crate or module `error`
   --> tests/integration/parsing.rs:680:13
    |
680 |             error::TryFromParsed::ComponentRange(component)
    |             ^^^^^ use of undeclared crate or module `error`

error[E0433]: failed to resolve: use of undeclared crate or module `fd`
   --> tests/integration/parsing.rs:684:36
    |
684 |         Date::parse("2021-12-32", &fd::parse("[year]-[month]-[day]")?),
    |                                    ^^ use of undeclared crate or module `fd`

error[E0433]: failed to resolve: use of undeclared crate or module `error`
   --> tests/integration/parsing.rs:685:13
    |
685 |         Err(error::Parse::TryFromParsed(
    |             ^^^^^ use of undeclared crate or module `error`

error[E0433]: failed to resolve: use of undeclared crate or module `error`
   --> tests/integration/parsing.rs:686:13
    |
686 |             error::TryFromParsed::ComponentRange(component)
    |             ^^^^^ use of undeclared crate or module `error`

error[E0433]: failed to resolve: use of undeclared crate or module `fd`
   --> tests/integration/parsing.rs:690:36
    |
690 |         Date::parse("2021-W54-1", &fd::parse("[year base:iso_week]-W[week_number]-[weekday repr:monday]")?),
    |                                    ^^ use of undeclared crate or module `fd`

error[E0433]: failed to resolve: use of undeclared crate or module `error`
   --> tests/integration/parsing.rs:691:13
    |
691 |         Err(error::Parse::TryFromParsed(
    |             ^^^^^ use of undeclared crate or module `error`

error[E0433]: failed to resolve: use of undeclared crate or module `error`
   --> tests/integration/parsing.rs:692:13
    |
692 |             error::TryFromParsed::ComponentRange(component)
    |             ^^^^^ use of undeclared crate or module `error`

error[E0433]: failed to resolve: use of undeclared crate or module `fd`
   --> tests/integration/parsing.rs:696:36
    |
696 |         Date::parse("2021-W54-1", &fd::parse("[year]-W[week_number repr:sunday]-[weekday repr:monday]")?),
    |                                    ^^ use of undeclared crate or module `fd`

error[E0433]: failed to resolve: use of undeclared crate or module `error`
   --> tests/integration/parsing.rs:697:13
    |
697 |         Err(error::Parse::TryFromParsed(
    |             ^^^^^ use of undeclared crate or module `error`

error[E0433]: failed to resolve: use of undeclared crate or module `error`
   --> tests/integration/parsing.rs:698:13
    |
698 |             error::TryFromParsed::ComponentRange(component)
    |             ^^^^^ use of undeclared crate or module `error`

error[E0433]: failed to resolve: use of undeclared crate or module `fd`
   --> tests/integration/parsing.rs:702:36
    |
702 |         Date::parse("2021-W54-1", &fd::parse("[year]-W[week_number repr:monday]-[weekday repr:monday]")?),
    |                                    ^^ use of undeclared crate or module `fd`

error[E0433]: failed to resolve: use of undeclared crate or module `error`
   --> tests/integration/parsing.rs:703:13
    |
703 |         Err(error::Parse::TryFromParsed(
    |             ^^^^^ use of undeclared crate or module `error`

error[E0433]: failed to resolve: use of undeclared crate or module `error`
   --> tests/integration/parsing.rs:704:13
    |
704 |             error::TryFromParsed::ComponentRange(component)
    |             ^^^^^ use of undeclared crate or module `error`

error[E0433]: failed to resolve: use of undeclared crate or module `fd`
   --> tests/integration/parsing.rs:708:28
    |
708 |         Date::parse("Ja", &fd::parse("[month repr:short]")?),
    |                            ^^ use of undeclared crate or module `fd`

error[E0433]: failed to resolve: use of undeclared crate or module `error`
   --> tests/integration/parsing.rs:709:13
    |
709 |         Err(error::Parse::ParseFromDescription(
    |             ^^^^^ use of undeclared crate or module `error`

error[E0433]: failed to resolve: use of undeclared crate or module `error`
   --> tests/integration/parsing.rs:710:13
    |
710 |             error::ParseFromDescription::InvalidComponent("month")
    |             ^^^^^ use of undeclared crate or module `error`

error[E0433]: failed to resolve: use of undeclared crate or module `fd`
   --> tests/integration/parsing.rs:714:32
    |
714 |         Date::parse("  2a21", &fd::parse("[year padding:space]")?),
    |                                ^^ use of undeclared crate or module `fd`

error[E0433]: failed to resolve: use of undeclared crate or module `error`
   --> tests/integration/parsing.rs:715:13
    |
715 |         Err(error::Parse::ParseFromDescription(
    |             ^^^^^ use of undeclared crate or module `error`

error[E0433]: failed to resolve: use of undeclared crate or module `error`
   --> tests/integration/parsing.rs:716:13
    |
716 |             error::ParseFromDescription::InvalidComponent("year")
    |             ^^^^^ use of undeclared crate or module `error`

error[E0433]: failed to resolve: use of undeclared crate or module `fd`
   --> tests/integration/parsing.rs:726:31
    |
726 |         UtcOffset::parse("", &fd::parse("")?),
    |                               ^^ use of undeclared crate or module `fd`

error[E0433]: failed to resolve: use of undeclared crate or module `error`
   --> tests/integration/parsing.rs:727:13
    |
727 |         Err(error::Parse::TryFromParsed(
    |             ^^^^^ use of undeclared crate or module `error`

error[E0433]: failed to resolve: use of undeclared crate or module `error`
   --> tests/integration/parsing.rs:728:13
    |
728 |             error::TryFromParsed::InsufficientInformation { .. }
    |             ^^^^^ use of undeclared crate or module `error`

error[E0433]: failed to resolve: use of undeclared crate or module `fd`
   --> tests/integration/parsing.rs:732:33
    |
732 |         UtcOffset::parse("01", &fd::parse("[offset_hour sign:mandatory]")?),
    |                                 ^^ use of undeclared crate or module `fd`

error[E0433]: failed to resolve: use of undeclared crate or module `error`
   --> tests/integration/parsing.rs:733:13
    |
733 |         Err(error::Parse::ParseFromDescription(
    |             ^^^^^ use of undeclared crate or module `error`

error[E0433]: failed to resolve: use of undeclared crate or module `error`
   --> tests/integration/parsing.rs:734:13
    |
734 |             error::ParseFromDescription::InvalidComponent("offset hour")
    |             ^^^^^ use of undeclared crate or module `error`

error[E0433]: failed to resolve: use of undeclared crate or module `fd`
   --> tests/integration/parsing.rs:738:33
    |
738 |         UtcOffset::parse("24", &fd::parse("[offset_hour]")?),
    |                                 ^^ use of undeclared crate or module `fd`

error[E0433]: failed to resolve: use of undeclared crate or module `error`
   --> tests/integration/parsing.rs:739:13
    |
739 |         Err(error::Parse::TryFromParsed(error::TryFromParsed::ComponentRange(component))) if component.name() == "offset hour"
    |             ^^^^^ use of undeclared crate or module `error`

error[E0433]: failed to resolve: use of undeclared crate or module `error`
   --> tests/integration/parsing.rs:739:41
    |
739 |         Err(error::Parse::TryFromParsed(error::TryFromParsed::ComponentRange(component))) if component.name() == "offset hour"
    |                                         ^^^^^ use of undeclared crate or module `error`

error[E0433]: failed to resolve: use of undeclared crate or module `fd`
   --> tests/integration/parsing.rs:742:36
    |
742 |         UtcOffset::parse("00:60", &fd::parse("[offset_hour]:[offset_minute]")?),
    |                                    ^^ use of undeclared crate or module `fd`

error[E0433]: failed to resolve: use of undeclared crate or module `error`
   --> tests/integration/parsing.rs:743:13
    |
743 |         Err(error::Parse::TryFromParsed(error::TryFromParsed::ComponentRange(component))) if component.name() == "offset minute"
    |             ^^^^^ use of undeclared crate or module `error`

error[E0433]: failed to resolve: use of undeclared crate or module `error`
   --> tests/integration/parsing.rs:743:41
    |
743 |         Err(error::Parse::TryFromParsed(error::TryFromParsed::ComponentRange(component))) if component.name() == "offset minute"
    |                                         ^^^^^ use of undeclared crate or module `error`

error[E0433]: failed to resolve: use of undeclared crate or module `fd`
   --> tests/integration/parsing.rs:746:39
    |
746 |         UtcOffset::parse("00:00:60", &fd::parse("[offset_hour]:[offset_minute]:[offset_second]")?),
    |                                       ^^ use of undeclared crate or module `fd`

error[E0433]: failed to resolve: use of undeclared crate or module `error`
   --> tests/integration/parsing.rs:747:13
    |
747 |         Err(error::Parse::TryFromParsed(error::TryFromParsed::ComponentRange(component))) if component.name() == "offset second"
    |             ^^^^^ use of undeclared crate or module `error`

error[E0433]: failed to resolve: use of undeclared crate or module `error`
   --> tests/integration/parsing.rs:747:41
    |
747 |         Err(error::Parse::TryFromParsed(error::TryFromParsed::ComponentRange(component))) if component.name() == "offset second"
    |                                         ^^^^^ use of undeclared crate or module `error`

error[E0433]: failed to resolve: use of undeclared crate or module `fd`
   --> tests/integration/parsing.rs:756:39
    |
756 |         PrimitiveDateTime::parse("", &fd::parse("")?),
    |                                       ^^ use of undeclared crate or module `fd`

error[E0433]: failed to resolve: use of undeclared crate or module `error`
   --> tests/integration/parsing.rs:757:13
    |
757 |         Err(error::Parse::TryFromParsed(
    |             ^^^^^ use of undeclared crate or module `error`

error[E0433]: failed to resolve: use of undeclared crate or module `error`
   --> tests/integration/parsing.rs:758:13
    |
758 |             error::TryFromParsed::InsufficientInformation { .. }
    |             ^^^^^ use of undeclared crate or module `error`

error[E0433]: failed to resolve: use of undeclared crate or module `fd`
   --> tests/integration/parsing.rs:762:53
    |
762 |         PrimitiveDateTime::parse("2021-001 13 PM", &fd::parse("[year]-[ordinal] [hour repr:12] [period]")?),
    |                                                     ^^ use of undeclared crate or module `fd`

error[E0433]: failed to resolve: use of undeclared crate or module `error`
   --> tests/integration/parsing.rs:763:13
    |
763 |         Err(error::Parse::TryFromParsed(
    |             ^^^^^ use of undeclared crate or module `error`

error[E0433]: failed to resolve: use of undeclared crate or module `error`
   --> tests/integration/parsing.rs:764:13
    |
764 |             error::TryFromParsed::ComponentRange(component)
    |             ^^^^^ use of undeclared crate or module `error`

error[E0433]: failed to resolve: use of undeclared crate or module `fd`
   --> tests/integration/parsing.rs:774:36
    |
774 |         OffsetDateTime::parse("", &fd::parse("")?),
    |                                    ^^ use of undeclared crate or module `fd`

error[E0433]: failed to resolve: use of undeclared crate or module `error`
   --> tests/integration/parsing.rs:775:13
    |
775 |         Err(error::Parse::TryFromParsed(
    |             ^^^^^ use of undeclared crate or module `error`

error[E0433]: failed to resolve: use of undeclared crate or module `error`
   --> tests/integration/parsing.rs:776:13
    |
776 |             error::TryFromParsed::InsufficientInformation { .. }
    |             ^^^^^ use of undeclared crate or module `error`

error[E0433]: failed to resolve: use of undeclared crate or module `fd`
   --> tests/integration/parsing.rs:780:37
    |
780 |         OffsetDateTime::parse("x", &fd::parse("[year]")?),
    |                                     ^^ use of undeclared crate or module `fd`

error[E0433]: failed to resolve: use of undeclared crate or module `error`
   --> tests/integration/parsing.rs:781:13
    |
781 |         Err(error::Parse::ParseFromDescription(
    |             ^^^^^ use of undeclared crate or module `error`

error[E0433]: failed to resolve: use of undeclared crate or module `error`
   --> tests/integration/parsing.rs:782:13
    |
782 |             error::ParseFromDescription::InvalidComponent("year")
    |             ^^^^^ use of undeclared crate or module `error`

error[E0433]: failed to resolve: use of undeclared crate or module `fd`
   --> tests/integration/parsing.rs:786:54
    |
786 |         OffsetDateTime::parse("2021-001 12 PM +25", &fd::parse("[year]-[ordinal] [hour repr:12] [period] [offset_hour sign:mandatory]")?),
    |                                                      ^^ use of undeclared crate or module `fd`

error[E0433]: failed to resolve: use of undeclared crate or module `error`
   --> tests/integration/parsing.rs:787:13
    |
787 |         Err(error::Parse::TryFromParsed(
    |             ^^^^^ use of undeclared crate or module `error`

error[E0433]: failed to resolve: use of undeclared crate or module `error`
   --> tests/integration/parsing.rs:788:13
    |
788 |             error::TryFromParsed::ComponentRange(component)
    |             ^^^^^ use of undeclared crate or module `error`

error[E0433]: failed to resolve: use of undeclared type `Parsed`
   --> tests/integration/parsing.rs:799:30
    |
799 |               let mut parsed = Parsed::new();
    |                                ^^^^^^ use of undeclared type `Parsed`
...
805 | /     parse_component!(
806 | |         Component::Year(modifier!(Year {
807 | |             padding: modifier::Padding::Zero,
808 | |             repr: modifier::YearRepr::Full,
...   |
813 | |         _.year() == Some(2021)
814 | |     );
    | |_____- in this macro invocation
    |
    = note: this error originates in the macro `parse_component` (in Nightly builds, run with -Z macro-backtrace for more info)

error[E0433]: failed to resolve: could not find `format_description` in `time`
   --> tests/integration/main.rs:38:33
    |
38  |           let mut value = ::time::format_description::modifier::$name::default();
    |                                   ^^^^^^^^^^^^^^^^^^ could not find `format_description` in `time`
    |
   ::: tests/integration/parsing.rs:806:25
    |
806 |           Component::Year(modifier!(Year {
    |  _________________________-
807 | |             padding: modifier::Padding::Zero,
808 | |             repr: modifier::YearRepr::Full,
809 | |             iso_week_based: false,
810 | |             sign_is_mandatory: false,
811 | |         })),
    | |__________- in this macro invocation
    |
    = note: this error originates in the macro `modifier` (in Nightly builds, run with -Z macro-backtrace for more info)

error[E0433]: failed to resolve: use of undeclared crate or module `modifier`
   --> tests/integration/parsing.rs:807:22
    |
807 |             padding: modifier::Padding::Zero,
    |                      ^^^^^^^^ use of undeclared crate or module `modifier`

error[E0433]: failed to resolve: use of undeclared crate or module `modifier`
   --> tests/integration/parsing.rs:808:19
    |
808 |             repr: modifier::YearRepr::Full,
    |                   ^^^^^^^^ use of undeclared crate or module `modifier`

error[E0433]: failed to resolve: use of undeclared type `Parsed`
   --> tests/integration/parsing.rs:799:30
    |
799 |               let mut parsed = Parsed::new();
    |                                ^^^^^^ use of undeclared type `Parsed`
...
815 | /     parse_component!(
816 | |         Component::Year(modifier!(Year {
817 | |             padding: modifier::Padding::Zero,
818 | |             repr: modifier::YearRepr::LastTwo,
...   |
823 | |         _.year_last_two() == Some(21)
824 | |     );
    | |_____- in this macro invocation
    |
    = note: this error originates in the macro `parse_component` (in Nightly builds, run with -Z macro-backtrace for more info)

error[E0433]: failed to resolve: could not find `format_description` in `time`
   --> tests/integration/main.rs:38:33
    |
38  |           let mut value = ::time::format_description::modifier::$name::default();
    |                                   ^^^^^^^^^^^^^^^^^^ could not find `format_description` in `time`
    |
   ::: tests/integration/parsing.rs:816:25
    |
816 |           Component::Year(modifier!(Year {
    |  _________________________-
817 | |             padding: modifier::Padding::Zero,
818 | |             repr: modifier::YearRepr::LastTwo,
819 | |             iso_week_based: false,
820 | |             sign_is_mandatory: false,
821 | |         })),
    | |__________- in this macro invocation
    |
    = note: this error originates in the macro `modifier` (in Nightly builds, run with -Z macro-backtrace for more info)

error[E0433]: failed to resolve: use of undeclared crate or module `modifier`
   --> tests/integration/parsing.rs:817:22
    |
817 |             padding: modifier::Padding::Zero,
    |                      ^^^^^^^^ use of undeclared crate or module `modifier`

error[E0433]: failed to resolve: use of undeclared crate or module `modifier`
   --> tests/integration/parsing.rs:818:19
    |
818 |             repr: modifier::YearRepr::LastTwo,
    |                   ^^^^^^^^ use of undeclared crate or module `modifier`

error[E0433]: failed to resolve: use of undeclared type `Parsed`
   --> tests/integration/parsing.rs:799:30
    |
799 |               let mut parsed = Parsed::new();
    |                                ^^^^^^ use of undeclared type `Parsed`
...
825 | /     parse_component!(
826 | |         Component::Year(modifier!(Year {
827 | |             padding: modifier::Padding::Zero,
828 | |             repr: modifier::YearRepr::Full,
...   |
833 | |         _.iso_year() == Some(2021)
834 | |     );
    | |_____- in this macro invocation
    |
    = note: this error originates in the macro `parse_component` (in Nightly builds, run with -Z macro-backtrace for more info)

error[E0433]: failed to resolve: could not find `format_description` in `time`
   --> tests/integration/main.rs:38:33
    |
38  |           let mut value = ::time::format_description::modifier::$name::default();
    |                                   ^^^^^^^^^^^^^^^^^^ could not find `format_description` in `time`
    |
   ::: tests/integration/parsing.rs:826:25
    |
826 |           Component::Year(modifier!(Year {
    |  _________________________-
827 | |             padding: modifier::Padding::Zero,
828 | |             repr: modifier::YearRepr::Full,
829 | |             iso_week_based: true,
830 | |             sign_is_mandatory: false,
831 | |         })),
    | |__________- in this macro invocation
    |
    = note: this error originates in the macro `modifier` (in Nightly builds, run with -Z macro-backtrace for more info)

error[E0433]: failed to resolve: use of undeclared crate or module `modifier`
   --> tests/integration/parsing.rs:827:22
    |
827 |             padding: modifier::Padding::Zero,
    |                      ^^^^^^^^ use of undeclared crate or module `modifier`

error[E0433]: failed to resolve: use of undeclared crate or module `modifier`
   --> tests/integration/parsing.rs:828:19
    |
828 |             repr: modifier::YearRepr::Full,
    |                   ^^^^^^^^ use of undeclared crate or module `modifier`

error[E0433]: failed to resolve: use of undeclared type `Parsed`
   --> tests/integration/parsing.rs:799:30
    |
799 |               let mut parsed = Parsed::new();
    |                                ^^^^^^ use of undeclared type `Parsed`
...
835 | /     parse_component!(
836 | |         Component::Year(modifier!(Year {
837 | |             padding: modifier::Padding::Zero,
838 | |             repr: modifier::YearRepr::LastTwo,
...   |
843 | |         _.iso_year_last_two() == Some(21)
844 | |     );
    | |_____- in this macro invocation
    |
    = note: this error originates in the macro `parse_component` (in Nightly builds, run with -Z macro-backtrace for more info)

error[E0433]: failed to resolve: could not find `format_description` in `time`
   --> tests/integration/main.rs:38:33
    |
38  |           let mut value = ::time::format_description::modifier::$name::default();
    |                                   ^^^^^^^^^^^^^^^^^^ could not find `format_description` in `time`
    |
   ::: tests/integration/parsing.rs:836:25
    |
836 |           Component::Year(modifier!(Year {
    |  _________________________-
837 | |             padding: modifier::Padding::Zero,
838 | |             repr: modifier::YearRepr::LastTwo,
839 | |             iso_week_based: true,
840 | |             sign_is_mandatory: false,
841 | |         })),
    | |__________- in this macro invocation
    |
    = note: this error originates in the macro `modifier` (in Nightly builds, run with -Z macro-backtrace for more info)

error[E0433]: failed to resolve: use of undeclared crate or module `modifier`
   --> tests/integration/parsing.rs:837:22
    |
837 |             padding: modifier::Padding::Zero,
    |                      ^^^^^^^^ use of undeclared crate or module `modifier`

error[E0433]: failed to resolve: use of undeclared crate or module `modifier`
   --> tests/integration/parsing.rs:838:19
    |
838 |             repr: modifier::YearRepr::LastTwo,
    |                   ^^^^^^^^ use of undeclared crate or module `modifier`

error[E0433]: failed to resolve: use of undeclared type `Parsed`
   --> tests/integration/parsing.rs:799:30
    |
799 |               let mut parsed = Parsed::new();
    |                                ^^^^^^ use of undeclared type `Parsed`
...
845 | /     parse_component!(
846 | |         Component::Month(modifier!(Month {
847 | |             padding: modifier::Padding::Space,
848 | |             repr: modifier::MonthRepr::Numerical,
...   |
851 | |         _.month() == Some(Month::January)
852 | |     );
    | |_____- in this macro invocation
    |
    = note: this error originates in the macro `parse_component` (in Nightly builds, run with -Z macro-backtrace for more info)

error[E0433]: failed to resolve: use of undeclared crate or module `modifier`
   --> tests/integration/parsing.rs:847:22
    |
847 |             padding: modifier::Padding::Space,
    |                      ^^^^^^^^ use of undeclared crate or module `modifier`

error[E0433]: failed to resolve: use of undeclared crate or module `modifier`
   --> tests/integration/parsing.rs:848:19
    |
848 |             repr: modifier::MonthRepr::Numerical,
    |                   ^^^^^^^^ use of undeclared crate or module `modifier`

error[E0433]: failed to resolve: use of undeclared type `Month`
   --> tests/integration/parsing.rs:851:27
    |
851 |         _.month() == Some(Month::January)
    |                           ^^^^^ use of undeclared type `Month`

error[E0433]: failed to resolve: use of undeclared type `Parsed`
   --> tests/integration/parsing.rs:799:30
    |
799 |               let mut parsed = Parsed::new();
    |                                ^^^^^^ use of undeclared type `Parsed`
...
853 | /     parse_component!(
854 | |         Component::Month(modifier!(Month {
855 | |             padding: modifier::Padding::None,
856 | |             repr: modifier::MonthRepr::Short,
...   |
860 | |         _.month() == Some(Month::January)
861 | |     );
    | |_____- in this macro invocation
    |
    = note: this error originates in the macro `parse_component` (in Nightly builds, run with -Z macro-backtrace for more info)

error[E0433]: failed to resolve: use of undeclared crate or module `modifier`
   --> tests/integration/parsing.rs:855:22
    |
855 |             padding: modifier::Padding::None,
    |                      ^^^^^^^^ use of undeclared crate or module `modifier`

error[E0433]: failed to resolve: use of undeclared crate or module `modifier`
   --> tests/integration/parsing.rs:856:19
    |
856 |             repr: modifier::MonthRepr::Short,
    |                   ^^^^^^^^ use of undeclared crate or module `modifier`

error[E0433]: failed to resolve: use of undeclared type `Month`
   --> tests/integration/parsing.rs:860:27
    |
860 |         _.month() == Some(Month::January)
    |                           ^^^^^ use of undeclared type `Month`

error[E0433]: failed to resolve: use of undeclared type `Parsed`
   --> tests/integration/parsing.rs:799:30
    |
799 |               let mut parsed = Parsed::new();
    |                                ^^^^^^ use of undeclared type `Parsed`
...
862 | /     parse_component!(
863 | |         Component::Month(modifier!(Month {
864 | |             padding: modifier::Padding::None,
865 | |             repr: modifier::MonthRepr::Short,
...   |
869 | |         _.month() == Some(Month::January)
870 | |     );
    | |_____- in this macro invocation
    |
    = note: this error originates in the macro `parse_component` (in Nightly builds, run with -Z macro-backtrace for more info)

error[E0433]: failed to resolve: use of undeclared crate or module `modifier`
   --> tests/integration/parsing.rs:864:22
    |
864 |             padding: modifier::Padding::None,
    |                      ^^^^^^^^ use of undeclared crate or module `modifier`

error[E0433]: failed to resolve: use of undeclared crate or module `modifier`
   --> tests/integration/parsing.rs:865:19
    |
865 |             repr: modifier::MonthRepr::Short,
    |                   ^^^^^^^^ use of undeclared crate or module `modifier`

error[E0433]: failed to resolve: use of undeclared type `Month`
   --> tests/integration/parsing.rs:869:27
    |
869 |         _.month() == Some(Month::January)
    |                           ^^^^^ use of undeclared type `Month`

error[E0433]: failed to resolve: use of undeclared type `Parsed`
   --> tests/integration/parsing.rs:799:30
    |
799 |               let mut parsed = Parsed::new();
    |                                ^^^^^^ use of undeclared type `Parsed`
...
871 | /     parse_component!(
872 | |         Component::Month(modifier!(Month {
873 | |             padding: modifier::Padding::None,
874 | |             repr: modifier::MonthRepr::Long,
...   |
878 | |         _.month() == Some(Month::January)
879 | |     );
    | |_____- in this macro invocation
    |
    = note: this error originates in the macro `parse_component` (in Nightly builds, run with -Z macro-backtrace for more info)

error[E0433]: failed to resolve: use of undeclared crate or module `modifier`
   --> tests/integration/parsing.rs:873:22
    |
873 |             padding: modifier::Padding::None,
    |                      ^^^^^^^^ use of undeclared crate or module `modifier`

error[E0433]: failed to resolve: use of undeclared crate or module `modifier`
   --> tests/integration/parsing.rs:874:19
    |
874 |             repr: modifier::MonthRepr::Long,
    |                   ^^^^^^^^ use of undeclared crate or module `modifier`

error[E0433]: failed to resolve: use of undeclared type `Month`
   --> tests/integration/parsing.rs:878:27
    |
878 |         _.month() == Some(Month::January)
    |                           ^^^^^ use of undeclared type `Month`

error[E0433]: failed to resolve: use of undeclared type `Parsed`
   --> tests/integration/parsing.rs:799:30
    |
799 |               let mut parsed = Parsed::new();
    |                                ^^^^^^ use of undeclared type `Parsed`
...
880 | /     parse_component!(
881 | |         Component::Month(modifier!(Month {
882 | |             padding: modifier::Padding::None,
883 | |             repr: modifier::MonthRepr::Long,
...   |
887 | |         _.month() == Some(Month::January)
888 | |     );
    | |_____- in this macro invocation
    |
    = note: this error originates in the macro `parse_component` (in Nightly builds, run with -Z macro-backtrace for more info)

error[E0433]: failed to resolve: use of undeclared crate or module `modifier`
   --> tests/integration/parsing.rs:882:22
    |
882 |             padding: modifier::Padding::None,
    |                      ^^^^^^^^ use of undeclared crate or module `modifier`

error[E0433]: failed to resolve: use of undeclared crate or module `modifier`
   --> tests/integration/parsing.rs:883:19
    |
883 |             repr: modifier::MonthRepr::Long,
    |                   ^^^^^^^^ use of undeclared crate or module `modifier`

error[E0433]: failed to resolve: use of undeclared type `Month`
   --> tests/integration/parsing.rs:887:27
    |
887 |         _.month() == Some(Month::January)
    |                           ^^^^^ use of undeclared type `Month`

error[E0433]: failed to resolve: use of undeclared type `Parsed`
   --> tests/integration/parsing.rs:799:30
    |
799 |               let mut parsed = Parsed::new();
    |                                ^^^^^^ use of undeclared type `Parsed`
...
889 | /     parse_component!(
890 | |         Component::Ordinal(modifier!(Ordinal {
891 | |             padding: modifier::Padding::Zero,
892 | |         })),
893 | |         b"012",
894 | |         _.ordinal() == 12.try_into().ok()
895 | |     );
    | |_____- in this macro invocation
    |
    = note: this error originates in the macro `parse_component` (in Nightly builds, run with -Z macro-backtrace for more info)

error[E0433]: failed to resolve: could not find `format_description` in `time`
   --> tests/integration/main.rs:38:33
    |
38  |           let mut value = ::time::format_description::modifier::$name::default();
    |                                   ^^^^^^^^^^^^^^^^^^ could not find `format_description` in `time`
    |
   ::: tests/integration/parsing.rs:890:28
    |
890 |           Component::Ordinal(modifier!(Ordinal {
    |  ____________________________-
891 | |             padding: modifier::Padding::Zero,
892 | |         })),
    | |__________- in this macro invocation
    |
    = note: this error originates in the macro `modifier` (in Nightly builds, run with -Z macro-backtrace for more info)

error[E0433]: failed to resolve: use of undeclared crate or module `modifier`
   --> tests/integration/parsing.rs:891:22
    |
891 |             padding: modifier::Padding::Zero,
    |                      ^^^^^^^^ use of undeclared crate or module `modifier`

error[E0433]: failed to resolve: use of undeclared type `Parsed`
   --> tests/integration/parsing.rs:799:30
    |
799 |               let mut parsed = Parsed::new();
    |                                ^^^^^^ use of undeclared type `Parsed`
...
896 | /     parse_component!(
897 | |         Component::Weekday(modifier!(Weekday {
898 | |             repr: modifier::WeekdayRepr::Short,
899 | |             one_indexed: false,
...   |
903 | |         _.weekday() == Some(Weekday::Sunday)
904 | |     );
    | |_____- in this macro invocation
    |
    = note: this error originates in the macro `parse_component` (in Nightly builds, run with -Z macro-backtrace for more info)

error[E0433]: failed to resolve: use of undeclared crate or module `modifier`
   --> tests/integration/parsing.rs:898:19
    |
898 |             repr: modifier::WeekdayRepr::Short,
    |                   ^^^^^^^^ use of undeclared crate or module `modifier`

error[E0433]: failed to resolve: use of undeclared type `Weekday`
   --> tests/integration/parsing.rs:903:29
    |
903 |         _.weekday() == Some(Weekday::Sunday)
    |                             ^^^^^^^ use of undeclared type `Weekday`

error[E0433]: failed to resolve: use of undeclared type `Parsed`
   --> tests/integration/parsing.rs:799:30
    |
799 |               let mut parsed = Parsed::new();
    |                                ^^^^^^ use of undeclared type `Parsed`
...
905 | /     parse_component!(
906 | |         Component::Weekday(modifier!(Weekday {
907 | |             repr: modifier::WeekdayRepr::Short,
908 | |             one_indexed: false,
...   |
912 | |         _.weekday() == Some(Weekday::Sunday)
913 | |     );
    | |_____- in this macro invocation
    |
    = note: this error originates in the macro `parse_component` (in Nightly builds, run with -Z macro-backtrace for more info)

error[E0433]: failed to resolve: use of undeclared crate or module `modifier`
   --> tests/integration/parsing.rs:907:19
    |
907 |             repr: modifier::WeekdayRepr::Short,
    |                   ^^^^^^^^ use of undeclared crate or module `modifier`

error[E0433]: failed to resolve: use of undeclared type `Weekday`
   --> tests/integration/parsing.rs:912:29
    |
912 |         _.weekday() == Some(Weekday::Sunday)
    |                             ^^^^^^^ use of undeclared type `Weekday`

error[E0433]: failed to resolve: use of undeclared type `Parsed`
   --> tests/integration/parsing.rs:799:30
    |
799 |               let mut parsed = Parsed::new();
    |                                ^^^^^^ use of undeclared type `Parsed`
...
914 | /     parse_component!(
915 | |         Component::Weekday(modifier!(Weekday {
916 | |             repr: modifier::WeekdayRepr::Long,
917 | |             one_indexed: false,
...   |
921 | |         _.weekday() == Some(Weekday::Sunday)
922 | |     );
    | |_____- in this macro invocation
    |
    = note: this error originates in the macro `parse_component` (in Nightly builds, run with -Z macro-backtrace for more info)

error[E0433]: failed to resolve: use of undeclared crate or module `modifier`
   --> tests/integration/parsing.rs:916:19
    |
916 |             repr: modifier::WeekdayRepr::Long,
    |                   ^^^^^^^^ use of undeclared crate or module `modifier`

error[E0433]: failed to resolve: use of undeclared type `Weekday`
   --> tests/integration/parsing.rs:921:29
    |
921 |         _.weekday() == Some(Weekday::Sunday)
    |                             ^^^^^^^ use of undeclared type `Weekday`

error[E0433]: failed to resolve: use of undeclared type `Parsed`
   --> tests/integration/parsing.rs:799:30
    |
799 |               let mut parsed = Parsed::new();
    |                                ^^^^^^ use of undeclared type `Parsed`
...
923 | /     parse_component!(
924 | |         Component::Weekday(modifier!(Weekday {
925 | |             repr: modifier::WeekdayRepr::Long,
926 | |             one_indexed: false,
...   |
930 | |         _.weekday() == Some(Weekday::Sunday)
931 | |     );
    | |_____- in this macro invocation
    |
    = note: this error originates in the macro `parse_component` (in Nightly builds, run with -Z macro-backtrace for more info)

error[E0433]: failed to resolve: use of undeclared crate or module `modifier`
   --> tests/integration/parsing.rs:925:19
    |
925 |             repr: modifier::WeekdayRepr::Long,
    |                   ^^^^^^^^ use of undeclared crate or module `modifier`

error[E0433]: failed to resolve: use of undeclared type `Weekday`
   --> tests/integration/parsing.rs:930:29
    |
930 |         _.weekday() == Some(Weekday::Sunday)
    |                             ^^^^^^^ use of undeclared type `Weekday`

error[E0433]: failed to resolve: use of undeclared type `Parsed`
   --> tests/integration/parsing.rs:799:30
    |
799 |               let mut parsed = Parsed::new();
    |                                ^^^^^^ use of undeclared type `Parsed`
...
932 | /     parse_component!(
933 | |         Component::Weekday(modifier!(Weekday {
934 | |             repr: modifier::WeekdayRepr::Sunday,
935 | |             one_indexed: false,
...   |
938 | |         _.weekday() == Some(Weekday::Sunday)
939 | |     );
    | |_____- in this macro invocation
    |
    = note: this error originates in the macro `parse_component` (in Nightly builds, run with -Z macro-backtrace for more info)

error[E0433]: failed to resolve: use of undeclared crate or module `modifier`
   --> tests/integration/parsing.rs:934:19
    |
934 |             repr: modifier::WeekdayRepr::Sunday,
    |                   ^^^^^^^^ use of undeclared crate or module `modifier`

error[E0433]: failed to resolve: use of undeclared type `Weekday`
   --> tests/integration/parsing.rs:938:29
    |
938 |         _.weekday() == Some(Weekday::Sunday)
    |                             ^^^^^^^ use of undeclared type `Weekday`

error[E0433]: failed to resolve: use of undeclared type `Parsed`
   --> tests/integration/parsing.rs:799:30
    |
799 |               let mut parsed = Parsed::new();
    |                                ^^^^^^ use of undeclared type `Parsed`
...
940 | /     parse_component!(
941 | |         Component::Weekday(modifier!(Weekday {
942 | |             repr: modifier::WeekdayRepr::Sunday,
943 | |             one_indexed: true,
...   |
946 | |         _.weekday() == Some(Weekday::Sunday)
947 | |     );
    | |_____- in this macro invocation
    |
    = note: this error originates in the macro `parse_component` (in Nightly builds, run with -Z macro-backtrace for more info)

error[E0433]: failed to resolve: use of undeclared crate or module `modifier`
   --> tests/integration/parsing.rs:942:19
    |
942 |             repr: modifier::WeekdayRepr::Sunday,
    |                   ^^^^^^^^ use of undeclared crate or module `modifier`

error[E0433]: failed to resolve: use of undeclared type `Weekday`
   --> tests/integration/parsing.rs:946:29
    |
946 |         _.weekday() == Some(Weekday::Sunday)
    |                             ^^^^^^^ use of undeclared type `Weekday`

error[E0433]: failed to resolve: use of undeclared type `Parsed`
   --> tests/integration/parsing.rs:799:30
    |
799 |               let mut parsed = Parsed::new();
    |                                ^^^^^^ use of undeclared type `Parsed`
...
948 | /     parse_component!(
949 | |         Component::Weekday(modifier!(Weekday {
950 | |             repr: modifier::WeekdayRepr::Monday,
951 | |             one_indexed: false,
...   |
954 | |         _.weekday() == Some(Weekday::Sunday)
955 | |     );
    | |_____- in this macro invocation
    |
    = note: this error originates in the macro `parse_component` (in Nightly builds, run with -Z macro-backtrace for more info)

error[E0433]: failed to resolve: use of undeclared crate or module `modifier`
   --> tests/integration/parsing.rs:950:19
    |
950 |             repr: modifier::WeekdayRepr::Monday,
    |                   ^^^^^^^^ use of undeclared crate or module `modifier`

error[E0433]: failed to resolve: use of undeclared type `Weekday`
   --> tests/integration/parsing.rs:954:29
    |
954 |         _.weekday() == Some(Weekday::Sunday)
    |                             ^^^^^^^ use of undeclared type `Weekday`

error[E0433]: failed to resolve: use of undeclared type `Parsed`
   --> tests/integration/parsing.rs:799:30
    |
799 |               let mut parsed = Parsed::new();
    |                                ^^^^^^ use of undeclared type `Parsed`
...
956 | /     parse_component!(
957 | |         Component::Weekday(modifier!(Weekday {
958 | |             repr: modifier::WeekdayRepr::Monday,
959 | |             one_indexed: true,
...   |
962 | |         _.weekday() == Some(Weekday::Sunday)
963 | |     );
    | |_____- in this macro invocation
    |
    = note: this error originates in the macro `parse_component` (in Nightly builds, run with -Z macro-backtrace for more info)

error[E0433]: failed to resolve: use of undeclared crate or module `modifier`
   --> tests/integration/parsing.rs:958:19
    |
958 |             repr: modifier::WeekdayRepr::Monday,
    |                   ^^^^^^^^ use of undeclared crate or module `modifier`

error[E0433]: failed to resolve: use of undeclared type `Weekday`
   --> tests/integration/parsing.rs:962:29
    |
962 |         _.weekday() == Some(Weekday::Sunday)
    |                             ^^^^^^^ use of undeclared type `Weekday`

error[E0433]: failed to resolve: use of undeclared type `Parsed`
   --> tests/integration/parsing.rs:799:30
    |
799 |               let mut parsed = Parsed::new();
    |                                ^^^^^^ use of undeclared type `Parsed`
...
964 | /     parse_component!(
965 | |         Component::WeekNumber(modifier!(WeekNumber {
966 | |             padding: modifier::Padding::None,
967 | |             repr: modifier::WeekNumberRepr::Sunday,
...   |
970 | |         _.sunday_week_number() == Some(2)
971 | |     );
    | |_____- in this macro invocation
    |
    = note: this error originates in the macro `parse_component` (in Nightly builds, run with -Z macro-backtrace for more info)

error[E0433]: failed to resolve: could not find `format_description` in `time`
   --> tests/integration/main.rs:38:33
    |
38  |           let mut value = ::time::format_description::modifier::$name::default();
    |                                   ^^^^^^^^^^^^^^^^^^ could not find `format_description` in `time`
    |
   ::: tests/integration/parsing.rs:965:31
    |
965 |           Component::WeekNumber(modifier!(WeekNumber {
    |  _______________________________-
966 | |             padding: modifier::Padding::None,
967 | |             repr: modifier::WeekNumberRepr::Sunday,
968 | |         })),
    | |__________- in this macro invocation
    |
    = note: this error originates in the macro `modifier` (in Nightly builds, run with -Z macro-backtrace for more info)

error[E0433]: failed to resolve: use of undeclared crate or module `modifier`
   --> tests/integration/parsing.rs:966:22
    |
966 |             padding: modifier::Padding::None,
    |                      ^^^^^^^^ use of undeclared crate or module `modifier`

error[E0433]: failed to resolve: use of undeclared crate or module `modifier`
   --> tests/integration/parsing.rs:967:19
    |
967 |             repr: modifier::WeekNumberRepr::Sunday,
    |                   ^^^^^^^^ use of undeclared crate or module `modifier`

error[E0433]: failed to resolve: use of undeclared type `Parsed`
   --> tests/integration/parsing.rs:799:30
    |
799 |               let mut parsed = Parsed::new();
    |                                ^^^^^^ use of undeclared type `Parsed`
...
972 | /     parse_component!(
973 | |         Component::WeekNumber(modifier!(WeekNumber {
974 | |             padding: modifier::Padding::None,
975 | |             repr: modifier::WeekNumberRepr::Monday,
...   |
978 | |         _.monday_week_number() == Some(2)
979 | |     );
    | |_____- in this macro invocation
    |
    = note: this error originates in the macro `parse_component` (in Nightly builds, run with -Z macro-backtrace for more info)

error[E0433]: failed to resolve: could not find `format_description` in `time`
   --> tests/integration/main.rs:38:33
    |
38  |           let mut value = ::time::format_description::modifier::$name::default();
    |                                   ^^^^^^^^^^^^^^^^^^ could not find `format_description` in `time`
    |
   ::: tests/integration/parsing.rs:973:31
    |
973 |           Component::WeekNumber(modifier!(WeekNumber {
    |  _______________________________-
974 | |             padding: modifier::Padding::None,
975 | |             repr: modifier::WeekNumberRepr::Monday,
976 | |         })),
    | |__________- in this macro invocation
    |
    = note: this error originates in the macro `modifier` (in Nightly builds, run with -Z macro-backtrace for more info)

error[E0433]: failed to resolve: use of undeclared crate or module `modifier`
   --> tests/integration/parsing.rs:974:22
    |
974 |             padding: modifier::Padding::None,
    |                      ^^^^^^^^ use of undeclared crate or module `modifier`

error[E0433]: failed to resolve: use of undeclared crate or module `modifier`
   --> tests/integration/parsing.rs:975:19
    |
975 |             repr: modifier::WeekNumberRepr::Monday,
    |                   ^^^^^^^^ use of undeclared crate or module `modifier`

error[E0433]: failed to resolve: use of undeclared type `Parsed`
   --> tests/integration/parsing.rs:799:30
    |
799 |               let mut parsed = Parsed::new();
    |                                ^^^^^^ use of undeclared type `Parsed`
...
980 | /     parse_component!(
981 | |         Component::WeekNumber(modifier!(WeekNumber {
982 | |             padding: modifier::Padding::None,
983 | |             repr: modifier::WeekNumberRepr::Iso,
...   |
986 | |         _.iso_week_number() == 2.try_into().ok()
987 | |     );
    | |_____- in this macro invocation
    |
    = note: this error originates in the macro `parse_component` (in Nightly builds, run with -Z macro-backtrace for more info)

error[E0433]: failed to resolve: could not find `format_description` in `time`
   --> tests/integration/main.rs:38:33
    |
38  |           let mut value = ::time::format_description::modifier::$name::default();
    |                                   ^^^^^^^^^^^^^^^^^^ could not find `format_description` in `time`
    |
   ::: tests/integration/parsing.rs:981:31
    |
981 |           Component::WeekNumber(modifier!(WeekNumber {
    |  _______________________________-
982 | |             padding: modifier::Padding::None,
983 | |             repr: modifier::WeekNumberRepr::Iso,
984 | |         })),
    | |__________- in this macro invocation
    |
    = note: this error originates in the macro `modifier` (in Nightly builds, run with -Z macro-backtrace for more info)

error[E0433]: failed to resolve: use of undeclared crate or module `modifier`
   --> tests/integration/parsing.rs:982:22
    |
982 |             padding: modifier::Padding::None,
    |                      ^^^^^^^^ use of undeclared crate or module `modifier`

error[E0433]: failed to resolve: use of undeclared crate or module `modifier`
   --> tests/integration/parsing.rs:983:19
    |
983 |             repr: modifier::WeekNumberRepr::Iso,
    |                   ^^^^^^^^ use of undeclared crate or module `modifier`

error[E0433]: failed to resolve: use of undeclared type `Parsed`
   --> tests/integration/parsing.rs:799:30
    |
799 |               let mut parsed = Parsed::new();
    |                                ^^^^^^ use of undeclared type `Parsed`
...
988 | /     parse_component!(
989 | |         Component::Subsecond(modifier!(Subsecond {
990 | |             digits: modifier::SubsecondDigits::One
991 | |         })),
992 | |         b"1",
993 | |         _.subsecond() == Some(100_000_000)
994 | |     );
    | |_____- in this macro invocation
    |
    = note: this error originates in the macro `parse_component` (in Nightly builds, run with -Z macro-backtrace for more info)

error[E0433]: failed to resolve: could not find `format_description` in `time`
   --> tests/integration/main.rs:38:33
    |
38  |           let mut value = ::time::format_description::modifier::$name::default();
    |                                   ^^^^^^^^^^^^^^^^^^ could not find `format_description` in `time`
    |
   ::: tests/integration/parsing.rs:989:30
    |
989 |           Component::Subsecond(modifier!(Subsecond {
    |  ______________________________-
990 | |             digits: modifier::SubsecondDigits::One
991 | |         })),
    | |__________- in this macro invocation
    |
    = note: this error originates in the macro `modifier` (in Nightly builds, run with -Z macro-backtrace for more info)

error[E0433]: failed to resolve: use of undeclared crate or module `modifier`
   --> tests/integration/parsing.rs:990:21
    |
990 |             digits: modifier::SubsecondDigits::One
    |                     ^^^^^^^^ use of undeclared crate or module `modifier`

error[E0433]: failed to resolve: use of undeclared type `Parsed`
    --> tests/integration/parsing.rs:799:30
     |
799  |               let mut parsed = Parsed::new();
     |                                ^^^^^^ use of undeclared type `Parsed`
...
995  | /     parse_component!(
996  | |         Component::Subsecond(modifier!(Subsecond {
997  | |             digits: modifier::SubsecondDigits::Two
998  | |         })),
999  | |         b"12",
1000 | |         _.subsecond() == Some(120_000_000)
1001 | |     );
     | |_____- in this macro invocation
     |
     = note: this error originates in the macro `parse_component` (in Nightly builds, run with -Z macro-backtrace for more info)

error[E0433]: failed to resolve: could not find `format_description` in `time`
   --> tests/integration/main.rs:38:33
    |
38  |           let mut value = ::time::format_description::modifier::$name::default();
    |                                   ^^^^^^^^^^^^^^^^^^ could not find `format_description` in `time`
    |
   ::: tests/integration/parsing.rs:996:30
    |
996 |           Component::Subsecond(modifier!(Subsecond {
    |  ______________________________-
997 | |             digits: modifier::SubsecondDigits::Two
998 | |         })),
    | |__________- in this macro invocation
    |
    = note: this error originates in the macro `modifier` (in Nightly builds, run with -Z macro-backtrace for more info)

error[E0433]: failed to resolve: use of undeclared crate or module `modifier`
   --> tests/integration/parsing.rs:997:21
    |
997 |             digits: modifier::SubsecondDigits::Two
    |                     ^^^^^^^^ use of undeclared crate or module `modifier`

error[E0433]: failed to resolve: use of undeclared type `Parsed`
    --> tests/integration/parsing.rs:799:30
     |
799  |               let mut parsed = Parsed::new();
     |                                ^^^^^^ use of undeclared type `Parsed`
...
1002 | /     parse_component!(
1003 | |         Component::Subsecond(modifier!(Subsecond {
1004 | |             digits: modifier::SubsecondDigits::Three
1005 | |         })),
1006 | |         b"123",
1007 | |         _.subsecond() == Some(123_000_000)
1008 | |     );
     | |_____- in this macro invocation
     |
     = note: this error originates in the macro `parse_component` (in Nightly builds, run with -Z macro-backtrace for more info)

error[E0433]: failed to resolve: could not find `format_description` in `time`
    --> tests/integration/main.rs:38:33
     |
38   |           let mut value = ::time::format_description::modifier::$name::default();
     |                                   ^^^^^^^^^^^^^^^^^^ could not find `format_description` in `time`
     |
    ::: tests/integration/parsing.rs:1003:30
     |
1003 |           Component::Subsecond(modifier!(Subsecond {
     |  ______________________________-
1004 | |             digits: modifier::SubsecondDigits::Three
1005 | |         })),
     | |__________- in this macro invocation
     |
     = note: this error originates in the macro `modifier` (in Nightly builds, run with -Z macro-backtrace for more info)

error[E0433]: failed to resolve: use of undeclared crate or module `modifier`
    --> tests/integration/parsing.rs:1004:21
     |
1004 |             digits: modifier::SubsecondDigits::Three
     |                     ^^^^^^^^ use of undeclared crate or module `modifier`

error[E0433]: failed to resolve: use of undeclared type `Parsed`
    --> tests/integration/parsing.rs:799:30
     |
799  |               let mut parsed = Parsed::new();
     |                                ^^^^^^ use of undeclared type `Parsed`
...
1009 | /     parse_component!(
1010 | |         Component::Subsecond(modifier!(Subsecond {
1011 | |             digits: modifier::SubsecondDigits::Four
1012 | |         })),
1013 | |         b"1234",
1014 | |         _.subsecond() == Some(123_400_000)
1015 | |     );
     | |_____- in this macro invocation
     |
     = note: this error originates in the macro `parse_component` (in Nightly builds, run with -Z macro-backtrace for more info)

error[E0433]: failed to resolve: could not find `format_description` in `time`
    --> tests/integration/main.rs:38:33
     |
38   |           let mut value = ::time::format_description::modifier::$name::default();
     |                                   ^^^^^^^^^^^^^^^^^^ could not find `format_description` in `time`
     |
    ::: tests/integration/parsing.rs:1010:30
     |
1010 |           Component::Subsecond(modifier!(Subsecond {
     |  ______________________________-
1011 | |             digits: modifier::SubsecondDigits::Four
1012 | |         })),
     | |__________- in this macro invocation
     |
     = note: this error originates in the macro `modifier` (in Nightly builds, run with -Z macro-backtrace for more info)

error[E0433]: failed to resolve: use of undeclared crate or module `modifier`
    --> tests/integration/parsing.rs:1011:21
     |
1011 |             digits: modifier::SubsecondDigits::Four
     |                     ^^^^^^^^ use of undeclared crate or module `modifier`

error[E0433]: failed to resolve: use of undeclared type `Parsed`
    --> tests/integration/parsing.rs:799:30
     |
799  |               let mut parsed = Parsed::new();
     |                                ^^^^^^ use of undeclared type `Parsed`
...
1016 | /     parse_component!(
1017 | |         Component::Subsecond(modifier!(Subsecond {
1018 | |             digits: modifier::SubsecondDigits::Five
1019 | |         })),
1020 | |         b"12345",
1021 | |         _.subsecond() == Some(123_450_000)
1022 | |     );
     | |_____- in this macro invocation
     |
     = note: this error originates in the macro `parse_component` (in Nightly builds, run with -Z macro-backtrace for more info)

error[E0433]: failed to resolve: could not find `format_description` in `time`
    --> tests/integration/main.rs:38:33
     |
38   |           let mut value = ::time::format_description::modifier::$name::default();
     |                                   ^^^^^^^^^^^^^^^^^^ could not find `format_description` in `time`
     |
    ::: tests/integration/parsing.rs:1017:30
     |
1017 |           Component::Subsecond(modifier!(Subsecond {
     |  ______________________________-
1018 | |             digits: modifier::SubsecondDigits::Five
1019 | |         })),
     | |__________- in this macro invocation
     |
     = note: this error originates in the macro `modifier` (in Nightly builds, run with -Z macro-backtrace for more info)

error[E0433]: failed to resolve: use of undeclared crate or module `modifier`
    --> tests/integration/parsing.rs:1018:21
     |
1018 |             digits: modifier::SubsecondDigits::Five
     |                     ^^^^^^^^ use of undeclared crate or module `modifier`

error[E0433]: failed to resolve: use of undeclared type `Parsed`
    --> tests/integration/parsing.rs:799:30
     |
799  |               let mut parsed = Parsed::new();
     |                                ^^^^^^ use of undeclared type `Parsed`
...
1023 | /     parse_component!(
1024 | |         Component::Subsecond(modifier!(Subsecond {
1025 | |             digits: modifier::SubsecondDigits::Six
1026 | |         })),
1027 | |         b"123456",
1028 | |         _.subsecond() == Some(123_456_000)
1029 | |     );
     | |_____- in this macro invocation
     |
     = note: this error originates in the macro `parse_component` (in Nightly builds, run with -Z macro-backtrace for more info)

error[E0433]: failed to resolve: could not find `format_description` in `time`
    --> tests/integration/main.rs:38:33
     |
38   |           let mut value = ::time::format_description::modifier::$name::default();
     |                                   ^^^^^^^^^^^^^^^^^^ could not find `format_description` in `time`
     |
    ::: tests/integration/parsing.rs:1024:30
     |
1024 |           Component::Subsecond(modifier!(Subsecond {
     |  ______________________________-
1025 | |             digits: modifier::SubsecondDigits::Six
1026 | |         })),
     | |__________- in this macro invocation
     |
     = note: this error originates in the macro `modifier` (in Nightly builds, run with -Z macro-backtrace for more info)

error[E0433]: failed to resolve: use of undeclared crate or module `modifier`
    --> tests/integration/parsing.rs:1025:21
     |
1025 |             digits: modifier::SubsecondDigits::Six
     |                     ^^^^^^^^ use of undeclared crate or module `modifier`

error[E0433]: failed to resolve: use of undeclared type `Parsed`
    --> tests/integration/parsing.rs:799:30
     |
799  |               let mut parsed = Parsed::new();
     |                                ^^^^^^ use of undeclared type `Parsed`
...
1030 | /     parse_component!(
1031 | |         Component::Subsecond(modifier!(Subsecond {
1032 | |             digits: modifier::SubsecondDigits::Seven
1033 | |         })),
1034 | |         b"1234567",
1035 | |         _.subsecond() == Some(123_456_700)
1036 | |     );
     | |_____- in this macro invocation
     |
     = note: this error originates in the macro `parse_component` (in Nightly builds, run with -Z macro-backtrace for more info)

error[E0433]: failed to resolve: could not find `format_description` in `time`
    --> tests/integration/main.rs:38:33
     |
38   |           let mut value = ::time::format_description::modifier::$name::default();
     |                                   ^^^^^^^^^^^^^^^^^^ could not find `format_description` in `time`
     |
    ::: tests/integration/parsing.rs:1031:30
     |
1031 |           Component::Subsecond(modifier!(Subsecond {
     |  ______________________________-
1032 | |             digits: modifier::SubsecondDigits::Seven
1033 | |         })),
     | |__________- in this macro invocation
     |
     = note: this error originates in the macro `modifier` (in Nightly builds, run with -Z macro-backtrace for more info)

error[E0433]: failed to resolve: use of undeclared crate or module `modifier`
    --> tests/integration/parsing.rs:1032:21
     |
1032 |             digits: modifier::SubsecondDigits::Seven
     |                     ^^^^^^^^ use of undeclared crate or module `modifier`

error[E0433]: failed to resolve: use of undeclared type `Parsed`
    --> tests/integration/parsing.rs:799:30
     |
799  |               let mut parsed = Parsed::new();
     |                                ^^^^^^ use of undeclared type `Parsed`
...
1037 | /     parse_component!(
1038 | |         Component::Subsecond(modifier!(Subsecond {
1039 | |             digits: modifier::SubsecondDigits::Eight
1040 | |         })),
1041 | |         b"12345678",
1042 | |         _.subsecond() == Some(123_456_780)
1043 | |     );
     | |_____- in this macro invocation
     |
     = note: this error originates in the macro `parse_component` (in Nightly builds, run with -Z macro-backtrace for more info)

error[E0433]: failed to resolve: could not find `format_description` in `time`
    --> tests/integration/main.rs:38:33
     |
38   |           let mut value = ::time::format_description::modifier::$name::default();
     |                                   ^^^^^^^^^^^^^^^^^^ could not find `format_description` in `time`
     |
    ::: tests/integration/parsing.rs:1038:30
     |
1038 |           Component::Subsecond(modifier!(Subsecond {
     |  ______________________________-
1039 | |             digits: modifier::SubsecondDigits::Eight
1040 | |         })),
     | |__________- in this macro invocation
     |
     = note: this error originates in the macro `modifier` (in Nightly builds, run with -Z macro-backtrace for more info)

error[E0433]: failed to resolve: use of undeclared crate or module `modifier`
    --> tests/integration/parsing.rs:1039:21
     |
1039 |             digits: modifier::SubsecondDigits::Eight
     |                     ^^^^^^^^ use of undeclared crate or module `modifier`

error[E0433]: failed to resolve: use of undeclared type `Parsed`
    --> tests/integration/parsing.rs:799:30
     |
799  |               let mut parsed = Parsed::new();
     |                                ^^^^^^ use of undeclared type `Parsed`
...
1044 | /     parse_component!(
1045 | |         Component::Subsecond(modifier!(Subsecond {
1046 | |             digits: modifier::SubsecondDigits::Nine
1047 | |         })),
1048 | |         b"123456789",
1049 | |         _.subsecond() == Some(123_456_789)
1050 | |     );
     | |_____- in this macro invocation
     |
     = note: this error originates in the macro `parse_component` (in Nightly builds, run with -Z macro-backtrace for more info)

error[E0433]: failed to resolve: could not find `format_description` in `time`
    --> tests/integration/main.rs:38:33
     |
38   |           let mut value = ::time::format_description::modifier::$name::default();
     |                                   ^^^^^^^^^^^^^^^^^^ could not find `format_description` in `time`
     |
    ::: tests/integration/parsing.rs:1045:30
     |
1045 |           Component::Subsecond(modifier!(Subsecond {
     |  ______________________________-
1046 | |             digits: modifier::SubsecondDigits::Nine
1047 | |         })),
     | |__________- in this macro invocation
     |
     = note: this error originates in the macro `modifier` (in Nightly builds, run with -Z macro-backtrace for more info)

error[E0433]: failed to resolve: use of undeclared crate or module `modifier`
    --> tests/integration/parsing.rs:1046:21
     |
1046 |             digits: modifier::SubsecondDigits::Nine
     |                     ^^^^^^^^ use of undeclared crate or module `modifier`

error[E0433]: failed to resolve: use of undeclared type `Parsed`
    --> tests/integration/parsing.rs:799:30
     |
799  |               let mut parsed = Parsed::new();
     |                                ^^^^^^ use of undeclared type `Parsed`
...
1051 | /     parse_component!(
1052 | |         Component::Subsecond(modifier!(Subsecond {
1053 | |             digits: modifier::SubsecondDigits::OneOrMore
1054 | |         })),
1055 | |         b"123456789",
1056 | |         _.subsecond() == Some(123_456_789)
1057 | |     );
     | |_____- in this macro invocation
     |
     = note: this error originates in the macro `parse_component` (in Nightly builds, run with -Z macro-backtrace for more info)

error[E0433]: failed to resolve: could not find `format_description` in `time`
    --> tests/integration/main.rs:38:33
     |
38   |           let mut value = ::time::format_description::modifier::$name::default();
     |                                   ^^^^^^^^^^^^^^^^^^ could not find `format_description` in `time`
     |
    ::: tests/integration/parsing.rs:1052:30
     |
1052 |           Component::Subsecond(modifier!(Subsecond {
     |  ______________________________-
1053 | |             digits: modifier::SubsecondDigits::OneOrMore
1054 | |         })),
     | |__________- in this macro invocation
     |
     = note: this error originates in the macro `modifier` (in Nightly builds, run with -Z macro-backtrace for more info)

error[E0433]: failed to resolve: use of undeclared crate or module `modifier`
    --> tests/integration/parsing.rs:1053:21
     |
1053 |             digits: modifier::SubsecondDigits::OneOrMore
     |                     ^^^^^^^^ use of undeclared crate or module `modifier`

error[E0433]: failed to resolve: use of undeclared type `Parsed`
    --> tests/integration/parsing.rs:799:30
     |
799  |               let mut parsed = Parsed::new();
     |                                ^^^^^^ use of undeclared type `Parsed`
...
1058 | /     parse_component!(
1059 | |         Component::Period(modifier!(Period {
1060 | |             is_uppercase: false,
1061 | |             case_sensitive: true,
...    |
1064 | |         _.hour_12_is_pm() == Some(false)
1065 | |     );
     | |_____- in this macro invocation
     |
     = note: this error originates in the macro `parse_component` (in Nightly builds, run with -Z macro-backtrace for more info)

error[E0433]: failed to resolve: could not find `format_description` in `time`
    --> tests/integration/main.rs:38:33
     |
38   |           let mut value = ::time::format_description::modifier::$name::default();
     |                                   ^^^^^^^^^^^^^^^^^^ could not find `format_description` in `time`
     |
    ::: tests/integration/parsing.rs:1059:27
     |
1059 |           Component::Period(modifier!(Period {
     |  ___________________________-
1060 | |             is_uppercase: false,
1061 | |             case_sensitive: true,
1062 | |         })),
     | |__________- in this macro invocation
     |
     = note: this error originates in the macro `modifier` (in Nightly builds, run with -Z macro-backtrace for more info)

error[E0433]: failed to resolve: use of undeclared type `Parsed`
    --> tests/integration/parsing.rs:799:30
     |
799  |               let mut parsed = Parsed::new();
     |                                ^^^^^^ use of undeclared type `Parsed`
...
1066 | /     parse_component!(
1067 | |         Component::Period(modifier!(Period {
1068 | |             is_uppercase: false,
1069 | |             case_sensitive: false,
...    |
1072 | |         _.hour_12_is_pm() == Some(false)
1073 | |     );
     | |_____- in this macro invocation
     |
     = note: this error originates in the macro `parse_component` (in Nightly builds, run with -Z macro-backtrace for more info)

error[E0433]: failed to resolve: could not find `format_description` in `time`
    --> tests/integration/main.rs:38:33
     |
38   |           let mut value = ::time::format_description::modifier::$name::default();
     |                                   ^^^^^^^^^^^^^^^^^^ could not find `format_description` in `time`
     |
    ::: tests/integration/parsing.rs:1067:27
     |
1067 |           Component::Period(modifier!(Period {
     |  ___________________________-
1068 | |             is_uppercase: false,
1069 | |             case_sensitive: false,
1070 | |         })),
     | |__________- in this macro invocation
     |
     = note: this error originates in the macro `modifier` (in Nightly builds, run with -Z macro-backtrace for more info)

error[E0433]: failed to resolve: use of undeclared type `Parsed`
    --> tests/integration/parsing.rs:1081:22
     |
1081 |     let mut parsed = Parsed::new();
     |                      ^^^^^^ use of undeclared type `Parsed`

error[E0433]: failed to resolve: use of undeclared type `FormatItem`
    --> tests/integration/parsing.rs:1084:10
     |
1084 |         &FormatItem::Optional(&FormatItem::Compound(&fd::parse("[year]-[month]-[day]")?)),
     |          ^^^^^^^^^^ use of undeclared type `FormatItem`

error[E0433]: failed to resolve: use of undeclared type `FormatItem`
    --> tests/integration/parsing.rs:1084:32
     |
1084 |         &FormatItem::Optional(&FormatItem::Compound(&fd::parse("[year]-[month]-[day]")?)),
     |                                ^^^^^^^^^^ use of undeclared type `FormatItem`

error[E0433]: failed to resolve: use of undeclared crate or module `fd`
    --> tests/integration/parsing.rs:1084:54
     |
1084 |         &FormatItem::Optional(&FormatItem::Compound(&fd::parse("[year]-[month]-[day]")?)),
     |                                                      ^^ use of undeclared crate or module `fd`

error[E0433]: failed to resolve: use of undeclared type `Month`
    --> tests/integration/parsing.rs:1088:37
     |
1088 |     assert_eq!(parsed.month(), Some(Month::January));
     |                                     ^^^^^ use of undeclared type `Month`

error[E0433]: failed to resolve: use of undeclared type `Parsed`
    --> tests/integration/parsing.rs:1092:22
     |
1092 |     let mut parsed = Parsed::new();
     |                      ^^^^^^ use of undeclared type `Parsed`

error[E0433]: failed to resolve: use of undeclared type `FormatItem`
    --> tests/integration/parsing.rs:1095:10
     |
1095 |         &FormatItem::Optional(&FormatItem::Compound(&fd::parse("[year]-[month]-[day]")?)),
     |          ^^^^^^^^^^ use of undeclared type `FormatItem`

error[E0433]: failed to resolve: use of undeclared type `FormatItem`
    --> tests/integration/parsing.rs:1095:32
     |
1095 |         &FormatItem::Optional(&FormatItem::Compound(&fd::parse("[year]-[month]-[day]")?)),
     |                                ^^^^^^^^^^ use of undeclared type `FormatItem`

error[E0433]: failed to resolve: use of undeclared crate or module `fd`
    --> tests/integration/parsing.rs:1095:54
     |
1095 |         &FormatItem::Optional(&FormatItem::Compound(&fd::parse("[year]-[month]-[day]")?)),
     |                                                      ^^ use of undeclared crate or module `fd`

error[E0433]: failed to resolve: use of undeclared type `Parsed`
    --> tests/integration/parsing.rs:1108:22
     |
1108 |     let mut parsed = Parsed::new();
     |                      ^^^^^^ use of undeclared type `Parsed`

error[E0433]: failed to resolve: use of undeclared type `FormatItem`
    --> tests/integration/parsing.rs:1111:10
     |
1111 |         &FormatItem::First(&[FormatItem::Compound(&fd::parse("[year]-[month]-[day]")?)]),
     |          ^^^^^^^^^^ use of undeclared type `FormatItem`

error[E0433]: failed to resolve: use of undeclared type `FormatItem`
    --> tests/integration/parsing.rs:1111:30
     |
1111 |         &FormatItem::First(&[FormatItem::Compound(&fd::parse("[year]-[month]-[day]")?)]),
     |                              ^^^^^^^^^^ use of undeclared type `FormatItem`

error[E0433]: failed to resolve: use of undeclared crate or module `fd`
    --> tests/integration/parsing.rs:1111:52
     |
1111 |         &FormatItem::First(&[FormatItem::Compound(&fd::parse("[year]-[month]-[day]")?)]),
     |                                                    ^^ use of undeclared crate or module `fd`

error[E0433]: failed to resolve: use of undeclared type `Month`
    --> tests/integration/parsing.rs:1115:37
     |
1115 |     assert_eq!(parsed.month(), Some(Month::January));
     |                                     ^^^^^ use of undeclared type `Month`

error[E0433]: failed to resolve: use of undeclared type `Parsed`
    --> tests/integration/parsing.rs:1119:22
     |
1119 |     let mut parsed = Parsed::new();
     |                      ^^^^^^ use of undeclared type `Parsed`

error[E0433]: failed to resolve: use of undeclared type `FormatItem`
    --> tests/integration/parsing.rs:1120:61
     |
1120 |     let remaining_input = parsed.parse_item(b"2021-01-02", &FormatItem::First(&[]))?;
     |                                                             ^^^^^^^^^^ use of undeclared type `FormatItem`

error[E0433]: failed to resolve: use of undeclared type `Parsed`
    --> tests/integration/parsing.rs:1127:22
     |
1127 |     let mut parsed = Parsed::new();
     |                      ^^^^^^ use of undeclared type `Parsed`

error[E0433]: failed to resolve: use of undeclared type `FormatItem`
    --> tests/integration/parsing.rs:1130:10
     |
1130 |         &FormatItem::First(&[
     |          ^^^^^^^^^^ use of undeclared type `FormatItem`

error[E0433]: failed to resolve: use of undeclared type `FormatItem`
    --> tests/integration/parsing.rs:1131:13
     |
1131 |             FormatItem::Compound(&fd::parse("[period]")?),
     |             ^^^^^^^^^^ use of undeclared type `FormatItem`

error[E0433]: failed to resolve: use of undeclared crate or module `fd`
    --> tests/integration/parsing.rs:1131:35
     |
1131 |             FormatItem::Compound(&fd::parse("[period]")?),
     |                                   ^^ use of undeclared crate or module `fd`

error[E0433]: failed to resolve: use of undeclared type `FormatItem`
    --> tests/integration/parsing.rs:1132:13
     |
1132 |             FormatItem::Compound(&fd::parse("x")?),
     |             ^^^^^^^^^^ use of undeclared type `FormatItem`

error[E0433]: failed to resolve: use of undeclared crate or module `fd`
    --> tests/integration/parsing.rs:1132:35
     |
1132 |             FormatItem::Compound(&fd::parse("x")?),
     |                                   ^^ use of undeclared crate or module `fd`

error[E0433]: failed to resolve: use of undeclared type `FormatItem`
    --> tests/integration/parsing.rs:1133:13
     |
1133 |             FormatItem::Compound(&fd::parse("[year]-[month]-[day]")?),
     |             ^^^^^^^^^^ use of undeclared type `FormatItem`

error[E0433]: failed to resolve: use of undeclared crate or module `fd`
    --> tests/integration/parsing.rs:1133:35
     |
1133 |             FormatItem::Compound(&fd::parse("[year]-[month]-[day]")?),
     |                                   ^^ use of undeclared crate or module `fd`

error[E0433]: failed to resolve: use of undeclared type `Month`
    --> tests/integration/parsing.rs:1138:37
     |
1138 |     assert_eq!(parsed.month(), Some(Month::January));
     |                                     ^^^^^ use of undeclared type `Month`

error[E0433]: failed to resolve: use of undeclared type `Parsed`
    --> tests/integration/parsing.rs:1142:22
     |
1142 |     let mut parsed = Parsed::new();
     |                      ^^^^^^ use of undeclared type `Parsed`

error[E0433]: failed to resolve: use of undeclared type `FormatItem`
    --> tests/integration/parsing.rs:1146:14
     |
1146 |             &FormatItem::First(&[
     |              ^^^^^^^^^^ use of undeclared type `FormatItem`

error[E0433]: failed to resolve: use of undeclared type `FormatItem`
    --> tests/integration/parsing.rs:1147:17
     |
1147 |                 FormatItem::Compound(&fd::parse("[period]")?),
     |                 ^^^^^^^^^^ use of undeclared type `FormatItem`

error[E0433]: failed to resolve: use of undeclared crate or module `fd`
    --> tests/integration/parsing.rs:1147:39
     |
1147 |                 FormatItem::Compound(&fd::parse("[period]")?),
     |                                       ^^ use of undeclared crate or module `fd`

error[E0433]: failed to resolve: use of undeclared type `FormatItem`
    --> tests/integration/parsing.rs:1148:17
     |
1148 |                 FormatItem::Compound(&fd::parse("x")?),
     |                 ^^^^^^^^^^ use of undeclared type `FormatItem`

error[E0433]: failed to resolve: use of undeclared crate or module `fd`
    --> tests/integration/parsing.rs:1148:39
     |
1148 |                 FormatItem::Compound(&fd::parse("x")?),
     |                                       ^^ use of undeclared crate or module `fd`

error[E0433]: failed to resolve: use of undeclared crate or module `error`
    --> tests/integration/parsing.rs:1152:21
     |
1152 |     assert_eq!(err, error::ParseFromDescription::InvalidComponent("period"));
     |                     ^^^^^ use of undeclared crate or module `error`

error[E0433]: failed to resolve: use of undeclared type `Month`
  --> tests/integration/primitive_date_time.rs:34:52
   |
34 |     assert_eq!(datetime!(2019-01-01 0:00).month(), Month::January);
   |                                                    ^^^^^ use of undeclared type `Month`

error[E0433]: failed to resolve: use of undeclared type `Month`
  --> tests/integration/primitive_date_time.rs:35:52
   |
35 |     assert_eq!(datetime!(2019-12-31 0:00).month(), Month::December);
   |                                                    ^^^^^ use of undeclared type `Month`

error[E0433]: failed to resolve: use of undeclared type `Month`
  --> tests/integration/primitive_date_time.rs:79:16
   |
79 |         (2019, Month::January, 2)
   |                ^^^^^ use of undeclared type `Month`

error[E0433]: failed to resolve: use of undeclared type `Duration`
   --> tests/integration/primitive_date_time.rs:525:56
    |
525 |         datetime!(-999_999 - 01 - 01 0:00).checked_add(Duration::MIN),
    |                                                        ^^^^^^^^ use of undeclared type `Duration`

error[E0433]: failed to resolve: use of undeclared type `Duration`
   --> tests/integration/primitive_date_time.rs:539:72
    |
539 |         datetime!(+999_999 - 12 - 31 23:59:59.999_999_999).checked_add(Duration::MAX),
    |                                                                        ^^^^^^^^ use of undeclared type `Duration`

error[E0433]: failed to resolve: use of undeclared type `Duration`
   --> tests/integration/primitive_date_time.rs:590:56
    |
590 |         datetime!(-999_999 - 01 - 01 0:00).checked_sub(Duration::MAX),
    |                                                        ^^^^^^^^ use of undeclared type `Duration`

error[E0433]: failed to resolve: use of undeclared type `Duration`
   --> tests/integration/primitive_date_time.rs:604:72
    |
604 |         datetime!(+999_999 - 12 - 31 23:59:59.999_999_999).checked_sub(Duration::MIN),
    |                                                                        ^^^^^^^^ use of undeclared type `Duration`

error[E0433]: failed to resolve: use of undeclared type `PrimitiveDateTime`
   --> tests/integration/primitive_date_time.rs:626:9
    |
626 |         PrimitiveDateTime::MIN.saturating_add((-10).days()),
    |         ^^^^^^^^^^^^^^^^^ use of undeclared type `PrimitiveDateTime`

error[E0433]: failed to resolve: use of undeclared type `PrimitiveDateTime`
   --> tests/integration/primitive_date_time.rs:627:9
    |
627 |         PrimitiveDateTime::MIN
    |         ^^^^^^^^^^^^^^^^^ use of undeclared type `PrimitiveDateTime`

error[E0433]: failed to resolve: use of undeclared type `PrimitiveDateTime`
   --> tests/integration/primitive_date_time.rs:632:9
    |
632 |         PrimitiveDateTime::MAX.saturating_add(10.days()),
    |         ^^^^^^^^^^^^^^^^^ use of undeclared type `PrimitiveDateTime`

error[E0433]: failed to resolve: use of undeclared type `PrimitiveDateTime`
   --> tests/integration/primitive_date_time.rs:633:9
    |
633 |         PrimitiveDateTime::MAX
    |         ^^^^^^^^^^^^^^^^^ use of undeclared type `PrimitiveDateTime`

error[E0433]: failed to resolve: use of undeclared type `PrimitiveDateTime`
   --> tests/integration/primitive_date_time.rs:638:9
    |
638 |         PrimitiveDateTime::MIN.saturating_add(Duration::ZERO),
    |         ^^^^^^^^^^^^^^^^^ use of undeclared type `PrimitiveDateTime`

error[E0433]: failed to resolve: use of undeclared type `Duration`
   --> tests/integration/primitive_date_time.rs:638:47
    |
638 |         PrimitiveDateTime::MIN.saturating_add(Duration::ZERO),
    |                                               ^^^^^^^^ use of undeclared type `Duration`

error[E0433]: failed to resolve: use of undeclared type `PrimitiveDateTime`
   --> tests/integration/primitive_date_time.rs:639:9
    |
639 |         PrimitiveDateTime::MIN
    |         ^^^^^^^^^^^^^^^^^ use of undeclared type `PrimitiveDateTime`

error[E0433]: failed to resolve: use of undeclared type `PrimitiveDateTime`
   --> tests/integration/primitive_date_time.rs:642:9
    |
642 |         PrimitiveDateTime::MAX.saturating_add(Duration::ZERO),
    |         ^^^^^^^^^^^^^^^^^ use of undeclared type `PrimitiveDateTime`

error[E0433]: failed to resolve: use of undeclared type `Duration`
   --> tests/integration/primitive_date_time.rs:642:47
    |
642 |         PrimitiveDateTime::MAX.saturating_add(Duration::ZERO),
    |                                               ^^^^^^^^ use of undeclared type `Duration`

error[E0433]: failed to resolve: use of undeclared type `PrimitiveDateTime`
   --> tests/integration/primitive_date_time.rs:643:9
    |
643 |         PrimitiveDateTime::MAX
    |         ^^^^^^^^^^^^^^^^^ use of undeclared type `PrimitiveDateTime`

error[E0433]: failed to resolve: use of undeclared type `PrimitiveDateTime`
   --> tests/integration/primitive_date_time.rs:660:9
    |
660 |         PrimitiveDateTime::MIN.saturating_sub(10.days()),
    |         ^^^^^^^^^^^^^^^^^ use of undeclared type `PrimitiveDateTime`

error[E0433]: failed to resolve: use of undeclared type `PrimitiveDateTime`
   --> tests/integration/primitive_date_time.rs:661:9
    |
661 |         PrimitiveDateTime::MIN
    |         ^^^^^^^^^^^^^^^^^ use of undeclared type `PrimitiveDateTime`

error[E0433]: failed to resolve: use of undeclared type `PrimitiveDateTime`
   --> tests/integration/primitive_date_time.rs:666:9
    |
666 |         PrimitiveDateTime::MAX.saturating_sub((-10).days()),
    |         ^^^^^^^^^^^^^^^^^ use of undeclared type `PrimitiveDateTime`

error[E0433]: failed to resolve: use of undeclared type `PrimitiveDateTime`
   --> tests/integration/primitive_date_time.rs:667:9
    |
667 |         PrimitiveDateTime::MAX
    |         ^^^^^^^^^^^^^^^^^ use of undeclared type `PrimitiveDateTime`

error[E0433]: failed to resolve: use of undeclared type `PrimitiveDateTime`
   --> tests/integration/primitive_date_time.rs:672:9
    |
672 |         PrimitiveDateTime::MIN.saturating_sub(Duration::ZERO),
    |         ^^^^^^^^^^^^^^^^^ use of undeclared type `PrimitiveDateTime`

error[E0433]: failed to resolve: use of undeclared type `Duration`
   --> tests/integration/primitive_date_time.rs:672:47
    |
672 |         PrimitiveDateTime::MIN.saturating_sub(Duration::ZERO),
    |                                               ^^^^^^^^ use of undeclared type `Duration`

error[E0433]: failed to resolve: use of undeclared type `PrimitiveDateTime`
   --> tests/integration/primitive_date_time.rs:673:9
    |
673 |         PrimitiveDateTime::MIN
    |         ^^^^^^^^^^^^^^^^^ use of undeclared type `PrimitiveDateTime`

error[E0433]: failed to resolve: use of undeclared type `PrimitiveDateTime`
   --> tests/integration/primitive_date_time.rs:676:9
    |
676 |         PrimitiveDateTime::MAX.saturating_sub(Duration::ZERO),
    |         ^^^^^^^^^^^^^^^^^ use of undeclared type `PrimitiveDateTime`

error[E0433]: failed to resolve: use of undeclared type `Duration`
   --> tests/integration/primitive_date_time.rs:676:47
    |
676 |         PrimitiveDateTime::MAX.saturating_sub(Duration::ZERO),
    |                                               ^^^^^^^^ use of undeclared type `Duration`

error[E0433]: failed to resolve: use of undeclared type `PrimitiveDateTime`
   --> tests/integration/primitive_date_time.rs:677:9
    |
677 |         PrimitiveDateTime::MAX
    |         ^^^^^^^^^^^^^^^^^ use of undeclared type `PrimitiveDateTime`

error[E0433]: failed to resolve: use of undeclared type `Time`
 --> tests/integration/serde.rs:8:10
  |
8 |         &Time::MIDNIGHT.compact(),
  |          ^^^^ use of undeclared type `Time`

error[E0433]: failed to resolve: use of undeclared type `Time`
  --> tests/integration/serde.rs:30:10
   |
30 |         &Time::MIDNIGHT.readable(),
   |          ^^^^ use of undeclared type `Time`

error[E0433]: failed to resolve: use of undeclared type `Duration`
   --> tests/integration/serde.rs:575:10
    |
575 |         &Duration::MIN.compact(),
    |          ^^^^^^^^ use of undeclared type `Duration`

error[E0433]: failed to resolve: use of undeclared type `Duration`
   --> tests/integration/serde.rs:584:10
    |
584 |         &Duration::MAX.compact(),
    |          ^^^^^^^^ use of undeclared type `Duration`

error[E0433]: failed to resolve: use of undeclared type `Duration`
   --> tests/integration/serde.rs:593:10
    |
593 |         &Duration::MIN.readable(),
    |          ^^^^^^^^ use of undeclared type `Duration`

error[E0433]: failed to resolve: use of undeclared type `Duration`
   --> tests/integration/serde.rs:597:10
    |
597 |         &Duration::MAX.readable(),
    |          ^^^^^^^^ use of undeclared type `Duration`

error[E0433]: failed to resolve: use of undeclared type `Duration`
   --> tests/integration/serde.rs:601:10
    |
601 |         &Duration::ZERO.readable(),
    |          ^^^^^^^^ use of undeclared type `Duration`

error[E0433]: failed to resolve: could not find `serde` in `time`
  --> tests/integration/serde_helpers.rs:10:24
   |
10 |         #[serde(with = "time::serde::rfc2822")] OffsetDateTime,
   |                        ^^^^^^^^^^^^^^^^^^^^^^ could not find `serde` in `time`

error[E0433]: failed to resolve: could not find `serde` in `time`
  --> tests/integration/serde_helpers.rs:11:24
   |
11 |         #[serde(with = "time::serde::rfc2822::option")] Option<OffsetDateTime>,
   |                        ^^^^^^^^^^^^^^^^^^^^^^^^^^^^^^ could not find `serde` in `time`

error[E0433]: failed to resolve: could not find `serde` in `time`
  --> tests/integration/serde_helpers.rs:12:24
   |
12 |         #[serde(with = "time::serde::rfc2822::option")] Option<OffsetDateTime>,
   |                        ^^^^^^^^^^^^^^^^^^^^^^^^^^^^^^ could not find `serde` in `time`

error[E0433]: failed to resolve: could not find `serde` in `time`
  --> tests/integration/serde_helpers.rs:13:24
   |
13 |         #[serde(with = "time::serde::rfc3339")] OffsetDateTime,
   |                        ^^^^^^^^^^^^^^^^^^^^^^ could not find `serde` in `time`

error[E0433]: failed to resolve: could not find `serde` in `time`
  --> tests/integration/serde_helpers.rs:14:24
   |
14 |         #[serde(with = "time::serde::rfc3339::option")] Option<OffsetDateTime>,
   |                        ^^^^^^^^^^^^^^^^^^^^^^^^^^^^^^ could not find `serde` in `time`

error[E0433]: failed to resolve: could not find `serde` in `time`
  --> tests/integration/serde_helpers.rs:15:24
   |
15 |         #[serde(with = "time::serde::rfc3339::option")] Option<OffsetDateTime>,
   |                        ^^^^^^^^^^^^^^^^^^^^^^^^^^^^^^ could not find `serde` in `time`

error[E0433]: failed to resolve: could not find `serde` in `time`
  --> tests/integration/serde_helpers.rs:16:24
   |
16 |         #[serde(with = "time::serde::timestamp")] OffsetDateTime,
   |                        ^^^^^^^^^^^^^^^^^^^^^^^^ could not find `serde` in `time`

error[E0433]: failed to resolve: could not find `serde` in `time`
  --> tests/integration/serde_helpers.rs:17:24
   |
17 |         #[serde(with = "time::serde::timestamp::option")] Option<OffsetDateTime>,
   |                        ^^^^^^^^^^^^^^^^^^^^^^^^^^^^^^^^ could not find `serde` in `time`

error[E0433]: failed to resolve: could not find `serde` in `time`
  --> tests/integration/serde_helpers.rs:18:24
   |
18 |         #[serde(with = "time::serde::timestamp::option")] Option<OffsetDateTime>,
   |                        ^^^^^^^^^^^^^^^^^^^^^^^^^^^^^^^^ could not find `serde` in `time`

error[E0433]: failed to resolve: could not find `serde` in `time`
  --> tests/integration/serde_helpers.rs:59:24
   |
59 |         #[serde(with = "time::serde::rfc2822")] OffsetDateTime,
   |                        ^^^^^^^^^^^^^^^^^^^^^^ could not find `serde` in `time`

error[E0433]: failed to resolve: could not find `serde` in `time`
  --> tests/integration/serde_helpers.rs:60:24
   |
60 |         #[serde(with = "time::serde::rfc2822::option")] Option<OffsetDateTime>,
   |                        ^^^^^^^^^^^^^^^^^^^^^^^^^^^^^^ could not find `serde` in `time`

error[E0433]: failed to resolve: could not find `serde` in `time`
  --> tests/integration/serde_helpers.rs:61:24
   |
61 |         #[serde(with = "time::serde::rfc2822::option")] Option<OffsetDateTime>,
   |                        ^^^^^^^^^^^^^^^^^^^^^^^^^^^^^^ could not find `serde` in `time`

error[E0433]: failed to resolve: could not find `serde` in `time`
   --> tests/integration/serde_helpers.rs:130:24
    |
130 |         #[serde(with = "time::serde::rfc3339")] OffsetDateTime,
    |                        ^^^^^^^^^^^^^^^^^^^^^^ could not find `serde` in `time`

error[E0433]: failed to resolve: could not find `serde` in `time`
   --> tests/integration/serde_helpers.rs:131:24
    |
131 |         #[serde(with = "time::serde::rfc3339::option")] Option<OffsetDateTime>,
    |                        ^^^^^^^^^^^^^^^^^^^^^^^^^^^^^^ could not find `serde` in `time`

error[E0433]: failed to resolve: could not find `serde` in `time`
   --> tests/integration/serde_helpers.rs:132:24
    |
132 |         #[serde(with = "time::serde::rfc3339::option")] Option<OffsetDateTime>,
    |                        ^^^^^^^^^^^^^^^^^^^^^^^^^^^^^^ could not find `serde` in `time`

error[E0433]: failed to resolve: could not find `serde` in `time`
   --> tests/integration/serde_helpers.rs:201:37
    |
201 |     struct Timestamp(#[serde(with = "time::serde::timestamp")] OffsetDateTime);
    |                                     ^^^^^^^^^^^^^^^^^^^^^^^^ could not find `serde` in `time`

error[E0433]: failed to resolve: could not find `serde` in `time`
   --> tests/integration/serde_helpers.rs:205:40
    |
205 |     struct OptTimestamp(#[serde(with = "time::serde::timestamp::option")] Option<OffsetDateTime>);
    |                                        ^^^^^^^^^^^^^^^^^^^^^^^^^^^^^^^^ could not find `serde` in `time`

error[E0433]: failed to resolve: use of undeclared type `Date`
   --> tests/integration/date.rs:431:13
    |
431 |     assert!(Date::from_iso_week_date(2019, 1, Monday).is_ok());
    |             ^^^^ not found in this scope
    |
help: consider importing this struct
    |
1   | use time::Date;
    |

error[E0425]: cannot find value `Monday` in this scope
   --> tests/integration/date.rs:431:47
    |
431 |     assert!(Date::from_iso_week_date(2019, 1, Monday).is_ok());
    |                                               ^^^^^^ not found in this scope
    |
help: consider importing this unit variant
    |
1   | use time::Weekday::Monday;
    |

error[E0433]: failed to resolve: use of undeclared type `Date`
   --> tests/integration/date.rs:432:13
    |
432 |     assert!(Date::from_iso_week_date(2019, 1, Tuesday).is_ok());
    |             ^^^^ not found in this scope
    |
help: consider importing this struct
    |
1   | use time::Date;
    |

error[E0425]: cannot find value `Tuesday` in this scope
   --> tests/integration/date.rs:432:47
    |
432 |     assert!(Date::from_iso_week_date(2019, 1, Tuesday).is_ok());
    |                                               ^^^^^^^ not found in this scope
    |
help: consider importing this unit variant
    |
1   | use time::Weekday::Tuesday;
    |

error[E0433]: failed to resolve: use of undeclared type `Date`
   --> tests/integration/date.rs:433:13
    |
433 |     assert!(Date::from_iso_week_date(2020, 53, Friday).is_ok());
    |             ^^^^ not found in this scope
    |
help: consider importing this struct
    |
1   | use time::Date;
    |

error[E0425]: cannot find value `Friday` in this scope
   --> tests/integration/date.rs:433:48
    |
433 |     assert!(Date::from_iso_week_date(2020, 53, Friday).is_ok());
    |                                                ^^^^^^ not found in this scope
    |
help: consider importing this unit variant
    |
1   | use time::Weekday::Friday;
    |

error[E0433]: failed to resolve: use of undeclared type `Date`
   --> tests/integration/date.rs:434:13
    |
434 |     assert!(Date::from_iso_week_date(-9999, 1, Monday).is_ok());
    |             ^^^^ not found in this scope
    |
help: consider importing this struct
    |
1   | use time::Date;
    |

error[E0425]: cannot find value `Monday` in this scope
   --> tests/integration/date.rs:434:48
    |
434 |     assert!(Date::from_iso_week_date(-9999, 1, Monday).is_ok());
    |                                                ^^^^^^ not found in this scope
    |
help: consider importing this unit variant
    |
1   | use time::Weekday::Monday;
    |

error[E0433]: failed to resolve: use of undeclared type `Date`
   --> tests/integration/date.rs:436:13
    |
436 |     assert!(Date::from_iso_week_date(2019, 53, Monday).is_err());
    |             ^^^^ not found in this scope
    |
help: consider importing this struct
    |
1   | use time::Date;
    |

error[E0425]: cannot find value `Monday` in this scope
   --> tests/integration/date.rs:436:48
    |
436 |     assert!(Date::from_iso_week_date(2019, 53, Monday).is_err());
    |                                                ^^^^^^ not found in this scope
    |
help: consider importing this unit variant
    |
1   | use time::Weekday::Monday;
    |

error[E0433]: failed to resolve: use of undeclared type `Date`
   --> tests/integration/date.rs:439:9
    |
439 |         Date::from_iso_week_date(-1, 52, Saturday),
    |         ^^^^ not found in this scope
    |
help: consider importing this struct
    |
1   | use time::Date;
    |

error[E0425]: cannot find value `Saturday` in this scope
   --> tests/integration/date.rs:439:42
    |
439 |         Date::from_iso_week_date(-1, 52, Saturday),
    |                                          ^^^^^^^^ not found in this scope
    |
help: consider importing this unit variant
    |
1   | use time::Weekday::Saturday;
    |

error[E0425]: cannot find value `Tuesday` in this scope
   --> tests/integration/date.rs:536:68
    |
536 |     assert_eq!(date!(2019 - 01 - 01).to_iso_week_date(), (2019, 1, Tuesday));
    |                                                                    ^^^^^^^ not found in this scope
    |
help: consider importing this unit variant
    |
1   | use time::Weekday::Tuesday;
    |

error[E0425]: cannot find value `Friday` in this scope
   --> tests/integration/date.rs:537:69
    |
537 |     assert_eq!(date!(2019 - 10 - 04).to_iso_week_date(), (2019, 40, Friday));
    |                                                                     ^^^^^^ not found in this scope
    |
help: consider importing this unit variant
    |
1   | use time::Weekday::Friday;
    |

error[E0425]: cannot find value `Wednesday` in this scope
   --> tests/integration/date.rs:540:19
    |
540 |         (2020, 1, Wednesday)
    |                   ^^^^^^^^^ not found in this scope
    |
help: consider importing this unit variant
    |
1   | use time::Weekday::Wednesday;
    |

error[E0425]: cannot find value `Thursday` in this scope
   --> tests/integration/date.rs:544:20
    |
544 |         (2020, 53, Thursday)
    |                    ^^^^^^^^ not found in this scope
    |
help: consider importing this unit variant
    |
1   | use time::Weekday::Thursday;
    |

error[E0425]: cannot find value `Friday` in this scope
   --> tests/integration/date.rs:546:69
    |
546 |     assert_eq!(date!(2021 - 01 - 01).to_iso_week_date(), (2020, 53, Friday));
    |                                                                     ^^^^^^ not found in this scope
    |
help: consider importing this unit variant
    |
1   | use time::Weekday::Friday;
    |

error[E0425]: cannot find value `Saturday` in this scope
   --> tests/integration/date.rs:547:67
    |
547 |     assert_eq!(date!(0000 - 01 - 01).to_iso_week_date(), (-1, 52, Saturday));
    |                                                                   ^^^^^^^^ not found in this scope
    |
help: consider importing this unit variant
    |
1   | use time::Weekday::Saturday;
    |

error[E0425]: cannot find value `Tuesday` in this scope
   --> tests/integration/date.rs:553:49
    |
553 |     assert_eq!(date!(2019 - 01 - 01).weekday(), Tuesday);
    |                                                 ^^^^^^^ not found in this scope
    |
help: consider importing this unit variant
    |
1   | use time::Weekday::Tuesday;
    |

error[E0425]: cannot find value `Friday` in this scope
   --> tests/integration/date.rs:554:49
    |
554 |     assert_eq!(date!(2019 - 02 - 01).weekday(), Friday);
    |                                                 ^^^^^^ not found in this scope
    |
help: consider importing this unit variant
    |
1   | use time::Weekday::Friday;
    |

error[E0425]: cannot find value `Friday` in this scope
   --> tests/integration/date.rs:555:49
    |
555 |     assert_eq!(date!(2019 - 03 - 01).weekday(), Friday);
    |                                                 ^^^^^^ not found in this scope
    |
help: consider importing this unit variant
    |
1   | use time::Weekday::Friday;
    |

error[E0425]: cannot find value `Monday` in this scope
   --> tests/integration/date.rs:556:49
    |
556 |     assert_eq!(date!(2019 - 04 - 01).weekday(), Monday);
    |                                                 ^^^^^^ not found in this scope
    |
help: consider importing this unit variant
    |
1   | use time::Weekday::Monday;
    |

error[E0425]: cannot find value `Wednesday` in this scope
   --> tests/integration/date.rs:557:49
    |
557 |     assert_eq!(date!(2019 - 05 - 01).weekday(), Wednesday);
    |                                                 ^^^^^^^^^ not found in this scope
    |
help: consider importing this unit variant
    |
1   | use time::Weekday::Wednesday;
    |

error[E0425]: cannot find value `Saturday` in this scope
   --> tests/integration/date.rs:558:49
    |
558 |     assert_eq!(date!(2019 - 06 - 01).weekday(), Saturday);
    |                                                 ^^^^^^^^ not found in this scope
    |
help: consider importing this unit variant
    |
1   | use time::Weekday::Saturday;
    |

error[E0425]: cannot find value `Monday` in this scope
   --> tests/integration/date.rs:559:49
    |
559 |     assert_eq!(date!(2019 - 07 - 01).weekday(), Monday);
    |                                                 ^^^^^^ not found in this scope
    |
help: consider importing this unit variant
    |
1   | use time::Weekday::Monday;
    |

error[E0425]: cannot find value `Thursday` in this scope
   --> tests/integration/date.rs:560:49
    |
560 |     assert_eq!(date!(2019 - 08 - 01).weekday(), Thursday);
    |                                                 ^^^^^^^^ not found in this scope
    |
help: consider importing this unit variant
    |
1   | use time::Weekday::Thursday;
    |

error[E0425]: cannot find value `Sunday` in this scope
   --> tests/integration/date.rs:561:49
    |
561 |     assert_eq!(date!(2019 - 09 - 01).weekday(), Sunday);
    |                                                 ^^^^^^ not found in this scope
    |
help: consider importing this unit variant
    |
1   | use time::Weekday::Sunday;
    |

error[E0425]: cannot find value `Tuesday` in this scope
   --> tests/integration/date.rs:562:49
    |
562 |     assert_eq!(date!(2019 - 10 - 01).weekday(), Tuesday);
    |                                                 ^^^^^^^ not found in this scope
    |
help: consider importing this unit variant
    |
1   | use time::Weekday::Tuesday;
    |

error[E0425]: cannot find value `Friday` in this scope
   --> tests/integration/date.rs:563:49
    |
563 |     assert_eq!(date!(2019 - 11 - 01).weekday(), Friday);
    |                                                 ^^^^^^ not found in this scope
    |
help: consider importing this unit variant
    |
1   | use time::Weekday::Friday;
    |

error[E0425]: cannot find value `Sunday` in this scope
   --> tests/integration/date.rs:564:49
    |
564 |     assert_eq!(date!(2019 - 12 - 01).weekday(), Sunday);
    |                                                 ^^^^^^ not found in this scope
    |
help: consider importing this unit variant
    |
1   | use time::Weekday::Sunday;
    |

error[E0433]: failed to resolve: use of undeclared type `Date`
   --> tests/integration/date.rs:622:9
    |
622 |         Date::from_julian_day(-363_521_074),
    |         ^^^^ not found in this scope
    |
help: consider importing this struct
    |
1   | use time::Date;
    |

error[E0433]: failed to resolve: use of undeclared type `Date`
   --> tests/integration/date.rs:626:9
    |
626 |         Date::from_julian_day(-1_930_999),
    |         ^^^^ not found in this scope
    |
help: consider importing this struct
    |
1   | use time::Date;
    |

error[E0433]: failed to resolve: use of undeclared type `Date`
   --> tests/integration/date.rs:629:16
    |
629 |     assert_eq!(Date::from_julian_day(0), Ok(date!(-4713 - 11 - 24)));
    |                ^^^^ not found in this scope
    |
help: consider importing this struct
    |
1   | use time::Date;
    |

error[E0433]: failed to resolve: use of undeclared type `Date`
   --> tests/integration/date.rs:630:16
    |
630 |     assert_eq!(Date::from_julian_day(2_451_545), Ok(date!(2000 - 01 - 01)));
    |                ^^^^ not found in this scope
    |
help: consider importing this struct
    |
1   | use time::Date;
    |

error[E0433]: failed to resolve: use of undeclared type `Date`
   --> tests/integration/date.rs:631:16
    |
631 |     assert_eq!(Date::from_julian_day(2_458_485), Ok(date!(2019 - 01 - 01)));
    |                ^^^^ not found in this scope
    |
help: consider importing this struct
    |
1   | use time::Date;
    |

error[E0433]: failed to resolve: use of undeclared type `Date`
   --> tests/integration/date.rs:632:16
    |
632 |     assert_eq!(Date::from_julian_day(2_458_849), Ok(date!(2019 - 12 - 31)));
    |                ^^^^ not found in this scope
    |
help: consider importing this struct
    |
1   | use time::Date;
    |

error[E0433]: failed to resolve: use of undeclared type `Date`
   --> tests/integration/date.rs:633:13
    |
633 |     assert!(Date::from_julian_day(i32::MAX).is_err());
    |             ^^^^ not found in this scope
    |
help: consider importing this struct
    |
1   | use time::Date;
    |

error[E0433]: failed to resolve: use of undeclared type `Duration`
   --> tests/integration/date.rs:775:31
    |
775 |         Date::MIN.checked_add(Duration::new(86_399, 999_999_999)),
    |                               ^^^^^^^^ not found in this scope
    |
help: consider importing one of these items
    |
1   | use std::time::Duration;
    |
1   | use time::Duration;
    |
1   | use core::time::Duration;
    |

error[E0433]: failed to resolve: use of undeclared type `Duration`
   --> tests/integration/date.rs:779:31
    |
779 |         Date::MIN.checked_add(Duration::new(-86_399, -999_999_999)),
    |                               ^^^^^^^^ not found in this scope
    |
help: consider importing one of these items
    |
1   | use std::time::Duration;
    |
1   | use time::Duration;
    |
1   | use core::time::Duration;
    |

error[E0433]: failed to resolve: use of undeclared type `Duration`
   --> tests/integration/date.rs:784:43
    |
784 |         date!(2021 - 10 - 25).checked_add(Duration::new(86_399, 999_999_999)),
    |                                           ^^^^^^^^ not found in this scope
    |
help: consider importing one of these items
    |
1   | use std::time::Duration;
    |
1   | use time::Duration;
    |
1   | use core::time::Duration;
    |

error[E0433]: failed to resolve: use of undeclared type `Duration`
   --> tests/integration/date.rs:788:43
    |
788 |         date!(2021 - 10 - 25).checked_add(Duration::new(-86_399, -999_999_999)),
    |                                           ^^^^^^^^ not found in this scope
    |
help: consider importing one of these items
    |
1   | use std::time::Duration;
    |
1   | use time::Duration;
    |
1   | use core::time::Duration;
    |

error[E0433]: failed to resolve: use of undeclared type `Duration`
   --> tests/integration/date.rs:793:31
    |
793 |         Date::MAX.checked_add(Duration::new(86_399, 999_999_999)),
    |                               ^^^^^^^^ not found in this scope
    |
help: consider importing one of these items
    |
1   | use std::time::Duration;
    |
1   | use time::Duration;
    |
1   | use core::time::Duration;
    |

error[E0433]: failed to resolve: use of undeclared type `Duration`
   --> tests/integration/date.rs:797:31
    |
797 |         Date::MAX.checked_add(Duration::new(-86_399, -999_999_999)),
    |                               ^^^^^^^^ not found in this scope
    |
help: consider importing one of these items
    |
1   | use std::time::Duration;
    |
1   | use time::Duration;
    |
1   | use core::time::Duration;
    |

error[E0433]: failed to resolve: use of undeclared type `Duration`
   --> tests/integration/date.rs:829:31
    |
829 |         Date::MIN.checked_sub(Duration::new(86_399, 999_999_999)),
    |                               ^^^^^^^^ not found in this scope
    |
help: consider importing one of these items
    |
1   | use std::time::Duration;
    |
1   | use time::Duration;
    |
1   | use core::time::Duration;
    |

error[E0433]: failed to resolve: use of undeclared type `Duration`
   --> tests/integration/date.rs:833:31
    |
833 |         Date::MIN.checked_sub(Duration::new(-86_399, -999_999_999)),
    |                               ^^^^^^^^ not found in this scope
    |
help: consider importing one of these items
    |
1   | use std::time::Duration;
    |
1   | use time::Duration;
    |
1   | use core::time::Duration;
    |

error[E0433]: failed to resolve: use of undeclared type `Duration`
   --> tests/integration/date.rs:838:43
    |
838 |         date!(2021 - 10 - 25).checked_sub(Duration::new(86_399, 999_999_999)),
    |                                           ^^^^^^^^ not found in this scope
    |
help: consider importing one of these items
    |
1   | use std::time::Duration;
    |
1   | use time::Duration;
    |
1   | use core::time::Duration;
    |

error[E0433]: failed to resolve: use of undeclared type `Duration`
   --> tests/integration/date.rs:842:43
    |
842 |         date!(2021 - 10 - 25).checked_sub(Duration::new(-86_399, -999_999_999)),
    |                                           ^^^^^^^^ not found in this scope
    |
help: consider importing one of these items
    |
1   | use std::time::Duration;
    |
1   | use time::Duration;
    |
1   | use core::time::Duration;
    |

error[E0433]: failed to resolve: use of undeclared type `Duration`
   --> tests/integration/date.rs:847:31
    |
847 |         Date::MAX.checked_sub(Duration::new(86_399, 999_999_999)),
    |                               ^^^^^^^^ not found in this scope
    |
help: consider importing one of these items
    |
1   | use std::time::Duration;
    |
1   | use time::Duration;
    |
1   | use core::time::Duration;
    |

error[E0433]: failed to resolve: use of undeclared type `Duration`
   --> tests/integration/date.rs:851:31
    |
851 |         Date::MAX.checked_sub(Duration::new(-86_399, -999_999_999)),
    |                               ^^^^^^^^ not found in this scope
    |
help: consider importing one of these items
    |
1   | use std::time::Duration;
    |
1   | use time::Duration;
    |
1   | use core::time::Duration;
    |

error[E0433]: failed to resolve: use of undeclared type `Time`
  --> tests/integration/derives.rs:20:5
   |
20 |     Time::from_hms(24, 0, 0).unwrap_err()
   |     ^^^^ not found in this scope
   |
help: consider importing this struct
   |
1  | use time::Time;
   |

error[E0433]: failed to resolve: use of undeclared type `Instant`
  --> tests/integration/derives.rs:29:19
   |
29 |     let instant = Instant::now();
   |                   ^^^^^^^ not found in this scope
   |
help: consider importing one of these items
   |
1  | use std::time::Instant;
   |
1  | use time::Instant;
   |

error[E0425]: cannot find value `IndeterminateOffset` in this scope
  --> tests/integration/derives.rs:39:23
   |
39 |     assert_cloned_eq!(IndeterminateOffset);
   |                       ^^^^^^^^^^^^^^^^^^^ not found in this scope

error[E0425]: cannot find value `ConversionRange` in this scope
  --> tests/integration/derives.rs:40:23
   |
40 |     assert_cloned_eq!(ConversionRange);
   |                       ^^^^^^^^^^^^^^^ not found in this scope
   |
help: consider importing one of these items
   |
1  | use time::Error::ConversionRange;
   |
1  | use time::error::ConversionRange;
   |

error[E0433]: failed to resolve: use of undeclared type `Component`
  --> tests/integration/derives.rs:49:23
   |
49 |     assert_cloned_eq!(Component::OffsetSecond(modifier::OffsetSecond::default()));
   |                       ^^^^^^^^^ not found in this scope
   |
help: consider importing this enum
   |
1  | use std::path::Component;
   |

error[E0433]: failed to resolve: use of undeclared crate or module `modifier`
  --> tests/integration/derives.rs:57:33
   |
57 |     assert_cloned_eq!(modifier::Month::default());
   |                                 ^^^^^ not found in `modifier`
   |
help: consider importing this enum
   |
1  | use time::Month;
   |

error[E0433]: failed to resolve: use of undeclared crate or module `modifier`
  --> tests/integration/derives.rs:60:33
   |
60 |     assert_cloned_eq!(modifier::Weekday::default());
   |                                 ^^^^^^^ not found in `modifier`
   |
help: consider importing this enum
   |
1  | use time::Weekday;
   |

error[E0433]: failed to resolve: use of undeclared type `Instant`
  --> tests/integration/derives.rs:87:5
   |
87 |     Instant::now().hash(&mut hasher);
   |     ^^^^^^^ not found in this scope
   |
help: consider importing one of these items
   |
1  | use std::time::Instant;
   |
1  | use time::Instant;
   |

error[E0433]: failed to resolve: use of undeclared type `Instant`
  --> tests/integration/derives.rs:94:19
   |
94 |     let instant = Instant::now();
   |                   ^^^^^^^ not found in this scope
   |
help: consider importing one of these items
   |
1  | use std::time::Instant;
   |
1  | use time::Instant;
   |

error[E0425]: cannot find value `IndeterminateOffset` in this scope
   --> tests/integration/derives.rs:127:9
    |
127 |         IndeterminateOffset;
    |         ^^^^^^^^^^^^^^^^^^^ not found in this scope

error[E0425]: cannot find value `ConversionRange` in this scope
   --> tests/integration/derives.rs:128:9
    |
128 |         ConversionRange;
    |         ^^^^^^^^^^^^^^^ not found in this scope
    |
help: consider importing one of these items
    |
1   | use time::Error::ConversionRange;
    |
1   | use time::error::ConversionRange;
    |

error[E0433]: failed to resolve: use of undeclared type `Instant`
   --> tests/integration/derives.rs:131:9
    |
131 |         Instant::now();
    |         ^^^^^^^ not found in this scope
    |
help: consider importing one of these items
    |
1   | use std::time::Instant;
    |
1   | use time::Instant;
    |

error[E0433]: failed to resolve: use of undeclared type `Error`
   --> tests/integration/derives.rs:137:9
    |
137 |         Error::ConversionRange(ConversionRange);
    |         ^^^^^ not found in this scope
    |
help: consider importing one of these items
    |
1   | use rand::Error;
    |
1   | use serde::__private::doc::Error;
    |
1   | use serde::__private::fmt::Error;
    |
1   | use serde::de::Error;
    |
      and 7 other candidates

error[E0425]: cannot find value `ConversionRange` in this scope
   --> tests/integration/derives.rs:137:32
    |
137 |         Error::ConversionRange(ConversionRange);
    |                                ^^^^^^^^^^^^^^^ not found in this scope
    |
help: consider importing one of these items
    |
1   | use time::Error::ConversionRange;
    |
1   | use time::error::ConversionRange;
    |

error[E0433]: failed to resolve: use of undeclared crate or module `modifier`
   --> tests/integration/derives.rs:141:19
    |
141 |         modifier::Month::default();
    |                   ^^^^^ not found in `modifier`
    |
help: consider importing this enum
    |
1   | use time::Month;
    |

error[E0433]: failed to resolve: use of undeclared crate or module `modifier`
   --> tests/integration/derives.rs:144:19
    |
144 |         modifier::Weekday::default();
    |                   ^^^^^^^ not found in `modifier`
    |
help: consider importing this enum
    |
1   | use time::Weekday;
    |

error[E0433]: failed to resolve: use of undeclared type `Component`
   --> tests/integration/derives.rs:161:54
    |
161 |         FormatItem::Compound(&[FormatItem::Component(Component::Day(modifier::Day::default()))]);
    |                                                      ^^^^^^^^^ not found in this scope
    |
help: consider importing this enum
    |
1   | use std::path::Component;
    |

error[E0425]: cannot find value `Rfc2822` in this scope
  --> tests/integration/formatting.rs:11:52
   |
11 |         datetime!(2021-01-02 03:04:05 UTC).format(&Rfc2822)?,
   |                                                    ^^^^^^^ not found in this scope

error[E0425]: cannot find value `Rfc2822` in this scope
  --> tests/integration/formatting.rs:15:55
   |
15 |         datetime!(2021-01-02 03:04:05 +06:07).format(&Rfc2822)?,
   |                                                       ^^^^^^^ not found in this scope

error[E0425]: cannot find value `Rfc2822` in this scope
  --> tests/integration/formatting.rs:19:55
   |
19 |         datetime!(2021-01-02 03:04:05 -06:07).format(&Rfc2822)?,
   |                                                       ^^^^^^^ not found in this scope

error[E0425]: cannot find value `Rfc2822` in this scope
  --> tests/integration/formatting.rs:24:52
   |
24 |         datetime!(1885-01-01 01:01:01 UTC).format(&Rfc2822),
   |                                                    ^^^^^^^ not found in this scope

error[E0425]: cannot find value `Rfc2822` in this scope
  --> tests/integration/formatting.rs:28:58
   |
28 |         datetime!(2000-01-01 00:00:00 +00:00:01).format(&Rfc2822),
   |                                                          ^^^^^^^ not found in this scope

error[E0425]: cannot find value `Rfc3339` in this scope
  --> tests/integration/formatting.rs:38:52
   |
38 |         datetime!(2021-01-02 03:04:05 UTC).format(&Rfc3339)?,
   |                                                    ^^^^^^^ not found in this scope

error[E0425]: cannot find value `Rfc3339` in this scope
  --> tests/integration/formatting.rs:42:54
   |
42 |         datetime!(2021-01-02 03:04:05.1 UTC).format(&Rfc3339)?,
   |                                                      ^^^^^^^ not found in this scope

error[E0425]: cannot find value `Rfc3339` in this scope
  --> tests/integration/formatting.rs:46:55
   |
46 |         datetime!(2021-01-02 03:04:05.12 UTC).format(&Rfc3339)?,
   |                                                       ^^^^^^^ not found in this scope

error[E0425]: cannot find value `Rfc3339` in this scope
  --> tests/integration/formatting.rs:50:56
   |
50 |         datetime!(2021-01-02 03:04:05.123 UTC).format(&Rfc3339)?,
   |                                                        ^^^^^^^ not found in this scope

error[E0425]: cannot find value `Rfc3339` in this scope
  --> tests/integration/formatting.rs:54:58
   |
54 |         datetime!(2021-01-02 03:04:05.123_4 UTC).format(&Rfc3339)?,
   |                                                          ^^^^^^^ not found in this scope

error[E0425]: cannot find value `Rfc3339` in this scope
  --> tests/integration/formatting.rs:58:59
   |
58 |         datetime!(2021-01-02 03:04:05.123_45 UTC).format(&Rfc3339)?,
   |                                                           ^^^^^^^ not found in this scope

error[E0425]: cannot find value `Rfc3339` in this scope
  --> tests/integration/formatting.rs:62:60
   |
62 |         datetime!(2021-01-02 03:04:05.123_456 UTC).format(&Rfc3339)?,
   |                                                            ^^^^^^^ not found in this scope

error[E0425]: cannot find value `Rfc3339` in this scope
  --> tests/integration/formatting.rs:66:62
   |
66 |         datetime!(2021-01-02 03:04:05.123_456_7 UTC).format(&Rfc3339)?,
   |                                                              ^^^^^^^ not found in this scope

error[E0425]: cannot find value `Rfc3339` in this scope
  --> tests/integration/formatting.rs:70:63
   |
70 |         datetime!(2021-01-02 03:04:05.123_456_78 UTC).format(&Rfc3339)?,
   |                                                               ^^^^^^^ not found in this scope

error[E0425]: cannot find value `Rfc3339` in this scope
  --> tests/integration/formatting.rs:74:64
   |
74 |         datetime!(2021-01-02 03:04:05.123_456_789 UTC).format(&Rfc3339)?,
   |                                                                ^^^^^^^ not found in this scope

error[E0425]: cannot find value `Rfc3339` in this scope
  --> tests/integration/formatting.rs:78:67
   |
78 |         datetime!(2021-01-02 03:04:05.123_456_789 -01:02).format(&Rfc3339)?,
   |                                                                   ^^^^^^^ not found in this scope

error[E0425]: cannot find value `Rfc3339` in this scope
  --> tests/integration/formatting.rs:82:67
   |
82 |         datetime!(2021-01-02 03:04:05.123_456_789 +01:02).format(&Rfc3339)?,
   |                                                                   ^^^^^^^ not found in this scope

error[E0425]: cannot find value `Rfc3339` in this scope
  --> tests/integration/formatting.rs:87:49
   |
87 |         datetime!(-0001-01-01 0:00 UTC).format(&Rfc3339),
   |                                                 ^^^^^^^ not found in this scope

error[E0425]: cannot find value `Rfc3339` in this scope
  --> tests/integration/formatting.rs:91:54
   |
91 |         datetime!(0000-01-01 0:00 +00:00:01).format(&Rfc3339),
   |                                                      ^^^^^^^ not found in this scope

error[E0425]: cannot find value `Rfc3339` in this scope
   --> tests/integration/formatting.rs:377:65
    |
36  | fn rfc_3339() -> time::Result<()> {
    | --------------------------------- similarly named constant `rfc_3339` defined here
...
377 |     assert_insufficient_type_information(Time::MIDNIGHT.format(&Rfc3339));
    |                                                                 ^^^^^^^ help: a constant with a similar name exists: `rfc_3339`

error[E0425]: cannot find value `Rfc3339` in this scope
   --> tests/integration/formatting.rs:378:68
    |
36  | fn rfc_3339() -> time::Result<()> {
    | --------------------------------- similarly named constant `rfc_3339` defined here
...
378 |     assert_insufficient_type_information(date!(2021 - 001).format(&Rfc3339));
    |                                                                    ^^^^^^^ help: a constant with a similar name exists: `rfc_3339`

error[E0425]: cannot find value `Rfc3339` in this scope
   --> tests/integration/formatting.rs:379:77
    |
36  | fn rfc_3339() -> time::Result<()> {
    | --------------------------------- similarly named constant `rfc_3339` defined here
...
379 |     assert_insufficient_type_information(datetime!(2021 - 001 0:00).format(&Rfc3339));
    |                                                                             ^^^^^^^ help: a constant with a similar name exists: `rfc_3339`

error[E0425]: cannot find value `Rfc2822` in this scope
   --> tests/integration/formatting.rs:380:65
    |
9   | fn rfc_2822() -> time::Result<()> {
    | --------------------------------- similarly named constant `rfc_2822` defined here
...
380 |     assert_insufficient_type_information(Time::MIDNIGHT.format(&Rfc2822));
    |                                                                 ^^^^^^^ help: a constant with a similar name exists: `rfc_2822`

error[E0425]: cannot find value `Rfc2822` in this scope
   --> tests/integration/formatting.rs:381:68
    |
9   | fn rfc_2822() -> time::Result<()> {
    | --------------------------------- similarly named constant `rfc_2822` defined here
...
381 |     assert_insufficient_type_information(date!(2021 - 001).format(&Rfc2822));
    |                                                                    ^^^^^^^ help: a constant with a similar name exists: `rfc_2822`

error[E0425]: cannot find value `Rfc2822` in this scope
   --> tests/integration/formatting.rs:382:77
    |
9   | fn rfc_2822() -> time::Result<()> {
    | --------------------------------- similarly named constant `rfc_2822` defined here
...
382 |     assert_insufficient_type_information(datetime!(2021 - 001 0:00).format(&Rfc2822));
    |                                                                             ^^^^^^^ help: a constant with a similar name exists: `rfc_2822`

error[E0425]: cannot find value `Rfc3339` in this scope
   --> tests/integration/formatting.rs:408:67
    |
36  | fn rfc_3339() -> time::Result<()> {
    | --------------------------------- similarly named constant `rfc_3339` defined here
...
408 |     assert_err(OffsetDateTime::UNIX_EPOCH.format_into(bytes!(0), &Rfc3339));
    |                                                                   ^^^^^^^ help: a constant with a similar name exists: `rfc_3339`

error[E0425]: cannot find value `Rfc3339` in this scope
   --> tests/integration/formatting.rs:409:67
    |
36  | fn rfc_3339() -> time::Result<()> {
    | --------------------------------- similarly named constant `rfc_3339` defined here
...
409 |     assert_err(OffsetDateTime::UNIX_EPOCH.format_into(bytes!(4), &Rfc3339));
    |                                                                   ^^^^^^^ help: a constant with a similar name exists: `rfc_3339`

error[E0425]: cannot find value `Rfc3339` in this scope
   --> tests/integration/formatting.rs:410:67
    |
36  | fn rfc_3339() -> time::Result<()> {
    | --------------------------------- similarly named constant `rfc_3339` defined here
...
410 |     assert_err(OffsetDateTime::UNIX_EPOCH.format_into(bytes!(5), &Rfc3339));
    |                                                                   ^^^^^^^ help: a constant with a similar name exists: `rfc_3339`

error[E0425]: cannot find value `Rfc3339` in this scope
   --> tests/integration/formatting.rs:411:67
    |
36  | fn rfc_3339() -> time::Result<()> {
    | --------------------------------- similarly named constant `rfc_3339` defined here
...
411 |     assert_err(OffsetDateTime::UNIX_EPOCH.format_into(bytes!(7), &Rfc3339));
    |                                                                   ^^^^^^^ help: a constant with a similar name exists: `rfc_3339`

error[E0425]: cannot find value `Rfc3339` in this scope
   --> tests/integration/formatting.rs:412:67
    |
36  | fn rfc_3339() -> time::Result<()> {
    | --------------------------------- similarly named constant `rfc_3339` defined here
...
412 |     assert_err(OffsetDateTime::UNIX_EPOCH.format_into(bytes!(8), &Rfc3339));
    |                                                                   ^^^^^^^ help: a constant with a similar name exists: `rfc_3339`

error[E0425]: cannot find value `Rfc3339` in this scope
   --> tests/integration/formatting.rs:413:68
    |
36  | fn rfc_3339() -> time::Result<()> {
    | --------------------------------- similarly named constant `rfc_3339` defined here
...
413 |     assert_err(OffsetDateTime::UNIX_EPOCH.format_into(bytes!(10), &Rfc3339));
    |                                                                    ^^^^^^^ help: a constant with a similar name exists: `rfc_3339`

error[E0425]: cannot find value `Rfc3339` in this scope
   --> tests/integration/formatting.rs:414:68
    |
36  | fn rfc_3339() -> time::Result<()> {
    | --------------------------------- similarly named constant `rfc_3339` defined here
...
414 |     assert_err(OffsetDateTime::UNIX_EPOCH.format_into(bytes!(11), &Rfc3339));
    |                                                                    ^^^^^^^ help: a constant with a similar name exists: `rfc_3339`

error[E0425]: cannot find value `Rfc3339` in this scope
   --> tests/integration/formatting.rs:415:68
    |
36  | fn rfc_3339() -> time::Result<()> {
    | --------------------------------- similarly named constant `rfc_3339` defined here
...
415 |     assert_err(OffsetDateTime::UNIX_EPOCH.format_into(bytes!(13), &Rfc3339));
    |                                                                    ^^^^^^^ help: a constant with a similar name exists: `rfc_3339`

error[E0425]: cannot find value `Rfc3339` in this scope
   --> tests/integration/formatting.rs:416:68
    |
36  | fn rfc_3339() -> time::Result<()> {
    | --------------------------------- similarly named constant `rfc_3339` defined here
...
416 |     assert_err(OffsetDateTime::UNIX_EPOCH.format_into(bytes!(14), &Rfc3339));
    |                                                                    ^^^^^^^ help: a constant with a similar name exists: `rfc_3339`

error[E0425]: cannot find value `Rfc3339` in this scope
   --> tests/integration/formatting.rs:417:68
    |
36  | fn rfc_3339() -> time::Result<()> {
    | --------------------------------- similarly named constant `rfc_3339` defined here
...
417 |     assert_err(OffsetDateTime::UNIX_EPOCH.format_into(bytes!(16), &Rfc3339));
    |                                                                    ^^^^^^^ help: a constant with a similar name exists: `rfc_3339`

error[E0425]: cannot find value `Rfc3339` in this scope
   --> tests/integration/formatting.rs:418:68
    |
36  | fn rfc_3339() -> time::Result<()> {
    | --------------------------------- similarly named constant `rfc_3339` defined here
...
418 |     assert_err(OffsetDateTime::UNIX_EPOCH.format_into(bytes!(17), &Rfc3339));
    |                                                                    ^^^^^^^ help: a constant with a similar name exists: `rfc_3339`

error[E0425]: cannot find value `Rfc3339` in this scope
   --> tests/integration/formatting.rs:419:68
    |
36  | fn rfc_3339() -> time::Result<()> {
    | --------------------------------- similarly named constant `rfc_3339` defined here
...
419 |     assert_err(OffsetDateTime::UNIX_EPOCH.format_into(bytes!(19), &Rfc3339));
    |                                                                    ^^^^^^^ help: a constant with a similar name exists: `rfc_3339`

error[E0425]: cannot find value `Rfc3339` in this scope
   --> tests/integration/formatting.rs:420:75
    |
36  | fn rfc_3339() -> time::Result<()> {
    | --------------------------------- similarly named constant `rfc_3339` defined here
...
420 |     assert_err(datetime!(2021-001 0:00:00.1 UTC).format_into(bytes!(19), &Rfc3339));
    |                                                                           ^^^^^^^ help: a constant with a similar name exists: `rfc_3339`

error[E0425]: cannot find value `Rfc3339` in this scope
   --> tests/integration/formatting.rs:421:75
    |
36  | fn rfc_3339() -> time::Result<()> {
    | --------------------------------- similarly named constant `rfc_3339` defined here
...
421 |     assert_err(datetime!(2021-001 0:00:00.1 UTC).format_into(bytes!(20), &Rfc3339));
    |                                                                           ^^^^^^^ help: a constant with a similar name exists: `rfc_3339`

error[E0425]: cannot find value `Rfc3339` in this scope
   --> tests/integration/formatting.rs:422:72
    |
36  | fn rfc_3339() -> time::Result<()> {
    | --------------------------------- similarly named constant `rfc_3339` defined here
...
422 |     assert_err(datetime!(2021-001 0:00 +0:01).format_into(bytes!(19), &Rfc3339));
    |                                                                        ^^^^^^^ help: a constant with a similar name exists: `rfc_3339`

error[E0425]: cannot find value `Rfc3339` in this scope
   --> tests/integration/formatting.rs:423:72
    |
36  | fn rfc_3339() -> time::Result<()> {
    | --------------------------------- similarly named constant `rfc_3339` defined here
...
423 |     assert_err(datetime!(2021-001 0:00 +0:01).format_into(bytes!(20), &Rfc3339));
    |                                                                        ^^^^^^^ help: a constant with a similar name exists: `rfc_3339`

error[E0425]: cannot find value `Rfc3339` in this scope
   --> tests/integration/formatting.rs:424:72
    |
36  | fn rfc_3339() -> time::Result<()> {
    | --------------------------------- similarly named constant `rfc_3339` defined here
...
424 |     assert_err(datetime!(2021-001 0:00 +0:01).format_into(bytes!(22), &Rfc3339));
    |                                                                        ^^^^^^^ help: a constant with a similar name exists: `rfc_3339`

error[E0425]: cannot find value `Rfc3339` in this scope
   --> tests/integration/formatting.rs:425:72
    |
36  | fn rfc_3339() -> time::Result<()> {
    | --------------------------------- similarly named constant `rfc_3339` defined here
...
425 |     assert_err(datetime!(2021-001 0:00 +0:01).format_into(bytes!(23), &Rfc3339));
    |                                                                        ^^^^^^^ help: a constant with a similar name exists: `rfc_3339`

error[E0425]: cannot find value `Rfc2822` in this scope
   --> tests/integration/formatting.rs:427:67
    |
9   | fn rfc_2822() -> time::Result<()> {
    | --------------------------------- similarly named constant `rfc_2822` defined here
...
427 |     assert_err(OffsetDateTime::UNIX_EPOCH.format_into(bytes!(0), &Rfc2822));
    |                                                                   ^^^^^^^ help: a constant with a similar name exists: `rfc_2822`

error[E0425]: cannot find value `Rfc2822` in this scope
   --> tests/integration/formatting.rs:428:67
    |
9   | fn rfc_2822() -> time::Result<()> {
    | --------------------------------- similarly named constant `rfc_2822` defined here
...
428 |     assert_err(OffsetDateTime::UNIX_EPOCH.format_into(bytes!(4), &Rfc2822));
    |                                                                   ^^^^^^^ help: a constant with a similar name exists: `rfc_2822`

error[E0425]: cannot find value `Rfc2822` in this scope
   --> tests/integration/formatting.rs:429:67
    |
9   | fn rfc_2822() -> time::Result<()> {
    | --------------------------------- similarly named constant `rfc_2822` defined here
...
429 |     assert_err(OffsetDateTime::UNIX_EPOCH.format_into(bytes!(6), &Rfc2822));
    |                                                                   ^^^^^^^ help: a constant with a similar name exists: `rfc_2822`

error[E0425]: cannot find value `Rfc2822` in this scope
   --> tests/integration/formatting.rs:430:67
    |
9   | fn rfc_2822() -> time::Result<()> {
    | --------------------------------- similarly named constant `rfc_2822` defined here
...
430 |     assert_err(OffsetDateTime::UNIX_EPOCH.format_into(bytes!(7), &Rfc2822));
    |                                                                   ^^^^^^^ help: a constant with a similar name exists: `rfc_2822`

error[E0425]: cannot find value `Rfc2822` in this scope
   --> tests/integration/formatting.rs:431:67
    |
9   | fn rfc_2822() -> time::Result<()> {
    | --------------------------------- similarly named constant `rfc_2822` defined here
...
431 |     assert_err(OffsetDateTime::UNIX_EPOCH.format_into(bytes!(8), &Rfc2822));
    |                                                                   ^^^^^^^ help: a constant with a similar name exists: `rfc_2822`

error[E0425]: cannot find value `Rfc2822` in this scope
   --> tests/integration/formatting.rs:432:68
    |
9   | fn rfc_2822() -> time::Result<()> {
    | --------------------------------- similarly named constant `rfc_2822` defined here
...
432 |     assert_err(OffsetDateTime::UNIX_EPOCH.format_into(bytes!(11), &Rfc2822));
    |                                                                    ^^^^^^^ help: a constant with a similar name exists: `rfc_2822`

error[E0425]: cannot find value `Rfc2822` in this scope
   --> tests/integration/formatting.rs:433:68
    |
9   | fn rfc_2822() -> time::Result<()> {
    | --------------------------------- similarly named constant `rfc_2822` defined here
...
433 |     assert_err(OffsetDateTime::UNIX_EPOCH.format_into(bytes!(12), &Rfc2822));
    |                                                                    ^^^^^^^ help: a constant with a similar name exists: `rfc_2822`

error[E0425]: cannot find value `Rfc2822` in this scope
   --> tests/integration/formatting.rs:434:68
    |
9   | fn rfc_2822() -> time::Result<()> {
    | --------------------------------- similarly named constant `rfc_2822` defined here
...
434 |     assert_err(OffsetDateTime::UNIX_EPOCH.format_into(bytes!(16), &Rfc2822));
    |                                                                    ^^^^^^^ help: a constant with a similar name exists: `rfc_2822`

error[E0425]: cannot find value `Rfc2822` in this scope
   --> tests/integration/formatting.rs:435:68
    |
9   | fn rfc_2822() -> time::Result<()> {
    | --------------------------------- similarly named constant `rfc_2822` defined here
...
435 |     assert_err(OffsetDateTime::UNIX_EPOCH.format_into(bytes!(17), &Rfc2822));
    |                                                                    ^^^^^^^ help: a constant with a similar name exists: `rfc_2822`

error[E0425]: cannot find value `Rfc2822` in this scope
   --> tests/integration/formatting.rs:436:68
    |
9   | fn rfc_2822() -> time::Result<()> {
    | --------------------------------- similarly named constant `rfc_2822` defined here
...
436 |     assert_err(OffsetDateTime::UNIX_EPOCH.format_into(bytes!(19), &Rfc2822));
    |                                                                    ^^^^^^^ help: a constant with a similar name exists: `rfc_2822`

error[E0425]: cannot find value `Rfc2822` in this scope
   --> tests/integration/formatting.rs:437:68
    |
9   | fn rfc_2822() -> time::Result<()> {
    | --------------------------------- similarly named constant `rfc_2822` defined here
...
437 |     assert_err(OffsetDateTime::UNIX_EPOCH.format_into(bytes!(20), &Rfc2822));
    |                                                                    ^^^^^^^ help: a constant with a similar name exists: `rfc_2822`

error[E0425]: cannot find value `Rfc2822` in this scope
   --> tests/integration/formatting.rs:438:68
    |
9   | fn rfc_2822() -> time::Result<()> {
    | --------------------------------- similarly named constant `rfc_2822` defined here
...
438 |     assert_err(OffsetDateTime::UNIX_EPOCH.format_into(bytes!(22), &Rfc2822));
    |                                                                    ^^^^^^^ help: a constant with a similar name exists: `rfc_2822`

error[E0425]: cannot find value `Rfc2822` in this scope
   --> tests/integration/formatting.rs:439:68
    |
9   | fn rfc_2822() -> time::Result<()> {
    | --------------------------------- similarly named constant `rfc_2822` defined here
...
439 |     assert_err(OffsetDateTime::UNIX_EPOCH.format_into(bytes!(23), &Rfc2822));
    |                                                                    ^^^^^^^ help: a constant with a similar name exists: `rfc_2822`

error[E0425]: cannot find value `Rfc2822` in this scope
   --> tests/integration/formatting.rs:440:68
    |
9   | fn rfc_2822() -> time::Result<()> {
    | --------------------------------- similarly named constant `rfc_2822` defined here
...
440 |     assert_err(OffsetDateTime::UNIX_EPOCH.format_into(bytes!(25), &Rfc2822));
    |                                                                    ^^^^^^^ help: a constant with a similar name exists: `rfc_2822`

error[E0425]: cannot find value `Rfc2822` in this scope
   --> tests/integration/formatting.rs:441:68
    |
9   | fn rfc_2822() -> time::Result<()> {
    | --------------------------------- similarly named constant `rfc_2822` defined here
...
441 |     assert_err(OffsetDateTime::UNIX_EPOCH.format_into(bytes!(26), &Rfc2822));
    |                                                                    ^^^^^^^ help: a constant with a similar name exists: `rfc_2822`

error[E0425]: cannot find value `Rfc2822` in this scope
   --> tests/integration/formatting.rs:442:68
    |
9   | fn rfc_2822() -> time::Result<()> {
    | --------------------------------- similarly named constant `rfc_2822` defined here
...
442 |     assert_err(OffsetDateTime::UNIX_EPOCH.format_into(bytes!(27), &Rfc2822));
    |                                                                    ^^^^^^^ help: a constant with a similar name exists: `rfc_2822`

error[E0425]: cannot find value `Rfc2822` in this scope
   --> tests/integration/formatting.rs:443:68
    |
9   | fn rfc_2822() -> time::Result<()> {
    | --------------------------------- similarly named constant `rfc_2822` defined here
...
443 |     assert_err(OffsetDateTime::UNIX_EPOCH.format_into(bytes!(29), &Rfc2822));
    |                                                                    ^^^^^^^ help: a constant with a similar name exists: `rfc_2822`

error[E0425]: cannot find value `Rfc2822` in this scope
   --> tests/integration/formatting.rs:444:68
    |
9   | fn rfc_2822() -> time::Result<()> {
    | --------------------------------- similarly named constant `rfc_2822` defined here
...
444 |     assert_err(OffsetDateTime::UNIX_EPOCH.format_into(bytes!(30), &Rfc2822));
    |                                                                    ^^^^^^^ help: a constant with a similar name exists: `rfc_2822`

error[E0433]: failed to resolve: use of undeclared type `Component`
  --> tests/integration/macros.rs:34:35
   |
34 |             FormatItem::Component(Component::Day(modifier!(Day {
   |                                   ^^^^^^^^^ not found in this scope
   |
help: consider importing this enum
   |
1  | use std::path::Component;
   |

error[E0433]: failed to resolve: use of undeclared type `Component`
  --> tests/integration/macros.rs:37:35
   |
37 |             FormatItem::Component(Component::Day(modifier!(Day {
   |                                   ^^^^^^^^^ not found in this scope
   |
help: consider importing this enum
   |
1  | use std::path::Component;
   |

error[E0433]: failed to resolve: use of undeclared type `Component`
  --> tests/integration/macros.rs:40:35
   |
40 |             FormatItem::Component(Component::Day(modifier!(Day {
   |                                   ^^^^^^^^^ not found in this scope
   |
help: consider importing this enum
   |
1  | use std::path::Component;
   |

error[E0433]: failed to resolve: use of undeclared type `Component`
  --> tests/integration/macros.rs:50:35
   |
50 |             FormatItem::Component(Component::OffsetMinute(modifier!(OffsetMinute {
   |                                   ^^^^^^^^^ not found in this scope
   |
help: consider importing this enum
   |
1  | use std::path::Component;
   |

error[E0433]: failed to resolve: use of undeclared type `Component`
  --> tests/integration/macros.rs:53:35
   |
53 |             FormatItem::Component(Component::OffsetMinute(modifier!(OffsetMinute {
   |                                   ^^^^^^^^^ not found in this scope
   |
help: consider importing this enum
   |
1  | use std::path::Component;
   |

error[E0433]: failed to resolve: use of undeclared type `Component`
  --> tests/integration/macros.rs:56:35
   |
56 |             FormatItem::Component(Component::OffsetMinute(modifier!(OffsetMinute {
   |                                   ^^^^^^^^^ not found in this scope
   |
help: consider importing this enum
   |
1  | use std::path::Component;
   |

error[E0433]: failed to resolve: use of undeclared type `Component`
  --> tests/integration/macros.rs:66:35
   |
66 |             FormatItem::Component(Component::OffsetSecond(modifier!(OffsetSecond {
   |                                   ^^^^^^^^^ not found in this scope
   |
help: consider importing this enum
   |
1  | use std::path::Component;
   |

error[E0433]: failed to resolve: use of undeclared type `Component`
  --> tests/integration/macros.rs:69:35
   |
69 |             FormatItem::Component(Component::OffsetSecond(modifier!(OffsetSecond {
   |                                   ^^^^^^^^^ not found in this scope
   |
help: consider importing this enum
   |
1  | use std::path::Component;
   |

error[E0433]: failed to resolve: use of undeclared type `Component`
  --> tests/integration/macros.rs:72:35
   |
72 |             FormatItem::Component(Component::OffsetSecond(modifier!(OffsetSecond {
   |                                   ^^^^^^^^^ not found in this scope
   |
help: consider importing this enum
   |
1  | use std::path::Component;
   |

error[E0433]: failed to resolve: use of undeclared type `Component`
  --> tests/integration/macros.rs:80:35
   |
80 |             FormatItem::Component(Component::Ordinal(modifier!(Ordinal {
   |                                   ^^^^^^^^^ not found in this scope
   |
help: consider importing this enum
   |
1  | use std::path::Component;
   |

error[E0433]: failed to resolve: use of undeclared type `Component`
  --> tests/integration/macros.rs:83:35
   |
83 |             FormatItem::Component(Component::Ordinal(modifier!(Ordinal {
   |                                   ^^^^^^^^^ not found in this scope
   |
help: consider importing this enum
   |
1  | use std::path::Component;
   |

error[E0433]: failed to resolve: use of undeclared type `Component`
  --> tests/integration/macros.rs:86:35
   |
86 |             FormatItem::Component(Component::Ordinal(modifier!(Ordinal {
   |                                   ^^^^^^^^^ not found in this scope
   |
help: consider importing this enum
   |
1  | use std::path::Component;
   |

error[E0433]: failed to resolve: use of undeclared type `Component`
  --> tests/integration/macros.rs:93:33
   |
93 |         &[FormatItem::Component(Component::Month(modifier!(Month {
   |                                 ^^^^^^^^^ not found in this scope
   |
help: consider importing this enum
   |
1  | use std::path::Component;
   |

error[E0433]: failed to resolve: could not find `format_description` in `time`
  --> tests/integration/macros.rs:93:60
   |
93 |         &[FormatItem::Component(Component::Month(modifier!(Month {
   |                                                            ^^^^^ not found in `time::format_description::modifier`
   |
help: consider importing this enum
   |
1  | use time::Month;
   |

error[E0433]: failed to resolve: use of undeclared type `Component`
   --> tests/integration/macros.rs:100:33
    |
100 |         &[FormatItem::Component(Component::WeekNumber(modifier!(
    |                                 ^^^^^^^^^ not found in this scope
    |
help: consider importing this enum
    |
1   | use std::path::Component;
    |

error[E0433]: failed to resolve: use of undeclared type `Component`
   --> tests/integration/macros.rs:109:33
    |
109 |         &[FormatItem::Component(Component::Weekday(modifier!(
    |                                 ^^^^^^^^^ not found in this scope
    |
help: consider importing this enum
    |
1   | use std::path::Component;
    |

error[E0433]: failed to resolve: could not find `format_description` in `time`
   --> tests/integration/macros.rs:110:13
    |
110 |             Weekday {
    |             ^^^^^^^ not found in `time::format_description::modifier`
    |
help: consider importing this enum
    |
1   | use time::Weekday;
    |

error[E0433]: failed to resolve: use of undeclared type `Component`
   --> tests/integration/macros.rs:118:33
    |
118 |         &[FormatItem::Component(Component::Year(modifier!(Year {
    |                                 ^^^^^^^^^ not found in this scope
    |
help: consider importing this enum
    |
1   | use std::path::Component;
    |

error[E0433]: failed to resolve: use of undeclared type `Date`
   --> tests/integration/macros.rs:133:39
    |
133 |     assert_eq!(Ok(date!(2000 - 001)), Date::from_ordinal_date(2000, 1));
    |                                       ^^^^ not found in this scope
    |
help: consider importing this struct
    |
1   | use time::Date;
    |

error[E0433]: failed to resolve: use of undeclared type `Date`
   --> tests/integration/macros.rs:134:40
    |
134 |     assert_eq!(Ok(date!(2019-W 01-1)), Date::from_ordinal_date(2018, 365));
    |                                        ^^^^ not found in this scope
    |
help: consider importing this struct
    |
1   | use time::Date;
    |

error[E0433]: failed to resolve: use of undeclared type `Date`
   --> tests/integration/macros.rs:135:40
    |
135 |     assert_eq!(Ok(date!(2021-W 52-6)), Date::from_ordinal_date(2022, 1));
    |                                        ^^^^ not found in this scope
    |
help: consider importing this struct
    |
1   | use time::Date;
    |

error[E0433]: failed to resolve: use of undeclared type `Date`
   --> tests/integration/macros.rs:136:40
    |
136 |     assert_eq!(Ok(date!(2021-W 34-5)), Date::from_ordinal_date(2021, 239));
    |                                        ^^^^ not found in this scope
    |
help: consider importing this struct
    |
1   | use time::Date;
    |

error[E0433]: failed to resolve: use of undeclared type `Time`
   --> tests/integration/macros.rs:142:34
    |
142 |     assert_eq!(Ok(time!(12 PM)), Time::from_hms(12, 0, 0));
    |                                  ^^^^ not found in this scope
    |
help: consider importing this struct
    |
1   | use time::Time;
    |

error[E0433]: failed to resolve: use of undeclared type `OffsetDateTime`
  --> tests/integration/offset_date_time.rs:10:13
   |
10 |     assert!(OffsetDateTime::now_utc().year() >= 2019);
   |             ^^^^^^^^^^^^^^ not found in this scope
   |
help: consider importing this struct
   |
1  | use time::OffsetDateTime;
   |

error[E0433]: failed to resolve: use of undeclared type `OffsetDateTime`
  --> tests/integration/offset_date_time.rs:11:16
   |
11 |     assert_eq!(OffsetDateTime::now_utc().offset(), offset!(UTC));
   |                ^^^^^^^^^^^^^^ not found in this scope
   |
help: consider importing this struct
   |
1  | use time::OffsetDateTime;
   |

error[E0433]: failed to resolve: use of undeclared type `OffsetDateTime`
  --> tests/integration/offset_date_time.rs:21:13
   |
21 |     let _ = OffsetDateTime::now_local();
   |             ^^^^^^^^^^^^^^ not found in this scope
   |
help: consider importing this struct
   |
1  | use time::OffsetDateTime;
   |

error[E0433]: failed to resolve: use of undeclared type `OffsetDateTime`
  --> tests/integration/offset_date_time.rs:45:9
   |
45 |         OffsetDateTime::from_unix_timestamp(0),
   |         ^^^^^^^^^^^^^^ not found in this scope
   |
help: consider importing this struct
   |
1  | use time::OffsetDateTime;
   |

error[E0433]: failed to resolve: use of undeclared type `OffsetDateTime`
  --> tests/integration/offset_date_time.rs:49:9
   |
49 |         OffsetDateTime::from_unix_timestamp(1_546_300_800),
   |         ^^^^^^^^^^^^^^ not found in this scope
   |
help: consider importing this struct
   |
1  | use time::OffsetDateTime;
   |

error[E0433]: failed to resolve: use of undeclared type `OffsetDateTime`
  --> tests/integration/offset_date_time.rs:57:9
   |
57 |         OffsetDateTime::from_unix_timestamp_nanos(0),
   |         ^^^^^^^^^^^^^^ not found in this scope
   |
help: consider importing this struct
   |
1  | use time::OffsetDateTime;
   |

error[E0433]: failed to resolve: use of undeclared type `OffsetDateTime`
  --> tests/integration/offset_date_time.rs:61:9
   |
61 |         OffsetDateTime::from_unix_timestamp_nanos(1_546_300_800_000_000_000),
   |         ^^^^^^^^^^^^^^ not found in this scope
   |
help: consider importing this struct
   |
1  | use time::OffsetDateTime;
   |

error[E0433]: failed to resolve: use of undeclared type `OffsetDateTime`
  --> tests/integration/offset_date_time.rs:64:13
   |
64 |     assert!(OffsetDateTime::from_unix_timestamp_nanos(i128::MAX).is_err());
   |             ^^^^^^^^^^^^^^ not found in this scope
   |
help: consider importing this struct
   |
1  | use time::OffsetDateTime;
   |

error[E0425]: cannot find value `Tuesday` in this scope
   --> tests/integration/offset_date_time.rs:205:19
    |
205 |         (2019, 1, Tuesday)
    |                   ^^^^^^^ not found in this scope
    |
help: consider importing this unit variant
    |
1   | use time::Weekday::Tuesday;
    |

error[E0425]: cannot find value `Friday` in this scope
   --> tests/integration/offset_date_time.rs:209:20
    |
209 |         (2019, 40, Friday)
    |                    ^^^^^^ not found in this scope
    |
help: consider importing this unit variant
    |
1   | use time::Weekday::Friday;
    |

error[E0425]: cannot find value `Wednesday` in this scope
   --> tests/integration/offset_date_time.rs:213:19
    |
213 |         (2020, 1, Wednesday)
    |                   ^^^^^^^^^ not found in this scope
    |
help: consider importing this unit variant
    |
1   | use time::Weekday::Wednesday;
    |

error[E0425]: cannot find value `Thursday` in this scope
   --> tests/integration/offset_date_time.rs:217:20
    |
217 |         (2020, 53, Thursday)
    |                    ^^^^^^^^ not found in this scope
    |
help: consider importing this unit variant
    |
1   | use time::Weekday::Thursday;
    |

error[E0425]: cannot find value `Friday` in this scope
   --> tests/integration/offset_date_time.rs:221:20
    |
221 |         (2020, 53, Friday)
    |                    ^^^^^^ not found in this scope
    |
help: consider importing this unit variant
    |
1   | use time::Weekday::Friday;
    |

error[E0425]: cannot find value `Tuesday` in this scope
   --> tests/integration/offset_date_time.rs:228:58
    |
228 |     assert_eq!(datetime!(2019-01-01 0:00 UTC).weekday(), Tuesday);
    |                                                          ^^^^^^^ not found in this scope
    |
help: consider importing this unit variant
    |
1   | use time::Weekday::Tuesday;
    |

error[E0425]: cannot find value `Friday` in this scope
   --> tests/integration/offset_date_time.rs:229:58
    |
229 |     assert_eq!(datetime!(2019-02-01 0:00 UTC).weekday(), Friday);
    |                                                          ^^^^^^ not found in this scope
    |
help: consider importing this unit variant
    |
1   | use time::Weekday::Friday;
    |

error[E0425]: cannot find value `Friday` in this scope
   --> tests/integration/offset_date_time.rs:230:58
    |
230 |     assert_eq!(datetime!(2019-03-01 0:00 UTC).weekday(), Friday);
    |                                                          ^^^^^^ not found in this scope
    |
help: consider importing this unit variant
    |
1   | use time::Weekday::Friday;
    |

error[E0433]: failed to resolve: use of undeclared type `OffsetDateTime`
   --> tests/integration/offset_date_time.rs:774:24
    |
774 |     let now_datetime = OffsetDateTime::now_utc();
    |                        ^^^^^^^^^^^^^^ not found in this scope
    |
help: consider importing this struct
    |
1   | use time::OffsetDateTime;
    |

error[E0433]: failed to resolve: use of undeclared type `OffsetDateTime`
   --> tests/integration/offset_date_time.rs:781:24
    |
781 |     let now_datetime = OffsetDateTime::now_utc();
    |                        ^^^^^^^^^^^^^^ not found in this scope
    |
help: consider importing this struct
    |
1   | use time::OffsetDateTime;
    |

error[E0433]: failed to resolve: use of undeclared type `OffsetDateTime`
   --> tests/integration/offset_date_time.rs:843:9
    |
843 |         OffsetDateTime::from(SystemTime::UNIX_EPOCH),
    |         ^^^^^^^^^^^^^^ not found in this scope
    |
help: consider importing this struct
    |
1   | use time::OffsetDateTime;
    |

error[E0433]: failed to resolve: use of undeclared type `OffsetDateTime`
   --> tests/integration/offset_date_time.rs:847:9
    |
847 |         OffsetDateTime::from(SystemTime::UNIX_EPOCH - 1.std_days()),
    |         ^^^^^^^^^^^^^^ not found in this scope
    |
help: consider importing this struct
    |
1   | use time::OffsetDateTime;
    |

error[E0433]: failed to resolve: use of undeclared type `OffsetDateTime`
   --> tests/integration/offset_date_time.rs:851:9
    |
851 |         OffsetDateTime::from(SystemTime::UNIX_EPOCH + 1.std_days()),
    |         ^^^^^^^^^^^^^^ not found in this scope
    |
help: consider importing this struct
    |
1   | use time::OffsetDateTime;
    |

error[E0412]: cannot find type `Padding` in this scope
 --> tests/integration/parse_format_description.rs:6:54
  |
6 |     pub(super) fn padding() -> impl Iterator<Item = (Padding, &'static str)> {
  |                                                      ^^^^^^^ not found in this scope

error[E0412]: cannot find type `MonthRepr` in this scope
  --> tests/integration/parse_format_description.rs:26:57
   |
26 |     pub(super) fn month_repr() -> impl Iterator<Item = (MonthRepr, &'static str)> {
   |                                                         ^^^^^^^^^ not found in this scope

error[E0412]: cannot find type `SubsecondDigits` in this scope
  --> tests/integration/parse_format_description.rs:36:63
   |
36 |     pub(super) fn subsecond_digits() -> impl Iterator<Item = (SubsecondDigits, &'static str)> {
   |                                                               ^^^^^^^^^^^^^^^ not found in this scope

error[E0412]: cannot find type `WeekdayRepr` in this scope
  --> tests/integration/parse_format_description.rs:53:59
   |
53 |     pub(super) fn weekday_repr() -> impl Iterator<Item = (WeekdayRepr, &'static str)> {
   |                                                           ^^^^^^^^^^^ not found in this scope

error[E0412]: cannot find type `WeekNumberRepr` in this scope
  --> tests/integration/parse_format_description.rs:64:63
   |
64 |     pub(super) fn week_number_repr() -> impl Iterator<Item = (WeekNumberRepr, &'static str)> {
   |                                                               ^^^^^^^^^^^^^^ not found in this scope

error[E0412]: cannot find type `YearRepr` in this scope
  --> tests/integration/parse_format_description.rs:74:56
   |
74 |     pub(super) fn year_repr() -> impl Iterator<Item = (YearRepr, &'static str)> {
   |                                                        ^^^^^^^^ not found in this scope

error[E0433]: failed to resolve: could not find `format_description` in `time`
   --> tests/integration/parse_format_description.rs:184:13
    |
184 |             Month {
    |             ^^^^^ not found in `time::format_description::modifier`
    |
help: consider importing this enum
    |
111 | use time::Month;
    |

error[E0433]: failed to resolve: could not find `format_description` in `time`
   --> tests/integration/parse_format_description.rs:248:13
    |
248 |             Weekday {
    |             ^^^^^^^ not found in `time::format_description::modifier`
    |
help: consider importing this enum
    |
111 | use time::Weekday;
    |

error[E0422]: cannot find struct, variant or union type `InvalidComponentName` in this scope
   --> tests/integration/parse_format_description.rs:281:13
    |
281 |         Err(InvalidComponentName { name, index: 2, .. }) if name == "invalid"
    |             ^^^^^^^^^^^^^^^^^^^^ not found in this scope

error[E0422]: cannot find struct, variant or union type `UnclosedOpeningBracket` in this scope
   --> tests/integration/parse_format_description.rs:285:13
    |
285 |         Err(UnclosedOpeningBracket { index: 0, .. })
    |             ^^^^^^^^^^^^^^^^^^^^^^ not found in this scope

error[E0422]: cannot find struct, variant or union type `MissingComponentName` in this scope
   --> tests/integration/parse_format_description.rs:289:13
    |
289 |         Err(MissingComponentName { index: 1, .. })
    |             ^^^^^^^^^^^^^^^^^^^^ not found in this scope

error[E0422]: cannot find struct, variant or union type `InvalidModifier` in this scope
   --> tests/integration/parse_format_description.rs:293:13
    |
293 |         Err(InvalidModifier { value, index: 5,.. }) if value == "sign:mandatory"
    |             ^^^^^^^^^^^^^^^ not found in this scope

error[E0433]: failed to resolve: could not find `format_description` in `time`
   --> tests/integration/parse_format_description.rs:359:25
    |
359 |                         Month {
    |                         ^^^^^ not found in `time::format_description::modifier`
    |
help: consider importing this enum
    |
111 | use time::Month;
    |

error[E0433]: failed to resolve: could not find `format_description` in `time`
   --> tests/integration/parse_format_description.rs:389:29
    |
389 | ...                   Weekday {
    |                       ^^^^^^^ not found in `time::format_description::modifier`
    |
help: consider importing this enum
    |
111 | use time::Weekday;
    |

error[E0433]: failed to resolve: could not find `format_description` in `time`
   --> tests/integration/parse_format_description.rs:489:62
    |
489 |             FormatItem::Component(Component::Month(modifier!(Month {
    |                                                              ^^^^^ not found in `time::format_description::modifier`
    |
help: consider importing this enum
    |
111 | use time::Month;
    |

error[E0433]: failed to resolve: use of undeclared type `OffsetDateTime`
  --> tests/integration/parsing.rs:31:9
   |
31 |         OffsetDateTime::parse("Sat, 02 Jan 2021 03:04:05 GMT", &Rfc2822)?,
   |         ^^^^^^^^^^^^^^ not found in this scope
   |
help: consider importing this struct
   |
1  | use time::OffsetDateTime;
   |

error[E0425]: cannot find value `Rfc2822` in this scope
  --> tests/integration/parsing.rs:31:65
   |
31 |         OffsetDateTime::parse("Sat, 02 Jan 2021 03:04:05 GMT", &Rfc2822)?,
   |                                                                 ^^^^^^^ not found in this scope

error[E0433]: failed to resolve: use of undeclared type `OffsetDateTime`
  --> tests/integration/parsing.rs:35:9
   |
35 |         OffsetDateTime::parse("Sat, 02 Jan 2021 03:04:05 UT", &Rfc2822)?,
   |         ^^^^^^^^^^^^^^ not found in this scope
   |
help: consider importing this struct
   |
1  | use time::OffsetDateTime;
   |

error[E0425]: cannot find value `Rfc2822` in this scope
  --> tests/integration/parsing.rs:35:64
   |
35 |         OffsetDateTime::parse("Sat, 02 Jan 2021 03:04:05 UT", &Rfc2822)?,
   |                                                                ^^^^^^^ not found in this scope

error[E0433]: failed to resolve: use of undeclared type `OffsetDateTime`
  --> tests/integration/parsing.rs:39:9
   |
39 |         OffsetDateTime::parse("Sat, 02 Jan 2021 03:04:05 +0000", &Rfc2822)?,
   |         ^^^^^^^^^^^^^^ not found in this scope
   |
help: consider importing this struct
   |
1  | use time::OffsetDateTime;
   |

error[E0425]: cannot find value `Rfc2822` in this scope
  --> tests/integration/parsing.rs:39:67
   |
39 |         OffsetDateTime::parse("Sat, 02 Jan 2021 03:04:05 +0000", &Rfc2822)?,
   |                                                                   ^^^^^^^ not found in this scope

error[E0433]: failed to resolve: use of undeclared type `OffsetDateTime`
  --> tests/integration/parsing.rs:43:9
   |
43 |         OffsetDateTime::parse("Sat, 02 Jan 2021 03:04:05 +0607", &Rfc2822)?,
   |         ^^^^^^^^^^^^^^ not found in this scope
   |
help: consider importing this struct
   |
1  | use time::OffsetDateTime;
   |

error[E0425]: cannot find value `Rfc2822` in this scope
  --> tests/integration/parsing.rs:43:67
   |
43 |         OffsetDateTime::parse("Sat, 02 Jan 2021 03:04:05 +0607", &Rfc2822)?,
   |                                                                   ^^^^^^^ not found in this scope

error[E0433]: failed to resolve: use of undeclared type `OffsetDateTime`
  --> tests/integration/parsing.rs:47:9
   |
47 |         OffsetDateTime::parse("Sat, 02 Jan 2021 03:04:05 -0607", &Rfc2822)?,
   |         ^^^^^^^^^^^^^^ not found in this scope
   |
help: consider importing this struct
   |
1  | use time::OffsetDateTime;
   |

error[E0425]: cannot find value `Rfc2822` in this scope
  --> tests/integration/parsing.rs:47:67
   |
47 |         OffsetDateTime::parse("Sat, 02 Jan 2021 03:04:05 -0607", &Rfc2822)?,
   |                                                                   ^^^^^^^ not found in this scope

error[E0433]: failed to resolve: use of undeclared type `OffsetDateTime`
  --> tests/integration/parsing.rs:51:9
   |
51 |         OffsetDateTime::parse("Fri, 31 Dec 2021 23:59:60 Z", &Rfc2822)?,
   |         ^^^^^^^^^^^^^^ not found in this scope
   |
help: consider importing this struct
   |
1  | use time::OffsetDateTime;
   |

error[E0425]: cannot find value `Rfc2822` in this scope
  --> tests/integration/parsing.rs:51:63
   |
51 |         OffsetDateTime::parse("Fri, 31 Dec 2021 23:59:60 Z", &Rfc2822)?,
   |                                                               ^^^^^^^ not found in this scope

error[E0433]: failed to resolve: use of undeclared type `OffsetDateTime`
  --> tests/integration/parsing.rs:55:9
   |
55 |         OffsetDateTime::parse("Fri, 31 Dec 2021 23:59:60 z", &Rfc2822)?,
   |         ^^^^^^^^^^^^^^ not found in this scope
   |
help: consider importing this struct
   |
1  | use time::OffsetDateTime;
   |

error[E0425]: cannot find value `Rfc2822` in this scope
  --> tests/integration/parsing.rs:55:63
   |
55 |         OffsetDateTime::parse("Fri, 31 Dec 2021 23:59:60 z", &Rfc2822)?,
   |                                                               ^^^^^^^ not found in this scope

error[E0433]: failed to resolve: use of undeclared type `OffsetDateTime`
  --> tests/integration/parsing.rs:59:9
   |
59 |         OffsetDateTime::parse("Fri, 31 Dec 2021 23:59:60 a", &Rfc2822)?,
   |         ^^^^^^^^^^^^^^ not found in this scope
   |
help: consider importing this struct
   |
1  | use time::OffsetDateTime;
   |

error[E0425]: cannot find value `Rfc2822` in this scope
  --> tests/integration/parsing.rs:59:63
   |
59 |         OffsetDateTime::parse("Fri, 31 Dec 2021 23:59:60 a", &Rfc2822)?,
   |                                                               ^^^^^^^ not found in this scope

error[E0433]: failed to resolve: use of undeclared type `OffsetDateTime`
  --> tests/integration/parsing.rs:63:9
   |
63 |         OffsetDateTime::parse("Fri, 31 Dec 2021 23:59:60 A", &Rfc2822)?,
   |         ^^^^^^^^^^^^^^ not found in this scope
   |
help: consider importing this struct
   |
1  | use time::OffsetDateTime;
   |

error[E0425]: cannot find value `Rfc2822` in this scope
  --> tests/integration/parsing.rs:63:63
   |
63 |         OffsetDateTime::parse("Fri, 31 Dec 2021 23:59:60 A", &Rfc2822)?,
   |                                                               ^^^^^^^ not found in this scope

error[E0433]: failed to resolve: use of undeclared type `OffsetDateTime`
  --> tests/integration/parsing.rs:67:9
   |
67 |         OffsetDateTime::parse("Fri, 31 Dec 2021 17:52:60 -0607", &Rfc2822)?,
   |         ^^^^^^^^^^^^^^ not found in this scope
   |
help: consider importing this struct
   |
1  | use time::OffsetDateTime;
   |

error[E0425]: cannot find value `Rfc2822` in this scope
  --> tests/integration/parsing.rs:67:67
   |
67 |         OffsetDateTime::parse("Fri, 31 Dec 2021 17:52:60 -0607", &Rfc2822)?,
   |                                                                   ^^^^^^^ not found in this scope

error[E0433]: failed to resolve: use of undeclared type `OffsetDateTime`
  --> tests/integration/parsing.rs:71:9
   |
71 |         OffsetDateTime::parse("Sat, 01 Jan 2022 06:06:60 +0607", &Rfc2822)?,
   |         ^^^^^^^^^^^^^^ not found in this scope
   |
help: consider importing this struct
   |
1  | use time::OffsetDateTime;
   |

error[E0425]: cannot find value `Rfc2822` in this scope
  --> tests/integration/parsing.rs:71:67
   |
71 |         OffsetDateTime::parse("Sat, 01 Jan 2022 06:06:60 +0607", &Rfc2822)?,
   |                                                                   ^^^^^^^ not found in this scope

error[E0433]: failed to resolve: use of undeclared type `Date`
  --> tests/integration/parsing.rs:76:9
   |
76 |         Date::parse("Sat, 02 Jan 2021 03:04:05 GMT", &Rfc2822)?,
   |         ^^^^ not found in this scope
   |
help: consider importing this struct
   |
1  | use time::Date;
   |

error[E0425]: cannot find value `Rfc2822` in this scope
  --> tests/integration/parsing.rs:76:55
   |
76 |         Date::parse("Sat, 02 Jan 2021 03:04:05 GMT", &Rfc2822)?,
   |                                                       ^^^^^^^ not found in this scope

error[E0433]: failed to resolve: use of undeclared type `Date`
  --> tests/integration/parsing.rs:80:9
   |
80 |         Date::parse("Sat, 02 Jan 2021 03:04:05 +0607", &Rfc2822)?,
   |         ^^^^ not found in this scope
   |
help: consider importing this struct
   |
1  | use time::Date;
   |

error[E0425]: cannot find value `Rfc2822` in this scope
  --> tests/integration/parsing.rs:80:57
   |
80 |         Date::parse("Sat, 02 Jan 2021 03:04:05 +0607", &Rfc2822)?,
   |                                                         ^^^^^^^ not found in this scope

error[E0433]: failed to resolve: use of undeclared type `Date`
  --> tests/integration/parsing.rs:84:9
   |
84 |         Date::parse("Sat, 02 Jan 2021 03:04:05 -0607", &Rfc2822)?,
   |         ^^^^ not found in this scope
   |
help: consider importing this struct
   |
1  | use time::Date;
   |

error[E0425]: cannot find value `Rfc2822` in this scope
  --> tests/integration/parsing.rs:84:57
   |
84 |         Date::parse("Sat, 02 Jan 2021 03:04:05 -0607", &Rfc2822)?,
   |                                                         ^^^^^^^ not found in this scope

error[E0433]: failed to resolve: use of undeclared type `Date`
  --> tests/integration/parsing.rs:88:9
   |
88 |         Date::parse("Sat, 02 Jan 21 03:04:05 -0607", &Rfc2822)?,
   |         ^^^^ not found in this scope
   |
help: consider importing this struct
   |
1  | use time::Date;
   |

error[E0425]: cannot find value `Rfc2822` in this scope
  --> tests/integration/parsing.rs:88:55
   |
88 |         Date::parse("Sat, 02 Jan 21 03:04:05 -0607", &Rfc2822)?,
   |                                                       ^^^^^^^ not found in this scope

error[E0433]: failed to resolve: use of undeclared type `Date`
  --> tests/integration/parsing.rs:92:9
   |
92 |         Date::parse("Sat, 02 Jan 71 03:04:05 -0607", &Rfc2822)?,
   |         ^^^^ not found in this scope
   |
help: consider importing this struct
   |
1  | use time::Date;
   |

error[E0425]: cannot find value `Rfc2822` in this scope
  --> tests/integration/parsing.rs:92:55
   |
92 |         Date::parse("Sat, 02 Jan 71 03:04:05 -0607", &Rfc2822)?,
   |                                                       ^^^^^^^ not found in this scope

error[E0433]: failed to resolve: use of undeclared type `OffsetDateTime`
  --> tests/integration/parsing.rs:97:9
   |
97 |         OffsetDateTime::parse("Sat,(\\\u{a})02 Jan 2021 03:04:05 GMT", &Rfc2822)?,
   |         ^^^^^^^^^^^^^^ not found in this scope
   |
help: consider importing this struct
   |
1  | use time::OffsetDateTime;
   |

error[E0425]: cannot find value `Rfc2822` in this scope
  --> tests/integration/parsing.rs:97:73
   |
97 |         OffsetDateTime::parse("Sat,(\\\u{a})02 Jan 2021 03:04:05 GMT", &Rfc2822)?,
   |                                                                         ^^^^^^^ not found in this scope

error[E0433]: failed to resolve: use of undeclared type `Time`
   --> tests/integration/parsing.rs:102:9
    |
102 |         Time::parse(
    |         ^^^^ not found in this scope
    |
help: consider importing this struct
    |
1   | use time::Time;
    |

error[E0425]: cannot find value `Rfc2822` in this scope
   --> tests/integration/parsing.rs:109:14
    |
109 |             &Rfc2822
    |              ^^^^^^^ not found in this scope

error[E0433]: failed to resolve: use of undeclared type `OffsetDateTime`
   --> tests/integration/parsing.rs:124:9
    |
124 |         OffsetDateTime::parse(" \r\nM", &Rfc2822),
    |         ^^^^^^^^^^^^^^ not found in this scope
    |
help: consider importing this struct
    |
1   | use time::OffsetDateTime;
    |

error[E0425]: cannot find value `Rfc2822` in this scope
   --> tests/integration/parsing.rs:124:42
    |
29  | fn rfc_2822() -> time::Result<()> {
    | --------------------------------- similarly named constant `rfc_2822` defined here
...
124 |         OffsetDateTime::parse(" \r\nM", &Rfc2822),
    |                                          ^^^^^^^ help: a constant with a similar name exists: `rfc_2822`

error[E0433]: failed to resolve: use of undeclared type `OffsetDateTime`
   --> tests/integration/parsing.rs:128:9
    |
128 |         OffsetDateTime::parse("Mon,(\u{0}", &Rfc2822),
    |         ^^^^^^^^^^^^^^ not found in this scope
    |
help: consider importing this struct
    |
1   | use time::OffsetDateTime;
    |

error[E0425]: cannot find value `Rfc2822` in this scope
   --> tests/integration/parsing.rs:128:46
    |
29  | fn rfc_2822() -> time::Result<()> {
    | --------------------------------- similarly named constant `rfc_2822` defined here
...
128 |         OffsetDateTime::parse("Mon,(\u{0}", &Rfc2822),
    |                                              ^^^^^^^ help: a constant with a similar name exists: `rfc_2822`

error[E0433]: failed to resolve: use of undeclared type `OffsetDateTime`
   --> tests/integration/parsing.rs:132:9
    |
132 |         OffsetDateTime::parse("Mon,(", &Rfc2822),
    |         ^^^^^^^^^^^^^^ not found in this scope
    |
help: consider importing this struct
    |
1   | use time::OffsetDateTime;
    |

error[E0425]: cannot find value `Rfc2822` in this scope
   --> tests/integration/parsing.rs:132:41
    |
29  | fn rfc_2822() -> time::Result<()> {
    | --------------------------------- similarly named constant `rfc_2822` defined here
...
132 |         OffsetDateTime::parse("Mon,(", &Rfc2822),
    |                                         ^^^^^^^ help: a constant with a similar name exists: `rfc_2822`

error[E0433]: failed to resolve: use of undeclared type `OffsetDateTime`
   --> tests/integration/parsing.rs:136:9
    |
136 |         OffsetDateTime::parse("Mon,(\\\u{ff}", &Rfc2822),
    |         ^^^^^^^^^^^^^^ not found in this scope
    |
help: consider importing this struct
    |
1   | use time::OffsetDateTime;
    |

error[E0425]: cannot find value `Rfc2822` in this scope
   --> tests/integration/parsing.rs:136:49
    |
29  | fn rfc_2822() -> time::Result<()> {
    | --------------------------------- similarly named constant `rfc_2822` defined here
...
136 |         OffsetDateTime::parse("Mon,(\\\u{ff}", &Rfc2822),
    |                                                 ^^^^^^^ help: a constant with a similar name exists: `rfc_2822`

error[E0433]: failed to resolve: use of undeclared type `OffsetDateTime`
   --> tests/integration/parsing.rs:140:9
    |
140 |         OffsetDateTime::parse("Mon,((\\\u{0})(\\\u{b} )(\\\u{d})", &Rfc2822),
    |         ^^^^^^^^^^^^^^ not found in this scope
    |
help: consider importing this struct
    |
1   | use time::OffsetDateTime;
    |

error[E0425]: cannot find value `Rfc2822` in this scope
   --> tests/integration/parsing.rs:140:69
    |
29  | fn rfc_2822() -> time::Result<()> {
    | --------------------------------- similarly named constant `rfc_2822` defined here
...
140 |         OffsetDateTime::parse("Mon,((\\\u{0})(\\\u{b} )(\\\u{d})", &Rfc2822),
    |                                                                     ^^^^^^^ help: a constant with a similar name exists: `rfc_2822`

error[E0433]: failed to resolve: use of undeclared type `OffsetDateTime`
   --> tests/integration/parsing.rs:145:9
    |
145 |         OffsetDateTime::parse("Mon:", &Rfc2822),
    |         ^^^^^^^^^^^^^^ not found in this scope
    |
help: consider importing this struct
    |
1   | use time::OffsetDateTime;
    |

error[E0425]: cannot find value `Rfc2822` in this scope
   --> tests/integration/parsing.rs:145:40
    |
29  | fn rfc_2822() -> time::Result<()> {
    | --------------------------------- similarly named constant `rfc_2822` defined here
...
145 |         OffsetDateTime::parse("Mon:", &Rfc2822),
    |                                        ^^^^^^^ help: a constant with a similar name exists: `rfc_2822`

error[E0433]: failed to resolve: use of undeclared type `OffsetDateTime`
   --> tests/integration/parsing.rs:149:9
    |
149 |         OffsetDateTime::parse("Mon, o2", &Rfc2822),
    |         ^^^^^^^^^^^^^^ not found in this scope
    |
help: consider importing this struct
    |
1   | use time::OffsetDateTime;
    |

error[E0425]: cannot find value `Rfc2822` in this scope
   --> tests/integration/parsing.rs:149:43
    |
29  | fn rfc_2822() -> time::Result<()> {
    | --------------------------------- similarly named constant `rfc_2822` defined here
...
149 |         OffsetDateTime::parse("Mon, o2", &Rfc2822),
    |                                           ^^^^^^^ help: a constant with a similar name exists: `rfc_2822`

error[E0433]: failed to resolve: use of undeclared type `OffsetDateTime`
   --> tests/integration/parsing.rs:153:9
    |
153 |         OffsetDateTime::parse("Mon, 02_", &Rfc2822),
    |         ^^^^^^^^^^^^^^ not found in this scope
    |
help: consider importing this struct
    |
1   | use time::OffsetDateTime;
    |

error[E0425]: cannot find value `Rfc2822` in this scope
   --> tests/integration/parsing.rs:153:44
    |
29  | fn rfc_2822() -> time::Result<()> {
    | --------------------------------- similarly named constant `rfc_2822` defined here
...
153 |         OffsetDateTime::parse("Mon, 02_", &Rfc2822),
    |                                            ^^^^^^^ help: a constant with a similar name exists: `rfc_2822`

error[E0433]: failed to resolve: use of undeclared type `OffsetDateTime`
   --> tests/integration/parsing.rs:157:9
    |
157 |         OffsetDateTime::parse("Mon, 02 jxn", &Rfc2822),
    |         ^^^^^^^^^^^^^^ not found in this scope
    |
help: consider importing this struct
    |
1   | use time::OffsetDateTime;
    |

error[E0425]: cannot find value `Rfc2822` in this scope
   --> tests/integration/parsing.rs:157:47
    |
29  | fn rfc_2822() -> time::Result<()> {
    | --------------------------------- similarly named constant `rfc_2822` defined here
...
157 |         OffsetDateTime::parse("Mon, 02 jxn", &Rfc2822),
    |                                               ^^^^^^^ help: a constant with a similar name exists: `rfc_2822`

error[E0433]: failed to resolve: use of undeclared type `OffsetDateTime`
   --> tests/integration/parsing.rs:161:9
    |
161 |         OffsetDateTime::parse("Mon, 02 Jan_", &Rfc2822),
    |         ^^^^^^^^^^^^^^ not found in this scope
    |
help: consider importing this struct
    |
1   | use time::OffsetDateTime;
    |

error[E0425]: cannot find value `Rfc2822` in this scope
   --> tests/integration/parsing.rs:161:48
    |
29  | fn rfc_2822() -> time::Result<()> {
    | --------------------------------- similarly named constant `rfc_2822` defined here
...
161 |         OffsetDateTime::parse("Mon, 02 Jan_", &Rfc2822),
    |                                                ^^^^^^^ help: a constant with a similar name exists: `rfc_2822`

error[E0433]: failed to resolve: use of undeclared type `OffsetDateTime`
   --> tests/integration/parsing.rs:165:9
    |
165 |         OffsetDateTime::parse("Mon, 02 Jan abcd", &Rfc2822),
    |         ^^^^^^^^^^^^^^ not found in this scope
    |
help: consider importing this struct
    |
1   | use time::OffsetDateTime;
    |

error[E0425]: cannot find value `Rfc2822` in this scope
   --> tests/integration/parsing.rs:165:52
    |
29  | fn rfc_2822() -> time::Result<()> {
    | --------------------------------- similarly named constant `rfc_2822` defined here
...
165 |         OffsetDateTime::parse("Mon, 02 Jan abcd", &Rfc2822),
    |                                                    ^^^^^^^ help: a constant with a similar name exists: `rfc_2822`

error[E0433]: failed to resolve: use of undeclared type `OffsetDateTime`
   --> tests/integration/parsing.rs:169:9
    |
169 |         OffsetDateTime::parse("Mon, 02 Jan 1899", &Rfc2822),
    |         ^^^^^^^^^^^^^^ not found in this scope
    |
help: consider importing this struct
    |
1   | use time::OffsetDateTime;
    |

error[E0425]: cannot find value `Rfc2822` in this scope
   --> tests/integration/parsing.rs:169:52
    |
29  | fn rfc_2822() -> time::Result<()> {
    | --------------------------------- similarly named constant `rfc_2822` defined here
...
169 |         OffsetDateTime::parse("Mon, 02 Jan 1899", &Rfc2822),
    |                                                    ^^^^^^^ help: a constant with a similar name exists: `rfc_2822`

error[E0433]: failed to resolve: use of undeclared type `OffsetDateTime`
   --> tests/integration/parsing.rs:173:9
    |
173 |         OffsetDateTime::parse("Mon, 02 Jan 2021_", &Rfc2822),
    |         ^^^^^^^^^^^^^^ not found in this scope
    |
help: consider importing this struct
    |
1   | use time::OffsetDateTime;
    |

error[E0425]: cannot find value `Rfc2822` in this scope
   --> tests/integration/parsing.rs:173:53
    |
29  | fn rfc_2822() -> time::Result<()> {
    | --------------------------------- similarly named constant `rfc_2822` defined here
...
173 |         OffsetDateTime::parse("Mon, 02 Jan 2021_", &Rfc2822),
    |                                                     ^^^^^^^ help: a constant with a similar name exists: `rfc_2822`

error[E0433]: failed to resolve: use of undeclared type `OffsetDateTime`
   --> tests/integration/parsing.rs:177:9
    |
177 |         OffsetDateTime::parse("Mon, 02 Jan 21_", &Rfc2822),
    |         ^^^^^^^^^^^^^^ not found in this scope
    |
help: consider importing this struct
    |
1   | use time::OffsetDateTime;
    |

error[E0425]: cannot find value `Rfc2822` in this scope
   --> tests/integration/parsing.rs:177:51
    |
29  | fn rfc_2822() -> time::Result<()> {
    | --------------------------------- similarly named constant `rfc_2822` defined here
...
177 |         OffsetDateTime::parse("Mon, 02 Jan 21_", &Rfc2822),
    |                                                   ^^^^^^^ help: a constant with a similar name exists: `rfc_2822`

error[E0433]: failed to resolve: use of undeclared type `OffsetDateTime`
   --> tests/integration/parsing.rs:181:9
    |
181 |         OffsetDateTime::parse("Mon, 02 Jan 2021 ab", &Rfc2822),
    |         ^^^^^^^^^^^^^^ not found in this scope
    |
help: consider importing this struct
    |
1   | use time::OffsetDateTime;
    |

error[E0425]: cannot find value `Rfc2822` in this scope
   --> tests/integration/parsing.rs:181:55
    |
29  | fn rfc_2822() -> time::Result<()> {
    | --------------------------------- similarly named constant `rfc_2822` defined here
...
181 |         OffsetDateTime::parse("Mon, 02 Jan 2021 ab", &Rfc2822),
    |                                                       ^^^^^^^ help: a constant with a similar name exists: `rfc_2822`

error[E0433]: failed to resolve: use of undeclared type `OffsetDateTime`
   --> tests/integration/parsing.rs:185:9
    |
185 |         OffsetDateTime::parse("Mon, 02 Jan 2021 03_", &Rfc2822),
    |         ^^^^^^^^^^^^^^ not found in this scope
    |
help: consider importing this struct
    |
1   | use time::OffsetDateTime;
    |

error[E0425]: cannot find value `Rfc2822` in this scope
   --> tests/integration/parsing.rs:185:56
    |
29  | fn rfc_2822() -> time::Result<()> {
    | --------------------------------- similarly named constant `rfc_2822` defined here
...
185 |         OffsetDateTime::parse("Mon, 02 Jan 2021 03_", &Rfc2822),
    |                                                        ^^^^^^^ help: a constant with a similar name exists: `rfc_2822`

error[E0433]: failed to resolve: use of undeclared type `OffsetDateTime`
   --> tests/integration/parsing.rs:189:9
    |
189 |         OffsetDateTime::parse("Mon, 02 Jan 2021 03:ab", &Rfc2822),
    |         ^^^^^^^^^^^^^^ not found in this scope
    |
help: consider importing this struct
    |
1   | use time::OffsetDateTime;
    |

error[E0425]: cannot find value `Rfc2822` in this scope
   --> tests/integration/parsing.rs:189:58
    |
29  | fn rfc_2822() -> time::Result<()> {
    | --------------------------------- similarly named constant `rfc_2822` defined here
...
189 |         OffsetDateTime::parse("Mon, 02 Jan 2021 03:ab", &Rfc2822),
    |                                                          ^^^^^^^ help: a constant with a similar name exists: `rfc_2822`

error[E0433]: failed to resolve: use of undeclared type `OffsetDateTime`
   --> tests/integration/parsing.rs:193:9
    |
193 |         OffsetDateTime::parse("Mon, 02 Jan 2021 03:04_", &Rfc2822),
    |         ^^^^^^^^^^^^^^ not found in this scope
    |
help: consider importing this struct
    |
1   | use time::OffsetDateTime;
    |

error[E0425]: cannot find value `Rfc2822` in this scope
   --> tests/integration/parsing.rs:193:59
    |
29  | fn rfc_2822() -> time::Result<()> {
    | --------------------------------- similarly named constant `rfc_2822` defined here
...
193 |         OffsetDateTime::parse("Mon, 02 Jan 2021 03:04_", &Rfc2822),
    |                                                           ^^^^^^^ help: a constant with a similar name exists: `rfc_2822`

error[E0433]: failed to resolve: use of undeclared type `OffsetDateTime`
   --> tests/integration/parsing.rs:197:9
    |
197 |         OffsetDateTime::parse("Mon, 02 Jan 2021 03:04:ab", &Rfc2822),
    |         ^^^^^^^^^^^^^^ not found in this scope
    |
help: consider importing this struct
    |
1   | use time::OffsetDateTime;
    |

error[E0425]: cannot find value `Rfc2822` in this scope
   --> tests/integration/parsing.rs:197:61
    |
29  | fn rfc_2822() -> time::Result<()> {
    | --------------------------------- similarly named constant `rfc_2822` defined here
...
197 |         OffsetDateTime::parse("Mon, 02 Jan 2021 03:04:ab", &Rfc2822),
    |                                                             ^^^^^^^ help: a constant with a similar name exists: `rfc_2822`

error[E0433]: failed to resolve: use of undeclared type `OffsetDateTime`
   --> tests/integration/parsing.rs:201:9
    |
201 |         OffsetDateTime::parse("Mon, 02 Jan 2021 03:04:05_", &Rfc2822),
    |         ^^^^^^^^^^^^^^ not found in this scope
    |
help: consider importing this struct
    |
1   | use time::OffsetDateTime;
    |

error[E0425]: cannot find value `Rfc2822` in this scope
   --> tests/integration/parsing.rs:201:62
    |
29  | fn rfc_2822() -> time::Result<()> {
    | --------------------------------- similarly named constant `rfc_2822` defined here
...
201 |         OffsetDateTime::parse("Mon, 02 Jan 2021 03:04:05_", &Rfc2822),
    |                                                              ^^^^^^^ help: a constant with a similar name exists: `rfc_2822`

error[E0433]: failed to resolve: use of undeclared type `OffsetDateTime`
   --> tests/integration/parsing.rs:205:14
    |
205 |         dbg!(OffsetDateTime::parse("Mon, 02 Jan 2021 03:04 6", &Rfc2822)),
    |              ^^^^^^^^^^^^^^ not found in this scope
    |
help: consider importing this struct
    |
1   | use time::OffsetDateTime;
    |

error[E0425]: cannot find value `Rfc2822` in this scope
   --> tests/integration/parsing.rs:205:65
    |
29  | fn rfc_2822() -> time::Result<()> {
    | --------------------------------- similarly named constant `rfc_2822` defined here
...
205 |         dbg!(OffsetDateTime::parse("Mon, 02 Jan 2021 03:04 6", &Rfc2822)),
    |                                                                 ^^^^^^^ help: a constant with a similar name exists: `rfc_2822`

error[E0433]: failed to resolve: use of undeclared type `OffsetDateTime`
   --> tests/integration/parsing.rs:209:9
    |
209 |         OffsetDateTime::parse("Mon, 02 Jan 2021 03:04:05 -6", &Rfc2822),
    |         ^^^^^^^^^^^^^^ not found in this scope
    |
help: consider importing this struct
    |
1   | use time::OffsetDateTime;
    |

error[E0425]: cannot find value `Rfc2822` in this scope
   --> tests/integration/parsing.rs:209:64
    |
29  | fn rfc_2822() -> time::Result<()> {
    | --------------------------------- similarly named constant `rfc_2822` defined here
...
209 |         OffsetDateTime::parse("Mon, 02 Jan 2021 03:04:05 -6", &Rfc2822),
    |                                                                ^^^^^^^ help: a constant with a similar name exists: `rfc_2822`

error[E0433]: failed to resolve: use of undeclared type `OffsetDateTime`
   --> tests/integration/parsing.rs:213:9
    |
213 |         OffsetDateTime::parse("Mon, 02 Jan 2021 03:04:05 -060", &Rfc2822),
    |         ^^^^^^^^^^^^^^ not found in this scope
    |
help: consider importing this struct
    |
1   | use time::OffsetDateTime;
    |

error[E0425]: cannot find value `Rfc2822` in this scope
   --> tests/integration/parsing.rs:213:66
    |
29  | fn rfc_2822() -> time::Result<()> {
    | --------------------------------- similarly named constant `rfc_2822` defined here
...
213 |         OffsetDateTime::parse("Mon, 02 Jan 2021 03:04:05 -060", &Rfc2822),
    |                                                                  ^^^^^^^ help: a constant with a similar name exists: `rfc_2822`

error[E0433]: failed to resolve: use of undeclared type `OffsetDateTime`
   --> tests/integration/parsing.rs:221:9
    |
221 |         OffsetDateTime::parse("2021-01-02T03:04:05Z", &Rfc3339)?,
    |         ^^^^^^^^^^^^^^ not found in this scope
    |
help: consider importing this struct
    |
1   | use time::OffsetDateTime;
    |

error[E0425]: cannot find value `Rfc3339` in this scope
   --> tests/integration/parsing.rs:221:56
    |
221 |         OffsetDateTime::parse("2021-01-02T03:04:05Z", &Rfc3339)?,
    |                                                        ^^^^^^^ not found in this scope

error[E0433]: failed to resolve: use of undeclared type `OffsetDateTime`
   --> tests/integration/parsing.rs:225:9
    |
225 |         OffsetDateTime::parse("2021-01-02T03:04:60Z", &Rfc3339)?,
    |         ^^^^^^^^^^^^^^ not found in this scope
    |
help: consider importing this struct
    |
1   | use time::OffsetDateTime;
    |

error[E0425]: cannot find value `Rfc3339` in this scope
   --> tests/integration/parsing.rs:225:56
    |
225 |         OffsetDateTime::parse("2021-01-02T03:04:60Z", &Rfc3339)?,
    |                                                        ^^^^^^^ not found in this scope

error[E0433]: failed to resolve: use of undeclared type `OffsetDateTime`
   --> tests/integration/parsing.rs:229:9
    |
229 |         OffsetDateTime::parse("2021-01-02T03:04:05.1Z", &Rfc3339)?,
    |         ^^^^^^^^^^^^^^ not found in this scope
    |
help: consider importing this struct
    |
1   | use time::OffsetDateTime;
    |

error[E0425]: cannot find value `Rfc3339` in this scope
   --> tests/integration/parsing.rs:229:58
    |
229 |         OffsetDateTime::parse("2021-01-02T03:04:05.1Z", &Rfc3339)?,
    |                                                          ^^^^^^^ not found in this scope

error[E0433]: failed to resolve: use of undeclared type `OffsetDateTime`
   --> tests/integration/parsing.rs:233:9
    |
233 |         OffsetDateTime::parse("2021-01-02T03:04:05.12Z", &Rfc3339)?,
    |         ^^^^^^^^^^^^^^ not found in this scope
    |
help: consider importing this struct
    |
1   | use time::OffsetDateTime;
    |

error[E0425]: cannot find value `Rfc3339` in this scope
   --> tests/integration/parsing.rs:233:59
    |
233 |         OffsetDateTime::parse("2021-01-02T03:04:05.12Z", &Rfc3339)?,
    |                                                           ^^^^^^^ not found in this scope

error[E0433]: failed to resolve: use of undeclared type `OffsetDateTime`
   --> tests/integration/parsing.rs:237:9
    |
237 |         OffsetDateTime::parse("2021-01-02T03:04:05.123Z", &Rfc3339)?,
    |         ^^^^^^^^^^^^^^ not found in this scope
    |
help: consider importing this struct
    |
1   | use time::OffsetDateTime;
    |

error[E0425]: cannot find value `Rfc3339` in this scope
   --> tests/integration/parsing.rs:237:60
    |
237 |         OffsetDateTime::parse("2021-01-02T03:04:05.123Z", &Rfc3339)?,
    |                                                            ^^^^^^^ not found in this scope

error[E0433]: failed to resolve: use of undeclared type `OffsetDateTime`
   --> tests/integration/parsing.rs:241:9
    |
241 |         OffsetDateTime::parse("2021-01-02T03:04:05.1234Z", &Rfc3339)?,
    |         ^^^^^^^^^^^^^^ not found in this scope
    |
help: consider importing this struct
    |
1   | use time::OffsetDateTime;
    |

error[E0425]: cannot find value `Rfc3339` in this scope
   --> tests/integration/parsing.rs:241:61
    |
241 |         OffsetDateTime::parse("2021-01-02T03:04:05.1234Z", &Rfc3339)?,
    |                                                             ^^^^^^^ not found in this scope

error[E0433]: failed to resolve: use of undeclared type `OffsetDateTime`
   --> tests/integration/parsing.rs:245:9
    |
245 |         OffsetDateTime::parse("2021-01-02T03:04:05.12345Z", &Rfc3339)?,
    |         ^^^^^^^^^^^^^^ not found in this scope
    |
help: consider importing this struct
    |
1   | use time::OffsetDateTime;
    |

error[E0425]: cannot find value `Rfc3339` in this scope
   --> tests/integration/parsing.rs:245:62
    |
245 |         OffsetDateTime::parse("2021-01-02T03:04:05.12345Z", &Rfc3339)?,
    |                                                              ^^^^^^^ not found in this scope

error[E0433]: failed to resolve: use of undeclared type `OffsetDateTime`
   --> tests/integration/parsing.rs:249:9
    |
249 |         OffsetDateTime::parse("2021-01-02T03:04:05.123456Z", &Rfc3339)?,
    |         ^^^^^^^^^^^^^^ not found in this scope
    |
help: consider importing this struct
    |
1   | use time::OffsetDateTime;
    |

error[E0425]: cannot find value `Rfc3339` in this scope
   --> tests/integration/parsing.rs:249:63
    |
249 |         OffsetDateTime::parse("2021-01-02T03:04:05.123456Z", &Rfc3339)?,
    |                                                               ^^^^^^^ not found in this scope

error[E0433]: failed to resolve: use of undeclared type `OffsetDateTime`
   --> tests/integration/parsing.rs:253:9
    |
253 |         OffsetDateTime::parse("2021-01-02T03:04:05.1234567Z", &Rfc3339)?,
    |         ^^^^^^^^^^^^^^ not found in this scope
    |
help: consider importing this struct
    |
1   | use time::OffsetDateTime;
    |

error[E0425]: cannot find value `Rfc3339` in this scope
   --> tests/integration/parsing.rs:253:64
    |
253 |         OffsetDateTime::parse("2021-01-02T03:04:05.1234567Z", &Rfc3339)?,
    |                                                                ^^^^^^^ not found in this scope

error[E0433]: failed to resolve: use of undeclared type `OffsetDateTime`
   --> tests/integration/parsing.rs:257:9
    |
257 |         OffsetDateTime::parse("2021-01-02T03:04:05.12345678Z", &Rfc3339)?,
    |         ^^^^^^^^^^^^^^ not found in this scope
    |
help: consider importing this struct
    |
1   | use time::OffsetDateTime;
    |

error[E0425]: cannot find value `Rfc3339` in this scope
   --> tests/integration/parsing.rs:257:65
    |
257 |         OffsetDateTime::parse("2021-01-02T03:04:05.12345678Z", &Rfc3339)?,
    |                                                                 ^^^^^^^ not found in this scope

error[E0433]: failed to resolve: use of undeclared type `OffsetDateTime`
   --> tests/integration/parsing.rs:261:9
    |
261 |         OffsetDateTime::parse("2021-01-02T03:04:05.123456789Z", &Rfc3339)?,
    |         ^^^^^^^^^^^^^^ not found in this scope
    |
help: consider importing this struct
    |
1   | use time::OffsetDateTime;
    |

error[E0425]: cannot find value `Rfc3339` in this scope
   --> tests/integration/parsing.rs:261:66
    |
261 |         OffsetDateTime::parse("2021-01-02T03:04:05.123456789Z", &Rfc3339)?,
    |                                                                  ^^^^^^^ not found in this scope

error[E0433]: failed to resolve: use of undeclared type `OffsetDateTime`
   --> tests/integration/parsing.rs:265:9
    |
265 |         OffsetDateTime::parse("2021-01-02T03:04:05.123456789-01:02", &Rfc3339)?,
    |         ^^^^^^^^^^^^^^ not found in this scope
    |
help: consider importing this struct
    |
1   | use time::OffsetDateTime;
    |

error[E0425]: cannot find value `Rfc3339` in this scope
   --> tests/integration/parsing.rs:265:71
    |
265 |         OffsetDateTime::parse("2021-01-02T03:04:05.123456789-01:02", &Rfc3339)?,
    |                                                                       ^^^^^^^ not found in this scope

error[E0433]: failed to resolve: use of undeclared type `OffsetDateTime`
   --> tests/integration/parsing.rs:269:9
    |
269 |         OffsetDateTime::parse("2021-01-02T03:04:05.123456789+01:02", &Rfc3339)?,
    |         ^^^^^^^^^^^^^^ not found in this scope
    |
help: consider importing this struct
    |
1   | use time::OffsetDateTime;
    |

error[E0425]: cannot find value `Rfc3339` in this scope
   --> tests/integration/parsing.rs:269:71
    |
269 |         OffsetDateTime::parse("2021-01-02T03:04:05.123456789+01:02", &Rfc3339)?,
    |                                                                       ^^^^^^^ not found in this scope

error[E0433]: failed to resolve: use of undeclared type `Date`
   --> tests/integration/parsing.rs:274:9
    |
274 |         Date::parse("2021-01-02T03:04:05Z", &Rfc3339)?,
    |         ^^^^ not found in this scope
    |
help: consider importing this struct
    |
1   | use time::Date;
    |

error[E0425]: cannot find value `Rfc3339` in this scope
   --> tests/integration/parsing.rs:274:46
    |
274 |         Date::parse("2021-01-02T03:04:05Z", &Rfc3339)?,
    |                                              ^^^^^^^ not found in this scope

error[E0433]: failed to resolve: use of undeclared type `Date`
   --> tests/integration/parsing.rs:278:9
    |
278 |         Date::parse("2021-01-02T03:04:05.123+01:02", &Rfc3339)?,
    |         ^^^^ not found in this scope
    |
help: consider importing this struct
    |
1   | use time::Date;
    |

error[E0425]: cannot find value `Rfc3339` in this scope
   --> tests/integration/parsing.rs:278:55
    |
278 |         Date::parse("2021-01-02T03:04:05.123+01:02", &Rfc3339)?,
    |                                                       ^^^^^^^ not found in this scope

error[E0433]: failed to resolve: use of undeclared type `Date`
   --> tests/integration/parsing.rs:282:9
    |
282 |         Date::parse("2021-01-02T03:04:05.123-01:02", &Rfc3339)?,
    |         ^^^^ not found in this scope
    |
help: consider importing this struct
    |
1   | use time::Date;
    |

error[E0425]: cannot find value `Rfc3339` in this scope
   --> tests/integration/parsing.rs:282:55
    |
282 |         Date::parse("2021-01-02T03:04:05.123-01:02", &Rfc3339)?,
    |                                                       ^^^^^^^ not found in this scope

error[E0433]: failed to resolve: use of undeclared type `Time`
   --> tests/integration/parsing.rs:286:9
    |
286 |         Time::parse("2021-01-02T03:04:60Z", &Rfc3339)?,
    |         ^^^^ not found in this scope
    |
help: consider importing this struct
    |
1   | use time::Time;
    |

error[E0425]: cannot find value `Rfc3339` in this scope
   --> tests/integration/parsing.rs:286:46
    |
286 |         Time::parse("2021-01-02T03:04:60Z", &Rfc3339)?,
    |                                              ^^^^^^^ not found in this scope

error[E0433]: failed to resolve: use of undeclared type `PrimitiveDateTime`
   --> tests/integration/parsing.rs:296:9
    |
296 |         PrimitiveDateTime::parse("x", &Rfc3339),
    |         ^^^^^^^^^^^^^^^^^ not found in this scope
    |
help: consider importing this struct
    |
1   | use time::PrimitiveDateTime;
    |

error[E0425]: cannot find value `Rfc3339` in this scope
   --> tests/integration/parsing.rs:296:40
    |
219 | fn rfc_3339() -> time::Result<()> {
    | --------------------------------- similarly named constant `rfc_3339` defined here
...
296 |         PrimitiveDateTime::parse("x", &Rfc3339),
    |                                        ^^^^^^^ help: a constant with a similar name exists: `rfc_3339`

error[E0433]: failed to resolve: use of undeclared type `PrimitiveDateTime`
   --> tests/integration/parsing.rs:300:9
    |
300 |         PrimitiveDateTime::parse("2021x", &Rfc3339),
    |         ^^^^^^^^^^^^^^^^^ not found in this scope
    |
help: consider importing this struct
    |
1   | use time::PrimitiveDateTime;
    |

error[E0425]: cannot find value `Rfc3339` in this scope
   --> tests/integration/parsing.rs:300:44
    |
219 | fn rfc_3339() -> time::Result<()> {
    | --------------------------------- similarly named constant `rfc_3339` defined here
...
300 |         PrimitiveDateTime::parse("2021x", &Rfc3339),
    |                                            ^^^^^^^ help: a constant with a similar name exists: `rfc_3339`

error[E0433]: failed to resolve: use of undeclared type `PrimitiveDateTime`
   --> tests/integration/parsing.rs:304:9
    |
304 |         PrimitiveDateTime::parse("2021-x", &Rfc3339),
    |         ^^^^^^^^^^^^^^^^^ not found in this scope
    |
help: consider importing this struct
    |
1   | use time::PrimitiveDateTime;
    |

error[E0425]: cannot find value `Rfc3339` in this scope
   --> tests/integration/parsing.rs:304:45
    |
219 | fn rfc_3339() -> time::Result<()> {
    | --------------------------------- similarly named constant `rfc_3339` defined here
...
304 |         PrimitiveDateTime::parse("2021-x", &Rfc3339),
    |                                             ^^^^^^^ help: a constant with a similar name exists: `rfc_3339`

error[E0433]: failed to resolve: use of undeclared type `PrimitiveDateTime`
   --> tests/integration/parsing.rs:308:9
    |
308 |         PrimitiveDateTime::parse("2021-0", &Rfc3339),
    |         ^^^^^^^^^^^^^^^^^ not found in this scope
    |
help: consider importing this struct
    |
1   | use time::PrimitiveDateTime;
    |

error[E0425]: cannot find value `Rfc3339` in this scope
   --> tests/integration/parsing.rs:308:45
    |
219 | fn rfc_3339() -> time::Result<()> {
    | --------------------------------- similarly named constant `rfc_3339` defined here
...
308 |         PrimitiveDateTime::parse("2021-0", &Rfc3339),
    |                                             ^^^^^^^ help: a constant with a similar name exists: `rfc_3339`

error[E0433]: failed to resolve: use of undeclared type `PrimitiveDateTime`
   --> tests/integration/parsing.rs:312:9
    |
312 |         PrimitiveDateTime::parse("2021-01x", &Rfc3339),
    |         ^^^^^^^^^^^^^^^^^ not found in this scope
    |
help: consider importing this struct
    |
1   | use time::PrimitiveDateTime;
    |

error[E0425]: cannot find value `Rfc3339` in this scope
   --> tests/integration/parsing.rs:312:47
    |
219 | fn rfc_3339() -> time::Result<()> {
    | --------------------------------- similarly named constant `rfc_3339` defined here
...
312 |         PrimitiveDateTime::parse("2021-01x", &Rfc3339),
    |                                               ^^^^^^^ help: a constant with a similar name exists: `rfc_3339`

error[E0433]: failed to resolve: use of undeclared type `PrimitiveDateTime`
   --> tests/integration/parsing.rs:316:9
    |
316 |         PrimitiveDateTime::parse("2021-01-0", &Rfc3339),
    |         ^^^^^^^^^^^^^^^^^ not found in this scope
    |
help: consider importing this struct
    |
1   | use time::PrimitiveDateTime;
    |

error[E0425]: cannot find value `Rfc3339` in this scope
   --> tests/integration/parsing.rs:316:48
    |
219 | fn rfc_3339() -> time::Result<()> {
    | --------------------------------- similarly named constant `rfc_3339` defined here
...
316 |         PrimitiveDateTime::parse("2021-01-0", &Rfc3339),
    |                                                ^^^^^^^ help: a constant with a similar name exists: `rfc_3339`

error[E0433]: failed to resolve: use of undeclared type `PrimitiveDateTime`
   --> tests/integration/parsing.rs:320:9
    |
320 |         PrimitiveDateTime::parse("2021-01-01x", &Rfc3339),
    |         ^^^^^^^^^^^^^^^^^ not found in this scope
    |
help: consider importing this struct
    |
1   | use time::PrimitiveDateTime;
    |

error[E0425]: cannot find value `Rfc3339` in this scope
   --> tests/integration/parsing.rs:320:50
    |
219 | fn rfc_3339() -> time::Result<()> {
    | --------------------------------- similarly named constant `rfc_3339` defined here
...
320 |         PrimitiveDateTime::parse("2021-01-01x", &Rfc3339),
    |                                                  ^^^^^^^ help: a constant with a similar name exists: `rfc_3339`

error[E0433]: failed to resolve: use of undeclared type `PrimitiveDateTime`
   --> tests/integration/parsing.rs:324:9
    |
324 |         PrimitiveDateTime::parse("2021-01-01T0", &Rfc3339),
    |         ^^^^^^^^^^^^^^^^^ not found in this scope
    |
help: consider importing this struct
    |
1   | use time::PrimitiveDateTime;
    |

error[E0425]: cannot find value `Rfc3339` in this scope
   --> tests/integration/parsing.rs:324:51
    |
219 | fn rfc_3339() -> time::Result<()> {
    | --------------------------------- similarly named constant `rfc_3339` defined here
...
324 |         PrimitiveDateTime::parse("2021-01-01T0", &Rfc3339),
    |                                                   ^^^^^^^ help: a constant with a similar name exists: `rfc_3339`

error[E0433]: failed to resolve: use of undeclared type `PrimitiveDateTime`
   --> tests/integration/parsing.rs:328:9
    |
328 |         PrimitiveDateTime::parse("2021-01-01T00x", &Rfc3339),
    |         ^^^^^^^^^^^^^^^^^ not found in this scope
    |
help: consider importing this struct
    |
1   | use time::PrimitiveDateTime;
    |

error[E0425]: cannot find value `Rfc3339` in this scope
   --> tests/integration/parsing.rs:328:53
    |
219 | fn rfc_3339() -> time::Result<()> {
    | --------------------------------- similarly named constant `rfc_3339` defined here
...
328 |         PrimitiveDateTime::parse("2021-01-01T00x", &Rfc3339),
    |                                                     ^^^^^^^ help: a constant with a similar name exists: `rfc_3339`

error[E0433]: failed to resolve: use of undeclared type `PrimitiveDateTime`
   --> tests/integration/parsing.rs:332:9
    |
332 |         PrimitiveDateTime::parse("2021-01-01T00:0", &Rfc3339),
    |         ^^^^^^^^^^^^^^^^^ not found in this scope
    |
help: consider importing this struct
    |
1   | use time::PrimitiveDateTime;
    |

error[E0425]: cannot find value `Rfc3339` in this scope
   --> tests/integration/parsing.rs:332:54
    |
219 | fn rfc_3339() -> time::Result<()> {
    | --------------------------------- similarly named constant `rfc_3339` defined here
...
332 |         PrimitiveDateTime::parse("2021-01-01T00:0", &Rfc3339),
    |                                                      ^^^^^^^ help: a constant with a similar name exists: `rfc_3339`

error[E0433]: failed to resolve: use of undeclared type `PrimitiveDateTime`
   --> tests/integration/parsing.rs:336:9
    |
336 |         PrimitiveDateTime::parse("2021-01-01T00:00x", &Rfc3339),
    |         ^^^^^^^^^^^^^^^^^ not found in this scope
    |
help: consider importing this struct
    |
1   | use time::PrimitiveDateTime;
    |

error[E0425]: cannot find value `Rfc3339` in this scope
   --> tests/integration/parsing.rs:336:56
    |
219 | fn rfc_3339() -> time::Result<()> {
    | --------------------------------- similarly named constant `rfc_3339` defined here
...
336 |         PrimitiveDateTime::parse("2021-01-01T00:00x", &Rfc3339),
    |                                                        ^^^^^^^ help: a constant with a similar name exists: `rfc_3339`

error[E0433]: failed to resolve: use of undeclared type `PrimitiveDateTime`
   --> tests/integration/parsing.rs:340:9
    |
340 |         PrimitiveDateTime::parse("2021-01-01T00:00:0", &Rfc3339),
    |         ^^^^^^^^^^^^^^^^^ not found in this scope
    |
help: consider importing this struct
    |
1   | use time::PrimitiveDateTime;
    |

error[E0425]: cannot find value `Rfc3339` in this scope
   --> tests/integration/parsing.rs:340:57
    |
219 | fn rfc_3339() -> time::Result<()> {
    | --------------------------------- similarly named constant `rfc_3339` defined here
...
340 |         PrimitiveDateTime::parse("2021-01-01T00:00:0", &Rfc3339),
    |                                                         ^^^^^^^ help: a constant with a similar name exists: `rfc_3339`

error[E0433]: failed to resolve: use of undeclared type `PrimitiveDateTime`
   --> tests/integration/parsing.rs:344:9
    |
344 |         PrimitiveDateTime::parse("2021-01-01T00:00:00.x", &Rfc3339),
    |         ^^^^^^^^^^^^^^^^^ not found in this scope
    |
help: consider importing this struct
    |
1   | use time::PrimitiveDateTime;
    |

error[E0425]: cannot find value `Rfc3339` in this scope
   --> tests/integration/parsing.rs:344:60
    |
219 | fn rfc_3339() -> time::Result<()> {
    | --------------------------------- similarly named constant `rfc_3339` defined here
...
344 |         PrimitiveDateTime::parse("2021-01-01T00:00:00.x", &Rfc3339),
    |                                                            ^^^^^^^ help: a constant with a similar name exists: `rfc_3339`

error[E0433]: failed to resolve: use of undeclared type `PrimitiveDateTime`
   --> tests/integration/parsing.rs:348:9
    |
348 |         PrimitiveDateTime::parse("2021-01-01T00:00:00x", &Rfc3339),
    |         ^^^^^^^^^^^^^^^^^ not found in this scope
    |
help: consider importing this struct
    |
1   | use time::PrimitiveDateTime;
    |

error[E0425]: cannot find value `Rfc3339` in this scope
   --> tests/integration/parsing.rs:348:59
    |
219 | fn rfc_3339() -> time::Result<()> {
    | --------------------------------- similarly named constant `rfc_3339` defined here
...
348 |         PrimitiveDateTime::parse("2021-01-01T00:00:00x", &Rfc3339),
    |                                                           ^^^^^^^ help: a constant with a similar name exists: `rfc_3339`

error[E0433]: failed to resolve: use of undeclared type `PrimitiveDateTime`
   --> tests/integration/parsing.rs:352:9
    |
352 |         PrimitiveDateTime::parse("2021-01-01T00:00:00+0", &Rfc3339),
    |         ^^^^^^^^^^^^^^^^^ not found in this scope
    |
help: consider importing this struct
    |
1   | use time::PrimitiveDateTime;
    |

error[E0425]: cannot find value `Rfc3339` in this scope
   --> tests/integration/parsing.rs:352:60
    |
219 | fn rfc_3339() -> time::Result<()> {
    | --------------------------------- similarly named constant `rfc_3339` defined here
...
352 |         PrimitiveDateTime::parse("2021-01-01T00:00:00+0", &Rfc3339),
    |                                                            ^^^^^^^ help: a constant with a similar name exists: `rfc_3339`

error[E0433]: failed to resolve: use of undeclared type `PrimitiveDateTime`
   --> tests/integration/parsing.rs:356:9
    |
356 |         PrimitiveDateTime::parse("2021-01-01T00:00:00+00x", &Rfc3339),
    |         ^^^^^^^^^^^^^^^^^ not found in this scope
    |
help: consider importing this struct
    |
1   | use time::PrimitiveDateTime;
    |

error[E0425]: cannot find value `Rfc3339` in this scope
   --> tests/integration/parsing.rs:356:62
    |
219 | fn rfc_3339() -> time::Result<()> {
    | --------------------------------- similarly named constant `rfc_3339` defined here
...
356 |         PrimitiveDateTime::parse("2021-01-01T00:00:00+00x", &Rfc3339),
    |                                                              ^^^^^^^ help: a constant with a similar name exists: `rfc_3339`

error[E0433]: failed to resolve: use of undeclared type `PrimitiveDateTime`
   --> tests/integration/parsing.rs:360:9
    |
360 |         PrimitiveDateTime::parse("2021-01-01T00:00:00+00:0", &Rfc3339),
    |         ^^^^^^^^^^^^^^^^^ not found in this scope
    |
help: consider importing this struct
    |
1   | use time::PrimitiveDateTime;
    |

error[E0425]: cannot find value `Rfc3339` in this scope
   --> tests/integration/parsing.rs:360:63
    |
219 | fn rfc_3339() -> time::Result<()> {
    | --------------------------------- similarly named constant `rfc_3339` defined here
...
360 |         PrimitiveDateTime::parse("2021-01-01T00:00:00+00:0", &Rfc3339),
    |                                                               ^^^^^^^ help: a constant with a similar name exists: `rfc_3339`

error[E0433]: failed to resolve: use of undeclared type `PrimitiveDateTime`
   --> tests/integration/parsing.rs:364:9
    |
364 |         PrimitiveDateTime::parse("2021-13-01T00:00:00Z", &Rfc3339),
    |         ^^^^^^^^^^^^^^^^^ not found in this scope
    |
help: consider importing this struct
    |
1   | use time::PrimitiveDateTime;
    |

error[E0425]: cannot find value `Rfc3339` in this scope
   --> tests/integration/parsing.rs:364:59
    |
219 | fn rfc_3339() -> time::Result<()> {
    | --------------------------------- similarly named constant `rfc_3339` defined here
...
364 |         PrimitiveDateTime::parse("2021-13-01T00:00:00Z", &Rfc3339),
    |                                                           ^^^^^^^ help: a constant with a similar name exists: `rfc_3339`

error[E0433]: failed to resolve: use of undeclared type `OffsetDateTime`
   --> tests/integration/parsing.rs:369:9
    |
369 |         OffsetDateTime::parse("2021-01-02T03:04:05Z ", &Rfc3339),
    |         ^^^^^^^^^^^^^^ not found in this scope
    |
help: consider importing this struct
    |
1   | use time::OffsetDateTime;
    |

error[E0425]: cannot find value `Rfc3339` in this scope
   --> tests/integration/parsing.rs:369:57
    |
219 | fn rfc_3339() -> time::Result<()> {
    | --------------------------------- similarly named constant `rfc_3339` defined here
...
369 |         OffsetDateTime::parse("2021-01-02T03:04:05Z ", &Rfc3339),
    |                                                         ^^^^^^^ help: a constant with a similar name exists: `rfc_3339`

error[E0433]: failed to resolve: use of undeclared type `OffsetDateTime`
   --> tests/integration/parsing.rs:373:9
    |
373 |         OffsetDateTime::parse("x", &Rfc3339),
    |         ^^^^^^^^^^^^^^ not found in this scope
    |
help: consider importing this struct
    |
1   | use time::OffsetDateTime;
    |

error[E0425]: cannot find value `Rfc3339` in this scope
   --> tests/integration/parsing.rs:373:37
    |
219 | fn rfc_3339() -> time::Result<()> {
    | --------------------------------- similarly named constant `rfc_3339` defined here
...
373 |         OffsetDateTime::parse("x", &Rfc3339),
    |                                     ^^^^^^^ help: a constant with a similar name exists: `rfc_3339`

error[E0433]: failed to resolve: use of undeclared type `OffsetDateTime`
   --> tests/integration/parsing.rs:377:9
    |
377 |         OffsetDateTime::parse("2021x", &Rfc3339),
    |         ^^^^^^^^^^^^^^ not found in this scope
    |
help: consider importing this struct
    |
1   | use time::OffsetDateTime;
    |

error[E0425]: cannot find value `Rfc3339` in this scope
   --> tests/integration/parsing.rs:377:41
    |
219 | fn rfc_3339() -> time::Result<()> {
    | --------------------------------- similarly named constant `rfc_3339` defined here
...
377 |         OffsetDateTime::parse("2021x", &Rfc3339),
    |                                         ^^^^^^^ help: a constant with a similar name exists: `rfc_3339`

error[E0433]: failed to resolve: use of undeclared type `OffsetDateTime`
   --> tests/integration/parsing.rs:381:9
    |
381 |         OffsetDateTime::parse("2021-x", &Rfc3339),
    |         ^^^^^^^^^^^^^^ not found in this scope
    |
help: consider importing this struct
    |
1   | use time::OffsetDateTime;
    |

error[E0425]: cannot find value `Rfc3339` in this scope
   --> tests/integration/parsing.rs:381:42
    |
219 | fn rfc_3339() -> time::Result<()> {
    | --------------------------------- similarly named constant `rfc_3339` defined here
...
381 |         OffsetDateTime::parse("2021-x", &Rfc3339),
    |                                          ^^^^^^^ help: a constant with a similar name exists: `rfc_3339`

error[E0433]: failed to resolve: use of undeclared type `OffsetDateTime`
   --> tests/integration/parsing.rs:385:9
    |
385 |         OffsetDateTime::parse("2021-0", &Rfc3339),
    |         ^^^^^^^^^^^^^^ not found in this scope
    |
help: consider importing this struct
    |
1   | use time::OffsetDateTime;
    |

error[E0425]: cannot find value `Rfc3339` in this scope
   --> tests/integration/parsing.rs:385:42
    |
219 | fn rfc_3339() -> time::Result<()> {
    | --------------------------------- similarly named constant `rfc_3339` defined here
...
385 |         OffsetDateTime::parse("2021-0", &Rfc3339),
    |                                          ^^^^^^^ help: a constant with a similar name exists: `rfc_3339`

error[E0433]: failed to resolve: use of undeclared type `OffsetDateTime`
   --> tests/integration/parsing.rs:389:9
    |
389 |         OffsetDateTime::parse("2021-01x", &Rfc3339),
    |         ^^^^^^^^^^^^^^ not found in this scope
    |
help: consider importing this struct
    |
1   | use time::OffsetDateTime;
    |

error[E0425]: cannot find value `Rfc3339` in this scope
   --> tests/integration/parsing.rs:389:44
    |
219 | fn rfc_3339() -> time::Result<()> {
    | --------------------------------- similarly named constant `rfc_3339` defined here
...
389 |         OffsetDateTime::parse("2021-01x", &Rfc3339),
    |                                            ^^^^^^^ help: a constant with a similar name exists: `rfc_3339`

error[E0433]: failed to resolve: use of undeclared type `OffsetDateTime`
   --> tests/integration/parsing.rs:393:9
    |
393 |         OffsetDateTime::parse("2021-01-0", &Rfc3339),
    |         ^^^^^^^^^^^^^^ not found in this scope
    |
help: consider importing this struct
    |
1   | use time::OffsetDateTime;
    |

error[E0425]: cannot find value `Rfc3339` in this scope
   --> tests/integration/parsing.rs:393:45
    |
219 | fn rfc_3339() -> time::Result<()> {
    | --------------------------------- similarly named constant `rfc_3339` defined here
...
393 |         OffsetDateTime::parse("2021-01-0", &Rfc3339),
    |                                             ^^^^^^^ help: a constant with a similar name exists: `rfc_3339`

error[E0433]: failed to resolve: use of undeclared type `OffsetDateTime`
   --> tests/integration/parsing.rs:397:9
    |
397 |         OffsetDateTime::parse("2021-01-01x", &Rfc3339),
    |         ^^^^^^^^^^^^^^ not found in this scope
    |
help: consider importing this struct
    |
1   | use time::OffsetDateTime;
    |

error[E0425]: cannot find value `Rfc3339` in this scope
   --> tests/integration/parsing.rs:397:47
    |
219 | fn rfc_3339() -> time::Result<()> {
    | --------------------------------- similarly named constant `rfc_3339` defined here
...
397 |         OffsetDateTime::parse("2021-01-01x", &Rfc3339),
    |                                               ^^^^^^^ help: a constant with a similar name exists: `rfc_3339`

error[E0433]: failed to resolve: use of undeclared type `OffsetDateTime`
   --> tests/integration/parsing.rs:401:9
    |
401 |         OffsetDateTime::parse("2021-01-01T0", &Rfc3339),
    |         ^^^^^^^^^^^^^^ not found in this scope
    |
help: consider importing this struct
    |
1   | use time::OffsetDateTime;
    |

error[E0425]: cannot find value `Rfc3339` in this scope
   --> tests/integration/parsing.rs:401:48
    |
219 | fn rfc_3339() -> time::Result<()> {
    | --------------------------------- similarly named constant `rfc_3339` defined here
...
401 |         OffsetDateTime::parse("2021-01-01T0", &Rfc3339),
    |                                                ^^^^^^^ help: a constant with a similar name exists: `rfc_3339`

error[E0433]: failed to resolve: use of undeclared type `OffsetDateTime`
   --> tests/integration/parsing.rs:405:9
    |
405 |         OffsetDateTime::parse("2021-01-01T00x", &Rfc3339),
    |         ^^^^^^^^^^^^^^ not found in this scope
    |
help: consider importing this struct
    |
1   | use time::OffsetDateTime;
    |

error[E0425]: cannot find value `Rfc3339` in this scope
   --> tests/integration/parsing.rs:405:50
    |
219 | fn rfc_3339() -> time::Result<()> {
    | --------------------------------- similarly named constant `rfc_3339` defined here
...
405 |         OffsetDateTime::parse("2021-01-01T00x", &Rfc3339),
    |                                                  ^^^^^^^ help: a constant with a similar name exists: `rfc_3339`

error[E0433]: failed to resolve: use of undeclared type `OffsetDateTime`
   --> tests/integration/parsing.rs:409:9
    |
409 |         OffsetDateTime::parse("2021-01-01T00:0", &Rfc3339),
    |         ^^^^^^^^^^^^^^ not found in this scope
    |
help: consider importing this struct
    |
1   | use time::OffsetDateTime;
    |

error[E0425]: cannot find value `Rfc3339` in this scope
   --> tests/integration/parsing.rs:409:51
    |
219 | fn rfc_3339() -> time::Result<()> {
    | --------------------------------- similarly named constant `rfc_3339` defined here
...
409 |         OffsetDateTime::parse("2021-01-01T00:0", &Rfc3339),
    |                                                   ^^^^^^^ help: a constant with a similar name exists: `rfc_3339`

error[E0433]: failed to resolve: use of undeclared type `OffsetDateTime`
   --> tests/integration/parsing.rs:413:9
    |
413 |         OffsetDateTime::parse("2021-01-01T00:00x", &Rfc3339),
    |         ^^^^^^^^^^^^^^ not found in this scope
    |
help: consider importing this struct
    |
1   | use time::OffsetDateTime;
    |

error[E0425]: cannot find value `Rfc3339` in this scope
   --> tests/integration/parsing.rs:413:53
    |
219 | fn rfc_3339() -> time::Result<()> {
    | --------------------------------- similarly named constant `rfc_3339` defined here
...
413 |         OffsetDateTime::parse("2021-01-01T00:00x", &Rfc3339),
    |                                                     ^^^^^^^ help: a constant with a similar name exists: `rfc_3339`

error[E0433]: failed to resolve: use of undeclared type `OffsetDateTime`
   --> tests/integration/parsing.rs:417:9
    |
417 |         OffsetDateTime::parse("2021-01-01T00:00:0", &Rfc3339),
    |         ^^^^^^^^^^^^^^ not found in this scope
    |
help: consider importing this struct
    |
1   | use time::OffsetDateTime;
    |

error[E0425]: cannot find value `Rfc3339` in this scope
   --> tests/integration/parsing.rs:417:54
    |
219 | fn rfc_3339() -> time::Result<()> {
    | --------------------------------- similarly named constant `rfc_3339` defined here
...
417 |         OffsetDateTime::parse("2021-01-01T00:00:0", &Rfc3339),
    |                                                      ^^^^^^^ help: a constant with a similar name exists: `rfc_3339`

error[E0433]: failed to resolve: use of undeclared type `OffsetDateTime`
   --> tests/integration/parsing.rs:421:9
    |
421 |         OffsetDateTime::parse("2021-01-01T00:00:00.x", &Rfc3339),
    |         ^^^^^^^^^^^^^^ not found in this scope
    |
help: consider importing this struct
    |
1   | use time::OffsetDateTime;
    |

error[E0425]: cannot find value `Rfc3339` in this scope
   --> tests/integration/parsing.rs:421:57
    |
219 | fn rfc_3339() -> time::Result<()> {
    | --------------------------------- similarly named constant `rfc_3339` defined here
...
421 |         OffsetDateTime::parse("2021-01-01T00:00:00.x", &Rfc3339),
    |                                                         ^^^^^^^ help: a constant with a similar name exists: `rfc_3339`

error[E0433]: failed to resolve: use of undeclared type `OffsetDateTime`
   --> tests/integration/parsing.rs:425:9
    |
425 |         OffsetDateTime::parse("2021-01-01T00:00:00x", &Rfc3339),
    |         ^^^^^^^^^^^^^^ not found in this scope
    |
help: consider importing this struct
    |
1   | use time::OffsetDateTime;
    |

error[E0425]: cannot find value `Rfc3339` in this scope
   --> tests/integration/parsing.rs:425:56
    |
219 | fn rfc_3339() -> time::Result<()> {
    | --------------------------------- similarly named constant `rfc_3339` defined here
...
425 |         OffsetDateTime::parse("2021-01-01T00:00:00x", &Rfc3339),
    |                                                        ^^^^^^^ help: a constant with a similar name exists: `rfc_3339`

error[E0433]: failed to resolve: use of undeclared type `OffsetDateTime`
   --> tests/integration/parsing.rs:429:9
    |
429 |         OffsetDateTime::parse("2021-01-01T00:00:00+0", &Rfc3339),
    |         ^^^^^^^^^^^^^^ not found in this scope
    |
help: consider importing this struct
    |
1   | use time::OffsetDateTime;
    |

error[E0425]: cannot find value `Rfc3339` in this scope
   --> tests/integration/parsing.rs:429:57
    |
219 | fn rfc_3339() -> time::Result<()> {
    | --------------------------------- similarly named constant `rfc_3339` defined here
...
429 |         OffsetDateTime::parse("2021-01-01T00:00:00+0", &Rfc3339),
    |                                                         ^^^^^^^ help: a constant with a similar name exists: `rfc_3339`

error[E0433]: failed to resolve: use of undeclared type `OffsetDateTime`
   --> tests/integration/parsing.rs:433:9
    |
433 |         OffsetDateTime::parse("2021-01-01T00:00:00+00x", &Rfc3339),
    |         ^^^^^^^^^^^^^^ not found in this scope
    |
help: consider importing this struct
    |
1   | use time::OffsetDateTime;
    |

error[E0425]: cannot find value `Rfc3339` in this scope
   --> tests/integration/parsing.rs:433:59
    |
219 | fn rfc_3339() -> time::Result<()> {
    | --------------------------------- similarly named constant `rfc_3339` defined here
...
433 |         OffsetDateTime::parse("2021-01-01T00:00:00+00x", &Rfc3339),
    |                                                           ^^^^^^^ help: a constant with a similar name exists: `rfc_3339`

error[E0433]: failed to resolve: use of undeclared type `OffsetDateTime`
   --> tests/integration/parsing.rs:437:9
    |
437 |         OffsetDateTime::parse("2021-01-01T00:00:00+00:0", &Rfc3339),
    |         ^^^^^^^^^^^^^^ not found in this scope
    |
help: consider importing this struct
    |
1   | use time::OffsetDateTime;
    |

error[E0425]: cannot find value `Rfc3339` in this scope
   --> tests/integration/parsing.rs:437:60
    |
219 | fn rfc_3339() -> time::Result<()> {
    | --------------------------------- similarly named constant `rfc_3339` defined here
...
437 |         OffsetDateTime::parse("2021-01-01T00:00:00+00:0", &Rfc3339),
    |                                                            ^^^^^^^ help: a constant with a similar name exists: `rfc_3339`

error[E0433]: failed to resolve: use of undeclared type `OffsetDateTime`
   --> tests/integration/parsing.rs:441:9
    |
441 |         OffsetDateTime::parse("2021-01-01T00:00:00+24:00", &Rfc3339),
    |         ^^^^^^^^^^^^^^ not found in this scope
    |
help: consider importing this struct
    |
1   | use time::OffsetDateTime;
    |

error[E0425]: cannot find value `Rfc3339` in this scope
   --> tests/integration/parsing.rs:441:61
    |
219 | fn rfc_3339() -> time::Result<()> {
    | --------------------------------- similarly named constant `rfc_3339` defined here
...
441 |         OffsetDateTime::parse("2021-01-01T00:00:00+24:00", &Rfc3339),
    |                                                             ^^^^^^^ help: a constant with a similar name exists: `rfc_3339`

error[E0433]: failed to resolve: use of undeclared type `OffsetDateTime`
   --> tests/integration/parsing.rs:445:9
    |
445 |         OffsetDateTime::parse("2021-01-01T00:00:00+00:60", &Rfc3339),
    |         ^^^^^^^^^^^^^^ not found in this scope
    |
help: consider importing this struct
    |
1   | use time::OffsetDateTime;
    |

error[E0425]: cannot find value `Rfc3339` in this scope
   --> tests/integration/parsing.rs:445:61
    |
219 | fn rfc_3339() -> time::Result<()> {
    | --------------------------------- similarly named constant `rfc_3339` defined here
...
445 |         OffsetDateTime::parse("2021-01-01T00:00:00+00:60", &Rfc3339),
    |                                                             ^^^^^^^ help: a constant with a similar name exists: `rfc_3339`

error[E0433]: failed to resolve: use of undeclared type `OffsetDateTime`
   --> tests/integration/parsing.rs:449:9
    |
449 |         OffsetDateTime::parse("2021-13-01T00:00:00Z", &Rfc3339),
    |         ^^^^^^^^^^^^^^ not found in this scope
    |
help: consider importing this struct
    |
1   | use time::OffsetDateTime;
    |

error[E0425]: cannot find value `Rfc3339` in this scope
   --> tests/integration/parsing.rs:449:56
    |
219 | fn rfc_3339() -> time::Result<()> {
    | --------------------------------- similarly named constant `rfc_3339` defined here
...
449 |         OffsetDateTime::parse("2021-13-01T00:00:00Z", &Rfc3339),
    |                                                        ^^^^^^^ help: a constant with a similar name exists: `rfc_3339`

error[E0433]: failed to resolve: use of undeclared type `Time`
   --> tests/integration/parsing.rs:480:21
    |
480 |         assert_eq!(&Time::parse(input, format_description)?, output);
    |                     ^^^^ not found in this scope
    |
help: consider importing this struct
    |
1   | use time::Time;
    |

error[E0433]: failed to resolve: use of undeclared type `Time`
   --> tests/integration/parsing.rs:489:9
    |
489 |         Time::try_from(Parsed::new()),
    |         ^^^^ not found in this scope
    |
help: consider importing this struct
    |
1   | use time::Time;
    |

error[E0433]: failed to resolve: use of undeclared type `Time`
   --> tests/integration/parsing.rs:493:9
    |
493 |         Time::parse("", &fd::parse("")?),
    |         ^^^^ not found in this scope
    |
help: consider importing this struct
    |
1   | use time::Time;
    |

error[E0433]: failed to resolve: use of undeclared type `Time`
   --> tests/integration/parsing.rs:499:9
    |
499 |         Time::parse("12", &fd::parse("[hour]")?),
    |         ^^^^ not found in this scope
    |
help: consider importing this struct
    |
1   | use time::Time;
    |

error[E0433]: failed to resolve: use of undeclared type `Time`
   --> tests/integration/parsing.rs:505:9
    |
505 |         Time::parse("13 PM", &fd::parse("[hour repr:12] [period]")?),
    |         ^^^^ not found in this scope
    |
help: consider importing this struct
    |
1   | use time::Time;
    |

error[E0433]: failed to resolve: use of undeclared type `Time`
   --> tests/integration/parsing.rs:511:9
    |
511 |         Time::parse(" ", &fd::parse("")?),
    |         ^^^^ not found in this scope
    |
help: consider importing this struct
    |
1   | use time::Time;
    |

error[E0433]: failed to resolve: use of undeclared type `Time`
   --> tests/integration/parsing.rs:515:9
    |
515 |         Time::parse("a", &fd::parse("[subsecond digits:1]")?),
    |         ^^^^ not found in this scope
    |
help: consider importing this struct
    |
1   | use time::Time;
    |

error[E0433]: failed to resolve: use of undeclared type `Time`
   --> tests/integration/parsing.rs:521:9
    |
521 |         Time::parse("1a", &fd::parse("[subsecond digits:2]")?),
    |         ^^^^ not found in this scope
    |
help: consider importing this struct
    |
1   | use time::Time;
    |

error[E0433]: failed to resolve: use of undeclared type `Time`
   --> tests/integration/parsing.rs:527:9
    |
527 |         Time::parse("12a", &fd::parse("[subsecond digits:3]")?),
    |         ^^^^ not found in this scope
    |
help: consider importing this struct
    |
1   | use time::Time;
    |

error[E0433]: failed to resolve: use of undeclared type `Time`
   --> tests/integration/parsing.rs:533:9
    |
533 |         Time::parse("123a", &fd::parse("[subsecond digits:4]")?),
    |         ^^^^ not found in this scope
    |
help: consider importing this struct
    |
1   | use time::Time;
    |

error[E0433]: failed to resolve: use of undeclared type `Time`
   --> tests/integration/parsing.rs:539:9
    |
539 |         Time::parse("1234a", &fd::parse("[subsecond digits:5]")?),
    |         ^^^^ not found in this scope
    |
help: consider importing this struct
    |
1   | use time::Time;
    |

error[E0433]: failed to resolve: use of undeclared type `Time`
   --> tests/integration/parsing.rs:545:9
    |
545 |         Time::parse("12345a", &fd::parse("[subsecond digits:6]")?),
    |         ^^^^ not found in this scope
    |
help: consider importing this struct
    |
1   | use time::Time;
    |

error[E0433]: failed to resolve: use of undeclared type `Time`
   --> tests/integration/parsing.rs:551:9
    |
551 |         Time::parse("123456a", &fd::parse("[subsecond digits:7]")?),
    |         ^^^^ not found in this scope
    |
help: consider importing this struct
    |
1   | use time::Time;
    |

error[E0433]: failed to resolve: use of undeclared type `Time`
   --> tests/integration/parsing.rs:557:9
    |
557 |         Time::parse("1234567a", &fd::parse("[subsecond digits:8]")?),
    |         ^^^^ not found in this scope
    |
help: consider importing this struct
    |
1   | use time::Time;
    |

error[E0433]: failed to resolve: use of undeclared type `Time`
   --> tests/integration/parsing.rs:563:9
    |
563 |         Time::parse("12345678a", &fd::parse("[subsecond digits:9]")?),
    |         ^^^^ not found in this scope
    |
help: consider importing this struct
    |
1   | use time::Time;
    |

error[E0433]: failed to resolve: use of undeclared type `Date`
   --> tests/integration/parsing.rs:641:21
    |
641 |         assert_eq!(&Date::parse(input, format_description)?, output);
    |                     ^^^^ not found in this scope
    |
help: consider importing this struct
    |
1   | use time::Date;
    |

error[E0433]: failed to resolve: use of undeclared type `Date`
   --> tests/integration/parsing.rs:650:9
    |
650 |         Date::try_from(Parsed::new()),
    |         ^^^^ not found in this scope
    |
help: consider importing this struct
    |
1   | use time::Date;
    |

error[E0433]: failed to resolve: use of undeclared type `Date`
   --> tests/integration/parsing.rs:654:9
    |
654 |         Date::parse("", &fd::parse("")?),
    |         ^^^^ not found in this scope
    |
help: consider importing this struct
    |
1   | use time::Date;
    |

error[E0433]: failed to resolve: use of undeclared type `Date`
   --> tests/integration/parsing.rs:660:9
    |
660 |         Date::parse("a", &fd::parse("[year]")?),
    |         ^^^^ not found in this scope
    |
help: consider importing this struct
    |
1   | use time::Date;
    |

error[E0433]: failed to resolve: use of undeclared type `Date`
   --> tests/integration/parsing.rs:666:9
    |
666 |         Date::parse("0001", &fd::parse("[year sign:mandatory]")?),
    |         ^^^^ not found in this scope
    |
help: consider importing this struct
    |
1   | use time::Date;
    |

error[E0433]: failed to resolve: use of undeclared type `Date`
   --> tests/integration/parsing.rs:672:9
    |
672 |         Date::parse("0a", &fd::parse("[year repr:last_two]")?),
    |         ^^^^ not found in this scope
    |
help: consider importing this struct
    |
1   | use time::Date;
    |

error[E0433]: failed to resolve: use of undeclared type `Date`
   --> tests/integration/parsing.rs:678:9
    |
678 |         Date::parse("2021-366", &fd::parse("[year]-[ordinal]")?),
    |         ^^^^ not found in this scope
    |
help: consider importing this struct
    |
1   | use time::Date;
    |

error[E0433]: failed to resolve: use of undeclared type `Date`
   --> tests/integration/parsing.rs:684:9
    |
684 |         Date::parse("2021-12-32", &fd::parse("[year]-[month]-[day]")?),
    |         ^^^^ not found in this scope
    |
help: consider importing this struct
    |
1   | use time::Date;
    |

error[E0433]: failed to resolve: use of undeclared type `Date`
   --> tests/integration/parsing.rs:690:9
    |
690 |         Date::parse("2021-W54-1", &fd::parse("[year base:iso_week]-W[week_number]-[weekday repr:monday]")?),
    |         ^^^^ not found in this scope
    |
help: consider importing this struct
    |
1   | use time::Date;
    |

error[E0433]: failed to resolve: use of undeclared type `Date`
   --> tests/integration/parsing.rs:696:9
    |
696 |         Date::parse("2021-W54-1", &fd::parse("[year]-W[week_number repr:sunday]-[weekday repr:monday]")?),
    |         ^^^^ not found in this scope
    |
help: consider importing this struct
    |
1   | use time::Date;
    |

error[E0433]: failed to resolve: use of undeclared type `Date`
   --> tests/integration/parsing.rs:702:9
    |
702 |         Date::parse("2021-W54-1", &fd::parse("[year]-W[week_number repr:monday]-[weekday repr:monday]")?),
    |         ^^^^ not found in this scope
    |
help: consider importing this struct
    |
1   | use time::Date;
    |

error[E0433]: failed to resolve: use of undeclared type `Date`
   --> tests/integration/parsing.rs:708:9
    |
708 |         Date::parse("Ja", &fd::parse("[month repr:short]")?),
    |         ^^^^ not found in this scope
    |
help: consider importing this struct
    |
1   | use time::Date;
    |

error[E0433]: failed to resolve: use of undeclared type `Date`
   --> tests/integration/parsing.rs:714:9
    |
714 |         Date::parse("  2a21", &fd::parse("[year padding:space]")?),
    |         ^^^^ not found in this scope
    |
help: consider importing this struct
    |
1   | use time::Date;
    |

error[E0433]: failed to resolve: use of undeclared type `UtcOffset`
   --> tests/integration/parsing.rs:726:9
    |
726 |         UtcOffset::parse("", &fd::parse("")?),
    |         ^^^^^^^^^ not found in this scope
    |
help: consider importing this struct
    |
1   | use time::UtcOffset;
    |

error[E0433]: failed to resolve: use of undeclared type `UtcOffset`
   --> tests/integration/parsing.rs:732:9
    |
732 |         UtcOffset::parse("01", &fd::parse("[offset_hour sign:mandatory]")?),
    |         ^^^^^^^^^ not found in this scope
    |
help: consider importing this struct
    |
1   | use time::UtcOffset;
    |

error[E0433]: failed to resolve: use of undeclared type `UtcOffset`
   --> tests/integration/parsing.rs:738:9
    |
738 |         UtcOffset::parse("24", &fd::parse("[offset_hour]")?),
    |         ^^^^^^^^^ not found in this scope
    |
help: consider importing this struct
    |
1   | use time::UtcOffset;
    |

error[E0433]: failed to resolve: use of undeclared type `UtcOffset`
   --> tests/integration/parsing.rs:742:9
    |
742 |         UtcOffset::parse("00:60", &fd::parse("[offset_hour]:[offset_minute]")?),
    |         ^^^^^^^^^ not found in this scope
    |
help: consider importing this struct
    |
1   | use time::UtcOffset;
    |

error[E0433]: failed to resolve: use of undeclared type `UtcOffset`
   --> tests/integration/parsing.rs:746:9
    |
746 |         UtcOffset::parse("00:00:60", &fd::parse("[offset_hour]:[offset_minute]:[offset_second]")?),
    |         ^^^^^^^^^ not found in this scope
    |
help: consider importing this struct
    |
1   | use time::UtcOffset;
    |

error[E0433]: failed to resolve: use of undeclared type `PrimitiveDateTime`
   --> tests/integration/parsing.rs:756:9
    |
756 |         PrimitiveDateTime::parse("", &fd::parse("")?),
    |         ^^^^^^^^^^^^^^^^^ not found in this scope
    |
help: consider importing this struct
    |
1   | use time::PrimitiveDateTime;
    |

error[E0433]: failed to resolve: use of undeclared type `PrimitiveDateTime`
   --> tests/integration/parsing.rs:762:9
    |
762 |         PrimitiveDateTime::parse("2021-001 13 PM", &fd::parse("[year]-[ordinal] [hour repr:12] [period]")?),
    |         ^^^^^^^^^^^^^^^^^ not found in this scope
    |
help: consider importing this struct
    |
1   | use time::PrimitiveDateTime;
    |

error[E0433]: failed to resolve: use of undeclared type `OffsetDateTime`
   --> tests/integration/parsing.rs:774:9
    |
774 |         OffsetDateTime::parse("", &fd::parse("")?),
    |         ^^^^^^^^^^^^^^ not found in this scope
    |
help: consider importing this struct
    |
1   | use time::OffsetDateTime;
    |

error[E0433]: failed to resolve: use of undeclared type `OffsetDateTime`
   --> tests/integration/parsing.rs:780:9
    |
780 |         OffsetDateTime::parse("x", &fd::parse("[year]")?),
    |         ^^^^^^^^^^^^^^ not found in this scope
    |
help: consider importing this struct
    |
1   | use time::OffsetDateTime;
    |

error[E0433]: failed to resolve: use of undeclared type `OffsetDateTime`
   --> tests/integration/parsing.rs:786:9
    |
786 |         OffsetDateTime::parse("2021-001 12 PM +25", &fd::parse("[year]-[ordinal] [hour repr:12] [period] [offset_hour sign:mandatory]")?),
    |         ^^^^^^^^^^^^^^ not found in this scope
    |
help: consider importing this struct
    |
1   | use time::OffsetDateTime;
    |

error[E0433]: failed to resolve: use of undeclared type `Component`
   --> tests/integration/parsing.rs:806:9
    |
806 |         Component::Year(modifier!(Year {
    |         ^^^^^^^^^ not found in this scope
    |
help: consider importing this enum
    |
1   | use std::path::Component;
    |

error[E0433]: failed to resolve: use of undeclared type `Component`
   --> tests/integration/parsing.rs:816:9
    |
816 |         Component::Year(modifier!(Year {
    |         ^^^^^^^^^ not found in this scope
    |
help: consider importing this enum
    |
1   | use std::path::Component;
    |

error[E0433]: failed to resolve: use of undeclared type `Component`
   --> tests/integration/parsing.rs:826:9
    |
826 |         Component::Year(modifier!(Year {
    |         ^^^^^^^^^ not found in this scope
    |
help: consider importing this enum
    |
1   | use std::path::Component;
    |

error[E0433]: failed to resolve: use of undeclared type `Component`
   --> tests/integration/parsing.rs:836:9
    |
836 |         Component::Year(modifier!(Year {
    |         ^^^^^^^^^ not found in this scope
    |
help: consider importing this enum
    |
1   | use std::path::Component;
    |

error[E0433]: failed to resolve: use of undeclared type `Component`
   --> tests/integration/parsing.rs:846:9
    |
846 |         Component::Month(modifier!(Month {
    |         ^^^^^^^^^ not found in this scope
    |
help: consider importing this enum
    |
1   | use std::path::Component;
    |

error[E0433]: failed to resolve: could not find `format_description` in `time`
   --> tests/integration/parsing.rs:846:36
    |
846 |         Component::Month(modifier!(Month {
    |                                    ^^^^^ not found in `time::format_description::modifier`
    |
help: consider importing this enum
    |
1   | use time::Month;
    |

error[E0433]: failed to resolve: use of undeclared type `Component`
   --> tests/integration/parsing.rs:854:9
    |
854 |         Component::Month(modifier!(Month {
    |         ^^^^^^^^^ not found in this scope
    |
help: consider importing this enum
    |
1   | use std::path::Component;
    |

error[E0433]: failed to resolve: could not find `format_description` in `time`
   --> tests/integration/parsing.rs:854:36
    |
854 |         Component::Month(modifier!(Month {
    |                                    ^^^^^ not found in `time::format_description::modifier`
    |
help: consider importing this enum
    |
1   | use time::Month;
    |

error[E0433]: failed to resolve: use of undeclared type `Component`
   --> tests/integration/parsing.rs:863:9
    |
863 |         Component::Month(modifier!(Month {
    |         ^^^^^^^^^ not found in this scope
    |
help: consider importing this enum
    |
1   | use std::path::Component;
    |

error[E0433]: failed to resolve: could not find `format_description` in `time`
   --> tests/integration/parsing.rs:863:36
    |
863 |         Component::Month(modifier!(Month {
    |                                    ^^^^^ not found in `time::format_description::modifier`
    |
help: consider importing this enum
    |
1   | use time::Month;
    |

error[E0433]: failed to resolve: use of undeclared type `Component`
   --> tests/integration/parsing.rs:872:9
    |
872 |         Component::Month(modifier!(Month {
    |         ^^^^^^^^^ not found in this scope
    |
help: consider importing this enum
    |
1   | use std::path::Component;
    |

error[E0433]: failed to resolve: could not find `format_description` in `time`
   --> tests/integration/parsing.rs:872:36
    |
872 |         Component::Month(modifier!(Month {
    |                                    ^^^^^ not found in `time::format_description::modifier`
    |
help: consider importing this enum
    |
1   | use time::Month;
    |

error[E0433]: failed to resolve: use of undeclared type `Component`
   --> tests/integration/parsing.rs:881:9
    |
881 |         Component::Month(modifier!(Month {
    |         ^^^^^^^^^ not found in this scope
    |
help: consider importing this enum
    |
1   | use std::path::Component;
    |

error[E0433]: failed to resolve: could not find `format_description` in `time`
   --> tests/integration/parsing.rs:881:36
    |
881 |         Component::Month(modifier!(Month {
    |                                    ^^^^^ not found in `time::format_description::modifier`
    |
help: consider importing this enum
    |
1   | use time::Month;
    |

error[E0433]: failed to resolve: use of undeclared type `Component`
   --> tests/integration/parsing.rs:890:9
    |
890 |         Component::Ordinal(modifier!(Ordinal {
    |         ^^^^^^^^^ not found in this scope
    |
help: consider importing this enum
    |
1   | use std::path::Component;
    |

error[E0433]: failed to resolve: use of undeclared type `Component`
   --> tests/integration/parsing.rs:897:9
    |
897 |         Component::Weekday(modifier!(Weekday {
    |         ^^^^^^^^^ not found in this scope
    |
help: consider importing this enum
    |
1   | use std::path::Component;
    |

error[E0433]: failed to resolve: could not find `format_description` in `time`
   --> tests/integration/parsing.rs:897:38
    |
897 |         Component::Weekday(modifier!(Weekday {
    |                                      ^^^^^^^ not found in `time::format_description::modifier`
    |
help: consider importing this enum
    |
1   | use time::Weekday;
    |

error[E0433]: failed to resolve: use of undeclared type `Component`
   --> tests/integration/parsing.rs:906:9
    |
906 |         Component::Weekday(modifier!(Weekday {
    |         ^^^^^^^^^ not found in this scope
    |
help: consider importing this enum
    |
1   | use std::path::Component;
    |

error[E0433]: failed to resolve: could not find `format_description` in `time`
   --> tests/integration/parsing.rs:906:38
    |
906 |         Component::Weekday(modifier!(Weekday {
    |                                      ^^^^^^^ not found in `time::format_description::modifier`
    |
help: consider importing this enum
    |
1   | use time::Weekday;
    |

error[E0433]: failed to resolve: use of undeclared type `Component`
   --> tests/integration/parsing.rs:915:9
    |
915 |         Component::Weekday(modifier!(Weekday {
    |         ^^^^^^^^^ not found in this scope
    |
help: consider importing this enum
    |
1   | use std::path::Component;
    |

error[E0433]: failed to resolve: could not find `format_description` in `time`
   --> tests/integration/parsing.rs:915:38
    |
915 |         Component::Weekday(modifier!(Weekday {
    |                                      ^^^^^^^ not found in `time::format_description::modifier`
    |
help: consider importing this enum
    |
1   | use time::Weekday;
    |

error[E0433]: failed to resolve: use of undeclared type `Component`
   --> tests/integration/parsing.rs:924:9
    |
924 |         Component::Weekday(modifier!(Weekday {
    |         ^^^^^^^^^ not found in this scope
    |
help: consider importing this enum
    |
1   | use std::path::Component;
    |

error[E0433]: failed to resolve: could not find `format_description` in `time`
   --> tests/integration/parsing.rs:924:38
    |
924 |         Component::Weekday(modifier!(Weekday {
    |                                      ^^^^^^^ not found in `time::format_description::modifier`
    |
help: consider importing this enum
    |
1   | use time::Weekday;
    |

error[E0433]: failed to resolve: use of undeclared type `Component`
   --> tests/integration/parsing.rs:933:9
    |
933 |         Component::Weekday(modifier!(Weekday {
    |         ^^^^^^^^^ not found in this scope
    |
help: consider importing this enum
    |
1   | use std::path::Component;
    |

error[E0433]: failed to resolve: could not find `format_description` in `time`
   --> tests/integration/parsing.rs:933:38
    |
933 |         Component::Weekday(modifier!(Weekday {
    |                                      ^^^^^^^ not found in `time::format_description::modifier`
    |
help: consider importing this enum
    |
1   | use time::Weekday;
    |

error[E0433]: failed to resolve: use of undeclared type `Component`
   --> tests/integration/parsing.rs:941:9
    |
941 |         Component::Weekday(modifier!(Weekday {
    |         ^^^^^^^^^ not found in this scope
    |
help: consider importing this enum
    |
1   | use std::path::Component;
    |

error[E0433]: failed to resolve: could not find `format_description` in `time`
   --> tests/integration/parsing.rs:941:38
    |
941 |         Component::Weekday(modifier!(Weekday {
    |                                      ^^^^^^^ not found in `time::format_description::modifier`
    |
help: consider importing this enum
    |
1   | use time::Weekday;
    |

error[E0433]: failed to resolve: use of undeclared type `Component`
   --> tests/integration/parsing.rs:949:9
    |
949 |         Component::Weekday(modifier!(Weekday {
    |         ^^^^^^^^^ not found in this scope
    |
help: consider importing this enum
    |
1   | use std::path::Component;
    |

error[E0433]: failed to resolve: could not find `format_description` in `time`
   --> tests/integration/parsing.rs:949:38
    |
949 |         Component::Weekday(modifier!(Weekday {
    |                                      ^^^^^^^ not found in `time::format_description::modifier`
    |
help: consider importing this enum
    |
1   | use time::Weekday;
    |

error[E0433]: failed to resolve: use of undeclared type `Component`
   --> tests/integration/parsing.rs:957:9
    |
957 |         Component::Weekday(modifier!(Weekday {
    |         ^^^^^^^^^ not found in this scope
    |
help: consider importing this enum
    |
1   | use std::path::Component;
    |

error[E0433]: failed to resolve: could not find `format_description` in `time`
   --> tests/integration/parsing.rs:957:38
    |
957 |         Component::Weekday(modifier!(Weekday {
    |                                      ^^^^^^^ not found in `time::format_description::modifier`
    |
help: consider importing this enum
    |
1   | use time::Weekday;
    |

error[E0433]: failed to resolve: use of undeclared type `Component`
   --> tests/integration/parsing.rs:965:9
    |
965 |         Component::WeekNumber(modifier!(WeekNumber {
    |         ^^^^^^^^^ not found in this scope
    |
help: consider importing this enum
    |
1   | use std::path::Component;
    |

error[E0433]: failed to resolve: use of undeclared type `Component`
   --> tests/integration/parsing.rs:973:9
    |
973 |         Component::WeekNumber(modifier!(WeekNumber {
    |         ^^^^^^^^^ not found in this scope
    |
help: consider importing this enum
    |
1   | use std::path::Component;
    |

error[E0433]: failed to resolve: use of undeclared type `Component`
   --> tests/integration/parsing.rs:981:9
    |
981 |         Component::WeekNumber(modifier!(WeekNumber {
    |         ^^^^^^^^^ not found in this scope
    |
help: consider importing this enum
    |
1   | use std::path::Component;
    |

error[E0433]: failed to resolve: use of undeclared type `Component`
   --> tests/integration/parsing.rs:989:9
    |
989 |         Component::Subsecond(modifier!(Subsecond {
    |         ^^^^^^^^^ not found in this scope
    |
help: consider importing this enum
    |
1   | use std::path::Component;
    |

error[E0433]: failed to resolve: use of undeclared type `Component`
   --> tests/integration/parsing.rs:996:9
    |
996 |         Component::Subsecond(modifier!(Subsecond {
    |         ^^^^^^^^^ not found in this scope
    |
help: consider importing this enum
    |
1   | use std::path::Component;
    |

error[E0433]: failed to resolve: use of undeclared type `Component`
    --> tests/integration/parsing.rs:1003:9
     |
1003 |         Component::Subsecond(modifier!(Subsecond {
     |         ^^^^^^^^^ not found in this scope
     |
help: consider importing this enum
     |
1    | use std::path::Component;
     |

error[E0433]: failed to resolve: use of undeclared type `Component`
    --> tests/integration/parsing.rs:1010:9
     |
1010 |         Component::Subsecond(modifier!(Subsecond {
     |         ^^^^^^^^^ not found in this scope
     |
help: consider importing this enum
     |
1    | use std::path::Component;
     |

error[E0433]: failed to resolve: use of undeclared type `Component`
    --> tests/integration/parsing.rs:1017:9
     |
1017 |         Component::Subsecond(modifier!(Subsecond {
     |         ^^^^^^^^^ not found in this scope
     |
help: consider importing this enum
     |
1    | use std::path::Component;
     |

error[E0433]: failed to resolve: use of undeclared type `Component`
    --> tests/integration/parsing.rs:1024:9
     |
1024 |         Component::Subsecond(modifier!(Subsecond {
     |         ^^^^^^^^^ not found in this scope
     |
help: consider importing this enum
     |
1    | use std::path::Component;
     |

error[E0433]: failed to resolve: use of undeclared type `Component`
    --> tests/integration/parsing.rs:1031:9
     |
1031 |         Component::Subsecond(modifier!(Subsecond {
     |         ^^^^^^^^^ not found in this scope
     |
help: consider importing this enum
     |
1    | use std::path::Component;
     |

error[E0433]: failed to resolve: use of undeclared type `Component`
    --> tests/integration/parsing.rs:1038:9
     |
1038 |         Component::Subsecond(modifier!(Subsecond {
     |         ^^^^^^^^^ not found in this scope
     |
help: consider importing this enum
     |
1    | use std::path::Component;
     |

error[E0433]: failed to resolve: use of undeclared type `Component`
    --> tests/integration/parsing.rs:1045:9
     |
1045 |         Component::Subsecond(modifier!(Subsecond {
     |         ^^^^^^^^^ not found in this scope
     |
help: consider importing this enum
     |
1    | use std::path::Component;
     |

error[E0433]: failed to resolve: use of undeclared type `Component`
    --> tests/integration/parsing.rs:1052:9
     |
1052 |         Component::Subsecond(modifier!(Subsecond {
     |         ^^^^^^^^^ not found in this scope
     |
help: consider importing this enum
     |
1    | use std::path::Component;
     |

error[E0433]: failed to resolve: use of undeclared type `Component`
    --> tests/integration/parsing.rs:1059:9
     |
1059 |         Component::Period(modifier!(Period {
     |         ^^^^^^^^^ not found in this scope
     |
help: consider importing this enum
     |
1    | use std::path::Component;
     |

error[E0433]: failed to resolve: use of undeclared type `Component`
    --> tests/integration/parsing.rs:1067:9
     |
1067 |         Component::Period(modifier!(Period {
     |         ^^^^^^^^^ not found in this scope
     |
help: consider importing this enum
     |
1    | use std::path::Component;
     |

error[E0433]: failed to resolve: use of undeclared type `PrimitiveDateTime`
  --> tests/integration/primitive_date_time.rs:10:9
   |
10 |         PrimitiveDateTime::new(date!(2019 - 01 - 01), time!(0:00)),
   |         ^^^^^^^^^^^^^^^^^ not found in this scope
   |
help: consider importing this struct
   |
1  | use time::PrimitiveDateTime;
   |

error[E0425]: cannot find value `Tuesday` in this scope
  --> tests/integration/primitive_date_time.rs:93:19
   |
93 |         (2019, 1, Tuesday)
   |                   ^^^^^^^ not found in this scope
   |
help: consider importing this unit variant
   |
1  | use time::Weekday::Tuesday;
   |

error[E0425]: cannot find value `Friday` in this scope
  --> tests/integration/primitive_date_time.rs:97:20
   |
97 |         (2019, 40, Friday)
   |                    ^^^^^^ not found in this scope
   |
help: consider importing this unit variant
   |
1  | use time::Weekday::Friday;
   |

error[E0425]: cannot find value `Wednesday` in this scope
   --> tests/integration/primitive_date_time.rs:101:19
    |
101 |         (2020, 1, Wednesday)
    |                   ^^^^^^^^^ not found in this scope
    |
help: consider importing this unit variant
    |
1   | use time::Weekday::Wednesday;
    |

error[E0425]: cannot find value `Thursday` in this scope
   --> tests/integration/primitive_date_time.rs:105:20
    |
105 |         (2020, 53, Thursday)
    |                    ^^^^^^^^ not found in this scope
    |
help: consider importing this unit variant
    |
1   | use time::Weekday::Thursday;
    |

error[E0425]: cannot find value `Friday` in this scope
   --> tests/integration/primitive_date_time.rs:109:20
    |
109 |         (2020, 53, Friday)
    |                    ^^^^^^ not found in this scope
    |
help: consider importing this unit variant
    |
1   | use time::Weekday::Friday;
    |

error[E0425]: cannot find value `Tuesday` in this scope
   --> tests/integration/primitive_date_time.rs:116:54
    |
116 |     assert_eq!(datetime!(2019-01-01 0:00).weekday(), Tuesday);
    |                                                      ^^^^^^^ not found in this scope
    |
help: consider importing this unit variant
    |
1   | use time::Weekday::Tuesday;
    |

error[E0425]: cannot find value `Friday` in this scope
   --> tests/integration/primitive_date_time.rs:117:54
    |
117 |     assert_eq!(datetime!(2019-02-01 0:00).weekday(), Friday);
    |                                                      ^^^^^^ not found in this scope
    |
help: consider importing this unit variant
    |
1   | use time::Weekday::Friday;
    |

error[E0425]: cannot find value `Friday` in this scope
   --> tests/integration/primitive_date_time.rs:118:54
    |
118 |     assert_eq!(datetime!(2019-03-01 0:00).weekday(), Friday);
    |                                                      ^^^^^^ not found in this scope
    |
help: consider importing this unit variant
    |
1   | use time::Weekday::Friday;
    |

error[E0425]: cannot find value `Monday` in this scope
   --> tests/integration/primitive_date_time.rs:119:54
    |
119 |     assert_eq!(datetime!(2019-04-01 0:00).weekday(), Monday);
    |                                                      ^^^^^^ not found in this scope
    |
help: consider importing this unit variant
    |
1   | use time::Weekday::Monday;
    |

error[E0425]: cannot find value `Wednesday` in this scope
   --> tests/integration/primitive_date_time.rs:120:54
    |
120 |     assert_eq!(datetime!(2019-05-01 0:00).weekday(), Wednesday);
    |                                                      ^^^^^^^^^ not found in this scope
    |
help: consider importing this unit variant
    |
1   | use time::Weekday::Wednesday;
    |

error[E0425]: cannot find value `Saturday` in this scope
   --> tests/integration/primitive_date_time.rs:121:54
    |
121 |     assert_eq!(datetime!(2019-06-01 0:00).weekday(), Saturday);
    |                                                      ^^^^^^^^ not found in this scope
    |
help: consider importing this unit variant
    |
1   | use time::Weekday::Saturday;
    |

error[E0425]: cannot find value `Monday` in this scope
   --> tests/integration/primitive_date_time.rs:122:54
    |
122 |     assert_eq!(datetime!(2019-07-01 0:00).weekday(), Monday);
    |                                                      ^^^^^^ not found in this scope
    |
help: consider importing this unit variant
    |
1   | use time::Weekday::Monday;
    |

error[E0425]: cannot find value `Thursday` in this scope
   --> tests/integration/primitive_date_time.rs:123:54
    |
123 |     assert_eq!(datetime!(2019-08-01 0:00).weekday(), Thursday);
    |                                                      ^^^^^^^^ not found in this scope
    |
help: consider importing this unit variant
    |
1   | use time::Weekday::Thursday;
    |

error[E0425]: cannot find value `Sunday` in this scope
   --> tests/integration/primitive_date_time.rs:124:54
    |
124 |     assert_eq!(datetime!(2019-09-01 0:00).weekday(), Sunday);
    |                                                      ^^^^^^ not found in this scope
    |
help: consider importing this unit variant
    |
1   | use time::Weekday::Sunday;
    |

error[E0425]: cannot find value `Tuesday` in this scope
   --> tests/integration/primitive_date_time.rs:125:54
    |
125 |     assert_eq!(datetime!(2019-10-01 0:00).weekday(), Tuesday);
    |                                                      ^^^^^^^ not found in this scope
    |
help: consider importing this unit variant
    |
1   | use time::Weekday::Tuesday;
    |

error[E0425]: cannot find value `Friday` in this scope
   --> tests/integration/primitive_date_time.rs:126:54
    |
126 |     assert_eq!(datetime!(2019-11-01 0:00).weekday(), Friday);
    |                                                      ^^^^^^ not found in this scope
    |
help: consider importing this unit variant
    |
1   | use time::Weekday::Friday;
    |

error[E0425]: cannot find value `Sunday` in this scope
   --> tests/integration/primitive_date_time.rs:127:54
    |
127 |     assert_eq!(datetime!(2019-12-01 0:00).weekday(), Sunday);
    |                                                      ^^^^^^ not found in this scope
    |
help: consider importing this unit variant
    |
1   | use time::Weekday::Sunday;
    |

error[E0412]: cannot find type `Time` in this scope
  --> tests/integration/serde.rs:41:38
   |
41 |     assert_de_tokens_error::<Compact<Time>>(
   |                                      ^^^^ not found in this scope
   |
help: consider importing this struct
   |
1  | use time::Time;
   |

error[E0412]: cannot find type `Time` in this scope
  --> tests/integration/serde.rs:52:39
   |
52 |     assert_de_tokens_error::<Readable<Time>>(
   |                                       ^^^^ not found in this scope
   |
help: consider importing this struct
   |
1  | use time::Time;
   |

error[E0412]: cannot find type `Time` in this scope
  --> tests/integration/serde.rs:56:39
   |
56 |     assert_de_tokens_error::<Readable<Time>>(
   |                                       ^^^^ not found in this scope
   |
help: consider importing this struct
   |
1  | use time::Time;
   |

error[E0412]: cannot find type `Time` in this scope
  --> tests/integration/serde.rs:60:39
   |
60 |     assert_de_tokens_error::<Readable<Time>>(
   |                                       ^^^^ not found in this scope
   |
help: consider importing this struct
   |
1  | use time::Time;
   |

error[E0412]: cannot find type `Time` in this scope
  --> tests/integration/serde.rs:64:39
   |
64 |     assert_de_tokens_error::<Readable<Time>>(
   |                                       ^^^^ not found in this scope
   |
help: consider importing this struct
   |
1  | use time::Time;
   |

error[E0412]: cannot find type `Time` in this scope
  --> tests/integration/serde.rs:68:39
   |
68 |     assert_de_tokens_error::<Readable<Time>>(
   |                                       ^^^^ not found in this scope
   |
help: consider importing this struct
   |
1  | use time::Time;
   |

error[E0412]: cannot find type `Time` in this scope
  --> tests/integration/serde.rs:72:38
   |
72 |     assert_de_tokens_error::<Compact<Time>>(
   |                                      ^^^^ not found in this scope
   |
help: consider importing this struct
   |
1  | use time::Time;
   |

error[E0412]: cannot find type `Time` in this scope
  --> tests/integration/serde.rs:80:30
   |
80 |     assert_de_tokens_error::<Time>(&[Token::Tuple { len: 4 }, Token::TupleEnd], "expected hour");
   |                              ^^^^ not found in this scope
   |
help: consider importing this struct
   |
1  | use time::Time;
   |

error[E0412]: cannot find type `Time` in this scope
  --> tests/integration/serde.rs:81:30
   |
81 |     assert_de_tokens_error::<Time>(
   |                              ^^^^ not found in this scope
   |
help: consider importing this struct
   |
1  | use time::Time;
   |

error[E0412]: cannot find type `Time` in this scope
  --> tests/integration/serde.rs:85:30
   |
85 |     assert_de_tokens_error::<Time>(
   |                              ^^^^ not found in this scope
   |
help: consider importing this struct
   |
1  | use time::Time;
   |

error[E0412]: cannot find type `Time` in this scope
  --> tests/integration/serde.rs:94:30
   |
94 |     assert_de_tokens_error::<Time>(
   |                              ^^^^ not found in this scope
   |
help: consider importing this struct
   |
1  | use time::Time;
   |

error[E0412]: cannot find type `Date` in this scope
   --> tests/integration/serde.rs:138:39
    |
138 |     assert_de_tokens_error::<Readable<Date>>(
    |                                       ^^^^ not found in this scope
    |
help: consider importing this struct
    |
1   | use time::Date;
    |

error[E0412]: cannot find type `Date` in this scope
   --> tests/integration/serde.rs:142:38
    |
142 |     assert_de_tokens_error::<Compact<Date>>(
    |                                      ^^^^ not found in this scope
    |
help: consider importing this struct
    |
1   | use time::Date;
    |

error[E0412]: cannot find type `Date` in this scope
   --> tests/integration/serde.rs:150:30
    |
150 |     assert_de_tokens_error::<Date>(&[Token::Tuple { len: 2 }, Token::TupleEnd], "expected year");
    |                              ^^^^ not found in this scope
    |
help: consider importing this struct
    |
1   | use time::Date;
    |

error[E0412]: cannot find type `Date` in this scope
   --> tests/integration/serde.rs:151:30
    |
151 |     assert_de_tokens_error::<Date>(
    |                              ^^^^ not found in this scope
    |
help: consider importing this struct
    |
1   | use time::Date;
    |

error[E0412]: cannot find type `PrimitiveDateTime` in this scope
   --> tests/integration/serde.rs:197:39
    |
197 |     assert_de_tokens_error::<Readable<PrimitiveDateTime>>(
    |                                       ^^^^^^^^^^^^^^^^^ not found in this scope
    |
help: consider importing this struct
    |
1   | use time::PrimitiveDateTime;
    |

error[E0412]: cannot find type `PrimitiveDateTime` in this scope
   --> tests/integration/serde.rs:201:38
    |
201 |     assert_de_tokens_error::<Compact<PrimitiveDateTime>>(
    |                                      ^^^^^^^^^^^^^^^^^ not found in this scope
    |
help: consider importing this struct
    |
1   | use time::PrimitiveDateTime;
    |

error[E0412]: cannot find type `PrimitiveDateTime` in this scope
   --> tests/integration/serde.rs:205:38
    |
205 |     assert_de_tokens_error::<Compact<PrimitiveDateTime>>(
    |                                      ^^^^^^^^^^^^^^^^^ not found in this scope
    |
help: consider importing this struct
    |
1   | use time::PrimitiveDateTime;
    |

error[E0412]: cannot find type `PrimitiveDateTime` in this scope
   --> tests/integration/serde.rs:218:38
    |
218 |     assert_de_tokens_error::<Compact<PrimitiveDateTime>>(
    |                                      ^^^^^^^^^^^^^^^^^ not found in this scope
    |
help: consider importing this struct
    |
1   | use time::PrimitiveDateTime;
    |

error[E0412]: cannot find type `PrimitiveDateTime` in this scope
   --> tests/integration/serde.rs:235:30
    |
235 |     assert_de_tokens_error::<PrimitiveDateTime>(
    |                              ^^^^^^^^^^^^^^^^^ not found in this scope
    |
help: consider importing this struct
    |
1   | use time::PrimitiveDateTime;
    |

error[E0412]: cannot find type `PrimitiveDateTime` in this scope
   --> tests/integration/serde.rs:239:30
    |
239 |     assert_de_tokens_error::<PrimitiveDateTime>(
    |                              ^^^^^^^^^^^^^^^^^ not found in this scope
    |
help: consider importing this struct
    |
1   | use time::PrimitiveDateTime;
    |

error[E0412]: cannot find type `PrimitiveDateTime` in this scope
   --> tests/integration/serde.rs:243:30
    |
243 |     assert_de_tokens_error::<PrimitiveDateTime>(
    |                              ^^^^^^^^^^^^^^^^^ not found in this scope
    |
help: consider importing this struct
    |
1   | use time::PrimitiveDateTime;
    |

error[E0412]: cannot find type `PrimitiveDateTime` in this scope
   --> tests/integration/serde.rs:252:30
    |
252 |     assert_de_tokens_error::<PrimitiveDateTime>(
    |                              ^^^^^^^^^^^^^^^^^ not found in this scope
    |
help: consider importing this struct
    |
1   | use time::PrimitiveDateTime;
    |

error[E0412]: cannot find type `PrimitiveDateTime` in this scope
   --> tests/integration/serde.rs:262:30
    |
262 |     assert_de_tokens_error::<PrimitiveDateTime>(
    |                              ^^^^^^^^^^^^^^^^^ not found in this scope
    |
help: consider importing this struct
    |
1   | use time::PrimitiveDateTime;
    |

error[E0412]: cannot find type `PrimitiveDateTime` in this scope
   --> tests/integration/serde.rs:273:30
    |
273 |     assert_de_tokens_error::<PrimitiveDateTime>(
    |                              ^^^^^^^^^^^^^^^^^ not found in this scope
    |
help: consider importing this struct
    |
1   | use time::PrimitiveDateTime;
    |

error[E0412]: cannot find type `OffsetDateTime` in this scope
   --> tests/integration/serde.rs:343:39
    |
343 |     assert_de_tokens_error::<Readable<OffsetDateTime>>(
    |                                       ^^^^^^^^^^^^^^ not found in this scope
    |
help: consider importing this struct
    |
1   | use time::OffsetDateTime;
    |

error[E0412]: cannot find type `OffsetDateTime` in this scope
   --> tests/integration/serde.rs:347:38
    |
347 |     assert_de_tokens_error::<Compact<OffsetDateTime>>(
    |                                      ^^^^^^^^^^^^^^ not found in this scope
    |
help: consider importing this struct
    |
1   | use time::OffsetDateTime;
    |

error[E0412]: cannot find type `OffsetDateTime` in this scope
   --> tests/integration/serde.rs:351:38
    |
351 |     assert_de_tokens_error::<Compact<OffsetDateTime>>(
    |                                      ^^^^^^^^^^^^^^ not found in this scope
    |
help: consider importing this struct
    |
1   | use time::OffsetDateTime;
    |

error[E0412]: cannot find type `OffsetDateTime` in this scope
   --> tests/integration/serde.rs:367:38
    |
367 |     assert_de_tokens_error::<Compact<OffsetDateTime>>(
    |                                      ^^^^^^^^^^^^^^ not found in this scope
    |
help: consider importing this struct
    |
1   | use time::OffsetDateTime;
    |

error[E0412]: cannot find type `OffsetDateTime` in this scope
   --> tests/integration/serde.rs:383:38
    |
383 |     assert_de_tokens_error::<Compact<OffsetDateTime>>(
    |                                      ^^^^^^^^^^^^^^ not found in this scope
    |
help: consider importing this struct
    |
1   | use time::OffsetDateTime;
    |

error[E0412]: cannot find type `OffsetDateTime` in this scope
   --> tests/integration/serde.rs:403:30
    |
403 |     assert_de_tokens_error::<OffsetDateTime>(
    |                              ^^^^^^^^^^^^^^ not found in this scope
    |
help: consider importing this struct
    |
1   | use time::OffsetDateTime;
    |

error[E0412]: cannot find type `OffsetDateTime` in this scope
   --> tests/integration/serde.rs:407:30
    |
407 |     assert_de_tokens_error::<OffsetDateTime>(
    |                              ^^^^^^^^^^^^^^ not found in this scope
    |
help: consider importing this struct
    |
1   | use time::OffsetDateTime;
    |

error[E0412]: cannot find type `OffsetDateTime` in this scope
   --> tests/integration/serde.rs:411:30
    |
411 |     assert_de_tokens_error::<OffsetDateTime>(
    |                              ^^^^^^^^^^^^^^ not found in this scope
    |
help: consider importing this struct
    |
1   | use time::OffsetDateTime;
    |

error[E0412]: cannot find type `OffsetDateTime` in this scope
   --> tests/integration/serde.rs:420:30
    |
420 |     assert_de_tokens_error::<OffsetDateTime>(
    |                              ^^^^^^^^^^^^^^ not found in this scope
    |
help: consider importing this struct
    |
1   | use time::OffsetDateTime;
    |

error[E0412]: cannot find type `OffsetDateTime` in this scope
   --> tests/integration/serde.rs:430:30
    |
430 |     assert_de_tokens_error::<OffsetDateTime>(
    |                              ^^^^^^^^^^^^^^ not found in this scope
    |
help: consider importing this struct
    |
1   | use time::OffsetDateTime;
    |

error[E0412]: cannot find type `OffsetDateTime` in this scope
   --> tests/integration/serde.rs:441:30
    |
441 |     assert_de_tokens_error::<OffsetDateTime>(
    |                              ^^^^^^^^^^^^^^ not found in this scope
    |
help: consider importing this struct
    |
1   | use time::OffsetDateTime;
    |

error[E0412]: cannot find type `OffsetDateTime` in this scope
   --> tests/integration/serde.rs:453:30
    |
453 |     assert_de_tokens_error::<OffsetDateTime>(
    |                              ^^^^^^^^^^^^^^ not found in this scope
    |
help: consider importing this struct
    |
1   | use time::OffsetDateTime;
    |

error[E0412]: cannot find type `OffsetDateTime` in this scope
   --> tests/integration/serde.rs:466:30
    |
466 |     assert_de_tokens_error::<OffsetDateTime>(
    |                              ^^^^^^^^^^^^^^ not found in this scope
    |
help: consider importing this struct
    |
1   | use time::OffsetDateTime;
    |

error[E0412]: cannot find type `OffsetDateTime` in this scope
   --> tests/integration/serde.rs:480:30
    |
480 |     assert_de_tokens_error::<OffsetDateTime>(
    |                              ^^^^^^^^^^^^^^ not found in this scope
    |
help: consider importing this struct
    |
1   | use time::OffsetDateTime;
    |

error[E0412]: cannot find type `UtcOffset` in this scope
   --> tests/integration/serde.rs:531:39
    |
531 |     assert_de_tokens_error::<Readable<UtcOffset>>(
    |                                       ^^^^^^^^^ not found in this scope
    |
help: consider importing this struct
    |
1   | use time::UtcOffset;
    |

error[E0412]: cannot find type `UtcOffset` in this scope
   --> tests/integration/serde.rs:535:38
    |
535 |     assert_de_tokens_error::<Compact<UtcOffset>>(
    |                                      ^^^^^^^^^ not found in this scope
    |
help: consider importing this struct
    |
1   | use time::UtcOffset;
    |

error[E0412]: cannot find type `UtcOffset` in this scope
   --> tests/integration/serde.rs:539:38
    |
539 |     assert_de_tokens_error::<Compact<UtcOffset>>(
    |                                      ^^^^^^^^^ not found in this scope
    |
help: consider importing this struct
    |
1   | use time::UtcOffset;
    |

error[E0412]: cannot find type `UtcOffset` in this scope
   --> tests/integration/serde.rs:553:30
    |
553 |     assert_de_tokens_error::<UtcOffset>(
    |                              ^^^^^^^^^ not found in this scope
    |
help: consider importing this struct
    |
1   | use time::UtcOffset;
    |

error[E0412]: cannot find type `UtcOffset` in this scope
   --> tests/integration/serde.rs:557:30
    |
557 |     assert_de_tokens_error::<UtcOffset>(
    |                              ^^^^^^^^^ not found in this scope
    |
help: consider importing this struct
    |
1   | use time::UtcOffset;
    |

error[E0412]: cannot find type `UtcOffset` in this scope
   --> tests/integration/serde.rs:561:30
    |
561 |     assert_de_tokens_error::<UtcOffset>(
    |                              ^^^^^^^^^ not found in this scope
    |
help: consider importing this struct
    |
1   | use time::UtcOffset;
    |

error[E0412]: cannot find type `Duration` in this scope
   --> tests/integration/serde.rs:608:39
    |
608 |     assert_de_tokens_error::<Readable<Duration>>(
    |                                       ^^^^^^^^ not found in this scope
    |
help: consider importing one of these items
    |
1   | use std::time::Duration;
    |
1   | use time::Duration;
    |
1   | use core::time::Duration;
    |

error[E0412]: cannot find type `Duration` in this scope
   --> tests/integration/serde.rs:612:39
    |
612 |     assert_de_tokens_error::<Readable<Duration>>(
    |                                       ^^^^^^^^ not found in this scope
    |
help: consider importing one of these items
    |
1   | use std::time::Duration;
    |
1   | use time::Duration;
    |
1   | use core::time::Duration;
    |

error[E0412]: cannot find type `Duration` in this scope
   --> tests/integration/serde.rs:616:39
    |
616 |     assert_de_tokens_error::<Readable<Duration>>(
    |                                       ^^^^^^^^ not found in this scope
    |
help: consider importing one of these items
    |
1   | use std::time::Duration;
    |
1   | use time::Duration;
    |
1   | use core::time::Duration;
    |

error[E0412]: cannot find type `Duration` in this scope
   --> tests/integration/serde.rs:620:39
    |
620 |     assert_de_tokens_error::<Readable<Duration>>(
    |                                       ^^^^^^^^ not found in this scope
    |
help: consider importing one of these items
    |
1   | use std::time::Duration;
    |
1   | use time::Duration;
    |
1   | use core::time::Duration;
    |

error[E0412]: cannot find type `Duration` in this scope
   --> tests/integration/serde.rs:624:38
    |
624 |     assert_de_tokens_error::<Compact<Duration>>(
    |                                      ^^^^^^^^ not found in this scope
    |
help: consider importing one of these items
    |
1   | use std::time::Duration;
    |
1   | use time::Duration;
    |
1   | use core::time::Duration;
    |

error[E0412]: cannot find type `Duration` in this scope
   --> tests/integration/serde.rs:632:30
    |
632 |     assert_de_tokens_error::<Duration>(
    |                              ^^^^^^^^ not found in this scope
    |
help: consider importing one of these items
    |
1   | use std::time::Duration;
    |
1   | use time::Duration;
    |
1   | use core::time::Duration;
    |

error[E0412]: cannot find type `Duration` in this scope
   --> tests/integration/serde.rs:636:30
    |
636 |     assert_de_tokens_error::<Duration>(
    |                              ^^^^^^^^ not found in this scope
    |
help: consider importing one of these items
    |
1   | use std::time::Duration;
    |
1   | use time::Duration;
    |
1   | use core::time::Duration;
    |

error[E0425]: cannot find value `Monday` in this scope
   --> tests/integration/serde.rs:649:20
    |
649 |     assert_tokens(&Monday.compact(), &[Token::U8(1)]);
    |                    ^^^^^^ not found in this scope
    |
help: consider importing this unit variant
    |
1   | use time::Weekday::Monday;
    |

error[E0425]: cannot find value `Tuesday` in this scope
   --> tests/integration/serde.rs:650:20
    |
650 |     assert_tokens(&Tuesday.compact(), &[Token::U8(2)]);
    |                    ^^^^^^^ not found in this scope
    |
help: consider importing this unit variant
    |
1   | use time::Weekday::Tuesday;
    |

error[E0425]: cannot find value `Wednesday` in this scope
   --> tests/integration/serde.rs:651:20
    |
651 |     assert_tokens(&Wednesday.compact(), &[Token::U8(3)]);
    |                    ^^^^^^^^^ not found in this scope
    |
help: consider importing this unit variant
    |
1   | use time::Weekday::Wednesday;
    |

error[E0425]: cannot find value `Thursday` in this scope
   --> tests/integration/serde.rs:652:20
    |
652 |     assert_tokens(&Thursday.compact(), &[Token::U8(4)]);
    |                    ^^^^^^^^ not found in this scope
    |
help: consider importing this unit variant
    |
1   | use time::Weekday::Thursday;
    |

error[E0425]: cannot find value `Friday` in this scope
   --> tests/integration/serde.rs:653:20
    |
653 |     assert_tokens(&Friday.compact(), &[Token::U8(5)]);
    |                    ^^^^^^ not found in this scope
    |
help: consider importing this unit variant
    |
1   | use time::Weekday::Friday;
    |

error[E0425]: cannot find value `Saturday` in this scope
   --> tests/integration/serde.rs:654:20
    |
654 |     assert_tokens(&Saturday.compact(), &[Token::U8(6)]);
    |                    ^^^^^^^^ not found in this scope
    |
help: consider importing this unit variant
    |
1   | use time::Weekday::Saturday;
    |

error[E0425]: cannot find value `Sunday` in this scope
   --> tests/integration/serde.rs:655:20
    |
655 |     assert_tokens(&Sunday.compact(), &[Token::U8(7)]);
    |                    ^^^^^^ not found in this scope
    |
help: consider importing this unit variant
    |
1   | use time::Weekday::Sunday;
    |

error[E0425]: cannot find value `Monday` in this scope
   --> tests/integration/serde.rs:657:20
    |
657 |     assert_tokens(&Monday.readable(), &[Token::BorrowedStr("Monday")]);
    |                    ^^^^^^ not found in this scope
    |
help: consider importing this unit variant
    |
1   | use time::Weekday::Monday;
    |

error[E0425]: cannot find value `Tuesday` in this scope
   --> tests/integration/serde.rs:658:20
    |
658 |     assert_tokens(&Tuesday.readable(), &[Token::BorrowedStr("Tuesday")]);
    |                    ^^^^^^^ not found in this scope
    |
help: consider importing this unit variant
    |
1   | use time::Weekday::Tuesday;
    |

error[E0425]: cannot find value `Wednesday` in this scope
   --> tests/integration/serde.rs:659:20
    |
659 |     assert_tokens(&Wednesday.readable(), &[Token::BorrowedStr("Wednesday")]);
    |                    ^^^^^^^^^ not found in this scope
    |
help: consider importing this unit variant
    |
1   | use time::Weekday::Wednesday;
    |

error[E0425]: cannot find value `Thursday` in this scope
   --> tests/integration/serde.rs:660:20
    |
660 |     assert_tokens(&Thursday.readable(), &[Token::BorrowedStr("Thursday")]);
    |                    ^^^^^^^^ not found in this scope
    |
help: consider importing this unit variant
    |
1   | use time::Weekday::Thursday;
    |

error[E0425]: cannot find value `Friday` in this scope
   --> tests/integration/serde.rs:661:20
    |
661 |     assert_tokens(&Friday.readable(), &[Token::BorrowedStr("Friday")]);
    |                    ^^^^^^ not found in this scope
    |
help: consider importing this unit variant
    |
1   | use time::Weekday::Friday;
    |

error[E0425]: cannot find value `Saturday` in this scope
   --> tests/integration/serde.rs:662:20
    |
662 |     assert_tokens(&Saturday.readable(), &[Token::BorrowedStr("Saturday")]);
    |                    ^^^^^^^^ not found in this scope
    |
help: consider importing this unit variant
    |
1   | use time::Weekday::Saturday;
    |

error[E0425]: cannot find value `Sunday` in this scope
   --> tests/integration/serde.rs:663:20
    |
663 |     assert_tokens(&Sunday.readable(), &[Token::BorrowedStr("Sunday")]);
    |                    ^^^^^^ not found in this scope
    |
help: consider importing this unit variant
    |
1   | use time::Weekday::Sunday;
    |

error[E0412]: cannot find type `Weekday` in this scope
   --> tests/integration/serde.rs:668:38
    |
668 |     assert_de_tokens_error::<Compact<Weekday>>(
    |                                      ^^^^^^^ not found in this scope
    |
help: consider importing this enum
    |
1   | use time::Weekday;
    |

error[E0412]: cannot find type `Weekday` in this scope
   --> tests/integration/serde.rs:672:39
    |
672 |     assert_de_tokens_error::<Readable<Weekday>>(
    |                                       ^^^^^^^ not found in this scope
    |
help: consider importing this enum
    |
1   | use time::Weekday;
    |

error[E0412]: cannot find type `Weekday` in this scope
   --> tests/integration/serde.rs:676:39
    |
676 |     assert_de_tokens_error::<Readable<Weekday>>(
    |                                       ^^^^^^^ not found in this scope
    |
help: consider importing this enum
    |
1   | use time::Weekday;
    |

error[E0412]: cannot find type `Weekday` in this scope
   --> tests/integration/serde.rs:680:38
    |
680 |     assert_de_tokens_error::<Compact<Weekday>>(
    |                                      ^^^^^^^ not found in this scope
    |
help: consider importing this enum
    |
1   | use time::Weekday;
    |

error[E0425]: cannot find value `January` in this scope
   --> tests/integration/serde.rs:689:20
    |
689 |     assert_tokens(&January.compact(), &[Token::U8(1)]);
    |                    ^^^^^^^ not found in this scope
    |
help: consider importing this unit variant
    |
1   | use time::Month::January;
    |

error[E0425]: cannot find value `February` in this scope
   --> tests/integration/serde.rs:690:20
    |
690 |     assert_tokens(&February.compact(), &[Token::U8(2)]);
    |                    ^^^^^^^^ not found in this scope
    |
help: consider importing this unit variant
    |
1   | use time::Month::February;
    |

error[E0425]: cannot find value `March` in this scope
   --> tests/integration/serde.rs:691:20
    |
691 |     assert_tokens(&March.compact(), &[Token::U8(3)]);
    |                    ^^^^^ not found in this scope
    |
help: consider importing this unit variant
    |
1   | use time::Month::March;
    |

error[E0425]: cannot find value `April` in this scope
   --> tests/integration/serde.rs:692:20
    |
692 |     assert_tokens(&April.compact(), &[Token::U8(4)]);
    |                    ^^^^^ not found in this scope
    |
help: consider importing this unit variant
    |
1   | use time::Month::April;
    |

error[E0425]: cannot find value `May` in this scope
   --> tests/integration/serde.rs:693:20
    |
693 |     assert_tokens(&May.compact(), &[Token::U8(5)]);
    |                    ^^^ not found in this scope
    |
help: consider importing this unit variant
    |
1   | use time::Month::May;
    |

error[E0425]: cannot find value `June` in this scope
   --> tests/integration/serde.rs:694:20
    |
694 |     assert_tokens(&June.compact(), &[Token::U8(6)]);
    |                    ^^^^ not found in this scope
    |
help: consider importing this unit variant
    |
1   | use time::Month::June;
    |

error[E0425]: cannot find value `July` in this scope
   --> tests/integration/serde.rs:695:20
    |
695 |     assert_tokens(&July.compact(), &[Token::U8(7)]);
    |                    ^^^^ not found in this scope
    |
help: consider importing this unit variant
    |
1   | use time::Month::July;
    |

error[E0425]: cannot find value `August` in this scope
   --> tests/integration/serde.rs:696:20
    |
696 |     assert_tokens(&August.compact(), &[Token::U8(8)]);
    |                    ^^^^^^ not found in this scope
    |
help: consider importing this unit variant
    |
1   | use time::Month::August;
    |

error[E0425]: cannot find value `September` in this scope
   --> tests/integration/serde.rs:697:20
    |
697 |     assert_tokens(&September.compact(), &[Token::U8(9)]);
    |                    ^^^^^^^^^ not found in this scope
    |
help: consider importing this unit variant
    |
1   | use time::Month::September;
    |

error[E0425]: cannot find value `October` in this scope
   --> tests/integration/serde.rs:698:20
    |
698 |     assert_tokens(&October.compact(), &[Token::U8(10)]);
    |                    ^^^^^^^ not found in this scope
    |
help: consider importing this unit variant
    |
1   | use time::Month::October;
    |

error[E0425]: cannot find value `November` in this scope
   --> tests/integration/serde.rs:699:20
    |
699 |     assert_tokens(&November.compact(), &[Token::U8(11)]);
    |                    ^^^^^^^^ not found in this scope
    |
help: consider importing this unit variant
    |
1   | use time::Month::November;
    |

error[E0425]: cannot find value `December` in this scope
   --> tests/integration/serde.rs:700:20
    |
700 |     assert_tokens(&December.compact(), &[Token::U8(12)]);
    |                    ^^^^^^^^ not found in this scope
    |
help: consider importing this unit variant
    |
1   | use time::Month::December;
    |

error[E0425]: cannot find value `January` in this scope
   --> tests/integration/serde.rs:702:20
    |
702 |     assert_tokens(&January.readable(), &[Token::BorrowedStr("January")]);
    |                    ^^^^^^^ not found in this scope
    |
help: consider importing this unit variant
    |
1   | use time::Month::January;
    |

error[E0425]: cannot find value `February` in this scope
   --> tests/integration/serde.rs:703:20
    |
703 |     assert_tokens(&February.readable(), &[Token::BorrowedStr("February")]);
    |                    ^^^^^^^^ not found in this scope
    |
help: consider importing this unit variant
    |
1   | use time::Month::February;
    |

error[E0425]: cannot find value `March` in this scope
   --> tests/integration/serde.rs:704:20
    |
704 |     assert_tokens(&March.readable(), &[Token::BorrowedStr("March")]);
    |                    ^^^^^ not found in this scope
    |
help: consider importing this unit variant
    |
1   | use time::Month::March;
    |

error[E0425]: cannot find value `April` in this scope
   --> tests/integration/serde.rs:705:20
    |
705 |     assert_tokens(&April.readable(), &[Token::BorrowedStr("April")]);
    |                    ^^^^^ not found in this scope
    |
help: consider importing this unit variant
    |
1   | use time::Month::April;
    |

error[E0425]: cannot find value `May` in this scope
   --> tests/integration/serde.rs:706:20
    |
706 |     assert_tokens(&May.readable(), &[Token::BorrowedStr("May")]);
    |                    ^^^ not found in this scope
    |
help: consider importing this unit variant
    |
1   | use time::Month::May;
    |

error[E0425]: cannot find value `June` in this scope
   --> tests/integration/serde.rs:707:20
    |
707 |     assert_tokens(&June.readable(), &[Token::BorrowedStr("June")]);
    |                    ^^^^ not found in this scope
    |
help: consider importing this unit variant
    |
1   | use time::Month::June;
    |

error[E0425]: cannot find value `July` in this scope
   --> tests/integration/serde.rs:708:20
    |
708 |     assert_tokens(&July.readable(), &[Token::BorrowedStr("July")]);
    |                    ^^^^ not found in this scope
    |
help: consider importing this unit variant
    |
1   | use time::Month::July;
    |

error[E0425]: cannot find value `August` in this scope
   --> tests/integration/serde.rs:709:20
    |
709 |     assert_tokens(&August.readable(), &[Token::BorrowedStr("August")]);
    |                    ^^^^^^ not found in this scope
    |
help: consider importing this unit variant
    |
1   | use time::Month::August;
    |

error[E0425]: cannot find value `September` in this scope
   --> tests/integration/serde.rs:710:20
    |
710 |     assert_tokens(&September.readable(), &[Token::BorrowedStr("September")]);
    |                    ^^^^^^^^^ not found in this scope
    |
help: consider importing this unit variant
    |
1   | use time::Month::September;
    |

error[E0425]: cannot find value `October` in this scope
   --> tests/integration/serde.rs:711:20
    |
711 |     assert_tokens(&October.readable(), &[Token::BorrowedStr("October")]);
    |                    ^^^^^^^ not found in this scope
    |
help: consider importing this unit variant
    |
1   | use time::Month::October;
    |

error[E0425]: cannot find value `November` in this scope
   --> tests/integration/serde.rs:712:20
    |
712 |     assert_tokens(&November.readable(), &[Token::BorrowedStr("November")]);
    |                    ^^^^^^^^ not found in this scope
    |
help: consider importing this unit variant
    |
1   | use time::Month::November;
    |

error[E0425]: cannot find value `December` in this scope
   --> tests/integration/serde.rs:713:20
    |
713 |     assert_tokens(&December.readable(), &[Token::BorrowedStr("December")]);
    |                    ^^^^^^^^ not found in this scope
    |
help: consider importing this unit variant
    |
1   | use time::Month::December;
    |

error[E0412]: cannot find type `Month` in this scope
   --> tests/integration/serde.rs:718:38
    |
718 |     assert_de_tokens_error::<Compact<Month>>(
    |                                      ^^^^^ not found in this scope
    |
help: consider importing this enum
    |
1   | use time::Month;
    |

error[E0412]: cannot find type `Month` in this scope
   --> tests/integration/serde.rs:722:39
    |
722 |     assert_de_tokens_error::<Readable<Month>>(
    |                                       ^^^^^ not found in this scope
    |
help: consider importing this enum
    |
1   | use time::Month;
    |

error[E0412]: cannot find type `Month` in this scope
   --> tests/integration/serde.rs:726:39
    |
726 |     assert_de_tokens_error::<Readable<Month>>(
    |                                       ^^^^^ not found in this scope
    |
help: consider importing this enum
    |
1   | use time::Month;
    |

error[E0412]: cannot find type `Month` in this scope
   --> tests/integration/serde.rs:730:38
    |
730 |     assert_de_tokens_error::<Compact<Month>>(
    |                                      ^^^^^ not found in this scope
    |
help: consider importing this enum
    |
1   | use time::Month;
    |

error[E0433]: failed to resolve: use of undeclared type `Time`
 --> tests/integration/time.rs:7:16
  |
7 |     let time = Time::from_hms(1, 2, 3)?;
  |                ^^^^ not found in this scope
  |
help: consider importing this struct
  |
1 | use time::Time;
  |

error[E0433]: failed to resolve: use of undeclared type `Time`
  --> tests/integration/time.rs:13:13
   |
13 |     assert!(Time::from_hms(24, 0, 0).is_err());
   |             ^^^^ not found in this scope
   |
help: consider importing this struct
   |
1  | use time::Time;
   |

error[E0433]: failed to resolve: use of undeclared type `Time`
  --> tests/integration/time.rs:14:13
   |
14 |     assert!(Time::from_hms(0, 60, 0).is_err());
   |             ^^^^ not found in this scope
   |
help: consider importing this struct
   |
1  | use time::Time;
   |

error[E0433]: failed to resolve: use of undeclared type `Time`
  --> tests/integration/time.rs:15:13
   |
15 |     assert!(Time::from_hms(0, 0, 60).is_err());
   |             ^^^^ not found in this scope
   |
help: consider importing this struct
   |
1  | use time::Time;
   |

error[E0433]: failed to resolve: use of undeclared type `Time`
  --> tests/integration/time.rs:21:16
   |
21 |     let time = Time::from_hms_milli(1, 2, 3, 4)?;
   |                ^^^^ not found in this scope
   |
help: consider importing this struct
   |
1  | use time::Time;
   |

error[E0433]: failed to resolve: use of undeclared type `Time`
  --> tests/integration/time.rs:28:13
   |
28 |     assert!(Time::from_hms_milli(24, 0, 0, 0).is_err());
   |             ^^^^ not found in this scope
   |
help: consider importing this struct
   |
1  | use time::Time;
   |

error[E0433]: failed to resolve: use of undeclared type `Time`
  --> tests/integration/time.rs:29:13
   |
29 |     assert!(Time::from_hms_milli(0, 60, 0, 0).is_err());
   |             ^^^^ not found in this scope
   |
help: consider importing this struct
   |
1  | use time::Time;
   |

error[E0433]: failed to resolve: use of undeclared type `Time`
  --> tests/integration/time.rs:30:13
   |
30 |     assert!(Time::from_hms_milli(0, 0, 60, 0).is_err());
   |             ^^^^ not found in this scope
   |
help: consider importing this struct
   |
1  | use time::Time;
   |

error[E0433]: failed to resolve: use of undeclared type `Time`
  --> tests/integration/time.rs:31:13
   |
31 |     assert!(Time::from_hms_milli(0, 0, 0, 1_000).is_err());
   |             ^^^^ not found in this scope
   |
help: consider importing this struct
   |
1  | use time::Time;
   |

error[E0433]: failed to resolve: use of undeclared type `Time`
  --> tests/integration/time.rs:37:16
   |
37 |     let time = Time::from_hms_micro(1, 2, 3, 4)?;
   |                ^^^^ not found in this scope
   |
help: consider importing this struct
   |
1  | use time::Time;
   |

error[E0433]: failed to resolve: use of undeclared type `Time`
  --> tests/integration/time.rs:44:13
   |
44 |     assert!(Time::from_hms_micro(24, 0, 0, 0).is_err());
   |             ^^^^ not found in this scope
   |
help: consider importing this struct
   |
1  | use time::Time;
   |

error[E0433]: failed to resolve: use of undeclared type `Time`
  --> tests/integration/time.rs:45:13
   |
45 |     assert!(Time::from_hms_micro(0, 60, 0, 0).is_err());
   |             ^^^^ not found in this scope
   |
help: consider importing this struct
   |
1  | use time::Time;
   |

error[E0433]: failed to resolve: use of undeclared type `Time`
  --> tests/integration/time.rs:46:13
   |
46 |     assert!(Time::from_hms_micro(0, 0, 60, 0).is_err());
   |             ^^^^ not found in this scope
   |
help: consider importing this struct
   |
1  | use time::Time;
   |

error[E0433]: failed to resolve: use of undeclared type `Time`
  --> tests/integration/time.rs:47:13
   |
47 |     assert!(Time::from_hms_micro(0, 0, 0, 1_000_000).is_err());
   |             ^^^^ not found in this scope
   |
help: consider importing this struct
   |
1  | use time::Time;
   |

error[E0433]: failed to resolve: use of undeclared type `Time`
  --> tests/integration/time.rs:53:16
   |
53 |     let time = Time::from_hms_nano(1, 2, 3, 4)?;
   |                ^^^^ not found in this scope
   |
help: consider importing this struct
   |
1  | use time::Time;
   |

error[E0433]: failed to resolve: use of undeclared type `Time`
  --> tests/integration/time.rs:59:13
   |
59 |     assert!(Time::from_hms_nano(24, 0, 0, 0).is_err());
   |             ^^^^ not found in this scope
   |
help: consider importing this struct
   |
1  | use time::Time;
   |

error[E0433]: failed to resolve: use of undeclared type `Time`
  --> tests/integration/time.rs:60:13
   |
60 |     assert!(Time::from_hms_nano(0, 60, 0, 0).is_err());
   |             ^^^^ not found in this scope
   |
help: consider importing this struct
   |
1  | use time::Time;
   |

error[E0433]: failed to resolve: use of undeclared type `Time`
  --> tests/integration/time.rs:61:13
   |
61 |     assert!(Time::from_hms_nano(0, 0, 60, 0).is_err());
   |             ^^^^ not found in this scope
   |
help: consider importing this struct
   |
1  | use time::Time;
   |

error[E0433]: failed to resolve: use of undeclared type `Time`
  --> tests/integration/time.rs:62:13
   |
62 |     assert!(Time::from_hms_nano(0, 0, 0, 1_000_000_000).is_err());
   |             ^^^^ not found in this scope
   |
help: consider importing this struct
   |
1  | use time::Time;
   |

error[E0433]: failed to resolve: use of undeclared type `Time`
  --> tests/integration/time.rs:92:20
   |
92 |         assert_eq!(Time::from_hms(hour, 0, 0)?.hour(), hour);
   |                    ^^^^ not found in this scope
   |
help: consider importing this struct
   |
1  | use time::Time;
   |

error[E0433]: failed to resolve: use of undeclared type `Time`
  --> tests/integration/time.rs:93:20
   |
93 |         assert_eq!(Time::from_hms(hour, 59, 59)?.hour(), hour);
   |                    ^^^^ not found in this scope
   |
help: consider importing this struct
   |
1  | use time::Time;
   |

error[E0433]: failed to resolve: use of undeclared type `Time`
   --> tests/integration/time.rs:101:20
    |
101 |         assert_eq!(Time::from_hms(0, minute, 0)?.minute(), minute);
    |                    ^^^^ not found in this scope
    |
help: consider importing this struct
    |
1   | use time::Time;
    |

error[E0433]: failed to resolve: use of undeclared type `Time`
   --> tests/integration/time.rs:102:20
    |
102 |         assert_eq!(Time::from_hms(23, minute, 59)?.minute(), minute);
    |                    ^^^^ not found in this scope
    |
help: consider importing this struct
    |
1   | use time::Time;
    |

error[E0433]: failed to resolve: use of undeclared type `Time`
   --> tests/integration/time.rs:110:20
    |
110 |         assert_eq!(Time::from_hms(0, 0, second)?.second(), second);
    |                    ^^^^ not found in this scope
    |
help: consider importing this struct
    |
1   | use time::Time;
    |

error[E0433]: failed to resolve: use of undeclared type `Time`
   --> tests/integration/time.rs:111:20
    |
111 |         assert_eq!(Time::from_hms(23, 59, second)?.second(), second);
    |                    ^^^^ not found in this scope
    |
help: consider importing this struct
    |
1   | use time::Time;
    |

error[E0433]: failed to resolve: use of undeclared type `Time`
   --> tests/integration/time.rs:119:20
    |
119 |         assert_eq!(Time::from_hms_milli(0, 0, 0, milli)?.millisecond(), milli);
    |                    ^^^^ not found in this scope
    |
help: consider importing this struct
    |
1   | use time::Time;
    |

error[E0433]: failed to resolve: use of undeclared type `Time`
   --> tests/integration/time.rs:121:13
    |
121 |             Time::from_hms_milli(23, 59, 59, milli)?.millisecond(),
    |             ^^^^ not found in this scope
    |
help: consider importing this struct
    |
1   | use time::Time;
    |

error[E0433]: failed to resolve: use of undeclared type `Time`
   --> tests/integration/time.rs:131:20
    |
131 |         assert_eq!(Time::from_hms_micro(0, 0, 0, micro)?.microsecond(), micro);
    |                    ^^^^ not found in this scope
    |
help: consider importing this struct
    |
1   | use time::Time;
    |

error[E0433]: failed to resolve: use of undeclared type `Time`
   --> tests/integration/time.rs:133:13
    |
133 |             Time::from_hms_micro(23, 59, 59, micro)?.microsecond(),
    |             ^^^^ not found in this scope
    |
help: consider importing this struct
    |
1   | use time::Time;
    |

error[E0433]: failed to resolve: use of undeclared type `Time`
   --> tests/integration/time.rs:143:20
    |
143 |         assert_eq!(Time::from_hms_nano(0, 0, 0, nano)?.nanosecond(), nano);
    |                    ^^^^ not found in this scope
    |
help: consider importing this struct
    |
1   | use time::Time;
    |

error[E0433]: failed to resolve: use of undeclared type `Time`
   --> tests/integration/time.rs:144:20
    |
144 |         assert_eq!(Time::from_hms_nano(23, 59, 59, nano)?.nanosecond(), nano);
    |                    ^^^^ not found in this scope
    |
help: consider importing this struct
    |
1   | use time::Time;
    |

error[E0659]: `time` is ambiguous (name vs any other name during import resolution)
 --> tests/integration/date.rs:5:5
  |
5 | use time::ext::{NumericalDuration, NumericalStdDuration};
  |     ^^^^ ambiguous name
  |
  = note: `time` could refer to a crate passed with `--extern`
  = help: use `::time` to refer to this crate unambiguously
note: `time` could also refer to the unresolved item imported here
 --> tests/integration/date.rs:6:36
  |
6 | use time::macros::{date, datetime, time};
  |                                    ^^^^
  = help: use `self::time` to refer to this unresolved item unambiguously

error[E0659]: `time` is ambiguous (name vs any other name during import resolution)
 --> tests/integration/date.rs:6:5
  |
6 | use time::macros::{date, datetime, time};
  |     ^^^^ ambiguous name
  |
  = note: `time` could refer to a crate passed with `--extern`
  = help: use `::time` to refer to this crate unambiguously
note: `time` could also refer to the unresolved item imported here
 --> tests/integration/date.rs:6:36
  |
6 | use time::macros::{date, datetime, time};
  |                                    ^^^^
  = help: use `self::time` to refer to this unresolved item unambiguously

error[E0659]: `time` is ambiguous (name vs any other name during import resolution)
 --> tests/integration/date.rs:7:5
  |
7 | use time::{util, Date, Duration, Month, Weekday};
  |     ^^^^ ambiguous name
  |
  = note: `time` could refer to a crate passed with `--extern`
  = help: use `::time` to refer to this crate unambiguously
note: `time` could also refer to the unresolved item imported here
 --> tests/integration/date.rs:6:36
  |
6 | use time::macros::{date, datetime, time};
  |                                    ^^^^
  = help: use `self::time` to refer to this unresolved item unambiguously

error[E0659]: `time` is ambiguous (name vs any other name during import resolution)
 --> tests/integration/derives.rs:5:5
  |
5 | use time::error::{self, ConversionRange, IndeterminateOffset, TryFromParsed};
  |     ^^^^ ambiguous name
  |
  = note: `time` could refer to a crate passed with `--extern`
  = help: use `::time` to refer to this crate unambiguously
note: `time` could also refer to the unresolved item imported here
 --> tests/integration/derives.rs:8:34
  |
8 | use time::macros::{date, offset, time};
  |                                  ^^^^
  = help: use `self::time` to refer to this unresolved item unambiguously

error[E0659]: `time` is ambiguous (name vs any other name during import resolution)
 --> tests/integration/derives.rs:6:5
  |
6 | use time::ext::NumericalDuration;
  |     ^^^^ ambiguous name
  |
  = note: `time` could refer to a crate passed with `--extern`
  = help: use `::time` to refer to this crate unambiguously
note: `time` could also refer to the unresolved item imported here
 --> tests/integration/derives.rs:8:34
  |
8 | use time::macros::{date, offset, time};
  |                                  ^^^^
  = help: use `self::time` to refer to this unresolved item unambiguously

error[E0659]: `time` is ambiguous (name vs any other name during import resolution)
 --> tests/integration/derives.rs:7:5
  |
7 | use time::format_description::{self, modifier, well_known, Component, FormatItem};
  |     ^^^^ ambiguous name
  |
  = note: `time` could refer to a crate passed with `--extern`
  = help: use `::time` to refer to this crate unambiguously
note: `time` could also refer to the unresolved item imported here
 --> tests/integration/derives.rs:8:34
  |
8 | use time::macros::{date, offset, time};
  |                                  ^^^^
  = help: use `self::time` to refer to this unresolved item unambiguously

error[E0659]: `time` is ambiguous (name vs any other name during import resolution)
 --> tests/integration/derives.rs:8:5
  |
8 | use time::macros::{date, offset, time};
  |     ^^^^ ambiguous name
  |
  = note: `time` could refer to a crate passed with `--extern`
  = help: use `::time` to refer to this crate unambiguously
note: `time` could also refer to the unresolved item imported here
 --> tests/integration/derives.rs:8:34
  |
8 | use time::macros::{date, offset, time};
  |                                  ^^^^
  = help: use `self::time` to refer to this unresolved item unambiguously

error[E0659]: `time` is ambiguous (name vs any other name during import resolution)
 --> tests/integration/derives.rs:9:5
  |
9 | use time::parsing::Parsed;
  |     ^^^^ ambiguous name
  |
  = note: `time` could refer to a crate passed with `--extern`
  = help: use `::time` to refer to this crate unambiguously
note: `time` could also refer to the unresolved item imported here
 --> tests/integration/derives.rs:8:34
  |
8 | use time::macros::{date, offset, time};
  |                                  ^^^^
  = help: use `self::time` to refer to this unresolved item unambiguously

error[E0659]: `time` is ambiguous (name vs any other name during import resolution)
  --> tests/integration/derives.rs:10:5
   |
10 | use time::{Duration, Error, Instant, Month, Time, Weekday};
   |     ^^^^ ambiguous name
   |
   = note: `time` could refer to a crate passed with `--extern`
   = help: use `::time` to refer to this crate unambiguously
note: `time` could also refer to the unresolved item imported here
  --> tests/integration/derives.rs:8:34
   |
8  | use time::macros::{date, offset, time};
   |                                  ^^^^
   = help: use `self::time` to refer to this unresolved item unambiguously

error[E0659]: `time` is ambiguous (name vs any other name during import resolution)
 --> tests/integration/formatting.rs:3:5
  |
3 | use time::format_description::well_known::{Rfc2822, Rfc3339};
  |     ^^^^ ambiguous name
  |
  = note: `time` could refer to a crate passed with `--extern`
  = help: use `::time` to refer to this crate unambiguously
note: `time` could also refer to the unresolved item imported here
 --> tests/integration/formatting.rs:5:70
  |
5 | use time::macros::{date, datetime, format_description as fd, offset, time};
  |                                                                      ^^^^
  = help: use `self::time` to refer to this unresolved item unambiguously

error[E0659]: `time` is ambiguous (name vs any other name during import resolution)
 --> tests/integration/formatting.rs:4:5
  |
4 | use time::format_description::{self, FormatItem};
  |     ^^^^ ambiguous name
  |
  = note: `time` could refer to a crate passed with `--extern`
  = help: use `::time` to refer to this crate unambiguously
note: `time` could also refer to the unresolved item imported here
 --> tests/integration/formatting.rs:5:70
  |
5 | use time::macros::{date, datetime, format_description as fd, offset, time};
  |                                                                      ^^^^
  = help: use `self::time` to refer to this unresolved item unambiguously

error[E0659]: `time` is ambiguous (name vs any other name during import resolution)
 --> tests/integration/formatting.rs:5:5
  |
5 | use time::macros::{date, datetime, format_description as fd, offset, time};
  |     ^^^^ ambiguous name
  |
  = note: `time` could refer to a crate passed with `--extern`
  = help: use `::time` to refer to this crate unambiguously
note: `time` could also refer to the unresolved item imported here
 --> tests/integration/formatting.rs:5:70
  |
5 | use time::macros::{date, datetime, format_description as fd, offset, time};
  |                                                                      ^^^^
  = help: use `self::time` to refer to this unresolved item unambiguously

error[E0659]: `time` is ambiguous (name vs any other name during import resolution)
 --> tests/integration/formatting.rs:6:5
  |
6 | use time::{OffsetDateTime, Time};
  |     ^^^^ ambiguous name
  |
  = note: `time` could refer to a crate passed with `--extern`
  = help: use `::time` to refer to this crate unambiguously
note: `time` could also refer to the unresolved item imported here
 --> tests/integration/formatting.rs:5:70
  |
5 | use time::macros::{date, datetime, format_description as fd, offset, time};
  |                                                                      ^^^^
  = help: use `self::time` to refer to this unresolved item unambiguously

error[E0659]: `time` is ambiguous (name vs any other name during import resolution)
 --> tests/integration/macros.rs:1:5
  |
1 | use time::format_description::modifier::{
  |     ^^^^ ambiguous name
  |
  = note: `time` could refer to a crate passed with `--extern`
  = help: use `::time` to refer to this crate unambiguously
note: `time` could also refer to the unresolved item imported here
 --> tests/integration/macros.rs:5:46
  |
5 | use time::macros::{date, format_description, time};
  |                                              ^^^^
  = help: use `self::time` to refer to this unresolved item unambiguously

error[E0659]: `time` is ambiguous (name vs any other name during import resolution)
 --> tests/integration/macros.rs:4:5
  |
4 | use time::format_description::{Component, FormatItem};
  |     ^^^^ ambiguous name
  |
  = note: `time` could refer to a crate passed with `--extern`
  = help: use `::time` to refer to this crate unambiguously
note: `time` could also refer to the unresolved item imported here
 --> tests/integration/macros.rs:5:46
  |
5 | use time::macros::{date, format_description, time};
  |                                              ^^^^
  = help: use `self::time` to refer to this unresolved item unambiguously

error[E0659]: `time` is ambiguous (name vs any other name during import resolution)
 --> tests/integration/macros.rs:5:5
  |
5 | use time::macros::{date, format_description, time};
  |     ^^^^ ambiguous name
  |
  = note: `time` could refer to a crate passed with `--extern`
  = help: use `::time` to refer to this crate unambiguously
note: `time` could also refer to the unresolved item imported here
 --> tests/integration/macros.rs:5:46
  |
5 | use time::macros::{date, format_description, time};
  |                                              ^^^^
  = help: use `self::time` to refer to this unresolved item unambiguously

error[E0659]: `time` is ambiguous (name vs any other name during import resolution)
 --> tests/integration/macros.rs:6:5
  |
6 | use time::{Date, Time};
  |     ^^^^ ambiguous name
  |
  = note: `time` could refer to a crate passed with `--extern`
  = help: use `::time` to refer to this crate unambiguously
note: `time` could also refer to the unresolved item imported here
 --> tests/integration/macros.rs:5:46
  |
5 | use time::macros::{date, format_description, time};
  |                                              ^^^^
  = help: use `self::time` to refer to this unresolved item unambiguously

error[E0659]: `time` is ambiguous (name vs any other name during import resolution)
 --> tests/integration/offset_date_time.rs:4:5
  |
4 | use time::ext::{NumericalDuration, NumericalStdDuration};
  |     ^^^^ ambiguous name
  |
  = note: `time` could refer to a crate passed with `--extern`
  = help: use `::time` to refer to this crate unambiguously
note: `time` could also refer to the unresolved item imported here
 --> tests/integration/offset_date_time.rs:5:44
  |
5 | use time::macros::{date, datetime, offset, time};
  |                                            ^^^^
  = help: use `self::time` to refer to this unresolved item unambiguously

error[E0659]: `time` is ambiguous (name vs any other name during import resolution)
 --> tests/integration/offset_date_time.rs:5:5
  |
5 | use time::macros::{date, datetime, offset, time};
  |     ^^^^ ambiguous name
  |
  = note: `time` could refer to a crate passed with `--extern`
  = help: use `::time` to refer to this crate unambiguously
note: `time` could also refer to the unresolved item imported here
 --> tests/integration/offset_date_time.rs:5:44
  |
5 | use time::macros::{date, datetime, offset, time};
  |                                            ^^^^
  = help: use `self::time` to refer to this unresolved item unambiguously

error[E0659]: `time` is ambiguous (name vs any other name during import resolution)
 --> tests/integration/offset_date_time.rs:6:5
  |
6 | use time::{Date, Duration, Month, OffsetDateTime, Weekday};
  |     ^^^^ ambiguous name
  |
  = note: `time` could refer to a crate passed with `--extern`
  = help: use `::time` to refer to this crate unambiguously
note: `time` could also refer to the unresolved item imported here
 --> tests/integration/offset_date_time.rs:5:44
  |
5 | use time::macros::{date, datetime, offset, time};
  |                                            ^^^^
  = help: use `self::time` to refer to this unresolved item unambiguously

error[E0659]: `time` is ambiguous (name vs any other name during import resolution)
 --> tests/integration/parsing.rs:4:5
  |
4 | use time::format_description::well_known::{Rfc2822, Rfc3339};
  |     ^^^^ ambiguous name
  |
  = note: `time` could refer to a crate passed with `--extern`
  = help: use `::time` to refer to this crate unambiguously
note: `time` could also refer to the unresolved item imported here
 --> tests/integration/parsing.rs:6:36
  |
6 | use time::macros::{date, datetime, time};
  |                                    ^^^^
  = help: use `self::time` to refer to this unresolved item unambiguously

error[E0659]: `time` is ambiguous (name vs any other name during import resolution)
 --> tests/integration/parsing.rs:5:5
  |
5 | use time::format_description::{modifier, Component, FormatItem};
  |     ^^^^ ambiguous name
  |
  = note: `time` could refer to a crate passed with `--extern`
  = help: use `::time` to refer to this crate unambiguously
note: `time` could also refer to the unresolved item imported here
 --> tests/integration/parsing.rs:6:36
  |
6 | use time::macros::{date, datetime, time};
  |                                    ^^^^
  = help: use `self::time` to refer to this unresolved item unambiguously

error[E0659]: `time` is ambiguous (name vs any other name during import resolution)
 --> tests/integration/parsing.rs:6:5
  |
6 | use time::macros::{date, datetime, time};
  |     ^^^^ ambiguous name
  |
  = note: `time` could refer to a crate passed with `--extern`
  = help: use `::time` to refer to this crate unambiguously
note: `time` could also refer to the unresolved item imported here
 --> tests/integration/parsing.rs:6:36
  |
6 | use time::macros::{date, datetime, time};
  |                                    ^^^^
  = help: use `self::time` to refer to this unresolved item unambiguously

error[E0659]: `time` is ambiguous (name vs any other name during import resolution)
 --> tests/integration/parsing.rs:7:5
  |
7 | use time::parsing::Parsed;
  |     ^^^^ ambiguous name
  |
  = note: `time` could refer to a crate passed with `--extern`
  = help: use `::time` to refer to this crate unambiguously
note: `time` could also refer to the unresolved item imported here
 --> tests/integration/parsing.rs:6:36
  |
6 | use time::macros::{date, datetime, time};
  |                                    ^^^^
  = help: use `self::time` to refer to this unresolved item unambiguously

error[E0659]: `time` is ambiguous (name vs any other name during import resolution)
 --> tests/integration/parsing.rs:8:5
  |
8 | use time::{
  |     ^^^^ ambiguous name
  |
  = note: `time` could refer to a crate passed with `--extern`
  = help: use `::time` to refer to this crate unambiguously
note: `time` could also refer to the unresolved item imported here
 --> tests/integration/parsing.rs:6:36
  |
6 | use time::macros::{date, datetime, time};
  |                                    ^^^^
  = help: use `self::time` to refer to this unresolved item unambiguously

error[E0659]: `time` is ambiguous (name vs any other name during import resolution)
 --> tests/integration/primitive_date_time.rs:3:5
  |
3 | use time::ext::{NumericalDuration, NumericalStdDuration};
  |     ^^^^ ambiguous name
  |
  = note: `time` could refer to a crate passed with `--extern`
  = help: use `::time` to refer to this crate unambiguously
note: `time` could also refer to the unresolved item imported here
 --> tests/integration/primitive_date_time.rs:4:44
  |
4 | use time::macros::{date, datetime, offset, time};
  |                                            ^^^^
  = help: use `self::time` to refer to this unresolved item unambiguously

error[E0659]: `time` is ambiguous (name vs any other name during import resolution)
 --> tests/integration/primitive_date_time.rs:4:5
  |
4 | use time::macros::{date, datetime, offset, time};
  |     ^^^^ ambiguous name
  |
  = note: `time` could refer to a crate passed with `--extern`
  = help: use `::time` to refer to this crate unambiguously
note: `time` could also refer to the unresolved item imported here
 --> tests/integration/primitive_date_time.rs:4:44
  |
4 | use time::macros::{date, datetime, offset, time};
  |                                            ^^^^
  = help: use `self::time` to refer to this unresolved item unambiguously

error[E0659]: `time` is ambiguous (name vs any other name during import resolution)
 --> tests/integration/primitive_date_time.rs:5:5
  |
5 | use time::{Duration, Month, PrimitiveDateTime, Weekday};
  |     ^^^^ ambiguous name
  |
  = note: `time` could refer to a crate passed with `--extern`
  = help: use `::time` to refer to this crate unambiguously
note: `time` could also refer to the unresolved item imported here
 --> tests/integration/primitive_date_time.rs:4:44
  |
4 | use time::macros::{date, datetime, offset, time};
  |                                            ^^^^
  = help: use `self::time` to refer to this unresolved item unambiguously

error[E0659]: `time` is ambiguous (name vs any other name during import resolution)
 --> tests/integration/serde.rs:2:5
  |
2 | use time::macros::{date, datetime, offset, time};
  |     ^^^^ ambiguous name
  |
  = note: `time` could refer to a crate passed with `--extern`
  = help: use `::time` to refer to this crate unambiguously
note: `time` could also refer to the unresolved item imported here
 --> tests/integration/serde.rs:2:44
  |
2 | use time::macros::{date, datetime, offset, time};
  |                                            ^^^^
  = help: use `self::time` to refer to this unresolved item unambiguously

error[E0659]: `time` is ambiguous (name vs any other name during import resolution)
 --> tests/integration/serde.rs:3:5
  |
3 | use time::{Date, Duration, Month, OffsetDateTime, PrimitiveDateTime, Time, UtcOffset, Weekday};
  |     ^^^^ ambiguous name
  |
  = note: `time` could refer to a crate passed with `--extern`
  = help: use `::time` to refer to this crate unambiguously
note: `time` could also refer to the unresolved item imported here
 --> tests/integration/serde.rs:2:44
  |
2 | use time::macros::{date, datetime, offset, time};
  |                                            ^^^^
  = help: use `self::time` to refer to this unresolved item unambiguously

error[E0659]: `time` is ambiguous (name vs any other name during import resolution)
 --> tests/integration/time.rs:1:5
  |
1 | use time::ext::{NumericalDuration, NumericalStdDuration};
  |     ^^^^ ambiguous name
  |
  = note: `time` could refer to a crate passed with `--extern`
  = help: use `::time` to refer to this crate unambiguously
note: `time` could also refer to the unresolved item imported here
 --> tests/integration/time.rs:2:5
  |
2 | use time::macros::time;
  |     ^^^^^^^^^^^^^^^^^^
  = help: use `self::time` to refer to this unresolved item unambiguously

error[E0659]: `time` is ambiguous (name vs any other name during import resolution)
 --> tests/integration/time.rs:3:5
  |
3 | use time::{Result, Time};
  |     ^^^^ ambiguous name
  |
  = note: `time` could refer to a crate passed with `--extern`
  = help: use `::time` to refer to this crate unambiguously
note: `time` could also refer to the unresolved item imported here
 --> tests/integration/time.rs:2:5
  |
2 | use time::macros::time;
  |     ^^^^^^^^^^^^^^^^^^
  = help: use `self::time` to refer to this unresolved item unambiguously

warning: unused import: `TryFrom`
 --> tests/integration/parsing.rs:1:21
  |
1 | use core::convert::{TryFrom, TryInto};
  |                     ^^^^^^^
  |
  = note: `#[warn(unused_imports)]` on by default

warning: unused imports: `Date`, `Duration`, `Month`, `OffsetDateTime`, `PrimitiveDateTime`, `Time`, `UtcOffset`, `Weekday`
 --> tests/integration/quickcheck.rs:2:12
  |
2 | use time::{Date, Duration, Month, OffsetDateTime, PrimitiveDateTime, Time, UtcOffset, Weekday};
  |            ^^^^  ^^^^^^^^  ^^^^^  ^^^^^^^^^^^^^^  ^^^^^^^^^^^^^^^^^  ^^^^  ^^^^^^^^^  ^^^^^^^

error[E0107]: this enum takes 2 generic arguments but 1 generic argument was supplied
 --> tests/integration/time.rs:6:18
  |
6 | fn from_hms() -> Result<()> {
  |                  ^^^^^^ -- supplied 1 generic argument
  |                  |
  |                  expected 2 generic arguments
  |
help: add missing generic argument
  |
6 | fn from_hms() -> Result<(), E> {
  |                           +++

error[E0107]: this enum takes 2 generic arguments but 1 generic argument was supplied
  --> tests/integration/time.rs:20:24
   |
20 | fn from_hms_milli() -> Result<()> {
   |                        ^^^^^^ -- supplied 1 generic argument
   |                        |
   |                        expected 2 generic arguments
   |
help: add missing generic argument
   |
20 | fn from_hms_milli() -> Result<(), E> {
   |                                 +++

error[E0107]: this enum takes 2 generic arguments but 1 generic argument was supplied
  --> tests/integration/time.rs:36:24
   |
36 | fn from_hms_micro() -> Result<()> {
   |                        ^^^^^^ -- supplied 1 generic argument
   |                        |
   |                        expected 2 generic arguments
   |
help: add missing generic argument
   |
36 | fn from_hms_micro() -> Result<(), E> {
   |                                 +++

error[E0107]: this enum takes 2 generic arguments but 1 generic argument was supplied
  --> tests/integration/time.rs:52:23
   |
52 | fn from_hms_nano() -> Result<()> {
   |                       ^^^^^^ -- supplied 1 generic argument
   |                       |
   |                       expected 2 generic arguments
   |
help: add missing generic argument
   |
52 | fn from_hms_nano() -> Result<(), E> {
   |                                +++

error[E0107]: this enum takes 2 generic arguments but 1 generic argument was supplied
  --> tests/integration/time.rs:90:14
   |
90 | fn hour() -> Result<()> {
   |              ^^^^^^ -- supplied 1 generic argument
   |              |
   |              expected 2 generic arguments
   |
help: add missing generic argument
   |
90 | fn hour() -> Result<(), E> {
   |                       +++

error[E0107]: this enum takes 2 generic arguments but 1 generic argument was supplied
  --> tests/integration/time.rs:99:16
   |
99 | fn minute() -> Result<()> {
   |                ^^^^^^ -- supplied 1 generic argument
   |                |
   |                expected 2 generic arguments
   |
help: add missing generic argument
   |
99 | fn minute() -> Result<(), E> {
   |                         +++

error[E0107]: this enum takes 2 generic arguments but 1 generic argument was supplied
   --> tests/integration/time.rs:108:16
    |
108 | fn second() -> Result<()> {
    |                ^^^^^^ -- supplied 1 generic argument
    |                |
    |                expected 2 generic arguments
    |
help: add missing generic argument
    |
108 | fn second() -> Result<(), E> {
    |                         +++

error[E0107]: this enum takes 2 generic arguments but 1 generic argument was supplied
   --> tests/integration/time.rs:117:21
    |
117 | fn millisecond() -> Result<()> {
    |                     ^^^^^^ -- supplied 1 generic argument
    |                     |
    |                     expected 2 generic arguments
    |
help: add missing generic argument
    |
117 | fn millisecond() -> Result<(), E> {
    |                              +++

error[E0107]: this enum takes 2 generic arguments but 1 generic argument was supplied
   --> tests/integration/time.rs:129:21
    |
129 | fn microsecond() -> Result<()> {
    |                     ^^^^^^ -- supplied 1 generic argument
    |                     |
    |                     expected 2 generic arguments
    |
help: add missing generic argument
    |
129 | fn microsecond() -> Result<(), E> {
    |                              +++

error[E0107]: this enum takes 2 generic arguments but 1 generic argument was supplied
   --> tests/integration/time.rs:141:20
    |
141 | fn nanosecond() -> Result<()> {
    |                    ^^^^^^ -- supplied 1 generic argument
    |                    |
    |                    expected 2 generic arguments
    |
help: add missing generic argument
    |
141 | fn nanosecond() -> Result<(), E> {
    |                             +++

Some errors have detailed explanations: E0107, E0412, E0422, E0425, E0432, E0433, E0659.
For more information about an error, try `rustc --explain E0107`.
warning: `time` (test "integration") generated 2 warnings
error: build failed

Exit: 101
Timed out: False
