Command: rustup run 1.53.0 cargo check --locked --offline --tests
Started: 2026-09-25T11:46:12.473495+00:00
STDOUT:

STDERR:
   Compiling proc-macro2 v1.0.27
   Compiling autocfg v1.0.1
    Checking cfg-if v1.0.0
   Compiling unicode-xid v0.2.2
   Compiling libc v0.2.97
   Compiling syn v1.0.73
   Compiling serde_derive v1.0.126
   Compiling serde v1.0.126
    Checking lazy_static v1.4.0
   Compiling ucd-trie v0.1.3
   Compiling memchr v2.4.0
   Compiling crossbeam-utils v0.8.5
   Compiling ryu v1.0.5
    Checking itoa v0.4.7
   Compiling serde_json v1.0.64
    Checking unicode-width v0.1.8
   Compiling crossbeam-epoch v0.9.5
    Checking either v1.6.1
   Compiling rayon-core v1.9.1
    Checking scopeguard v1.1.0
   Compiling bitflags v1.2.1
   Compiling version_check v0.9.3
   Compiling log v0.4.14
   Compiling anyhow v1.0.41
    Checking regex-syntax v0.6.25
    Checking plotters-backend v0.3.0
    Checking regex-automata v0.1.10
   Compiling const_fn v0.4.8
    Checking half v1.7.1
    Checking same-file v1.0.6
   Compiling compiletest_rs v0.7.0
    Checking diff v0.1.12
    Checking oorandom v11.1.3
    Checking rand_core v0.6.3
   Compiling memoffset v0.6.4
   Compiling num-traits v0.2.14
   Compiling rayon v1.5.1
   Compiling pest v2.1.3
    Checking getopts v0.2.21
    Checking textwrap v0.11.0
    Checking itertools v0.9.0
    Checking itertools v0.10.1
    Checking plotters-svg v0.3.0
   Compiling standback v0.3.3
    Checking walkdir v2.3.2
    Checking rand v0.8.4
   Compiling semver-parser v0.10.2
   Compiling quote v1.0.9
    Checking num_cpus v1.13.0
    Checking dirs-sys-next v0.1.2
    Checking atty v0.2.14
    Checking filetime v0.2.14
    Checking aho-corasick v0.7.18
    Checking csv-core v0.1.10
    Checking crossbeam-channel v0.5.1
    Checking clap v2.33.3
   Compiling semver v0.11.0
    Checking dirs-next v2.0.0
    Checking plotters v0.3.1
    Checking time v0.3.0-alpha-2 (/home/runner/work/_temp/upstream)
    Checking regex v1.5.4
    Checking crossbeam-deque v0.8.0
    Checking term v0.7.0
   Compiling rustc_version v0.3.3
    Checking tester v0.9.0
   Compiling cast v0.2.6
    Checking criterion-plot v0.4.3
    Checking bstr v0.2.16
    Checking serde_cbor v0.11.1
    Checking serde_test v1.0.126
    Checking csv v1.1.6
    Checking rustfix v0.5.1
    Checking tinytemplate v1.2.1
    Checking criterion v0.3.4
error[E0433]: failed to resolve: could not find `format_description` in the crate root
  --> src/tests.rs:10:12
   |
10 | use crate::format_description::modifier::Modifiers;
   |            ^^^^^^^^^^^^^^^^^^ could not find `format_description` in the crate root

error[E0432]: unresolved import `crate::formatting`
  --> src/tests.rs:11:12
   |
11 | use crate::formatting::DigitCount;
   |            ^^^^^^^^^^ could not find `formatting` in the crate root

error[E0433]: failed to resolve: use of undeclared type `Modifiers`
  --> src/tests.rs:72:29
   |
72 |     let _ = format!("{:?}", Modifiers::default());
   |                             ^^^^^^^^^ use of undeclared type `Modifiers`

error[E0432]: unresolved import `time::macros`
 --> tests/integration/date.rs:6:11
  |
6 | use time::macros::{date, datetime, time};
  |           ^^^^^^ could not find `macros` in `time`

error[E0432]: unresolved import `time::macros`
  --> tests/integration/derives.rs:10:11
   |
10 | use time::macros::{date, offset, time};
   |           ^^^^^^ could not find `macros` in `time`

error[E0432]: unresolved imports `time::error::Format`, `time::error::IndeterminateOffset`, `time::error::InvalidFormatDescription`, `time::error::Parse`, `time::error::ParseFromDescription`, `time::error::TryFromParsed`
 --> tests/integration/error.rs:5:45
  |
5 |     ComponentRange, ConversionRange, Error, Format, IndeterminateOffset, InvalidFormatDescription,
  |                                             ^^^^^^  ^^^^^^^^^^^^^^^^^^^  ^^^^^^^^^^^^^^^^^^^^^^^^ no `InvalidFormatDescription` in `error`
  |                                             |       |
  |                                             |       no `IndeterminateOffset` in `error`
  |                                             no `Format` in `error`
6 |     Parse, ParseFromDescription, TryFromParsed,
  |     ^^^^^  ^^^^^^^^^^^^^^^^^^^^  ^^^^^^^^^^^^^ no `TryFromParsed` in `error`
  |     |      |
  |     |      no `ParseFromDescription` in `error`
  |     no `Parse` in `error`

error[E0433]: failed to resolve: could not find `format_description` in `time`
 --> tests/integration/error.rs:8:11
  |
8 | use time::format_description::modifier::{self, Padding};
  |           ^^^^^^^^^^^^^^^^^^ could not find `format_description` in `time`

error[E0432]: unresolved import `time::format_description`
 --> tests/integration/error.rs:8:11
  |
8 | use time::format_description::modifier::{self, Padding};
  |           ^^^^^^^^^^^^^^^^^^ could not find `format_description` in `time`

error[E0432]: unresolved import `time::format_description`
 --> tests/integration/error.rs:9:11
  |
9 | use time::format_description::{Component, FormatItem};
  |           ^^^^^^^^^^^^^^^^^^ could not find `format_description` in `time`

error[E0432]: unresolved import `time::macros`
  --> tests/integration/error.rs:10:11
   |
10 | use time::macros::format_description;
   |           ^^^^^^ could not find `macros` in `time`

error[E0432]: unresolved import `time::macros`
 --> tests/integration/formatting.rs:4:11
  |
4 | use time::macros::{date, datetime, format_description as fd, offset, time};
  |           ^^^^^^ could not find `macros` in `time`

error[E0433]: failed to resolve: could not find `format_description` in `time`
 --> tests/integration/macros.rs:1:11
  |
1 | use time::format_description::modifier::{
  |           ^^^^^^^^^^^^^^^^^^ could not find `format_description` in `time`

error[E0432]: unresolved import `time::format_description`
 --> tests/integration/macros.rs:1:11
  |
1 | use time::format_description::modifier::{
  |           ^^^^^^^^^^^^^^^^^^ could not find `format_description` in `time`

error[E0432]: unresolved import `time::format_description`
 --> tests/integration/macros.rs:4:11
  |
4 | use time::format_description::{Component, FormatItem};
  |           ^^^^^^^^^^^^^^^^^^ could not find `format_description` in `time`

error[E0432]: unresolved import `time::macros`
 --> tests/integration/macros.rs:5:11
  |
5 | use time::macros::{date, format_description};
  |           ^^^^^^ could not find `macros` in `time`

error[E0433]: failed to resolve: could not find `format_description` in `time`
 --> tests/integration/parse_format_description.rs:2:15
  |
2 |     use time::format_description::modifier::{
  |               ^^^^^^^^^^^^^^^^^^ could not find `format_description` in `time`

error[E0432]: unresolved import `time::macros`
 --> tests/integration/offset_date_time.rs:5:11
  |
5 | use time::macros::{date, datetime, offset, time};
  |           ^^^^^^ could not find `macros` in `time`

error[E0432]: unresolved import `time::error::InvalidFormatDescription`
  --> tests/integration/parse_format_description.rs:82:5
   |
82 | use time::error::InvalidFormatDescription;
   |     ^^^^^^^^^^^^^^^^^^^^^^^^^^^^^^^^^^^^^ no `InvalidFormatDescription` in `error`

error[E0433]: failed to resolve: could not find `format_description` in `time`
  --> tests/integration/parse_format_description.rs:83:11
   |
83 | use time::format_description::modifier::{
   |           ^^^^^^^^^^^^^^^^^^ could not find `format_description` in `time`

error[E0432]: unresolved import `time::format_description`
  --> tests/integration/parse_format_description.rs:83:11
   |
83 | use time::format_description::modifier::{
   |           ^^^^^^^^^^^^^^^^^^ could not find `format_description` in `time`

error[E0432]: unresolved imports `time::format_description`, `time::format_description`
  --> tests/integration/parse_format_description.rs:86:11
   |
86 | use time::format_description::{self, Component, FormatItem};
   |           ^^^^^^^^^^^^^^^^^^   ^^^^ no `format_description` in the root
   |           |
   |           could not find `format_description` in `time`

error[E0432]: unresolved import `time::macros`
 --> tests/integration/parsing.rs:5:11
  |
5 | use time::macros::{date, datetime, time};
  |           ^^^^^^ could not find `macros` in `time`

error[E0432]: unresolved import `time::macros`
 --> tests/integration/primitive_date_time.rs:4:11
  |
4 | use time::macros::{date, datetime, offset, time};
  |           ^^^^^^ could not find `macros` in `time`

error[E0432]: unresolved import `time::macros`
 --> tests/integration/serde.rs:2:11
  |
2 | use time::macros::{date, datetime, offset, time};
  |           ^^^^^^ could not find `macros` in `time`

error[E0432]: unresolved import `time::macros`
 --> tests/integration/time.rs:2:11
  |
2 | use time::macros::time;
  |           ^^^^^^ could not find `macros` in `time`

error[E0432]: unresolved import `time::macros`
 --> tests/integration/utc_offset.rs:1:11
  |
1 | use time::macros::offset;
  |           ^^^^^^ could not find `macros` in `time`

error[E0432]: unresolved import `time_macros`
  --> tests/integration/derives.rs:13:5
   |
13 | use time_macros::datetime;
   |     ^^^^^^^^^^^ use of undeclared crate or module `time_macros`

error[E0432]: unresolved imports `quickcheck_dep`, `time::ext::NumericalDuration`, `time::ext::NumericalStdDuration`, `time::macros::date`, `time::macros::datetime`, `time::util`, `time::Date`, `time::Month`, `time::Weekday`, `time::error`, `time::error::ConversionRange`, `time::error::IndeterminateOffset`, `time::error::InvalidFormatDescription`, `time::error::TryFromParsed`, `time::ext::NumericalDuration`, `time::format_description::modifier`, `time::format_description::well_known`, `time::format_description::Component`, `time::macros::date`, `time::macros::offset`, `time::parsing::Parsed`, `time::Duration`, `time::Instant`, `time::Month`, `time::Time`, `time::Weekday`, `time::format_description::well_known::Rfc3339`, `time::macros::date`, `time::macros::datetime`, `time::macros::format_description`, `time::macros::offset`, `time::format_description`, `time::Time`, `time::ext::NumericalDuration`, `time::ext::NumericalStdDuration`, `time::macros::date`, `time::macros::datetime`, `time::macros::offset`, `time::Date`, `time::Duration`, `time::Month`, `time::OffsetDateTime`, `time::Weekday`, `time::format_description::well_known::Rfc3339`, `time::format_description::modifier`, `time::format_description::Component`, `time::macros::date`, `time::macros::datetime`, `time::parsing::Parsed`, `time::format_description`, `time::Date`, `time::Month`, `time::OffsetDateTime`, `time::Time`, `time::UtcOffset`, `time::Weekday`, `time::ext::NumericalDuration`, `time::ext::NumericalStdDuration`, `time::macros::date`, `time::macros::datetime`, `time::macros::offset`, `time::Month`, `time::PrimitiveDateTime`, `time::Weekday`, `time::macros::date`, `time::macros::datetime`, `time::macros::offset`, `time::Date`, `time::Duration`, `time::Month`, `time::OffsetDateTime`, `time::PrimitiveDateTime`, `time::Time`, `time::UtcOffset`, `time::Weekday`, `time::ext::NumericalDuration`, `time::ext::NumericalStdDuration`, `time::Result`, `time::Time`
  --> tests/integration/date.rs:5:17
   |
5  | use time::ext::{NumericalDuration, NumericalStdDuration};
   |                 ^^^^^^^^^^^^^^^^^  ^^^^^^^^^^^^^^^^^^^^
6  | use time::macros::{date, datetime, time};
   |                    ^^^^  ^^^^^^^^
7  | use time::{util, Date, Month, Weekday};
   |            ^^^^  ^^^^  ^^^^^  ^^^^^^^
   | 
  ::: tests/integration/quickcheck.rs:1:5
   |
1  | use quickcheck_dep::{quickcheck, Arbitrary, TestResult};
   |     ^^^^^^^^^^^^^^ use of undeclared crate or module `quickcheck_dep`
   | 
  ::: tests/integration/derives.rs:6:5
   |
6  |     self, ConversionRange, IndeterminateOffset, InvalidFormatDescription, TryFromParsed,
   |     ^^^^  ^^^^^^^^^^^^^^^  ^^^^^^^^^^^^^^^^^^^  ^^^^^^^^^^^^^^^^^^^^^^^^  ^^^^^^^^^^^^^
7  | };
8  | use time::ext::NumericalDuration;
   |     ^^^^^^^^^^^^^^^^^^^^^^^^^^^^
9  | use time::format_description::{modifier, well_known, Component};
   |                                ^^^^^^^^  ^^^^^^^^^^  ^^^^^^^^^
10 | use time::macros::{date, offset, time};
   |                    ^^^^  ^^^^^^
11 | use time::parsing::Parsed;
   |     ^^^^^^^^^^^^^^^^^^^^^
12 | use time::{Duration, Instant, Month, Time, Weekday};
   |            ^^^^^^^^  ^^^^^^^  ^^^^^  ^^^^  ^^^^^^^
   | 
  ::: tests/integration/formatting.rs:3:5
   |
3  | use time::format_description::well_known::Rfc3339;
   |     ^^^^^^^^^^^^^^^^^^^^^^^^^^^^^^^^^^^^^^^^^^^^^
4  | use time::macros::{date, datetime, format_description as fd, offset, time};
   |                    ^^^^  ^^^^^^^^  ^^^^^^^^^^^^^^^^^^^^^^^^  ^^^^^^
5  | use time::{format_description, Time};
   |            ^^^^^^^^^^^^^^^^^^  ^^^^
   | 
  ::: tests/integration/offset_date_time.rs:4:17
   |
4  | use time::ext::{NumericalDuration, NumericalStdDuration};
   |                 ^^^^^^^^^^^^^^^^^  ^^^^^^^^^^^^^^^^^^^^
5  | use time::macros::{date, datetime, offset, time};
   |                    ^^^^  ^^^^^^^^  ^^^^^^
6  | use time::{Date, Duration, Month, OffsetDateTime, Weekday};
   |            ^^^^  ^^^^^^^^  ^^^^^  ^^^^^^^^^^^^^^  ^^^^^^^
   | 
  ::: tests/integration/parsing.rs:3:5
   |
3  | use time::format_description::well_known::Rfc3339;
   |     ^^^^^^^^^^^^^^^^^^^^^^^^^^^^^^^^^^^^^^^^^^^^^
4  | use time::format_description::{modifier, Component};
   |                                ^^^^^^^^  ^^^^^^^^^
5  | use time::macros::{date, datetime, time};
   |                    ^^^^  ^^^^^^^^
6  | use time::parsing::Parsed;
   |     ^^^^^^^^^^^^^^^^^^^^^
7  | use time::{format_description as fd, Date, Month, OffsetDateTime, Time, UtcOffset, Weekday};
   |            ^^^^^^^^^^^^^^^^^^^^^^^^  ^^^^  ^^^^^  ^^^^^^^^^^^^^^  ^^^^  ^^^^^^^^^  ^^^^^^^
   | 
  ::: tests/integration/primitive_date_time.rs:3:17
   |
3  | use time::ext::{NumericalDuration, NumericalStdDuration};
   |                 ^^^^^^^^^^^^^^^^^  ^^^^^^^^^^^^^^^^^^^^
4  | use time::macros::{date, datetime, offset, time};
   |                    ^^^^  ^^^^^^^^  ^^^^^^
5  | use time::{Month, PrimitiveDateTime, Weekday};
   |            ^^^^^  ^^^^^^^^^^^^^^^^^  ^^^^^^^
   | 
  ::: tests/integration/serde.rs:2:20
   |
2  | use time::macros::{date, datetime, offset, time};
   |                    ^^^^  ^^^^^^^^  ^^^^^^
3  | use time::{Date, Duration, Month, OffsetDateTime, PrimitiveDateTime, Time, UtcOffset, Weekday};
   |            ^^^^  ^^^^^^^^  ^^^^^  ^^^^^^^^^^^^^^  ^^^^^^^^^^^^^^^^^  ^^^^  ^^^^^^^^^  ^^^^^^^
   | 
  ::: tests/integration/time.rs:1:17
   |
1  | use time::ext::{NumericalDuration, NumericalStdDuration};
   |                 ^^^^^^^^^^^^^^^^^  ^^^^^^^^^^^^^^^^^^^^
2  | use time::macros::time;
3  | use time::{Result, Time};
   |            ^^^^^^  ^^^^

error[E0432]: unresolved import `Weekday`
   --> tests/integration/date.rs:430:9
    |
430 |     use Weekday::*;
    |         ^^^^^^^ use of undeclared type `Weekday`

error[E0432]: unresolved import `Weekday`
   --> tests/integration/date.rs:529:9
    |
529 |     use Weekday::*;
    |         ^^^^^^^ use of undeclared type `Weekday`

error[E0432]: unresolved import `Weekday`
   --> tests/integration/date.rs:545:9
    |
545 |     use Weekday::*;
    |         ^^^^^^^ use of undeclared type `Weekday`

error[E0432]: unresolved import `Weekday`
   --> tests/integration/offset_date_time.rs:201:9
    |
201 |     use Weekday::*;
    |         ^^^^^^^ use of undeclared type `Weekday`

error[E0432]: unresolved import `Weekday`
   --> tests/integration/offset_date_time.rs:226:9
    |
226 |     use Weekday::*;
    |         ^^^^^^^ use of undeclared type `Weekday`

error[E0432]: unresolved import `Weekday`
  --> tests/integration/primitive_date_time.rs:90:9
   |
90 |     use Weekday::*;
   |         ^^^^^^^ use of undeclared type `Weekday`

error[E0432]: unresolved import `Weekday`
   --> tests/integration/primitive_date_time.rs:115:9
    |
115 |     use Weekday::*;
    |         ^^^^^^^ use of undeclared type `Weekday`

error[E0432]: unresolved import `Month`
   --> tests/integration/serde.rs:451:9
    |
451 |     use Month::*;
    |         ^^^^^ use of undeclared type `Month`

error: cannot find macro `date` in this scope
  --> tests/integration/date.rs:12:25
   |
12 |         format!("{:?}", date!(2020 - 02 - 03)),
   |                         ^^^^

error: cannot find macro `date` in this scope
  --> tests/integration/date.rs:47:16
   |
47 |     assert_eq!(date!(2023 - 01 - 01).monday_based_week(), 0);
   |                ^^^^

error: cannot find macro `date` in this scope
  --> tests/integration/date.rs:48:16
   |
48 |     assert_eq!(date!(2023 - 01 - 02).monday_based_week(), 1);
   |                ^^^^

error: cannot find macro `date` in this scope
  --> tests/integration/date.rs:49:16
   |
49 |     assert_eq!(date!(2023 - 01 - 03).monday_based_week(), 1);
   |                ^^^^

error: cannot find macro `date` in this scope
  --> tests/integration/date.rs:50:16
   |
50 |     assert_eq!(date!(2023 - 01 - 04).monday_based_week(), 1);
   |                ^^^^

error: cannot find macro `date` in this scope
  --> tests/integration/date.rs:51:16
   |
51 |     assert_eq!(date!(2023 - 01 - 05).monday_based_week(), 1);
   |                ^^^^

error: cannot find macro `date` in this scope
  --> tests/integration/date.rs:52:16
   |
52 |     assert_eq!(date!(2023 - 01 - 06).monday_based_week(), 1);
   |                ^^^^

error: cannot find macro `date` in this scope
  --> tests/integration/date.rs:53:16
   |
53 |     assert_eq!(date!(2023 - 01 - 07).monday_based_week(), 1);
   |                ^^^^

error: cannot find macro `date` in this scope
  --> tests/integration/date.rs:56:16
   |
56 |     assert_eq!(date!(2022 - 01 - 01).monday_based_week(), 0);
   |                ^^^^

error: cannot find macro `date` in this scope
  --> tests/integration/date.rs:57:16
   |
57 |     assert_eq!(date!(2022 - 01 - 02).monday_based_week(), 0);
   |                ^^^^

error: cannot find macro `date` in this scope
  --> tests/integration/date.rs:58:16
   |
58 |     assert_eq!(date!(2022 - 01 - 03).monday_based_week(), 1);
   |                ^^^^

error: cannot find macro `date` in this scope
  --> tests/integration/date.rs:59:16
   |
59 |     assert_eq!(date!(2022 - 01 - 04).monday_based_week(), 1);
   |                ^^^^

error: cannot find macro `date` in this scope
  --> tests/integration/date.rs:60:16
   |
60 |     assert_eq!(date!(2022 - 01 - 05).monday_based_week(), 1);
   |                ^^^^

error: cannot find macro `date` in this scope
  --> tests/integration/date.rs:61:16
   |
61 |     assert_eq!(date!(2022 - 01 - 06).monday_based_week(), 1);
   |                ^^^^

error: cannot find macro `date` in this scope
  --> tests/integration/date.rs:62:16
   |
62 |     assert_eq!(date!(2022 - 01 - 07).monday_based_week(), 1);
   |                ^^^^

error: cannot find macro `date` in this scope
  --> tests/integration/date.rs:65:16
   |
65 |     assert_eq!(date!(2021 - 01 - 01).monday_based_week(), 0);
   |                ^^^^

error: cannot find macro `date` in this scope
  --> tests/integration/date.rs:66:16
   |
66 |     assert_eq!(date!(2021 - 01 - 02).monday_based_week(), 0);
   |                ^^^^

error: cannot find macro `date` in this scope
  --> tests/integration/date.rs:67:16
   |
67 |     assert_eq!(date!(2021 - 01 - 03).monday_based_week(), 0);
   |                ^^^^

error: cannot find macro `date` in this scope
  --> tests/integration/date.rs:68:16
   |
68 |     assert_eq!(date!(2021 - 01 - 04).monday_based_week(), 1);
   |                ^^^^

error: cannot find macro `date` in this scope
  --> tests/integration/date.rs:69:16
   |
69 |     assert_eq!(date!(2021 - 01 - 05).monday_based_week(), 1);
   |                ^^^^

error: cannot find macro `date` in this scope
  --> tests/integration/date.rs:70:16
   |
70 |     assert_eq!(date!(2021 - 01 - 06).monday_based_week(), 1);
   |                ^^^^

error: cannot find macro `date` in this scope
  --> tests/integration/date.rs:71:16
   |
71 |     assert_eq!(date!(2021 - 01 - 07).monday_based_week(), 1);
   |                ^^^^

error: cannot find macro `date` in this scope
  --> tests/integration/date.rs:74:16
   |
74 |     assert_eq!(date!(2026 - 01 - 01).monday_based_week(), 0);
   |                ^^^^

error: cannot find macro `date` in this scope
  --> tests/integration/date.rs:75:16
   |
75 |     assert_eq!(date!(2026 - 01 - 02).monday_based_week(), 0);
   |                ^^^^

error: cannot find macro `date` in this scope
  --> tests/integration/date.rs:76:16
   |
76 |     assert_eq!(date!(2026 - 01 - 03).monday_based_week(), 0);
   |                ^^^^

error: cannot find macro `date` in this scope
  --> tests/integration/date.rs:77:16
   |
77 |     assert_eq!(date!(2026 - 01 - 04).monday_based_week(), 0);
   |                ^^^^

error: cannot find macro `date` in this scope
  --> tests/integration/date.rs:78:16
   |
78 |     assert_eq!(date!(2026 - 01 - 05).monday_based_week(), 1);
   |                ^^^^

error: cannot find macro `date` in this scope
  --> tests/integration/date.rs:79:16
   |
79 |     assert_eq!(date!(2026 - 01 - 06).monday_based_week(), 1);
   |                ^^^^

error: cannot find macro `date` in this scope
  --> tests/integration/date.rs:80:16
   |
80 |     assert_eq!(date!(2026 - 01 - 07).monday_based_week(), 1);
   |                ^^^^

error: cannot find macro `date` in this scope
  --> tests/integration/date.rs:83:16
   |
83 |     assert_eq!(date!(2025 - 01 - 01).monday_based_week(), 0);
   |                ^^^^

error: cannot find macro `date` in this scope
  --> tests/integration/date.rs:84:16
   |
84 |     assert_eq!(date!(2025 - 01 - 02).monday_based_week(), 0);
   |                ^^^^

error: cannot find macro `date` in this scope
  --> tests/integration/date.rs:85:16
   |
85 |     assert_eq!(date!(2025 - 01 - 03).monday_based_week(), 0);
   |                ^^^^

error: cannot find macro `date` in this scope
  --> tests/integration/date.rs:86:16
   |
86 |     assert_eq!(date!(2025 - 01 - 04).monday_based_week(), 0);
   |                ^^^^

error: cannot find macro `date` in this scope
  --> tests/integration/date.rs:87:16
   |
87 |     assert_eq!(date!(2025 - 01 - 05).monday_based_week(), 0);
   |                ^^^^

error: cannot find macro `date` in this scope
  --> tests/integration/date.rs:88:16
   |
88 |     assert_eq!(date!(2025 - 01 - 06).monday_based_week(), 1);
   |                ^^^^

error: cannot find macro `date` in this scope
  --> tests/integration/date.rs:89:16
   |
89 |     assert_eq!(date!(2025 - 01 - 07).monday_based_week(), 1);
   |                ^^^^

error: cannot find macro `date` in this scope
  --> tests/integration/date.rs:92:16
   |
92 |     assert_eq!(date!(2019 - 01 - 01).monday_based_week(), 0);
   |                ^^^^

error: cannot find macro `date` in this scope
  --> tests/integration/date.rs:93:16
   |
93 |     assert_eq!(date!(2019 - 01 - 02).monday_based_week(), 0);
   |                ^^^^

error: cannot find macro `date` in this scope
  --> tests/integration/date.rs:94:16
   |
94 |     assert_eq!(date!(2019 - 01 - 03).monday_based_week(), 0);
   |                ^^^^

error: cannot find macro `date` in this scope
  --> tests/integration/date.rs:95:16
   |
95 |     assert_eq!(date!(2019 - 01 - 04).monday_based_week(), 0);
   |                ^^^^

error: cannot find macro `date` in this scope
  --> tests/integration/date.rs:96:16
   |
96 |     assert_eq!(date!(2019 - 01 - 05).monday_based_week(), 0);
   |                ^^^^

error: cannot find macro `date` in this scope
  --> tests/integration/date.rs:97:16
   |
97 |     assert_eq!(date!(2019 - 01 - 06).monday_based_week(), 0);
   |                ^^^^

error: cannot find macro `date` in this scope
  --> tests/integration/date.rs:98:16
   |
98 |     assert_eq!(date!(2019 - 01 - 07).monday_based_week(), 1);
   |                ^^^^

error: cannot find macro `date` in this scope
   --> tests/integration/date.rs:101:16
    |
101 |     assert_eq!(date!(2018 - 01 - 01).monday_based_week(), 1);
    |                ^^^^

error: cannot find macro `date` in this scope
   --> tests/integration/date.rs:102:16
    |
102 |     assert_eq!(date!(2018 - 01 - 02).monday_based_week(), 1);
    |                ^^^^

error: cannot find macro `date` in this scope
   --> tests/integration/date.rs:103:16
    |
103 |     assert_eq!(date!(2018 - 01 - 03).monday_based_week(), 1);
    |                ^^^^

error: cannot find macro `date` in this scope
   --> tests/integration/date.rs:104:16
    |
104 |     assert_eq!(date!(2018 - 01 - 04).monday_based_week(), 1);
    |                ^^^^

error: cannot find macro `date` in this scope
   --> tests/integration/date.rs:105:16
    |
105 |     assert_eq!(date!(2018 - 01 - 05).monday_based_week(), 1);
    |                ^^^^

error: cannot find macro `date` in this scope
   --> tests/integration/date.rs:106:16
    |
106 |     assert_eq!(date!(2018 - 01 - 06).monday_based_week(), 1);
    |                ^^^^

error: cannot find macro `date` in this scope
   --> tests/integration/date.rs:107:16
    |
107 |     assert_eq!(date!(2018 - 01 - 07).monday_based_week(), 1);
    |                ^^^^

error: cannot find macro `date` in this scope
   --> tests/integration/date.rs:110:16
    |
110 |     assert_eq!(date!(2012 - 01 - 01).monday_based_week(), 0);
    |                ^^^^

error: cannot find macro `date` in this scope
   --> tests/integration/date.rs:111:16
    |
111 |     assert_eq!(date!(2012 - 01 - 02).monday_based_week(), 1);
    |                ^^^^

error: cannot find macro `date` in this scope
   --> tests/integration/date.rs:112:16
    |
112 |     assert_eq!(date!(2012 - 01 - 03).monday_based_week(), 1);
    |                ^^^^

error: cannot find macro `date` in this scope
   --> tests/integration/date.rs:113:16
    |
113 |     assert_eq!(date!(2012 - 01 - 04).monday_based_week(), 1);
    |                ^^^^

error: cannot find macro `date` in this scope
   --> tests/integration/date.rs:114:16
    |
114 |     assert_eq!(date!(2012 - 01 - 05).monday_based_week(), 1);
    |                ^^^^

error: cannot find macro `date` in this scope
   --> tests/integration/date.rs:115:16
    |
115 |     assert_eq!(date!(2012 - 01 - 06).monday_based_week(), 1);
    |                ^^^^

error: cannot find macro `date` in this scope
   --> tests/integration/date.rs:116:16
    |
116 |     assert_eq!(date!(2012 - 01 - 07).monday_based_week(), 1);
    |                ^^^^

error: cannot find macro `date` in this scope
   --> tests/integration/date.rs:117:16
    |
117 |     assert_eq!(date!(2012 - 02 - 28).monday_based_week(), 9);
    |                ^^^^

error: cannot find macro `date` in this scope
   --> tests/integration/date.rs:118:16
    |
118 |     assert_eq!(date!(2012 - 02 - 29).monday_based_week(), 9);
    |                ^^^^

error: cannot find macro `date` in this scope
   --> tests/integration/date.rs:119:16
    |
119 |     assert_eq!(date!(2012 - 03 - 01).monday_based_week(), 9);
    |                ^^^^

error: cannot find macro `date` in this scope
   --> tests/integration/date.rs:120:16
    |
120 |     assert_eq!(date!(2012 - 03 - 02).monday_based_week(), 9);
    |                ^^^^

error: cannot find macro `date` in this scope
   --> tests/integration/date.rs:121:16
    |
121 |     assert_eq!(date!(2012 - 03 - 03).monday_based_week(), 9);
    |                ^^^^

error: cannot find macro `date` in this scope
   --> tests/integration/date.rs:122:16
    |
122 |     assert_eq!(date!(2012 - 03 - 04).monday_based_week(), 9);
    |                ^^^^

error: cannot find macro `date` in this scope
   --> tests/integration/date.rs:123:16
    |
123 |     assert_eq!(date!(2012 - 03 - 05).monday_based_week(), 10);
    |                ^^^^

error: cannot find macro `date` in this scope
   --> tests/integration/date.rs:124:16
    |
124 |     assert_eq!(date!(2012 - 03 - 06).monday_based_week(), 10);
    |                ^^^^

error: cannot find macro `date` in this scope
   --> tests/integration/date.rs:125:16
    |
125 |     assert_eq!(date!(2012 - 03 - 07).monday_based_week(), 10);
    |                ^^^^

error: cannot find macro `date` in this scope
   --> tests/integration/date.rs:128:16
    |
128 |     assert_eq!(date!(2028 - 01 - 01).monday_based_week(), 0);
    |                ^^^^

error: cannot find macro `date` in this scope
   --> tests/integration/date.rs:129:16
    |
129 |     assert_eq!(date!(2028 - 01 - 02).monday_based_week(), 0);
    |                ^^^^

error: cannot find macro `date` in this scope
   --> tests/integration/date.rs:130:16
    |
130 |     assert_eq!(date!(2028 - 01 - 03).monday_based_week(), 1);
    |                ^^^^

error: cannot find macro `date` in this scope
   --> tests/integration/date.rs:131:16
    |
131 |     assert_eq!(date!(2028 - 01 - 04).monday_based_week(), 1);
    |                ^^^^

error: cannot find macro `date` in this scope
   --> tests/integration/date.rs:132:16
    |
132 |     assert_eq!(date!(2028 - 01 - 05).monday_based_week(), 1);
    |                ^^^^

error: cannot find macro `date` in this scope
   --> tests/integration/date.rs:133:16
    |
133 |     assert_eq!(date!(2028 - 01 - 06).monday_based_week(), 1);
    |                ^^^^

error: cannot find macro `date` in this scope
   --> tests/integration/date.rs:134:16
    |
134 |     assert_eq!(date!(2028 - 01 - 07).monday_based_week(), 1);
    |                ^^^^

error: cannot find macro `date` in this scope
   --> tests/integration/date.rs:135:16
    |
135 |     assert_eq!(date!(2028 - 02 - 28).monday_based_week(), 9);
    |                ^^^^

error: cannot find macro `date` in this scope
   --> tests/integration/date.rs:136:16
    |
136 |     assert_eq!(date!(2028 - 02 - 29).monday_based_week(), 9);
    |                ^^^^

error: cannot find macro `date` in this scope
   --> tests/integration/date.rs:137:16
    |
137 |     assert_eq!(date!(2028 - 03 - 01).monday_based_week(), 9);
    |                ^^^^

error: cannot find macro `date` in this scope
   --> tests/integration/date.rs:138:16
    |
138 |     assert_eq!(date!(2028 - 03 - 02).monday_based_week(), 9);
    |                ^^^^

error: cannot find macro `date` in this scope
   --> tests/integration/date.rs:139:16
    |
139 |     assert_eq!(date!(2028 - 03 - 03).monday_based_week(), 9);
    |                ^^^^

error: cannot find macro `date` in this scope
   --> tests/integration/date.rs:140:16
    |
140 |     assert_eq!(date!(2028 - 03 - 04).monday_based_week(), 9);
    |                ^^^^

error: cannot find macro `date` in this scope
   --> tests/integration/date.rs:141:16
    |
141 |     assert_eq!(date!(2028 - 03 - 05).monday_based_week(), 9);
    |                ^^^^

error: cannot find macro `date` in this scope
   --> tests/integration/date.rs:142:16
    |
142 |     assert_eq!(date!(2028 - 03 - 06).monday_based_week(), 10);
    |                ^^^^

error: cannot find macro `date` in this scope
   --> tests/integration/date.rs:143:16
    |
143 |     assert_eq!(date!(2028 - 03 - 07).monday_based_week(), 10);
    |                ^^^^

error: cannot find macro `date` in this scope
   --> tests/integration/date.rs:146:16
    |
146 |     assert_eq!(date!(2016 - 01 - 01).monday_based_week(), 0);
    |                ^^^^

error: cannot find macro `date` in this scope
   --> tests/integration/date.rs:147:16
    |
147 |     assert_eq!(date!(2016 - 01 - 02).monday_based_week(), 0);
    |                ^^^^

error: cannot find macro `date` in this scope
   --> tests/integration/date.rs:148:16
    |
148 |     assert_eq!(date!(2016 - 01 - 03).monday_based_week(), 0);
    |                ^^^^

error: cannot find macro `date` in this scope
   --> tests/integration/date.rs:149:16
    |
149 |     assert_eq!(date!(2016 - 01 - 04).monday_based_week(), 1);
    |                ^^^^

error: cannot find macro `date` in this scope
   --> tests/integration/date.rs:150:16
    |
150 |     assert_eq!(date!(2016 - 01 - 05).monday_based_week(), 1);
    |                ^^^^

error: cannot find macro `date` in this scope
   --> tests/integration/date.rs:151:16
    |
151 |     assert_eq!(date!(2016 - 01 - 06).monday_based_week(), 1);
    |                ^^^^

error: cannot find macro `date` in this scope
   --> tests/integration/date.rs:152:16
    |
152 |     assert_eq!(date!(2016 - 01 - 07).monday_based_week(), 1);
    |                ^^^^

error: cannot find macro `date` in this scope
   --> tests/integration/date.rs:153:16
    |
153 |     assert_eq!(date!(2016 - 02 - 28).monday_based_week(), 8);
    |                ^^^^

error: cannot find macro `date` in this scope
   --> tests/integration/date.rs:154:16
    |
154 |     assert_eq!(date!(2016 - 02 - 29).monday_based_week(), 9);
    |                ^^^^

error: cannot find macro `date` in this scope
   --> tests/integration/date.rs:155:16
    |
155 |     assert_eq!(date!(2016 - 03 - 01).monday_based_week(), 9);
    |                ^^^^

error: cannot find macro `date` in this scope
   --> tests/integration/date.rs:156:16
    |
156 |     assert_eq!(date!(2016 - 03 - 02).monday_based_week(), 9);
    |                ^^^^

error: cannot find macro `date` in this scope
   --> tests/integration/date.rs:157:16
    |
157 |     assert_eq!(date!(2016 - 03 - 03).monday_based_week(), 9);
    |                ^^^^

error: cannot find macro `date` in this scope
   --> tests/integration/date.rs:158:16
    |
158 |     assert_eq!(date!(2016 - 03 - 04).monday_based_week(), 9);
    |                ^^^^

error: cannot find macro `date` in this scope
   --> tests/integration/date.rs:159:16
    |
159 |     assert_eq!(date!(2016 - 03 - 05).monday_based_week(), 9);
    |                ^^^^

error: cannot find macro `date` in this scope
   --> tests/integration/date.rs:160:16
    |
160 |     assert_eq!(date!(2016 - 03 - 06).monday_based_week(), 9);
    |                ^^^^

error: cannot find macro `date` in this scope
   --> tests/integration/date.rs:161:16
    |
161 |     assert_eq!(date!(2016 - 03 - 07).monday_based_week(), 10);
    |                ^^^^

error: cannot find macro `date` in this scope
   --> tests/integration/date.rs:164:16
    |
164 |     assert_eq!(date!(2032 - 01 - 01).monday_based_week(), 0);
    |                ^^^^

error: cannot find macro `date` in this scope
   --> tests/integration/date.rs:165:16
    |
165 |     assert_eq!(date!(2032 - 01 - 02).monday_based_week(), 0);
    |                ^^^^

error: cannot find macro `date` in this scope
   --> tests/integration/date.rs:166:16
    |
166 |     assert_eq!(date!(2032 - 01 - 03).monday_based_week(), 0);
    |                ^^^^

error: cannot find macro `date` in this scope
   --> tests/integration/date.rs:167:16
    |
167 |     assert_eq!(date!(2032 - 01 - 04).monday_based_week(), 0);
    |                ^^^^

error: cannot find macro `date` in this scope
   --> tests/integration/date.rs:168:16
    |
168 |     assert_eq!(date!(2032 - 01 - 05).monday_based_week(), 1);
    |                ^^^^

error: cannot find macro `date` in this scope
   --> tests/integration/date.rs:169:16
    |
169 |     assert_eq!(date!(2032 - 01 - 06).monday_based_week(), 1);
    |                ^^^^

error: cannot find macro `date` in this scope
   --> tests/integration/date.rs:170:16
    |
170 |     assert_eq!(date!(2032 - 01 - 07).monday_based_week(), 1);
    |                ^^^^

error: cannot find macro `date` in this scope
   --> tests/integration/date.rs:171:16
    |
171 |     assert_eq!(date!(2032 - 02 - 28).monday_based_week(), 8);
    |                ^^^^

error: cannot find macro `date` in this scope
   --> tests/integration/date.rs:172:16
    |
172 |     assert_eq!(date!(2032 - 02 - 29).monday_based_week(), 8);
    |                ^^^^

error: cannot find macro `date` in this scope
   --> tests/integration/date.rs:173:16
    |
173 |     assert_eq!(date!(2032 - 03 - 01).monday_based_week(), 9);
    |                ^^^^

error: cannot find macro `date` in this scope
   --> tests/integration/date.rs:174:16
    |
174 |     assert_eq!(date!(2032 - 03 - 02).monday_based_week(), 9);
    |                ^^^^

error: cannot find macro `date` in this scope
   --> tests/integration/date.rs:175:16
    |
175 |     assert_eq!(date!(2032 - 03 - 03).monday_based_week(), 9);
    |                ^^^^

error: cannot find macro `date` in this scope
   --> tests/integration/date.rs:176:16
    |
176 |     assert_eq!(date!(2032 - 03 - 04).monday_based_week(), 9);
    |                ^^^^

error: cannot find macro `date` in this scope
   --> tests/integration/date.rs:177:16
    |
177 |     assert_eq!(date!(2032 - 03 - 05).monday_based_week(), 9);
    |                ^^^^

error: cannot find macro `date` in this scope
   --> tests/integration/date.rs:178:16
    |
178 |     assert_eq!(date!(2032 - 03 - 06).monday_based_week(), 9);
    |                ^^^^

error: cannot find macro `date` in this scope
   --> tests/integration/date.rs:179:16
    |
179 |     assert_eq!(date!(2032 - 03 - 07).monday_based_week(), 9);
    |                ^^^^

error: cannot find macro `date` in this scope
   --> tests/integration/date.rs:182:16
    |
182 |     assert_eq!(date!(2020 - 01 - 01).monday_based_week(), 0);
    |                ^^^^

error: cannot find macro `date` in this scope
   --> tests/integration/date.rs:183:16
    |
183 |     assert_eq!(date!(2020 - 01 - 02).monday_based_week(), 0);
    |                ^^^^

error: cannot find macro `date` in this scope
   --> tests/integration/date.rs:184:16
    |
184 |     assert_eq!(date!(2020 - 01 - 03).monday_based_week(), 0);
    |                ^^^^

error: cannot find macro `date` in this scope
   --> tests/integration/date.rs:185:16
    |
185 |     assert_eq!(date!(2020 - 01 - 04).monday_based_week(), 0);
    |                ^^^^

error: cannot find macro `date` in this scope
   --> tests/integration/date.rs:186:16
    |
186 |     assert_eq!(date!(2020 - 01 - 05).monday_based_week(), 0);
    |                ^^^^

error: cannot find macro `date` in this scope
   --> tests/integration/date.rs:187:16
    |
187 |     assert_eq!(date!(2020 - 01 - 06).monday_based_week(), 1);
    |                ^^^^

error: cannot find macro `date` in this scope
   --> tests/integration/date.rs:188:16
    |
188 |     assert_eq!(date!(2020 - 01 - 07).monday_based_week(), 1);
    |                ^^^^

error: cannot find macro `date` in this scope
   --> tests/integration/date.rs:189:16
    |
189 |     assert_eq!(date!(2020 - 02 - 28).monday_based_week(), 8);
    |                ^^^^

error: cannot find macro `date` in this scope
   --> tests/integration/date.rs:190:16
    |
190 |     assert_eq!(date!(2020 - 02 - 29).monday_based_week(), 8);
    |                ^^^^

error: cannot find macro `date` in this scope
   --> tests/integration/date.rs:191:16
    |
191 |     assert_eq!(date!(2020 - 03 - 01).monday_based_week(), 8);
    |                ^^^^

error: cannot find macro `date` in this scope
   --> tests/integration/date.rs:192:16
    |
192 |     assert_eq!(date!(2020 - 03 - 02).monday_based_week(), 9);
    |                ^^^^

error: cannot find macro `date` in this scope
   --> tests/integration/date.rs:193:16
    |
193 |     assert_eq!(date!(2020 - 03 - 03).monday_based_week(), 9);
    |                ^^^^

error: cannot find macro `date` in this scope
   --> tests/integration/date.rs:194:16
    |
194 |     assert_eq!(date!(2020 - 03 - 04).monday_based_week(), 9);
    |                ^^^^

error: cannot find macro `date` in this scope
   --> tests/integration/date.rs:195:16
    |
195 |     assert_eq!(date!(2020 - 03 - 05).monday_based_week(), 9);
    |                ^^^^

error: cannot find macro `date` in this scope
   --> tests/integration/date.rs:196:16
    |
196 |     assert_eq!(date!(2020 - 03 - 06).monday_based_week(), 9);
    |                ^^^^

error: cannot find macro `date` in this scope
   --> tests/integration/date.rs:197:16
    |
197 |     assert_eq!(date!(2020 - 03 - 07).monday_based_week(), 9);
    |                ^^^^

error: cannot find macro `date` in this scope
   --> tests/integration/date.rs:200:16
    |
200 |     assert_eq!(date!(2036 - 01 - 01).monday_based_week(), 0);
    |                ^^^^

error: cannot find macro `date` in this scope
   --> tests/integration/date.rs:201:16
    |
201 |     assert_eq!(date!(2036 - 01 - 02).monday_based_week(), 0);
    |                ^^^^

error: cannot find macro `date` in this scope
   --> tests/integration/date.rs:202:16
    |
202 |     assert_eq!(date!(2036 - 01 - 03).monday_based_week(), 0);
    |                ^^^^

error: cannot find macro `date` in this scope
   --> tests/integration/date.rs:203:16
    |
203 |     assert_eq!(date!(2036 - 01 - 04).monday_based_week(), 0);
    |                ^^^^

error: cannot find macro `date` in this scope
   --> tests/integration/date.rs:204:16
    |
204 |     assert_eq!(date!(2036 - 01 - 05).monday_based_week(), 0);
    |                ^^^^

error: cannot find macro `date` in this scope
   --> tests/integration/date.rs:205:16
    |
205 |     assert_eq!(date!(2036 - 01 - 06).monday_based_week(), 0);
    |                ^^^^

error: cannot find macro `date` in this scope
   --> tests/integration/date.rs:206:16
    |
206 |     assert_eq!(date!(2036 - 01 - 07).monday_based_week(), 1);
    |                ^^^^

error: cannot find macro `date` in this scope
   --> tests/integration/date.rs:207:16
    |
207 |     assert_eq!(date!(2036 - 02 - 28).monday_based_week(), 8);
    |                ^^^^

error: cannot find macro `date` in this scope
   --> tests/integration/date.rs:208:16
    |
208 |     assert_eq!(date!(2036 - 02 - 29).monday_based_week(), 8);
    |                ^^^^

error: cannot find macro `date` in this scope
   --> tests/integration/date.rs:209:16
    |
209 |     assert_eq!(date!(2036 - 03 - 01).monday_based_week(), 8);
    |                ^^^^

error: cannot find macro `date` in this scope
   --> tests/integration/date.rs:210:16
    |
210 |     assert_eq!(date!(2036 - 03 - 02).monday_based_week(), 8);
    |                ^^^^

error: cannot find macro `date` in this scope
   --> tests/integration/date.rs:211:16
    |
211 |     assert_eq!(date!(2036 - 03 - 03).monday_based_week(), 9);
    |                ^^^^

error: cannot find macro `date` in this scope
   --> tests/integration/date.rs:212:16
    |
212 |     assert_eq!(date!(2036 - 03 - 04).monday_based_week(), 9);
    |                ^^^^

error: cannot find macro `date` in this scope
   --> tests/integration/date.rs:213:16
    |
213 |     assert_eq!(date!(2036 - 03 - 05).monday_based_week(), 9);
    |                ^^^^

error: cannot find macro `date` in this scope
   --> tests/integration/date.rs:214:16
    |
214 |     assert_eq!(date!(2036 - 03 - 06).monday_based_week(), 9);
    |                ^^^^

error: cannot find macro `date` in this scope
   --> tests/integration/date.rs:215:16
    |
215 |     assert_eq!(date!(2036 - 03 - 07).monday_based_week(), 9);
    |                ^^^^

error: cannot find macro `date` in this scope
   --> tests/integration/date.rs:218:16
    |
218 |     assert_eq!(date!(2024 - 01 - 01).monday_based_week(), 1);
    |                ^^^^

error: cannot find macro `date` in this scope
   --> tests/integration/date.rs:219:16
    |
219 |     assert_eq!(date!(2024 - 01 - 02).monday_based_week(), 1);
    |                ^^^^

error: cannot find macro `date` in this scope
   --> tests/integration/date.rs:220:16
    |
220 |     assert_eq!(date!(2024 - 01 - 03).monday_based_week(), 1);
    |                ^^^^

error: cannot find macro `date` in this scope
   --> tests/integration/date.rs:221:16
    |
221 |     assert_eq!(date!(2024 - 01 - 04).monday_based_week(), 1);
    |                ^^^^

error: cannot find macro `date` in this scope
   --> tests/integration/date.rs:222:16
    |
222 |     assert_eq!(date!(2024 - 01 - 05).monday_based_week(), 1);
    |                ^^^^

error: cannot find macro `date` in this scope
   --> tests/integration/date.rs:223:16
    |
223 |     assert_eq!(date!(2024 - 01 - 06).monday_based_week(), 1);
    |                ^^^^

error: cannot find macro `date` in this scope
   --> tests/integration/date.rs:224:16
    |
224 |     assert_eq!(date!(2024 - 01 - 07).monday_based_week(), 1);
    |                ^^^^

error: cannot find macro `date` in this scope
   --> tests/integration/date.rs:225:16
    |
225 |     assert_eq!(date!(2024 - 02 - 28).monday_based_week(), 9);
    |                ^^^^

error: cannot find macro `date` in this scope
   --> tests/integration/date.rs:226:16
    |
226 |     assert_eq!(date!(2024 - 02 - 29).monday_based_week(), 9);
    |                ^^^^

error: cannot find macro `date` in this scope
   --> tests/integration/date.rs:227:16
    |
227 |     assert_eq!(date!(2024 - 03 - 01).monday_based_week(), 9);
    |                ^^^^

error: cannot find macro `date` in this scope
   --> tests/integration/date.rs:228:16
    |
228 |     assert_eq!(date!(2024 - 03 - 02).monday_based_week(), 9);
    |                ^^^^

error: cannot find macro `date` in this scope
   --> tests/integration/date.rs:229:16
    |
229 |     assert_eq!(date!(2024 - 03 - 03).monday_based_week(), 9);
    |                ^^^^

error: cannot find macro `date` in this scope
   --> tests/integration/date.rs:230:16
    |
230 |     assert_eq!(date!(2024 - 03 - 04).monday_based_week(), 10);
    |                ^^^^

error: cannot find macro `date` in this scope
   --> tests/integration/date.rs:231:16
    |
231 |     assert_eq!(date!(2024 - 03 - 05).monday_based_week(), 10);
    |                ^^^^

error: cannot find macro `date` in this scope
   --> tests/integration/date.rs:232:16
    |
232 |     assert_eq!(date!(2024 - 03 - 06).monday_based_week(), 10);
    |                ^^^^

error: cannot find macro `date` in this scope
   --> tests/integration/date.rs:233:16
    |
233 |     assert_eq!(date!(2024 - 03 - 07).monday_based_week(), 10);
    |                ^^^^

error: cannot find macro `date` in this scope
   --> tests/integration/date.rs:239:16
    |
239 |     assert_eq!(date!(2023 - 01 - 01).sunday_based_week(), 1);
    |                ^^^^

error: cannot find macro `date` in this scope
   --> tests/integration/date.rs:240:16
    |
240 |     assert_eq!(date!(2023 - 01 - 02).sunday_based_week(), 1);
    |                ^^^^

error: cannot find macro `date` in this scope
   --> tests/integration/date.rs:241:16
    |
241 |     assert_eq!(date!(2023 - 01 - 03).sunday_based_week(), 1);
    |                ^^^^

error: cannot find macro `date` in this scope
   --> tests/integration/date.rs:242:16
    |
242 |     assert_eq!(date!(2023 - 01 - 04).sunday_based_week(), 1);
    |                ^^^^

error: cannot find macro `date` in this scope
   --> tests/integration/date.rs:243:16
    |
243 |     assert_eq!(date!(2023 - 01 - 05).sunday_based_week(), 1);
    |                ^^^^

error: cannot find macro `date` in this scope
   --> tests/integration/date.rs:244:16
    |
244 |     assert_eq!(date!(2023 - 01 - 06).sunday_based_week(), 1);
    |                ^^^^

error: cannot find macro `date` in this scope
   --> tests/integration/date.rs:245:16
    |
245 |     assert_eq!(date!(2023 - 01 - 07).sunday_based_week(), 1);
    |                ^^^^

error: cannot find macro `date` in this scope
   --> tests/integration/date.rs:248:16
    |
248 |     assert_eq!(date!(2022 - 01 - 01).sunday_based_week(), 0);
    |                ^^^^

error: cannot find macro `date` in this scope
   --> tests/integration/date.rs:249:16
    |
249 |     assert_eq!(date!(2022 - 01 - 02).sunday_based_week(), 1);
    |                ^^^^

error: cannot find macro `date` in this scope
   --> tests/integration/date.rs:250:16
    |
250 |     assert_eq!(date!(2022 - 01 - 03).sunday_based_week(), 1);
    |                ^^^^

error: cannot find macro `date` in this scope
   --> tests/integration/date.rs:251:16
    |
251 |     assert_eq!(date!(2022 - 01 - 04).sunday_based_week(), 1);
    |                ^^^^

error: cannot find macro `date` in this scope
   --> tests/integration/date.rs:252:16
    |
252 |     assert_eq!(date!(2022 - 01 - 05).sunday_based_week(), 1);
    |                ^^^^

error: cannot find macro `date` in this scope
   --> tests/integration/date.rs:253:16
    |
253 |     assert_eq!(date!(2022 - 01 - 06).sunday_based_week(), 1);
    |                ^^^^

error: cannot find macro `date` in this scope
   --> tests/integration/date.rs:254:16
    |
254 |     assert_eq!(date!(2022 - 01 - 07).sunday_based_week(), 1);
    |                ^^^^

error: cannot find macro `date` in this scope
   --> tests/integration/date.rs:257:16
    |
257 |     assert_eq!(date!(2021 - 01 - 01).sunday_based_week(), 0);
    |                ^^^^

error: cannot find macro `date` in this scope
   --> tests/integration/date.rs:258:16
    |
258 |     assert_eq!(date!(2021 - 01 - 02).sunday_based_week(), 0);
    |                ^^^^

error: cannot find macro `date` in this scope
   --> tests/integration/date.rs:259:16
    |
259 |     assert_eq!(date!(2021 - 01 - 03).sunday_based_week(), 1);
    |                ^^^^

error: cannot find macro `date` in this scope
   --> tests/integration/date.rs:260:16
    |
260 |     assert_eq!(date!(2021 - 01 - 04).sunday_based_week(), 1);
    |                ^^^^

error: cannot find macro `date` in this scope
   --> tests/integration/date.rs:261:16
    |
261 |     assert_eq!(date!(2021 - 01 - 05).sunday_based_week(), 1);
    |                ^^^^

error: cannot find macro `date` in this scope
   --> tests/integration/date.rs:262:16
    |
262 |     assert_eq!(date!(2021 - 01 - 06).sunday_based_week(), 1);
    |                ^^^^

error: cannot find macro `date` in this scope
   --> tests/integration/date.rs:263:16
    |
263 |     assert_eq!(date!(2021 - 01 - 07).sunday_based_week(), 1);
    |                ^^^^

error: cannot find macro `date` in this scope
   --> tests/integration/date.rs:266:16
    |
266 |     assert_eq!(date!(2026 - 01 - 01).sunday_based_week(), 0);
    |                ^^^^

error: cannot find macro `date` in this scope
   --> tests/integration/date.rs:267:16
    |
267 |     assert_eq!(date!(2026 - 01 - 02).sunday_based_week(), 0);
    |                ^^^^

error: cannot find macro `date` in this scope
   --> tests/integration/date.rs:268:16
    |
268 |     assert_eq!(date!(2026 - 01 - 03).sunday_based_week(), 0);
    |                ^^^^

error: cannot find macro `date` in this scope
   --> tests/integration/date.rs:269:16
    |
269 |     assert_eq!(date!(2026 - 01 - 04).sunday_based_week(), 1);
    |                ^^^^

error: cannot find macro `date` in this scope
   --> tests/integration/date.rs:270:16
    |
270 |     assert_eq!(date!(2026 - 01 - 05).sunday_based_week(), 1);
    |                ^^^^

error: cannot find macro `date` in this scope
   --> tests/integration/date.rs:271:16
    |
271 |     assert_eq!(date!(2026 - 01 - 06).sunday_based_week(), 1);
    |                ^^^^

error: cannot find macro `date` in this scope
   --> tests/integration/date.rs:272:16
    |
272 |     assert_eq!(date!(2026 - 01 - 07).sunday_based_week(), 1);
    |                ^^^^

error: cannot find macro `date` in this scope
   --> tests/integration/date.rs:275:16
    |
275 |     assert_eq!(date!(2025 - 01 - 01).sunday_based_week(), 0);
    |                ^^^^

error: cannot find macro `date` in this scope
   --> tests/integration/date.rs:276:16
    |
276 |     assert_eq!(date!(2025 - 01 - 02).sunday_based_week(), 0);
    |                ^^^^

error: cannot find macro `date` in this scope
   --> tests/integration/date.rs:277:16
    |
277 |     assert_eq!(date!(2025 - 01 - 03).sunday_based_week(), 0);
    |                ^^^^

error: cannot find macro `date` in this scope
   --> tests/integration/date.rs:278:16
    |
278 |     assert_eq!(date!(2025 - 01 - 04).sunday_based_week(), 0);
    |                ^^^^

error: cannot find macro `date` in this scope
   --> tests/integration/date.rs:279:16
    |
279 |     assert_eq!(date!(2025 - 01 - 05).sunday_based_week(), 1);
    |                ^^^^

error: cannot find macro `date` in this scope
   --> tests/integration/date.rs:280:16
    |
280 |     assert_eq!(date!(2025 - 01 - 06).sunday_based_week(), 1);
    |                ^^^^

error: cannot find macro `date` in this scope
   --> tests/integration/date.rs:281:16
    |
281 |     assert_eq!(date!(2025 - 01 - 07).sunday_based_week(), 1);
    |                ^^^^

error: cannot find macro `date` in this scope
   --> tests/integration/date.rs:284:16
    |
284 |     assert_eq!(date!(2019 - 01 - 01).sunday_based_week(), 0);
    |                ^^^^

error: cannot find macro `date` in this scope
   --> tests/integration/date.rs:285:16
    |
285 |     assert_eq!(date!(2019 - 01 - 02).sunday_based_week(), 0);
    |                ^^^^

error: cannot find macro `date` in this scope
   --> tests/integration/date.rs:286:16
    |
286 |     assert_eq!(date!(2019 - 01 - 03).sunday_based_week(), 0);
    |                ^^^^

error: cannot find macro `date` in this scope
   --> tests/integration/date.rs:287:16
    |
287 |     assert_eq!(date!(2019 - 01 - 04).sunday_based_week(), 0);
    |                ^^^^

error: cannot find macro `date` in this scope
   --> tests/integration/date.rs:288:16
    |
288 |     assert_eq!(date!(2019 - 01 - 05).sunday_based_week(), 0);
    |                ^^^^

error: cannot find macro `date` in this scope
   --> tests/integration/date.rs:289:16
    |
289 |     assert_eq!(date!(2019 - 01 - 06).sunday_based_week(), 1);
    |                ^^^^

error: cannot find macro `date` in this scope
   --> tests/integration/date.rs:290:16
    |
290 |     assert_eq!(date!(2019 - 01 - 07).sunday_based_week(), 1);
    |                ^^^^

error: cannot find macro `date` in this scope
   --> tests/integration/date.rs:293:16
    |
293 |     assert_eq!(date!(2018 - 01 - 01).sunday_based_week(), 0);
    |                ^^^^

error: cannot find macro `date` in this scope
   --> tests/integration/date.rs:294:16
    |
294 |     assert_eq!(date!(2018 - 01 - 02).sunday_based_week(), 0);
    |                ^^^^

error: cannot find macro `date` in this scope
   --> tests/integration/date.rs:295:16
    |
295 |     assert_eq!(date!(2018 - 01 - 03).sunday_based_week(), 0);
    |                ^^^^

error: cannot find macro `date` in this scope
   --> tests/integration/date.rs:296:16
    |
296 |     assert_eq!(date!(2018 - 01 - 04).sunday_based_week(), 0);
    |                ^^^^

error: cannot find macro `date` in this scope
   --> tests/integration/date.rs:297:16
    |
297 |     assert_eq!(date!(2018 - 01 - 05).sunday_based_week(), 0);
    |                ^^^^

error: cannot find macro `date` in this scope
   --> tests/integration/date.rs:298:16
    |
298 |     assert_eq!(date!(2018 - 01 - 06).sunday_based_week(), 0);
    |                ^^^^

error: cannot find macro `date` in this scope
   --> tests/integration/date.rs:299:16
    |
299 |     assert_eq!(date!(2018 - 01 - 07).sunday_based_week(), 1);
    |                ^^^^

error: cannot find macro `date` in this scope
   --> tests/integration/date.rs:302:16
    |
302 |     assert_eq!(date!(2012 - 01 - 01).sunday_based_week(), 1);
    |                ^^^^

error: cannot find macro `date` in this scope
   --> tests/integration/date.rs:303:16
    |
303 |     assert_eq!(date!(2012 - 01 - 02).sunday_based_week(), 1);
    |                ^^^^

error: cannot find macro `date` in this scope
   --> tests/integration/date.rs:304:16
    |
304 |     assert_eq!(date!(2012 - 01 - 03).sunday_based_week(), 1);
    |                ^^^^

error: cannot find macro `date` in this scope
   --> tests/integration/date.rs:305:16
    |
305 |     assert_eq!(date!(2012 - 01 - 04).sunday_based_week(), 1);
    |                ^^^^

error: cannot find macro `date` in this scope
   --> tests/integration/date.rs:306:16
    |
306 |     assert_eq!(date!(2012 - 01 - 05).sunday_based_week(), 1);
    |                ^^^^

error: cannot find macro `date` in this scope
   --> tests/integration/date.rs:307:16
    |
307 |     assert_eq!(date!(2012 - 01 - 06).sunday_based_week(), 1);
    |                ^^^^

error: cannot find macro `date` in this scope
   --> tests/integration/date.rs:308:16
    |
308 |     assert_eq!(date!(2012 - 01 - 07).sunday_based_week(), 1);
    |                ^^^^

error: cannot find macro `date` in this scope
   --> tests/integration/date.rs:309:16
    |
309 |     assert_eq!(date!(2012 - 02 - 28).sunday_based_week(), 9);
    |                ^^^^

error: cannot find macro `date` in this scope
   --> tests/integration/date.rs:310:16
    |
310 |     assert_eq!(date!(2012 - 02 - 29).sunday_based_week(), 9);
    |                ^^^^

error: cannot find macro `date` in this scope
   --> tests/integration/date.rs:311:16
    |
311 |     assert_eq!(date!(2012 - 03 - 01).sunday_based_week(), 9);
    |                ^^^^

error: cannot find macro `date` in this scope
   --> tests/integration/date.rs:312:16
    |
312 |     assert_eq!(date!(2012 - 03 - 02).sunday_based_week(), 9);
    |                ^^^^

error: cannot find macro `date` in this scope
   --> tests/integration/date.rs:313:16
    |
313 |     assert_eq!(date!(2012 - 03 - 03).sunday_based_week(), 9);
    |                ^^^^

error: cannot find macro `date` in this scope
   --> tests/integration/date.rs:314:16
    |
314 |     assert_eq!(date!(2012 - 03 - 04).sunday_based_week(), 10);
    |                ^^^^

error: cannot find macro `date` in this scope
   --> tests/integration/date.rs:315:16
    |
315 |     assert_eq!(date!(2012 - 03 - 05).sunday_based_week(), 10);
    |                ^^^^

error: cannot find macro `date` in this scope
   --> tests/integration/date.rs:316:16
    |
316 |     assert_eq!(date!(2012 - 03 - 06).sunday_based_week(), 10);
    |                ^^^^

error: cannot find macro `date` in this scope
   --> tests/integration/date.rs:317:16
    |
317 |     assert_eq!(date!(2012 - 03 - 07).sunday_based_week(), 10);
    |                ^^^^

error: cannot find macro `date` in this scope
   --> tests/integration/date.rs:320:16
    |
320 |     assert_eq!(date!(2028 - 01 - 01).sunday_based_week(), 0);
    |                ^^^^

error: cannot find macro `date` in this scope
   --> tests/integration/date.rs:321:16
    |
321 |     assert_eq!(date!(2028 - 01 - 02).sunday_based_week(), 1);
    |                ^^^^

error: cannot find macro `date` in this scope
   --> tests/integration/date.rs:322:16
    |
322 |     assert_eq!(date!(2028 - 01 - 03).sunday_based_week(), 1);
    |                ^^^^

error: cannot find macro `date` in this scope
   --> tests/integration/date.rs:323:16
    |
323 |     assert_eq!(date!(2028 - 01 - 04).sunday_based_week(), 1);
    |                ^^^^

error: cannot find macro `date` in this scope
   --> tests/integration/date.rs:324:16
    |
324 |     assert_eq!(date!(2028 - 01 - 05).sunday_based_week(), 1);
    |                ^^^^

error: cannot find macro `date` in this scope
   --> tests/integration/date.rs:325:16
    |
325 |     assert_eq!(date!(2028 - 01 - 06).sunday_based_week(), 1);
    |                ^^^^

error: cannot find macro `date` in this scope
   --> tests/integration/date.rs:326:16
    |
326 |     assert_eq!(date!(2028 - 01 - 07).sunday_based_week(), 1);
    |                ^^^^

error: cannot find macro `date` in this scope
   --> tests/integration/date.rs:327:16
    |
327 |     assert_eq!(date!(2028 - 02 - 28).sunday_based_week(), 9);
    |                ^^^^

error: cannot find macro `date` in this scope
   --> tests/integration/date.rs:328:16
    |
328 |     assert_eq!(date!(2028 - 02 - 29).sunday_based_week(), 9);
    |                ^^^^

error: cannot find macro `date` in this scope
   --> tests/integration/date.rs:329:16
    |
329 |     assert_eq!(date!(2028 - 03 - 01).sunday_based_week(), 9);
    |                ^^^^

error: cannot find macro `date` in this scope
   --> tests/integration/date.rs:330:16
    |
330 |     assert_eq!(date!(2028 - 03 - 02).sunday_based_week(), 9);
    |                ^^^^

error: cannot find macro `date` in this scope
   --> tests/integration/date.rs:331:16
    |
331 |     assert_eq!(date!(2028 - 03 - 03).sunday_based_week(), 9);
    |                ^^^^

error: cannot find macro `date` in this scope
   --> tests/integration/date.rs:332:16
    |
332 |     assert_eq!(date!(2028 - 03 - 04).sunday_based_week(), 9);
    |                ^^^^

error: cannot find macro `date` in this scope
   --> tests/integration/date.rs:333:16
    |
333 |     assert_eq!(date!(2028 - 03 - 05).sunday_based_week(), 10);
    |                ^^^^

error: cannot find macro `date` in this scope
   --> tests/integration/date.rs:334:16
    |
334 |     assert_eq!(date!(2028 - 03 - 06).sunday_based_week(), 10);
    |                ^^^^

error: cannot find macro `date` in this scope
   --> tests/integration/date.rs:335:16
    |
335 |     assert_eq!(date!(2028 - 03 - 07).sunday_based_week(), 10);
    |                ^^^^

error: cannot find macro `date` in this scope
   --> tests/integration/date.rs:338:16
    |
338 |     assert_eq!(date!(2016 - 01 - 01).sunday_based_week(), 0);
    |                ^^^^

error: cannot find macro `date` in this scope
   --> tests/integration/date.rs:339:16
    |
339 |     assert_eq!(date!(2016 - 01 - 02).sunday_based_week(), 0);
    |                ^^^^

error: cannot find macro `date` in this scope
   --> tests/integration/date.rs:340:16
    |
340 |     assert_eq!(date!(2016 - 01 - 03).sunday_based_week(), 1);
    |                ^^^^

error: cannot find macro `date` in this scope
   --> tests/integration/date.rs:341:16
    |
341 |     assert_eq!(date!(2016 - 01 - 04).sunday_based_week(), 1);
    |                ^^^^

error: cannot find macro `date` in this scope
   --> tests/integration/date.rs:342:16
    |
342 |     assert_eq!(date!(2016 - 01 - 05).sunday_based_week(), 1);
    |                ^^^^

error: cannot find macro `date` in this scope
   --> tests/integration/date.rs:343:16
    |
343 |     assert_eq!(date!(2016 - 01 - 06).sunday_based_week(), 1);
    |                ^^^^

error: cannot find macro `date` in this scope
   --> tests/integration/date.rs:344:16
    |
344 |     assert_eq!(date!(2016 - 01 - 07).sunday_based_week(), 1);
    |                ^^^^

error: cannot find macro `date` in this scope
   --> tests/integration/date.rs:345:16
    |
345 |     assert_eq!(date!(2016 - 02 - 28).sunday_based_week(), 9);
    |                ^^^^

error: cannot find macro `date` in this scope
   --> tests/integration/date.rs:346:16
    |
346 |     assert_eq!(date!(2016 - 02 - 29).sunday_based_week(), 9);
    |                ^^^^

error: cannot find macro `date` in this scope
   --> tests/integration/date.rs:347:16
    |
347 |     assert_eq!(date!(2016 - 03 - 01).sunday_based_week(), 9);
    |                ^^^^

error: cannot find macro `date` in this scope
   --> tests/integration/date.rs:348:16
    |
348 |     assert_eq!(date!(2016 - 03 - 02).sunday_based_week(), 9);
    |                ^^^^

error: cannot find macro `date` in this scope
   --> tests/integration/date.rs:349:16
    |
349 |     assert_eq!(date!(2016 - 03 - 03).sunday_based_week(), 9);
    |                ^^^^

error: cannot find macro `date` in this scope
   --> tests/integration/date.rs:350:16
    |
350 |     assert_eq!(date!(2016 - 03 - 04).sunday_based_week(), 9);
    |                ^^^^

error: cannot find macro `date` in this scope
   --> tests/integration/date.rs:351:16
    |
351 |     assert_eq!(date!(2016 - 03 - 05).sunday_based_week(), 9);
    |                ^^^^

error: cannot find macro `date` in this scope
   --> tests/integration/date.rs:352:16
    |
352 |     assert_eq!(date!(2016 - 03 - 06).sunday_based_week(), 10);
    |                ^^^^

error: cannot find macro `date` in this scope
   --> tests/integration/date.rs:353:16
    |
353 |     assert_eq!(date!(2016 - 03 - 07).sunday_based_week(), 10);
    |                ^^^^

error: cannot find macro `date` in this scope
   --> tests/integration/date.rs:356:16
    |
356 |     assert_eq!(date!(2032 - 01 - 01).sunday_based_week(), 0);
    |                ^^^^

error: cannot find macro `date` in this scope
   --> tests/integration/date.rs:357:16
    |
357 |     assert_eq!(date!(2032 - 01 - 02).sunday_based_week(), 0);
    |                ^^^^

error: cannot find macro `date` in this scope
   --> tests/integration/date.rs:358:16
    |
358 |     assert_eq!(date!(2032 - 01 - 03).sunday_based_week(), 0);
    |                ^^^^

error: cannot find macro `date` in this scope
   --> tests/integration/date.rs:359:16
    |
359 |     assert_eq!(date!(2032 - 01 - 04).sunday_based_week(), 1);
    |                ^^^^

error: cannot find macro `date` in this scope
   --> tests/integration/date.rs:360:16
    |
360 |     assert_eq!(date!(2032 - 01 - 05).sunday_based_week(), 1);
    |                ^^^^

error: cannot find macro `date` in this scope
   --> tests/integration/date.rs:361:16
    |
361 |     assert_eq!(date!(2032 - 01 - 06).sunday_based_week(), 1);
    |                ^^^^

error: cannot find macro `date` in this scope
   --> tests/integration/date.rs:362:16
    |
362 |     assert_eq!(date!(2032 - 01 - 07).sunday_based_week(), 1);
    |                ^^^^

error: cannot find macro `date` in this scope
   --> tests/integration/date.rs:363:16
    |
363 |     assert_eq!(date!(2032 - 02 - 28).sunday_based_week(), 8);
    |                ^^^^

error: cannot find macro `date` in this scope
   --> tests/integration/date.rs:364:16
    |
364 |     assert_eq!(date!(2032 - 02 - 29).sunday_based_week(), 9);
    |                ^^^^

error: cannot find macro `date` in this scope
   --> tests/integration/date.rs:365:16
    |
365 |     assert_eq!(date!(2032 - 03 - 01).sunday_based_week(), 9);
    |                ^^^^

error: cannot find macro `date` in this scope
   --> tests/integration/date.rs:366:16
    |
366 |     assert_eq!(date!(2032 - 03 - 02).sunday_based_week(), 9);
    |                ^^^^

error: cannot find macro `date` in this scope
   --> tests/integration/date.rs:367:16
    |
367 |     assert_eq!(date!(2032 - 03 - 03).sunday_based_week(), 9);
    |                ^^^^

error: cannot find macro `date` in this scope
   --> tests/integration/date.rs:368:16
    |
368 |     assert_eq!(date!(2032 - 03 - 04).sunday_based_week(), 9);
    |                ^^^^

error: cannot find macro `date` in this scope
   --> tests/integration/date.rs:369:16
    |
369 |     assert_eq!(date!(2032 - 03 - 05).sunday_based_week(), 9);
    |                ^^^^

error: cannot find macro `date` in this scope
   --> tests/integration/date.rs:370:16
    |
370 |     assert_eq!(date!(2032 - 03 - 06).sunday_based_week(), 9);
    |                ^^^^

error: cannot find macro `date` in this scope
   --> tests/integration/date.rs:371:16
    |
371 |     assert_eq!(date!(2032 - 03 - 07).sunday_based_week(), 10);
    |                ^^^^

error: cannot find macro `date` in this scope
   --> tests/integration/date.rs:374:16
    |
374 |     assert_eq!(date!(2020 - 01 - 01).sunday_based_week(), 0);
    |                ^^^^

error: cannot find macro `date` in this scope
   --> tests/integration/date.rs:375:16
    |
375 |     assert_eq!(date!(2020 - 01 - 02).sunday_based_week(), 0);
    |                ^^^^

error: cannot find macro `date` in this scope
   --> tests/integration/date.rs:376:16
    |
376 |     assert_eq!(date!(2020 - 01 - 03).sunday_based_week(), 0);
    |                ^^^^

error: cannot find macro `date` in this scope
   --> tests/integration/date.rs:377:16
    |
377 |     assert_eq!(date!(2020 - 01 - 04).sunday_based_week(), 0);
    |                ^^^^

error: cannot find macro `date` in this scope
   --> tests/integration/date.rs:378:16
    |
378 |     assert_eq!(date!(2020 - 01 - 05).sunday_based_week(), 1);
    |                ^^^^

error: cannot find macro `date` in this scope
   --> tests/integration/date.rs:379:16
    |
379 |     assert_eq!(date!(2020 - 01 - 06).sunday_based_week(), 1);
    |                ^^^^

error: cannot find macro `date` in this scope
   --> tests/integration/date.rs:380:16
    |
380 |     assert_eq!(date!(2020 - 01 - 07).sunday_based_week(), 1);
    |                ^^^^

error: cannot find macro `date` in this scope
   --> tests/integration/date.rs:381:16
    |
381 |     assert_eq!(date!(2020 - 02 - 28).sunday_based_week(), 8);
    |                ^^^^

error: cannot find macro `date` in this scope
   --> tests/integration/date.rs:382:16
    |
382 |     assert_eq!(date!(2020 - 02 - 29).sunday_based_week(), 8);
    |                ^^^^

error: cannot find macro `date` in this scope
   --> tests/integration/date.rs:383:16
    |
383 |     assert_eq!(date!(2020 - 03 - 01).sunday_based_week(), 9);
    |                ^^^^

error: cannot find macro `date` in this scope
   --> tests/integration/date.rs:384:16
    |
384 |     assert_eq!(date!(2020 - 03 - 02).sunday_based_week(), 9);
    |                ^^^^

error: cannot find macro `date` in this scope
   --> tests/integration/date.rs:385:16
    |
385 |     assert_eq!(date!(2020 - 03 - 03).sunday_based_week(), 9);
    |                ^^^^

error[E0599]: no method named `num_digits` found for type `u8` in the current scope
  --> src/tests.rs:16:21
   |
16 |     assert_eq!(1_u8.num_digits(), 1);
   |                     ^^^^^^^^^^ method not found in `u8`

error: cannot find macro `date` in this scope
   --> tests/integration/date.rs:386:16
    |
386 |     assert_eq!(date!(2020 - 03 - 04).sunday_based_week(), 9);
    |                ^^^^

error: cannot find macro `date` in this scope
   --> tests/integration/date.rs:387:16
    |
387 |     assert_eq!(date!(2020 - 03 - 05).sunday_based_week(), 9);
    |                ^^^^

error: cannot find macro `date` in this scope
   --> tests/integration/date.rs:388:16
    |
388 |     assert_eq!(date!(2020 - 03 - 06).sunday_based_week(), 9);
    |                ^^^^

error: cannot find macro `date` in this scope
   --> tests/integration/date.rs:389:16
    |
389 |     assert_eq!(date!(2020 - 03 - 07).sunday_based_week(), 9);
    |                ^^^^

error: cannot find macro `date` in this scope
   --> tests/integration/date.rs:392:16
    |
392 |     assert_eq!(date!(2036 - 01 - 01).sunday_based_week(), 0);
    |                ^^^^

error: cannot find macro `date` in this scope
   --> tests/integration/date.rs:393:16
    |
393 |     assert_eq!(date!(2036 - 01 - 02).sunday_based_week(), 0);
    |                ^^^^

error: cannot find macro `date` in this scope
   --> tests/integration/date.rs:394:16
    |
394 |     assert_eq!(date!(2036 - 01 - 03).sunday_based_week(), 0);
    |                ^^^^

error: cannot find macro `date` in this scope
   --> tests/integration/date.rs:395:16
    |
395 |     assert_eq!(date!(2036 - 01 - 04).sunday_based_week(), 0);
    |                ^^^^

error: cannot find macro `date` in this scope
   --> tests/integration/date.rs:396:16
    |
396 |     assert_eq!(date!(2036 - 01 - 05).sunday_based_week(), 0);
    |                ^^^^

error: cannot find macro `date` in this scope
   --> tests/integration/date.rs:397:16
    |
397 |     assert_eq!(date!(2036 - 01 - 06).sunday_based_week(), 1);
    |                ^^^^

error: cannot find macro `date` in this scope
   --> tests/integration/date.rs:398:16
    |
398 |     assert_eq!(date!(2036 - 01 - 07).sunday_based_week(), 1);
    |                ^^^^

error: cannot find macro `date` in this scope
   --> tests/integration/date.rs:399:16
    |
399 |     assert_eq!(date!(2036 - 02 - 28).sunday_based_week(), 8);
    |                ^^^^

error: cannot find macro `date` in this scope
   --> tests/integration/date.rs:400:16
    |
400 |     assert_eq!(date!(2036 - 02 - 29).sunday_based_week(), 8);
    |                ^^^^

error: cannot find macro `date` in this scope
   --> tests/integration/date.rs:401:16
    |
401 |     assert_eq!(date!(2036 - 03 - 01).sunday_based_week(), 8);
    |                ^^^^

error: cannot find macro `date` in this scope
   --> tests/integration/date.rs:402:16
    |
402 |     assert_eq!(date!(2036 - 03 - 02).sunday_based_week(), 9);
    |                ^^^^

error: cannot find macro `date` in this scope
   --> tests/integration/date.rs:403:16
    |
403 |     assert_eq!(date!(2036 - 03 - 03).sunday_based_week(), 9);
    |                ^^^^

error: cannot find macro `date` in this scope
   --> tests/integration/date.rs:404:16
    |
404 |     assert_eq!(date!(2036 - 03 - 04).sunday_based_week(), 9);
    |                ^^^^

error: cannot find macro `date` in this scope
   --> tests/integration/date.rs:405:16
    |
405 |     assert_eq!(date!(2036 - 03 - 05).sunday_based_week(), 9);
    |                ^^^^

error: cannot find macro `date` in this scope
   --> tests/integration/date.rs:406:16
    |
406 |     assert_eq!(date!(2036 - 03 - 06).sunday_based_week(), 9);
    |                ^^^^

error[E0599]: no method named `num_digits` found for type `u8` in the current scope
  --> src/tests.rs:17:22
   |
17 |     assert_eq!(10_u8.num_digits(), 2);
   |                      ^^^^^^^^^^ method not found in `u8`

error: cannot find macro `date` in this scope
   --> tests/integration/date.rs:407:16
    |
407 |     assert_eq!(date!(2036 - 03 - 07).sunday_based_week(), 9);
    |                ^^^^

error: cannot find macro `date` in this scope
   --> tests/integration/date.rs:410:16
    |
410 |     assert_eq!(date!(2024 - 01 - 01).sunday_based_week(), 0);
    |                ^^^^

error: cannot find macro `date` in this scope
   --> tests/integration/date.rs:411:16
    |
411 |     assert_eq!(date!(2024 - 01 - 02).sunday_based_week(), 0);
    |                ^^^^

error: cannot find macro `date` in this scope
   --> tests/integration/date.rs:412:16
    |
412 |     assert_eq!(date!(2024 - 01 - 03).sunday_based_week(), 0);
    |                ^^^^

error: cannot find macro `date` in this scope
   --> tests/integration/date.rs:413:16
    |
413 |     assert_eq!(date!(2024 - 01 - 04).sunday_based_week(), 0);
    |                ^^^^

error: cannot find macro `date` in this scope
   --> tests/integration/date.rs:414:16
    |
414 |     assert_eq!(date!(2024 - 01 - 05).sunday_based_week(), 0);
    |                ^^^^

error: cannot find macro `date` in this scope
   --> tests/integration/date.rs:415:16
    |
415 |     assert_eq!(date!(2024 - 01 - 06).sunday_based_week(), 0);
    |                ^^^^

error: cannot find macro `date` in this scope
   --> tests/integration/date.rs:416:16
    |
416 |     assert_eq!(date!(2024 - 01 - 07).sunday_based_week(), 1);
    |                ^^^^

error: cannot find macro `date` in this scope
   --> tests/integration/date.rs:417:16
    |
417 |     assert_eq!(date!(2024 - 02 - 28).sunday_based_week(), 8);
    |                ^^^^

error: cannot find macro `date` in this scope
   --> tests/integration/date.rs:418:16
    |
418 |     assert_eq!(date!(2024 - 02 - 29).sunday_based_week(), 8);
    |                ^^^^

error: cannot find macro `date` in this scope
   --> tests/integration/date.rs:419:16
    |
419 |     assert_eq!(date!(2024 - 03 - 01).sunday_based_week(), 8);
    |                ^^^^

error: cannot find macro `date` in this scope
   --> tests/integration/date.rs:420:16
    |
420 |     assert_eq!(date!(2024 - 03 - 02).sunday_based_week(), 8);
    |                ^^^^

error: cannot find macro `date` in this scope
   --> tests/integration/date.rs:421:16
    |
421 |     assert_eq!(date!(2024 - 03 - 03).sunday_based_week(), 9);
    |                ^^^^

error: cannot find macro `date` in this scope
   --> tests/integration/date.rs:422:16
    |
422 |     assert_eq!(date!(2024 - 03 - 04).sunday_based_week(), 9);
    |                ^^^^

error: cannot find macro `date` in this scope
   --> tests/integration/date.rs:423:16
    |
423 |     assert_eq!(date!(2024 - 03 - 05).sunday_based_week(), 9);
    |                ^^^^

error: cannot find macro `date` in this scope
   --> tests/integration/date.rs:424:16
    |
424 |     assert_eq!(date!(2024 - 03 - 06).sunday_based_week(), 9);
    |                ^^^^

error: cannot find macro `date` in this scope
   --> tests/integration/date.rs:425:16
    |
425 |     assert_eq!(date!(2024 - 03 - 07).sunday_based_week(), 9);
    |                ^^^^

error: cannot find macro `date` in this scope
   --> tests/integration/date.rs:441:16
    |
441 |     assert_eq!(date!(2019 - 002).year(), 2019);
    |                ^^^^

error[E0599]: no method named `num_digits` found for type `u8` in the current scope
  --> src/tests.rs:18:23
   |
18 |     assert_eq!(100_u8.num_digits(), 3);
   |                       ^^^^^^^^^^ method not found in `u8`

error: cannot find macro `date` in this scope
   --> tests/integration/date.rs:442:16
    |
442 |     assert_eq!(date!(2020 - 002).year(), 2020);
    |                ^^^^

error: cannot find macro `date` in this scope
   --> tests/integration/date.rs:447:16
    |
447 |     assert_eq!(date!(2019 - 002).month(), Month::January);
    |                ^^^^

error: cannot find macro `date` in this scope
   --> tests/integration/date.rs:448:16
    |
448 |     assert_eq!(date!(2020 - 002).month(), Month::January);
    |                ^^^^

error: cannot find macro `date` in this scope
   --> tests/integration/date.rs:449:16
    |
449 |     assert_eq!(date!(2019 - 060).month(), Month::March);
    |                ^^^^

error: cannot find macro `date` in this scope
   --> tests/integration/date.rs:450:16
    |
450 |     assert_eq!(date!(2020 - 060).month(), Month::February);
    |                ^^^^

error: cannot find macro `date` in this scope
   --> tests/integration/date.rs:455:16
    |
455 |     assert_eq!(date!(2019 - 002).day(), 2);
    |                ^^^^

error: cannot find macro `date` in this scope
   --> tests/integration/date.rs:456:16
    |
456 |     assert_eq!(date!(2020 - 002).day(), 2);
    |                ^^^^

error: cannot find macro `date` in this scope
   --> tests/integration/date.rs:457:16
    |
457 |     assert_eq!(date!(2019 - 060).day(), 1);
    |                ^^^^

error: cannot find macro `date` in this scope
   --> tests/integration/date.rs:458:16
    |
458 |     assert_eq!(date!(2020 - 060).day(), 29);
    |                ^^^^

error: cannot find macro `date` in this scope
   --> tests/integration/date.rs:463:16
    |
463 |     assert_eq!(date!(2019 - 01 - 01).iso_week(), 1);
    |                ^^^^

error: cannot find macro `date` in this scope
   --> tests/integration/date.rs:464:16
    |
464 |     assert_eq!(date!(2019 - 10 - 04).iso_week(), 40);
    |                ^^^^

error: cannot find macro `date` in this scope
   --> tests/integration/date.rs:465:16
    |
465 |     assert_eq!(date!(2020 - 01 - 01).iso_week(), 1);
    |                ^^^^

error: cannot find macro `date` in this scope
   --> tests/integration/date.rs:466:16
    |
466 |     assert_eq!(date!(2020 - 12 - 31).iso_week(), 53);
    |                ^^^^

error: cannot find macro `date` in this scope
   --> tests/integration/date.rs:467:16
    |
467 |     assert_eq!(date!(2021 - 01 - 01).iso_week(), 53);
    |                ^^^^

error: cannot find macro `date` in this scope
   --> tests/integration/date.rs:473:9
    |
473 |         date!(2019 - 01 - 02).to_calendar_date(),
    |         ^^^^

error: cannot find macro `date` in this scope
   --> tests/integration/date.rs:477:9
    |
477 |         date!(2019 - 02 - 02).to_calendar_date(),
    |         ^^^^

error: cannot find macro `date` in this scope
   --> tests/integration/date.rs:481:9
    |
481 |         date!(2019 - 03 - 02).to_calendar_date(),
    |         ^^^^

error: cannot find macro `date` in this scope
   --> tests/integration/date.rs:485:9
    |
485 |         date!(2019 - 04 - 02).to_calendar_date(),
    |         ^^^^

error[E0599]: no method named `num_digits` found for type `u16` in the current scope
  --> src/tests.rs:20:22
   |
20 |     assert_eq!(1_u16.num_digits(), 1);
   |                      ^^^^^^^^^^ method not found in `u16`

error: cannot find macro `date` in this scope
   --> tests/integration/date.rs:489:9
    |
489 |         date!(2019 - 05 - 02).to_calendar_date(),
    |         ^^^^

error: cannot find macro `date` in this scope
   --> tests/integration/date.rs:493:9
    |
493 |         date!(2019 - 06 - 02).to_calendar_date(),
    |         ^^^^

error: cannot find macro `date` in this scope
   --> tests/integration/date.rs:497:9
    |
497 |         date!(2019 - 07 - 02).to_calendar_date(),
    |         ^^^^

error: cannot find macro `date` in this scope
   --> tests/integration/date.rs:501:9
    |
501 |         date!(2019 - 08 - 02).to_calendar_date(),
    |         ^^^^

error: cannot find macro `date` in this scope
   --> tests/integration/date.rs:505:9
    |
505 |         date!(2019 - 09 - 02).to_calendar_date(),
    |         ^^^^

error: cannot find macro `date` in this scope
   --> tests/integration/date.rs:509:9
    |
509 |         date!(2019 - 10 - 02).to_calendar_date(),
    |         ^^^^

error: cannot find macro `date` in this scope
   --> tests/integration/date.rs:513:9
    |
513 |         date!(2019 - 11 - 02).to_calendar_date(),
    |         ^^^^

error: cannot find macro `date` in this scope
   --> tests/integration/date.rs:517:9
    |
517 |         date!(2019 - 12 - 02).to_calendar_date(),
    |         ^^^^

error: cannot find macro `date` in this scope
   --> tests/integration/date.rs:524:16
    |
524 |     assert_eq!(date!(2019 - 01 - 01).to_ordinal_date(), (2019, 1));
    |                ^^^^

error: cannot find macro `date` in this scope
   --> tests/integration/date.rs:530:16
    |
530 |     assert_eq!(date!(2019 - 01 - 01).to_iso_week_date(), (2019, 1, Tuesday));
    |                ^^^^

error: cannot find macro `date` in this scope
   --> tests/integration/date.rs:531:16
    |
531 |     assert_eq!(date!(2019 - 10 - 04).to_iso_week_date(), (2019, 40, Friday));
    |                ^^^^

error: cannot find macro `date` in this scope
   --> tests/integration/date.rs:533:9
    |
533 |         date!(2020 - 01 - 01).to_iso_week_date(),
    |         ^^^^

error: cannot find macro `date` in this scope
   --> tests/integration/date.rs:537:9
    |
537 |         date!(2020 - 12 - 31).to_iso_week_date(),
    |         ^^^^

error: cannot find macro `date` in this scope
   --> tests/integration/date.rs:540:16
    |
540 |     assert_eq!(date!(2021 - 01 - 01).to_iso_week_date(), (2020, 53, Friday));
    |                ^^^^

error: cannot find macro `date` in this scope
   --> tests/integration/date.rs:546:16
    |
546 |     assert_eq!(date!(2019 - 01 - 01).weekday(), Tuesday);
    |                ^^^^

error: cannot find macro `date` in this scope
   --> tests/integration/date.rs:547:16
    |
547 |     assert_eq!(date!(2019 - 02 - 01).weekday(), Friday);
    |                ^^^^

error: cannot find macro `date` in this scope
   --> tests/integration/date.rs:548:16
    |
548 |     assert_eq!(date!(2019 - 03 - 01).weekday(), Friday);
    |                ^^^^

error[E0599]: no method named `num_digits` found for type `u16` in the current scope
  --> src/tests.rs:21:23
   |
21 |     assert_eq!(10_u16.num_digits(), 2);
   |                       ^^^^^^^^^^ method not found in `u16`

error: cannot find macro `date` in this scope
   --> tests/integration/date.rs:549:16
    |
549 |     assert_eq!(date!(2019 - 04 - 01).weekday(), Monday);
    |                ^^^^

error: cannot find macro `date` in this scope
   --> tests/integration/date.rs:550:16
    |
550 |     assert_eq!(date!(2019 - 05 - 01).weekday(), Wednesday);
    |                ^^^^

error: cannot find macro `date` in this scope
   --> tests/integration/date.rs:551:16
    |
551 |     assert_eq!(date!(2019 - 06 - 01).weekday(), Saturday);
    |                ^^^^

error: cannot find macro `date` in this scope
   --> tests/integration/date.rs:552:16
    |
552 |     assert_eq!(date!(2019 - 07 - 01).weekday(), Monday);
    |                ^^^^

error: cannot find macro `date` in this scope
   --> tests/integration/date.rs:553:16
    |
553 |     assert_eq!(date!(2019 - 08 - 01).weekday(), Thursday);
    |                ^^^^

error: cannot find macro `date` in this scope
   --> tests/integration/date.rs:554:16
    |
554 |     assert_eq!(date!(2019 - 09 - 01).weekday(), Sunday);
    |                ^^^^

error: cannot find macro `date` in this scope
   --> tests/integration/date.rs:555:16
    |
555 |     assert_eq!(date!(2019 - 10 - 01).weekday(), Tuesday);
    |                ^^^^

error: cannot find macro `date` in this scope
   --> tests/integration/date.rs:556:16
    |
556 |     assert_eq!(date!(2019 - 11 - 01).weekday(), Friday);
    |                ^^^^

error: cannot find macro `date` in this scope
   --> tests/integration/date.rs:557:16
    |
557 |     assert_eq!(date!(2019 - 12 - 01).weekday(), Sunday);
    |                ^^^^

error: cannot find macro `date` in this scope
   --> tests/integration/date.rs:563:9
    |
563 |         date!(2019 - 01 - 01).next_day(),
    |         ^^^^

error: cannot find macro `date` in this scope
   --> tests/integration/date.rs:564:14
    |
564 |         Some(date!(2019 - 01 - 02))
    |              ^^^^

error: cannot find macro `date` in this scope
   --> tests/integration/date.rs:567:9
    |
567 |         date!(2019 - 01 - 31).next_day(),
    |         ^^^^

error: cannot find macro `date` in this scope
   --> tests/integration/date.rs:568:14
    |
568 |         Some(date!(2019 - 02 - 01))
    |              ^^^^

error: cannot find macro `date` in this scope
   --> tests/integration/date.rs:571:9
    |
571 |         date!(2019 - 12 - 31).next_day(),
    |         ^^^^

error: cannot find macro `date` in this scope
   --> tests/integration/date.rs:572:14
    |
572 |         Some(date!(2020 - 01 - 01))
    |              ^^^^

error: cannot find macro `date` in this scope
   --> tests/integration/date.rs:575:9
    |
575 |         date!(2020 - 12 - 31).next_day(),
    |         ^^^^

error: cannot find macro `date` in this scope
   --> tests/integration/date.rs:576:14
    |
576 |         Some(date!(2021 - 01 - 01))
    |              ^^^^

error: cannot find macro `date` in this scope
   --> tests/integration/date.rs:584:9
    |
584 |         date!(2019 - 01 - 02).previous_day(),
    |         ^^^^

error[E0599]: no method named `num_digits` found for type `u16` in the current scope
  --> src/tests.rs:22:24
   |
22 |     assert_eq!(100_u16.num_digits(), 3);
   |                        ^^^^^^^^^^ method not found in `u16`

error: cannot find macro `date` in this scope
   --> tests/integration/date.rs:585:14
    |
585 |         Some(date!(2019 - 01 - 01))
    |              ^^^^

error: cannot find macro `date` in this scope
   --> tests/integration/date.rs:588:9
    |
588 |         date!(2019 - 02 - 01).previous_day(),
    |         ^^^^

error: cannot find macro `date` in this scope
   --> tests/integration/date.rs:589:14
    |
589 |         Some(date!(2019 - 01 - 31))
    |              ^^^^

error: cannot find macro `date` in this scope
   --> tests/integration/date.rs:592:9
    |
592 |         date!(2020 - 01 - 01).previous_day(),
    |         ^^^^

error: cannot find macro `date` in this scope
   --> tests/integration/date.rs:593:14
    |
593 |         Some(date!(2019 - 12 - 31))
    |              ^^^^

error: cannot find macro `date` in this scope
   --> tests/integration/date.rs:596:9
    |
596 |         date!(2021 - 01 - 01).previous_day(),
    |         ^^^^

error: cannot find macro `date` in this scope
   --> tests/integration/date.rs:597:14
    |
597 |         Some(date!(2020 - 12 - 31))
    |              ^^^^

error: cannot find macro `date` in this scope
   --> tests/integration/date.rs:604:16
    |
604 |     assert_eq!(date!(-999_999 - 01 - 01).to_julian_day(), -363_521_074);
    |                ^^^^

error: cannot find macro `date` in this scope
   --> tests/integration/date.rs:605:16
    |
605 |     assert_eq!(date!(-9999 - 01 - 01).to_julian_day(), -1_930_999);
    |                ^^^^

error: cannot find macro `date` in this scope
   --> tests/integration/date.rs:606:16
    |
606 |     assert_eq!(date!(-4713 - 11 - 24).to_julian_day(), 0);
    |                ^^^^

error: cannot find macro `date` in this scope
   --> tests/integration/date.rs:607:16
    |
607 |     assert_eq!(date!(2000 - 01 - 01).to_julian_day(), 2_451_545);
    |                ^^^^

error: cannot find macro `date` in this scope
   --> tests/integration/date.rs:608:16
    |
608 |     assert_eq!(date!(2019 - 01 - 01).to_julian_day(), 2_458_485);
    |                ^^^^

error: cannot find macro `date` in this scope
   --> tests/integration/date.rs:609:16
    |
609 |     assert_eq!(date!(2019 - 12 - 31).to_julian_day(), 2_458_849);
    |                ^^^^

error: cannot find macro `date` in this scope
   --> tests/integration/date.rs:616:12
    |
616 |         Ok(date!(-999_999 - 01 - 01))
    |            ^^^^

error: cannot find macro `date` in this scope
   --> tests/integration/date.rs:620:12
    |
620 |         Ok(date!(-9999 - 01 - 01))
    |            ^^^^

error: cannot find macro `date` in this scope
   --> tests/integration/date.rs:622:45
    |
622 |     assert_eq!(Date::from_julian_day(0), Ok(date!(-4713 - 11 - 24)));
    |                                             ^^^^

error: cannot find macro `date` in this scope
   --> tests/integration/date.rs:623:53
    |
623 |     assert_eq!(Date::from_julian_day(2_451_545), Ok(date!(2000 - 01 - 01)));
    |                                                     ^^^^

error[E0599]: no method named `num_digits` found for type `u16` in the current scope
  --> src/tests.rs:23:26
   |
23 |     assert_eq!(1_000_u16.num_digits(), 4);
   |                          ^^^^^^^^^^ method not found in `u16`

error: cannot find macro `date` in this scope
   --> tests/integration/date.rs:624:53
    |
624 |     assert_eq!(Date::from_julian_day(2_458_485), Ok(date!(2019 - 01 - 01)));
    |                                                     ^^^^

error: cannot find macro `date` in this scope
   --> tests/integration/date.rs:625:53
    |
625 |     assert_eq!(Date::from_julian_day(2_458_849), Ok(date!(2019 - 12 - 31)));
    |                                                     ^^^^

error: cannot find macro `date` in this scope
   --> tests/integration/date.rs:631:16
    |
631 |     assert_eq!(date!(1970 - 01 - 01).midnight(), datetime!(1970-01-01 0:00));
    |                ^^^^

error: cannot find macro `datetime` in this scope
   --> tests/integration/date.rs:631:50
    |
631 |     assert_eq!(date!(1970 - 01 - 01).midnight(), datetime!(1970-01-01 0:00));
    |                                                  ^^^^^^^^

error: cannot find macro `date` in this scope
   --> tests/integration/date.rs:637:9
    |
637 |         date!(1970 - 01 - 01).with_time(time!(0:00)),
    |         ^^^^

error: cannot determine resolution for the macro `time`
   --> tests/integration/date.rs:637:41
    |
637 |         date!(1970 - 01 - 01).with_time(time!(0:00)),
    |                                         ^^^^
    |
    = note: import resolution is stuck, try simplifying macro imports

error: cannot find macro `datetime` in this scope
   --> tests/integration/date.rs:638:9
    |
638 |         datetime!(1970-01-01 0:00),
    |         ^^^^^^^^

error: cannot find macro `date` in this scope
   --> tests/integration/date.rs:645:9
    |
645 |         date!(1970 - 01 - 01).with_hms(0, 0, 0),
    |         ^^^^

error: cannot find macro `datetime` in this scope
   --> tests/integration/date.rs:646:12
    |
646 |         Ok(datetime!(1970-01-01 0:00)),
    |            ^^^^^^^^

error: cannot find macro `date` in this scope
   --> tests/integration/date.rs:648:13
    |
648 |     assert!(date!(1970 - 01 - 01).with_hms(24, 0, 0).is_err());
    |             ^^^^

error: cannot find macro `date` in this scope
   --> tests/integration/date.rs:654:9
    |
654 |         date!(1970 - 01 - 01).with_hms_milli(0, 0, 0, 0),
    |         ^^^^

error: cannot find macro `datetime` in this scope
   --> tests/integration/date.rs:655:12
    |
655 |         Ok(datetime!(1970-01-01 0:00)),
    |            ^^^^^^^^

error: cannot find macro `date` in this scope
   --> tests/integration/date.rs:657:13
    |
657 |     assert!(date!(1970 - 01 - 01).with_hms_milli(24, 0, 0, 0).is_err());
    |             ^^^^

error: cannot find macro `date` in this scope
   --> tests/integration/date.rs:663:9
    |
663 |         date!(1970 - 01 - 01).with_hms_micro(0, 0, 0, 0),
    |         ^^^^

error: cannot find macro `datetime` in this scope
   --> tests/integration/date.rs:664:12
    |
664 |         Ok(datetime!(1970-01-01 0:00)),
    |            ^^^^^^^^

error: cannot find macro `date` in this scope
   --> tests/integration/date.rs:666:13
    |
666 |     assert!(date!(1970 - 01 - 01).with_hms_micro(24, 0, 0, 0).is_err());
    |             ^^^^

error: cannot find macro `date` in this scope
   --> tests/integration/date.rs:672:9
    |
672 |         date!(1970 - 01 - 01).with_hms_nano(0, 0, 0, 0),
    |         ^^^^

error: cannot find macro `datetime` in this scope
   --> tests/integration/date.rs:673:12
    |
673 |         Ok(datetime!(1970-01-01 0:00)),
    |            ^^^^^^^^

error: cannot find macro `date` in this scope
   --> tests/integration/date.rs:675:13
    |
675 |     assert!(date!(1970 - 01 - 01).with_hms_nano(24, 0, 0, 0).is_err());
    |             ^^^^

error[E0599]: no method named `num_digits` found for type `u16` in the current scope
  --> src/tests.rs:24:27
   |
24 |     assert_eq!(10_000_u16.num_digits(), 5);
   |                           ^^^^^^^^^^ method not found in `u16`

error: cannot find macro `date` in this scope
   --> tests/integration/date.rs:680:16
    |
680 |     assert_eq!(date!(2019 - 01 - 01) + 5.days(), date!(2019 - 01 - 06));
    |                ^^^^

error: cannot find macro `date` in this scope
   --> tests/integration/date.rs:680:50
    |
680 |     assert_eq!(date!(2019 - 01 - 01) + 5.days(), date!(2019 - 01 - 06));
    |                                                  ^^^^

error: cannot find macro `date` in this scope
   --> tests/integration/date.rs:681:16
    |
681 |     assert_eq!(date!(2019 - 12 - 31) + 1.days(), date!(2020 - 01 - 01));
    |                ^^^^

error: cannot find macro `date` in this scope
   --> tests/integration/date.rs:681:50
    |
681 |     assert_eq!(date!(2019 - 12 - 31) + 1.days(), date!(2020 - 01 - 01));
    |                                                  ^^^^

error: cannot find macro `date` in this scope
   --> tests/integration/date.rs:686:16
    |
686 |     assert_eq!(date!(2019 - 01 - 01) + 5.std_days(), date!(2019 - 01 - 06));
    |                ^^^^

error: cannot find macro `date` in this scope
   --> tests/integration/date.rs:686:54
    |
686 |     assert_eq!(date!(2019 - 01 - 01) + 5.std_days(), date!(2019 - 01 - 06));
    |                                                      ^^^^

error: cannot find macro `date` in this scope
   --> tests/integration/date.rs:687:16
    |
687 |     assert_eq!(date!(2019 - 12 - 31) + 1.std_days(), date!(2020 - 01 - 01));
    |                ^^^^

error: cannot find macro `date` in this scope
   --> tests/integration/date.rs:687:54
    |
687 |     assert_eq!(date!(2019 - 12 - 31) + 1.std_days(), date!(2020 - 01 - 01));
    |                                                      ^^^^

error: cannot find macro `date` in this scope
   --> tests/integration/date.rs:692:20
    |
692 |     let mut date = date!(2019 - 12 - 31);
    |                    ^^^^

error: cannot find macro `date` in this scope
   --> tests/integration/date.rs:694:22
    |
694 |     assert_eq!(date, date!(2020 - 01 - 01));
    |                      ^^^^

error: cannot find macro `date` in this scope
   --> tests/integration/date.rs:699:20
    |
699 |     let mut date = date!(2019 - 12 - 31);
    |                    ^^^^

error: cannot find macro `date` in this scope
   --> tests/integration/date.rs:701:22
    |
701 |     assert_eq!(date, date!(2020 - 01 - 01));
    |                      ^^^^

error: cannot find macro `date` in this scope
   --> tests/integration/date.rs:706:16
    |
706 |     assert_eq!(date!(2019 - 01 - 06) - 5.days(), date!(2019 - 01 - 01));
    |                ^^^^

error: cannot find macro `date` in this scope
   --> tests/integration/date.rs:706:50
    |
706 |     assert_eq!(date!(2019 - 01 - 06) - 5.days(), date!(2019 - 01 - 01));
    |                                                  ^^^^

error: cannot find macro `date` in this scope
   --> tests/integration/date.rs:707:16
    |
707 |     assert_eq!(date!(2020 - 01 - 01) - 1.days(), date!(2019 - 12 - 31));
    |                ^^^^

error: cannot find macro `date` in this scope
   --> tests/integration/date.rs:707:50
    |
707 |     assert_eq!(date!(2020 - 01 - 01) - 1.days(), date!(2019 - 12 - 31));
    |                                                  ^^^^

error: cannot find macro `date` in this scope
   --> tests/integration/date.rs:712:16
    |
712 |     assert_eq!(date!(2019 - 01 - 06) - 5.std_days(), date!(2019 - 01 - 01));
    |                ^^^^

error: cannot find macro `date` in this scope
   --> tests/integration/date.rs:712:54
    |
712 |     assert_eq!(date!(2019 - 01 - 06) - 5.std_days(), date!(2019 - 01 - 01));
    |                                                      ^^^^

error[E0599]: no method named `num_digits` found for type `u32` in the current scope
  --> src/tests.rs:26:22
   |
26 |     assert_eq!(1_u32.num_digits(), 1);
   |                      ^^^^^^^^^^ method not found in `u32`

error: cannot find macro `date` in this scope
   --> tests/integration/date.rs:713:16
    |
713 |     assert_eq!(date!(2020 - 01 - 01) - 1.std_days(), date!(2019 - 12 - 31));
    |                ^^^^

error: cannot find macro `date` in this scope
   --> tests/integration/date.rs:713:54
    |
713 |     assert_eq!(date!(2020 - 01 - 01) - 1.std_days(), date!(2019 - 12 - 31));
    |                                                      ^^^^

error: cannot find macro `date` in this scope
   --> tests/integration/date.rs:718:20
    |
718 |     let mut date = date!(2020 - 01 - 01);
    |                    ^^^^

error: cannot find macro `date` in this scope
   --> tests/integration/date.rs:720:22
    |
720 |     assert_eq!(date, date!(2019 - 12 - 31));
    |                      ^^^^

error: cannot find macro `date` in this scope
   --> tests/integration/date.rs:725:20
    |
725 |     let mut date = date!(2020 - 01 - 01);
    |                    ^^^^

error: cannot find macro `date` in this scope
   --> tests/integration/date.rs:727:22
    |
727 |     assert_eq!(date, date!(2019 - 12 - 31));
    |                      ^^^^

error: cannot find macro `date` in this scope
   --> tests/integration/date.rs:732:16
    |
732 |     assert_eq!(date!(2019 - 01 - 06) - date!(2019 - 01 - 01), 5.days());
    |                ^^^^

error: cannot find macro `date` in this scope
   --> tests/integration/date.rs:732:40
    |
732 |     assert_eq!(date!(2019 - 01 - 06) - date!(2019 - 01 - 01), 5.days());
    |                                        ^^^^

error: cannot find macro `date` in this scope
   --> tests/integration/date.rs:733:16
    |
733 |     assert_eq!(date!(2020 - 01 - 01) - date!(2019 - 12 - 31), 1.days());
    |                ^^^^

error: cannot find macro `date` in this scope
   --> tests/integration/date.rs:733:40
    |
733 |     assert_eq!(date!(2020 - 01 - 01) - date!(2019 - 12 - 31), 1.days());
    |                                        ^^^^

error: cannot find macro `date` in this scope
   --> tests/integration/date.rs:738:17
    |
738 |     let first = date!(2019 - 01 - 01);
    |                 ^^^^

error: cannot find macro `date` in this scope
   --> tests/integration/date.rs:739:18
    |
739 |     let second = date!(2019 - 01 - 02);
    |                  ^^^^

error: cannot find macro `date` in this scope
   --> tests/integration/date.rs:748:17
    |
748 |     let first = date!(2019 - 01 - 01);
    |                 ^^^^

error: cannot find macro `date` in this scope
   --> tests/integration/date.rs:749:18
    |
749 |     let second = date!(2019 - 01 - 02);
    |                  ^^^^

error: cannot find macro `date` in this scope
  --> tests/integration/derives.rs:28:23
   |
28 |     assert_cloned_eq!(date!(2021 - 001));
   |                       ^^^^

error: cannot determine resolution for the macro `time`
  --> tests/integration/derives.rs:29:23
   |
29 |     assert_cloned_eq!(time!(0:00));
   |                       ^^^^
   |
   = note: import resolution is stuck, try simplifying macro imports

error: cannot find macro `offset` in this scope
  --> tests/integration/derives.rs:30:23
   |
30 |     assert_cloned_eq!(offset!(UTC));
   |                       ^^^^^^

error[E0599]: no method named `num_digits` found for type `u32` in the current scope
  --> src/tests.rs:27:23
   |
27 |     assert_eq!(10_u32.num_digits(), 2);
   |                       ^^^^^^^^^^ method not found in `u32`

error: cannot determine resolution for the macro `datetime`
  --> tests/integration/derives.rs:31:23
   |
31 |     assert_cloned_eq!(datetime!(2021-001 0:00));
   |                       ^^^^^^^^
   |
   = note: import resolution is stuck, try simplifying macro imports

error: cannot determine resolution for the macro `datetime`
  --> tests/integration/derives.rs:32:23
   |
32 |     assert_cloned_eq!(datetime!(2021-001 0:00 UTC));
   |                       ^^^^^^^^
   |
   = note: import resolution is stuck, try simplifying macro imports

error: cannot find macro `date` in this scope
  --> tests/integration/derives.rs:77:5
   |
77 |     date!(2021 - 001).hash(&mut hasher);
   |     ^^^^

error: cannot determine resolution for the macro `time`
  --> tests/integration/derives.rs:78:5
   |
78 |     time!(0:00).hash(&mut hasher);
   |     ^^^^
   |
   = note: import resolution is stuck, try simplifying macro imports

error: cannot find macro `offset` in this scope
  --> tests/integration/derives.rs:79:5
   |
79 |     offset!(UTC).hash(&mut hasher);
   |     ^^^^^^

error: cannot determine resolution for the macro `datetime`
  --> tests/integration/derives.rs:80:5
   |
80 |     datetime!(2021-001 0:00).hash(&mut hasher);
   |     ^^^^^^^^
   |
   = note: import resolution is stuck, try simplifying macro imports

error: cannot determine resolution for the macro `datetime`
  --> tests/integration/derives.rs:81:5
   |
81 |     datetime!(2021-001 0:00 UTC).hash(&mut hasher);
   |     ^^^^^^^^
   |
   = note: import resolution is stuck, try simplifying macro imports

error: cannot find macro `offset` in this scope
  --> tests/integration/derives.rs:92:16
   |
92 |     assert_eq!(offset!(UTC).partial_cmp(&offset!(+1)), Some(Ordering::Less));
   |                ^^^^^^

error: cannot find macro `offset` in this scope
  --> tests/integration/derives.rs:92:42
   |
92 |     assert_eq!(offset!(UTC).partial_cmp(&offset!(+1)), Some(Ordering::Less));
   |                                          ^^^^^^

error: cannot find macro `offset` in this scope
  --> tests/integration/derives.rs:94:9
   |
94 |         offset!(+1).partial_cmp(&offset!(UTC)),
   |         ^^^^^^

error: cannot find macro `offset` in this scope
  --> tests/integration/derives.rs:94:34
   |
94 |         offset!(+1).partial_cmp(&offset!(UTC)),
   |                                  ^^^^^^

error: cannot find macro `offset` in this scope
   --> tests/integration/derives.rs:109:16
    |
109 |     assert_eq!(offset!(UTC).cmp(&offset!(+1)), Ordering::Less);
    |                ^^^^^^

error: cannot find macro `offset` in this scope
   --> tests/integration/derives.rs:109:34
    |
109 |     assert_eq!(offset!(UTC).cmp(&offset!(+1)), Ordering::Less);
    |                                  ^^^^^^

error: cannot find macro `offset` in this scope
   --> tests/integration/derives.rs:110:16
    |
110 |     assert_eq!(offset!(+1).cmp(&offset!(UTC)), Ordering::Greater);
    |                ^^^^^^

error: cannot find macro `offset` in this scope
   --> tests/integration/derives.rs:110:33
    |
110 |     assert_eq!(offset!(+1).cmp(&offset!(UTC)), Ordering::Greater);
    |                                 ^^^^^^

error: cannot find macro `offset` in this scope
   --> tests/integration/derives.rs:111:16
    |
111 |     assert_eq!(offset!(UTC).cmp(&offset!(UTC)), Ordering::Equal);
    |                ^^^^^^

error: cannot find macro `offset` in this scope
   --> tests/integration/derives.rs:111:34
    |
111 |     assert_eq!(offset!(UTC).cmp(&offset!(UTC)), Ordering::Equal);
    |                                  ^^^^^^

error: cannot determine resolution for the macro `format_description`
  --> tests/integration/error.rs:39:23
   |
39 |     Time::parse("a", &format_description!("")).unwrap_err()
   |                       ^^^^^^^^^^^^^^^^^^
   |
   = note: import resolution is stuck, try simplifying macro imports

error: cannot find macro `datetime` in this scope
  --> tests/integration/formatting.rs:10:9
   |
10 |         datetime!(2021-01-02 03:04:05 UTC).format(&Rfc3339)?,
   |         ^^^^^^^^

error: cannot find macro `datetime` in this scope
  --> tests/integration/formatting.rs:14:9
   |
14 |         datetime!(2021-01-02 03:04:05.1 UTC).format(&Rfc3339)?,
   |         ^^^^^^^^

error: cannot find macro `datetime` in this scope
  --> tests/integration/formatting.rs:18:9
   |
18 |         datetime!(2021-01-02 03:04:05.12 UTC).format(&Rfc3339)?,
   |         ^^^^^^^^

error: cannot find macro `datetime` in this scope
  --> tests/integration/formatting.rs:22:9
   |
22 |         datetime!(2021-01-02 03:04:05.123 UTC).format(&Rfc3339)?,
   |         ^^^^^^^^

error[E0599]: no method named `num_digits` found for type `u32` in the current scope
  --> src/tests.rs:28:24
   |
28 |     assert_eq!(100_u32.num_digits(), 3);
   |                        ^^^^^^^^^^ method not found in `u32`

error: cannot find macro `datetime` in this scope
  --> tests/integration/formatting.rs:26:9
   |
26 |         datetime!(2021-01-02 03:04:05.123_4 UTC).format(&Rfc3339)?,
   |         ^^^^^^^^

error: cannot find macro `datetime` in this scope
  --> tests/integration/formatting.rs:30:9
   |
30 |         datetime!(2021-01-02 03:04:05.123_45 UTC).format(&Rfc3339)?,
   |         ^^^^^^^^

error: cannot find macro `datetime` in this scope
  --> tests/integration/formatting.rs:34:9
   |
34 |         datetime!(2021-01-02 03:04:05.123_456 UTC).format(&Rfc3339)?,
   |         ^^^^^^^^

error: cannot find macro `datetime` in this scope
  --> tests/integration/formatting.rs:38:9
   |
38 |         datetime!(2021-01-02 03:04:05.123_456_7 UTC).format(&Rfc3339)?,
   |         ^^^^^^^^

error: cannot find macro `datetime` in this scope
  --> tests/integration/formatting.rs:42:9
   |
42 |         datetime!(2021-01-02 03:04:05.123_456_78 UTC).format(&Rfc3339)?,
   |         ^^^^^^^^

error: cannot find macro `datetime` in this scope
  --> tests/integration/formatting.rs:46:9
   |
46 |         datetime!(2021-01-02 03:04:05.123_456_789 UTC).format(&Rfc3339)?,
   |         ^^^^^^^^

error: cannot find macro `datetime` in this scope
  --> tests/integration/formatting.rs:50:9
   |
50 |         datetime!(2021-01-02 03:04:05.123_456_789 -01:02).format(&Rfc3339)?,
   |         ^^^^^^^^

error: cannot find macro `datetime` in this scope
  --> tests/integration/formatting.rs:54:9
   |
54 |         datetime!(2021-01-02 03:04:05.123_456_789 +01:02).format(&Rfc3339)?,
   |         ^^^^^^^^

error: cannot find macro `datetime` in this scope
  --> tests/integration/formatting.rs:59:9
   |
59 |         datetime!(-0001-01-01 0:00 UTC).format(&Rfc3339),
   |         ^^^^^^^^

error: cannot find macro `datetime` in this scope
  --> tests/integration/formatting.rs:63:9
   |
63 |         datetime!(0000-01-01 0:00 +00:00:01).format(&Rfc3339),
   |         ^^^^^^^^

error: cannot find macro `fd` in this scope
  --> tests/integration/formatting.rs:73:10
   |
73 |         (fd!("[hour]"), "13"),
   |          ^^

error: cannot find macro `fd` in this scope
  --> tests/integration/formatting.rs:74:10
   |
74 |         (fd!("[hour repr:12]"), "01"),
   |          ^^

error: cannot find macro `fd` in this scope
  --> tests/integration/formatting.rs:75:10
   |
75 |         (fd!("[hour repr:12 padding:none]"), "1"),
   |          ^^

error: cannot find macro `fd` in this scope
  --> tests/integration/formatting.rs:76:10
   |
76 |         (fd!("[hour repr:12 padding:space]"), " 1"),
   |          ^^

error: cannot find macro `fd` in this scope
  --> tests/integration/formatting.rs:77:10
   |
77 |         (fd!("[hour repr:24]"), "13"),
   |          ^^

error: cannot find macro `fd` in this scope
  --> tests/integration/formatting.rs:78:10
   |
78 |         (fd!("[hour repr:24]"), "13"),
   |          ^^

error: cannot find macro `fd` in this scope
  --> tests/integration/formatting.rs:79:10
   |
79 |         (fd!("[hour repr:24 padding:none]"), "13"),
   |          ^^

error: cannot find macro `fd` in this scope
  --> tests/integration/formatting.rs:80:10
   |
80 |         (fd!("[hour repr:24 padding:space]"), "13"),
   |          ^^

error[E0599]: no method named `num_digits` found for type `u32` in the current scope
  --> src/tests.rs:29:26
   |
29 |     assert_eq!(1_000_u32.num_digits(), 4);
   |                          ^^^^^^^^^^ method not found in `u32`

error: cannot find macro `fd` in this scope
  --> tests/integration/formatting.rs:81:10
   |
81 |         (fd!("[minute]"), "02"),
   |          ^^

error: cannot find macro `fd` in this scope
  --> tests/integration/formatting.rs:82:10
   |
82 |         (fd!("[minute padding:none]"), "2"),
   |          ^^

error: cannot find macro `fd` in this scope
  --> tests/integration/formatting.rs:83:10
   |
83 |         (fd!("[minute padding:space]"), " 2"),
   |          ^^

error: cannot find macro `fd` in this scope
  --> tests/integration/formatting.rs:84:10
   |
84 |         (fd!("[minute padding:zero]"), "02"),
   |          ^^

error: cannot find macro `fd` in this scope
  --> tests/integration/formatting.rs:85:10
   |
85 |         (fd!("[period]"), "PM"),
   |          ^^

error: cannot find macro `fd` in this scope
  --> tests/integration/formatting.rs:86:10
   |
86 |         (fd!("[period case:upper]"), "PM"),
   |          ^^

error: cannot find macro `fd` in this scope
  --> tests/integration/formatting.rs:87:10
   |
87 |         (fd!("[period case:lower]"), "pm"),
   |          ^^

error: cannot find macro `fd` in this scope
  --> tests/integration/formatting.rs:88:10
   |
88 |         (fd!("[second]"), "03"),
   |          ^^

error: cannot find macro `fd` in this scope
  --> tests/integration/formatting.rs:89:10
   |
89 |         (fd!("[second padding:none]"), "3"),
   |          ^^

error: cannot find macro `fd` in this scope
  --> tests/integration/formatting.rs:90:10
   |
90 |         (fd!("[second padding:space]"), " 3"),
   |          ^^

error: cannot find macro `fd` in this scope
  --> tests/integration/formatting.rs:91:10
   |
91 |         (fd!("[second padding:zero]"), "03"),
   |          ^^

error: cannot find macro `fd` in this scope
  --> tests/integration/formatting.rs:92:10
   |
92 |         (fd!("[subsecond]"), "456789012"),
   |          ^^

error: cannot find macro `fd` in this scope
  --> tests/integration/formatting.rs:93:10
   |
93 |         (fd!("[subsecond digits:1]"), "4"),
   |          ^^

error: cannot find macro `fd` in this scope
  --> tests/integration/formatting.rs:94:10
   |
94 |         (fd!("[subsecond digits:2]"), "45"),
   |          ^^

error: cannot find macro `fd` in this scope
  --> tests/integration/formatting.rs:95:10
   |
95 |         (fd!("[subsecond digits:3]"), "456"),
   |          ^^

error: cannot find macro `fd` in this scope
  --> tests/integration/formatting.rs:96:10
   |
96 |         (fd!("[subsecond digits:4]"), "4567"),
   |          ^^

error: cannot find macro `fd` in this scope
  --> tests/integration/formatting.rs:97:10
   |
97 |         (fd!("[subsecond digits:5]"), "45678"),
   |          ^^

error[E0599]: no method named `num_digits` found for type `u32` in the current scope
  --> src/tests.rs:30:27
   |
30 |     assert_eq!(10_000_u32.num_digits(), 5);
   |                           ^^^^^^^^^^ method not found in `u32`

error: cannot find macro `fd` in this scope
  --> tests/integration/formatting.rs:98:10
   |
98 |         (fd!("[subsecond digits:6]"), "456789"),
   |          ^^

error: cannot find macro `fd` in this scope
  --> tests/integration/formatting.rs:99:10
   |
99 |         (fd!("[subsecond digits:7]"), "4567890"),
   |          ^^

error: cannot find macro `fd` in this scope
   --> tests/integration/formatting.rs:100:10
    |
100 |         (fd!("[subsecond digits:8]"), "45678901"),
    |          ^^

error: cannot find macro `fd` in this scope
   --> tests/integration/formatting.rs:101:10
    |
101 |         (fd!("[subsecond digits:9]"), "456789012"),
    |          ^^

error: cannot find macro `fd` in this scope
   --> tests/integration/formatting.rs:102:10
    |
102 |         (fd!("[subsecond digits:1+]"), "456789012"),
    |          ^^

error: cannot determine resolution for the macro `time`
   --> tests/integration/formatting.rs:107:13
    |
107 |             time!(13:02:03.456_789_012).format(&format_description)?,
    |             ^^^^
    |
    = note: import resolution is stuck, try simplifying macro imports

error: cannot determine resolution for the macro `time`
   --> tests/integration/formatting.rs:111:13
    |
111 |             time!(13:02:03.456_789_012)
    |             ^^^^
    |
    = note: import resolution is stuck, try simplifying macro imports

error: cannot determine resolution for the macro `time`
   --> tests/integration/formatting.rs:117:16
    |
117 |     assert_eq!(time!(1:02:03).format(&fd!("[period]"))?, "AM");
    |                ^^^^
    |
    = note: import resolution is stuck, try simplifying macro imports

error: cannot find macro `fd` in this scope
   --> tests/integration/formatting.rs:117:39
    |
117 |     assert_eq!(time!(1:02:03).format(&fd!("[period]"))?, "AM");
    |                                       ^^

error: cannot find macro `fd` in this scope
   --> tests/integration/formatting.rs:119:32
    |
119 |         Time::MIDNIGHT.format(&fd!("[hour repr:12][period case:lower]"))?,
    |                                ^^

error: cannot find macro `fd` in this scope
   --> tests/integration/formatting.rs:122:39
    |
122 |     assert_eq!(Time::MIDNIGHT.format(&fd!("[subsecond digits:1+]"))?, "0");
    |                                       ^^

error: cannot determine resolution for the macro `time`
   --> tests/integration/formatting.rs:124:9
    |
124 |         time!(0:00:00.01).format(&fd!("[subsecond digits:1+]"))?,
    |         ^^^^
    |
    = note: import resolution is stuck, try simplifying macro imports

error: cannot find macro `fd` in this scope
   --> tests/integration/formatting.rs:124:35
    |
124 |         time!(0:00:00.01).format(&fd!("[subsecond digits:1+]"))?,
    |                                   ^^

error: cannot determine resolution for the macro `time`
   --> tests/integration/formatting.rs:128:9
    |
128 |         time!(0:00:00.001).format(&fd!("[subsecond digits:1+]"))?,
    |         ^^^^
    |
    = note: import resolution is stuck, try simplifying macro imports

error: cannot find macro `fd` in this scope
   --> tests/integration/formatting.rs:128:36
    |
128 |         time!(0:00:00.001).format(&fd!("[subsecond digits:1+]"))?,
    |                                    ^^

error: cannot determine resolution for the macro `time`
   --> tests/integration/formatting.rs:132:9
    |
132 |         time!(0:00:00.0001).format(&fd!("[subsecond digits:1+]"))?,
    |         ^^^^
    |
    = note: import resolution is stuck, try simplifying macro imports

error: cannot find macro `fd` in this scope
   --> tests/integration/formatting.rs:132:37
    |
132 |         time!(0:00:00.0001).format(&fd!("[subsecond digits:1+]"))?,
    |                                     ^^

error: cannot determine resolution for the macro `time`
   --> tests/integration/formatting.rs:136:9
    |
136 |         time!(0:00:00.00001).format(&fd!("[subsecond digits:1+]"))?,
    |         ^^^^
    |
    = note: import resolution is stuck, try simplifying macro imports

error: cannot find macro `fd` in this scope
   --> tests/integration/formatting.rs:136:38
    |
136 |         time!(0:00:00.00001).format(&fd!("[subsecond digits:1+]"))?,
    |                                      ^^

error: cannot determine resolution for the macro `time`
   --> tests/integration/formatting.rs:140:9
    |
140 |         time!(0:00:00.000001).format(&fd!("[subsecond digits:1+]"))?,
    |         ^^^^
    |
    = note: import resolution is stuck, try simplifying macro imports

error: cannot find macro `fd` in this scope
   --> tests/integration/formatting.rs:140:39
    |
140 |         time!(0:00:00.000001).format(&fd!("[subsecond digits:1+]"))?,
    |                                       ^^

error: cannot determine resolution for the macro `time`
   --> tests/integration/formatting.rs:144:9
    |
144 |         time!(0:00:00.0000001).format(&fd!("[subsecond digits:1+]"))?,
    |         ^^^^
    |
    = note: import resolution is stuck, try simplifying macro imports

error: cannot find macro `fd` in this scope
   --> tests/integration/formatting.rs:144:40
    |
144 |         time!(0:00:00.0000001).format(&fd!("[subsecond digits:1+]"))?,
    |                                        ^^

error: cannot determine resolution for the macro `time`
   --> tests/integration/formatting.rs:148:9
    |
148 |         time!(0:00:00.00000001).format(&fd!("[subsecond digits:1+]"))?,
    |         ^^^^
    |
    = note: import resolution is stuck, try simplifying macro imports

error: cannot find macro `fd` in this scope
   --> tests/integration/formatting.rs:148:41
    |
148 |         time!(0:00:00.00000001).format(&fd!("[subsecond digits:1+]"))?,
    |                                         ^^

error: cannot determine resolution for the macro `time`
   --> tests/integration/formatting.rs:152:9
    |
152 |         time!(0:00:00.000000001).format(&fd!("[subsecond digits:1+]"))?,
    |         ^^^^
    |
    = note: import resolution is stuck, try simplifying macro imports

error: cannot find macro `fd` in this scope
   --> tests/integration/formatting.rs:152:42
    |
152 |         time!(0:00:00.000000001).format(&fd!("[subsecond digits:1+]"))?,
    |                                          ^^

error: cannot determine resolution for the macro `time`
   --> tests/integration/formatting.rs:161:16
    |
161 |     assert_eq!(time!(0:00).to_string(), "0:00:00.0");
    |                ^^^^
    |
    = note: import resolution is stuck, try simplifying macro imports

error: cannot determine resolution for the macro `time`
   --> tests/integration/formatting.rs:162:16
    |
162 |     assert_eq!(time!(23:59).to_string(), "23:59:00.0");
    |                ^^^^
    |
    = note: import resolution is stuck, try simplifying macro imports

error: cannot determine resolution for the macro `time`
   --> tests/integration/formatting.rs:163:16
    |
163 |     assert_eq!(time!(23:59:59).to_string(), "23:59:59.0");
    |                ^^^^
    |
    = note: import resolution is stuck, try simplifying macro imports

error: cannot determine resolution for the macro `time`
   --> tests/integration/formatting.rs:164:16
    |
164 |     assert_eq!(time!(0:00:01).to_string(), "0:00:01.0");
    |                ^^^^
    |
    = note: import resolution is stuck, try simplifying macro imports

error: cannot determine resolution for the macro `time`
   --> tests/integration/formatting.rs:165:16
    |
165 |     assert_eq!(time!(0:00:00.001).to_string(), "0:00:00.001");
    |                ^^^^
    |
    = note: import resolution is stuck, try simplifying macro imports

error: cannot determine resolution for the macro `time`
   --> tests/integration/formatting.rs:166:16
    |
166 |     assert_eq!(time!(0:00:00.000_001).to_string(), "0:00:00.000001");
    |                ^^^^
    |
    = note: import resolution is stuck, try simplifying macro imports

error: cannot determine resolution for the macro `time`
   --> tests/integration/formatting.rs:167:16
    |
167 |     assert_eq!(time!(0:00:00.000_000_001).to_string(), "0:00:00.000000001");
    |                ^^^^
    |
    = note: import resolution is stuck, try simplifying macro imports

error[E0599]: no method named `num_digits` found for type `u32` in the current scope
  --> src/tests.rs:31:28
   |
31 |     assert_eq!(100_000_u32.num_digits(), 6);
   |                            ^^^^^^^^^^ method not found in `u32`

error: cannot find macro `fd` in this scope
   --> tests/integration/formatting.rs:173:10
    |
173 |         (fd!("[day]"), "31"),
    |          ^^

error: cannot find macro `fd` in this scope
   --> tests/integration/formatting.rs:174:10
    |
174 |         (fd!("[month]"), "12"),
    |          ^^

error: cannot find macro `fd` in this scope
   --> tests/integration/formatting.rs:175:10
    |
175 |         (fd!("[month repr:short]"), "Dec"),
    |          ^^

error: cannot find macro `fd` in this scope
   --> tests/integration/formatting.rs:176:10
    |
176 |         (fd!("[month repr:long]"), "December"),
    |          ^^

error: cannot find macro `fd` in this scope
   --> tests/integration/formatting.rs:177:10
    |
177 |         (fd!("[ordinal]"), "365"),
    |          ^^

error: cannot find macro `fd` in this scope
   --> tests/integration/formatting.rs:178:10
    |
178 |         (fd!("[weekday]"), "Tuesday"),
    |          ^^

error: cannot find macro `fd` in this scope
   --> tests/integration/formatting.rs:179:10
    |
179 |         (fd!("[weekday repr:short]"), "Tue"),
    |          ^^

error: cannot find macro `fd` in this scope
   --> tests/integration/formatting.rs:180:10
    |
180 |         (fd!("[weekday repr:sunday]"), "3"),
    |          ^^

error: cannot find macro `fd` in this scope
   --> tests/integration/formatting.rs:181:10
    |
181 |         (fd!("[weekday repr:sunday one_indexed:false]"), "2"),
    |          ^^

error: cannot find macro `fd` in this scope
   --> tests/integration/formatting.rs:182:10
    |
182 |         (fd!("[weekday repr:monday]"), "2"),
    |          ^^

error: cannot find macro `fd` in this scope
   --> tests/integration/formatting.rs:183:10
    |
183 |         (fd!("[weekday repr:monday one_indexed:false]"), "1"),
    |          ^^

error: cannot find macro `fd` in this scope
   --> tests/integration/formatting.rs:184:10
    |
184 |         (fd!("[week_number]"), "01"),
    |          ^^

error: cannot find macro `fd` in this scope
   --> tests/integration/formatting.rs:185:10
    |
185 |         (fd!("[week_number padding:none]"), "1"),
    |          ^^

error: cannot find macro `fd` in this scope
   --> tests/integration/formatting.rs:186:10
    |
186 |         (fd!("[week_number padding:space]"), " 1"),
    |          ^^

error: cannot find macro `fd` in this scope
   --> tests/integration/formatting.rs:187:10
    |
187 |         (fd!("[week_number repr:sunday]"), "52"),
    |          ^^

error: cannot find macro `fd` in this scope
   --> tests/integration/formatting.rs:188:10
    |
188 |         (fd!("[week_number repr:monday]"), "52"),
    |          ^^

error: cannot find macro `fd` in this scope
   --> tests/integration/formatting.rs:189:10
    |
189 |         (fd!("[year]"), "2019"),
    |          ^^

error[E0599]: no method named `num_digits` found for type `u32` in the current scope
  --> src/tests.rs:32:30
   |
32 |     assert_eq!(1_000_000_u32.num_digits(), 7);
   |                              ^^^^^^^^^^ method not found in `u32`

error: cannot find macro `fd` in this scope
   --> tests/integration/formatting.rs:190:10
    |
190 |         (fd!("[year base:iso_week]"), "2020"),
    |          ^^

error: cannot find macro `fd` in this scope
   --> tests/integration/formatting.rs:191:10
    |
191 |         (fd!("[year sign:mandatory]"), "+2019"),
    |          ^^

error: cannot find macro `fd` in this scope
   --> tests/integration/formatting.rs:192:10
    |
192 |         (fd!("[year base:iso_week sign:mandatory]"), "+2020"),
    |          ^^

error: cannot find macro `fd` in this scope
   --> tests/integration/formatting.rs:193:10
    |
193 |         (fd!("[year repr:last_two]"), "19"),
    |          ^^

error: cannot find macro `fd` in this scope
   --> tests/integration/formatting.rs:194:10
    |
194 |         (fd!("[year base:iso_week repr:last_two]"), "20"),
    |          ^^

error: cannot find macro `date` in this scope
   --> tests/integration/formatting.rs:198:20
    |
198 |         assert_eq!(date!(2019 - 12 - 31).format(&format_description)?, output);
    |                    ^^^^

error: cannot find macro `date` in this scope
   --> tests/integration/formatting.rs:200:13
    |
200 |             date!(2019 - 12 - 31)
    |             ^^^^

error: cannot find macro `date` in this scope
   --> tests/integration/formatting.rs:211:16
    |
211 |     assert_eq!(date!(2019 - 01 - 01).to_string(), "2019-01-01");
    |                ^^^^

error: cannot find macro `date` in this scope
   --> tests/integration/formatting.rs:212:16
    |
212 |     assert_eq!(date!(2019 - 12 - 31).to_string(), "2019-12-31");
    |                ^^^^

error: cannot find macro `date` in this scope
   --> tests/integration/formatting.rs:213:16
    |
213 |     assert_eq!(date!(-4713 - 11 - 24).to_string(), "-4713-11-24");
    |                ^^^^

error: cannot find macro `date` in this scope
   --> tests/integration/formatting.rs:214:16
    |
214 |     assert_eq!(date!(-0001 - 01 - 01).to_string(), "-0001-01-01");
    |                ^^^^

error: cannot find macro `date` in this scope
   --> tests/integration/formatting.rs:216:16
    |
216 |     assert_eq!(date!(+10_000-01-01).to_string(), "+10000-01-01");
    |                ^^^^

error: cannot find macro `date` in this scope
   --> tests/integration/formatting.rs:217:16
    |
217 |     assert_eq!(date!(+100_000-01-01).to_string(), "+100000-01-01");
    |                ^^^^

error: cannot find macro `date` in this scope
   --> tests/integration/formatting.rs:218:16
    |
218 |     assert_eq!(date!(-10_000 - 01 - 01).to_string(), "-10000-01-01");
    |                ^^^^

error: cannot find macro `date` in this scope
   --> tests/integration/formatting.rs:219:16
    |
219 |     assert_eq!(date!(-100_000 - 01 - 01).to_string(), "-100000-01-01");
    |                ^^^^

error: cannot find macro `offset` in this scope
   --> tests/integration/formatting.rs:226:13
    |
226 |             offset!(+01:02:03),
    |             ^^^^^^

error: cannot find macro `fd` in this scope
   --> tests/integration/formatting.rs:227:13
    |
227 |             fd!("[offset_hour sign:automatic]"),
    |             ^^

error: cannot find macro `offset` in this scope
   --> tests/integration/formatting.rs:231:13
    |
231 |             offset!(+01:02:03),
    |             ^^^^^^

error[E0599]: no method named `num_digits` found for type `u32` in the current scope
  --> src/tests.rs:33:31
   |
33 |     assert_eq!(10_000_000_u32.num_digits(), 8);
   |                               ^^^^^^^^^^ method not found in `u32`

error: cannot find macro `fd` in this scope
   --> tests/integration/formatting.rs:232:13
    |
232 |             fd!("[offset_hour sign:mandatory]"),
    |             ^^

error: cannot find macro `offset` in this scope
   --> tests/integration/formatting.rs:236:13
    |
236 |             offset!(-01:02:03),
    |             ^^^^^^

error: cannot find macro `fd` in this scope
   --> tests/integration/formatting.rs:237:13
    |
237 |             fd!("[offset_hour sign:automatic]"),
    |             ^^

error: cannot find macro `offset` in this scope
   --> tests/integration/formatting.rs:241:13
    |
241 |             offset!(-01:02:03),
    |             ^^^^^^

error: cannot find macro `fd` in this scope
   --> tests/integration/formatting.rs:242:13
    |
242 |             fd!("[offset_hour sign:mandatory]"),
    |             ^^

error: cannot find macro `offset` in this scope
   --> tests/integration/formatting.rs:245:10
    |
245 |         (offset!(+01:02:03), fd!("[offset_minute]"), "02"),
    |          ^^^^^^

error: cannot find macro `fd` in this scope
   --> tests/integration/formatting.rs:245:30
    |
245 |         (offset!(+01:02:03), fd!("[offset_minute]"), "02"),
    |                              ^^

error: cannot find macro `offset` in this scope
   --> tests/integration/formatting.rs:246:10
    |
246 |         (offset!(+01:02:03), fd!("[offset_second]"), "03"),
    |          ^^^^^^

error: cannot find macro `fd` in this scope
   --> tests/integration/formatting.rs:246:30
    |
246 |         (offset!(+01:02:03), fd!("[offset_second]"), "03"),
    |                              ^^

error: cannot find macro `offset` in this scope
   --> tests/integration/formatting.rs:263:16
    |
263 |     assert_eq!(offset!(UTC).to_string(), "+00:00:00");
    |                ^^^^^^

error: cannot find macro `offset` in this scope
   --> tests/integration/formatting.rs:264:16
    |
264 |     assert_eq!(offset!(+0:00:01).to_string(), "+00:00:01");
    |                ^^^^^^

error: cannot find macro `offset` in this scope
   --> tests/integration/formatting.rs:265:16
    |
265 |     assert_eq!(offset!(-0:00:01).to_string(), "-00:00:01");
    |                ^^^^^^

error: cannot find macro `offset` in this scope
   --> tests/integration/formatting.rs:266:16
    |
266 |     assert_eq!(offset!(+1).to_string(), "+01:00:00");
    |                ^^^^^^

error: cannot find macro `offset` in this scope
   --> tests/integration/formatting.rs:267:16
    |
267 |     assert_eq!(offset!(-1).to_string(), "-01:00:00");
    |                ^^^^^^

error: cannot find macro `offset` in this scope
   --> tests/integration/formatting.rs:268:16
    |
268 |     assert_eq!(offset!(+23:59).to_string(), "+23:59:00");
    |                ^^^^^^

error: cannot find macro `offset` in this scope
   --> tests/integration/formatting.rs:269:16
    |
269 |     assert_eq!(offset!(-23:59).to_string(), "-23:59:00");
    |                ^^^^^^

error: cannot find macro `offset` in this scope
   --> tests/integration/formatting.rs:270:16
    |
270 |     assert_eq!(offset!(+23:59:59).to_string(), "+23:59:59");
    |                ^^^^^^

error[E0599]: no method named `num_digits` found for type `u32` in the current scope
  --> src/tests.rs:34:32
   |
34 |     assert_eq!(100_000_000_u32.num_digits(), 9);
   |                                ^^^^^^^^^^ method not found in `u32`

error: cannot find macro `offset` in this scope
   --> tests/integration/formatting.rs:271:16
    |
271 |     assert_eq!(offset!(-23:59:59).to_string(), "-23:59:59");
    |                ^^^^^^

error: cannot find macro `fd` in this scope
   --> tests/integration/formatting.rs:276:30
    |
276 |     let format_description = fd!("[year]-[month]-[day] [hour]:[minute]:[second].[subsecond]");
    |                              ^^

error: cannot find macro `datetime` in this scope
   --> tests/integration/formatting.rs:279:9
    |
279 |         datetime!(1970-01-01 0:00).format(&format_description)?,
    |         ^^^^^^^^

error: cannot find macro `datetime` in this scope
   --> tests/integration/formatting.rs:283:9
    |
283 |         datetime!(1970-01-01 0:00)
    |         ^^^^^^^^

error: cannot find macro `datetime` in this scope
   --> tests/integration/formatting.rs:294:9
    |
294 |         datetime!(1970-01-01 0:00).to_string(),
    |         ^^^^^^^^

error: cannot find macro `datetime` in this scope
   --> tests/integration/formatting.rs:298:9
    |
298 |         datetime!(1970-01-01 0:00:01).to_string(),
    |         ^^^^^^^^

error: cannot find macro `datetime` in this scope
   --> tests/integration/formatting.rs:313:9
    |
313 |         datetime!(1970-01-01 0:00 UTC).format(&format_description)?,
    |         ^^^^^^^^

error: cannot find macro `datetime` in this scope
   --> tests/integration/formatting.rs:317:9
    |
317 |         datetime!(1970-01-01 0:00 UTC)
    |         ^^^^^^^^

error: cannot find macro `datetime` in this scope
   --> tests/integration/formatting.rs:328:9
    |
328 |         datetime!(1970-01-01 0:00 UTC).to_string(),
    |         ^^^^^^^^

error: cannot find macro `fd` in this scope
   --> tests/integration/formatting.rs:336:32
    |
336 |         Time::MIDNIGHT.format(&fd!("[year]")),
    |                                ^^

error: cannot determine resolution for the macro `format_description`
  --> tests/integration/macros.rs:11:9
   |
11 |         format_description!("[day padding:space][day padding:zero][day padding:none]"),
   |         ^^^^^^^^^^^^^^^^^^
   |
   = note: import resolution is stuck, try simplifying macro imports

error: cannot determine resolution for the macro `format_description`
  --> tests/integration/macros.rs:25:9
   |
25 |         format_description!(
   |         ^^^^^^^^^^^^^^^^^^
   |
   = note: import resolution is stuck, try simplifying macro imports

error: cannot determine resolution for the macro `format_description`
  --> tests/integration/macros.rs:41:9
   |
41 |         format_description!(
   |         ^^^^^^^^^^^^^^^^^^
   |
   = note: import resolution is stuck, try simplifying macro imports

error: cannot determine resolution for the macro `format_description`
  --> tests/integration/macros.rs:57:9
   |
57 |         format_description!("[ordinal padding:space][ordinal padding:zero][ordinal padding:none]"),
   |         ^^^^^^^^^^^^^^^^^^
   |
   = note: import resolution is stuck, try simplifying macro imports

error: cannot determine resolution for the macro `format_description`
  --> tests/integration/macros.rs:71:9
   |
71 |         format_description!("[month repr:numerical]"),
   |         ^^^^^^^^^^^^^^^^^^
   |
   = note: import resolution is stuck, try simplifying macro imports

error: cannot determine resolution for the macro `format_description`
  --> tests/integration/macros.rs:78:9
   |
78 |         format_description!("[week_number repr:iso ]"),
   |         ^^^^^^^^^^^^^^^^^^
   |
   = note: import resolution is stuck, try simplifying macro imports

error: cannot determine resolution for the macro `format_description`
  --> tests/integration/macros.rs:87:9
   |
87 |         format_description!("[weekday repr:long one_indexed:true]"),
   |         ^^^^^^^^^^^^^^^^^^
   |
   = note: import resolution is stuck, try simplifying macro imports

error: cannot determine resolution for the macro `format_description`
  --> tests/integration/macros.rs:96:9
   |
96 |         format_description!("[year repr:full base:calendar]"),
   |         ^^^^^^^^^^^^^^^^^^
   |
   = note: import resolution is stuck, try simplifying macro imports

error: cannot determine resolution for the macro `format_description`
   --> tests/integration/macros.rs:105:9
    |
105 |         format_description!("[[ "),
    |         ^^^^^^^^^^^^^^^^^^
    |
    = note: import resolution is stuck, try simplifying macro imports

error: cannot determine resolution for the macro `date`
   --> tests/integration/macros.rs:112:19
    |
112 |     assert_eq!(Ok(date!(2000 - 001)), Date::from_ordinal_date(2000, 1));
    |                   ^^^^
    |
    = note: import resolution is stuck, try simplifying macro imports

error: cannot determine resolution for the macro `date`
   --> tests/integration/macros.rs:113:19
    |
113 |     assert_eq!(Ok(date!(2019-W 01-1)), Date::from_ordinal_date(2018, 365));
    |                   ^^^^
    |
    = note: import resolution is stuck, try simplifying macro imports

error: cannot determine resolution for the macro `date`
   --> tests/integration/macros.rs:114:19
    |
114 |     assert_eq!(Ok(date!(2021-W 52-6)), Date::from_ordinal_date(2022, 1));
    |                   ^^^^
    |
    = note: import resolution is stuck, try simplifying macro imports

error: cannot find macro `offset` in this scope
  --> tests/integration/offset_date_time.rs:11:52
   |
11 |     assert_eq!(OffsetDateTime::now_utc().offset(), offset!(UTC));
   |                                                    ^^^^^^

error: cannot find macro `datetime` in this scope
  --> tests/integration/offset_date_time.rs:27:9
   |
27 |         datetime!(2000-01-01 0:00 UTC).to_offset(offset!(-1)).year(),
   |         ^^^^^^^^

error: cannot find macro `offset` in this scope
  --> tests/integration/offset_date_time.rs:27:50
   |
27 |         datetime!(2000-01-01 0:00 UTC).to_offset(offset!(-1)).year(),
   |                                                  ^^^^^^

error: cannot find macro `datetime` in this scope
  --> tests/integration/offset_date_time.rs:31:18
   |
31 |     let sydney = datetime!(2000-01-01 0:00 +11);
   |                  ^^^^^^^^

error: cannot find macro `offset` in this scope
  --> tests/integration/offset_date_time.rs:32:37
   |
32 |     let new_york = sydney.to_offset(offset!(-5));
   |                                     ^^^^^^

error: cannot find macro `offset` in this scope
  --> tests/integration/offset_date_time.rs:33:40
   |
33 |     let los_angeles = sydney.to_offset(offset!(-8));
   |                                        ^^^^^^

error: cannot find macro `datetime` in this scope
  --> tests/integration/offset_date_time.rs:50:12
   |
50 |         Ok(datetime!(2019-01-01 0:00 UTC)),
   |            ^^^^^^^^

error: cannot find macro `datetime` in this scope
  --> tests/integration/offset_date_time.rs:62:12
   |
62 |         Ok(datetime!(2019-01-01 0:00 UTC)),
   |            ^^^^^^^^

error[E0599]: no method named `num_digits` found for type `u32` in the current scope
  --> src/tests.rs:35:34
   |
35 |     assert_eq!(1_000_000_000_u32.num_digits(), 10);
   |                                  ^^^^^^^^^^ method not found in `u32`

error: cannot find macro `datetime` in this scope
  --> tests/integration/offset_date_time.rs:68:16
   |
68 |     assert_eq!(datetime!(2019-01-01 0:00 UTC).offset(), offset!(UTC));
   |                ^^^^^^^^

error: cannot find macro `offset` in this scope
  --> tests/integration/offset_date_time.rs:68:57
   |
68 |     assert_eq!(datetime!(2019-01-01 0:00 UTC).offset(), offset!(UTC));
   |                                                         ^^^^^^

error: cannot find macro `datetime` in this scope
  --> tests/integration/offset_date_time.rs:69:16
   |
69 |     assert_eq!(datetime!(2019-01-01 0:00 +1).offset(), offset!(+1));
   |                ^^^^^^^^

error: cannot find macro `offset` in this scope
  --> tests/integration/offset_date_time.rs:69:56
   |
69 |     assert_eq!(datetime!(2019-01-01 0:00 +1).offset(), offset!(+1));
   |                                                        ^^^^^^

error: cannot find macro `datetime` in this scope
  --> tests/integration/offset_date_time.rs:71:9
   |
71 |         datetime!(2019-01-01 0:00 UTC)
   |         ^^^^^^^^

error: cannot find macro `offset` in this scope
  --> tests/integration/offset_date_time.rs:72:24
   |
72 |             .to_offset(offset!(+1))
   |                        ^^^^^^

error: cannot find macro `offset` in this scope
  --> tests/integration/offset_date_time.rs:74:9
   |
74 |         offset!(+1),
   |         ^^^^^^

error: cannot find macro `offset` in this scope
  --> tests/integration/offset_date_time.rs:83:24
   |
83 |             .to_offset(offset!(+1))
   |                        ^^^^^^

error: cannot find macro `datetime` in this scope
  --> tests/integration/offset_date_time.rs:87:16
   |
87 |     assert_eq!(datetime!(1970-01-01 0:00 -1).unix_timestamp(), 3_600);
   |                ^^^^^^^^

error: cannot find macro `datetime` in this scope
  --> tests/integration/offset_date_time.rs:92:16
   |
92 |     assert_eq!(datetime!(1970-01-01 0:00 UTC).unix_timestamp_nanos(), 0);
   |                ^^^^^^^^

error: cannot find macro `datetime` in this scope
  --> tests/integration/offset_date_time.rs:94:9
   |
94 |         datetime!(1970-01-01 1:00 UTC)
   |         ^^^^^^^^

error: cannot find macro `offset` in this scope
  --> tests/integration/offset_date_time.rs:95:24
   |
95 |             .to_offset(offset!(-1))
   |                        ^^^^^^

error: cannot find macro `datetime` in this scope
   --> tests/integration/offset_date_time.rs:103:16
    |
103 |     assert_eq!(datetime!(2019-01-01 0:00 UTC).date(), date!(2019 - 01 - 01));
    |                ^^^^^^^^

error: cannot find macro `date` in this scope
   --> tests/integration/offset_date_time.rs:103:55
    |
103 |     assert_eq!(datetime!(2019-01-01 0:00 UTC).date(), date!(2019 - 01 - 01));
    |                                                       ^^^^

error: cannot find macro `datetime` in this scope
   --> tests/integration/offset_date_time.rs:105:9
    |
105 |         datetime!(2019-01-01 0:00 UTC).to_offset(offset!(-1)).date(),
    |         ^^^^^^^^

error: cannot find macro `offset` in this scope
   --> tests/integration/offset_date_time.rs:105:50
    |
105 |         datetime!(2019-01-01 0:00 UTC).to_offset(offset!(-1)).date(),
    |                                                  ^^^^^^

error: cannot find macro `date` in this scope
   --> tests/integration/offset_date_time.rs:106:9
    |
106 |         date!(2018 - 12 - 31),
    |         ^^^^

error: cannot find macro `datetime` in this scope
   --> tests/integration/offset_date_time.rs:112:16
    |
112 |     assert_eq!(datetime!(2019-01-01 0:00 UTC).time(), time!(0:00));
    |                ^^^^^^^^

error: cannot determine resolution for the macro `time`
   --> tests/integration/offset_date_time.rs:112:55
    |
112 |     assert_eq!(datetime!(2019-01-01 0:00 UTC).time(), time!(0:00));
    |                                                       ^^^^
    |
    = note: import resolution is stuck, try simplifying macro imports

error: cannot find macro `datetime` in this scope
   --> tests/integration/offset_date_time.rs:114:9
    |
114 |         datetime!(2019-01-01 0:00 UTC).to_offset(offset!(-1)).time(),
    |         ^^^^^^^^

error: cannot find macro `offset` in this scope
   --> tests/integration/offset_date_time.rs:114:50
    |
114 |         datetime!(2019-01-01 0:00 UTC).to_offset(offset!(-1)).time(),
    |                                                  ^^^^^^

error: cannot determine resolution for the macro `time`
   --> tests/integration/offset_date_time.rs:115:9
    |
115 |         time!(23:00),
    |         ^^^^
    |
    = note: import resolution is stuck, try simplifying macro imports

error: cannot find macro `datetime` in this scope
   --> tests/integration/offset_date_time.rs:121:16
    |
121 |     assert_eq!(datetime!(2019-01-01 0:00 UTC).year(), 2019);
    |                ^^^^^^^^

error: cannot find macro `datetime` in this scope
   --> tests/integration/offset_date_time.rs:123:9
    |
123 |         datetime!(2019-12-31 23:00 UTC)
    |         ^^^^^^^^

error: cannot find macro `offset` in this scope
   --> tests/integration/offset_date_time.rs:124:24
    |
124 |             .to_offset(offset!(+1))
    |                        ^^^^^^

error: cannot find macro `datetime` in this scope
   --> tests/integration/offset_date_time.rs:128:16
    |
128 |     assert_eq!(datetime!(2020-01-01 0:00 UTC).year(), 2020);
    |                ^^^^^^^^

error: cannot find macro `datetime` in this scope
   --> tests/integration/offset_date_time.rs:133:16
    |
133 |     assert_eq!(datetime!(2019-01-01 0:00 UTC).month(), Month::January);
    |                ^^^^^^^^

error: cannot find macro `datetime` in this scope
   --> tests/integration/offset_date_time.rs:135:9
    |
135 |         datetime!(2019-12-31 23:00 UTC)
    |         ^^^^^^^^

error: cannot find macro `offset` in this scope
   --> tests/integration/offset_date_time.rs:136:24
    |
136 |             .to_offset(offset!(+1))
    |                        ^^^^^^

error: cannot find macro `datetime` in this scope
   --> tests/integration/offset_date_time.rs:144:16
    |
144 |     assert_eq!(datetime!(2019-01-01 0:00 UTC).day(), 1);
    |                ^^^^^^^^

error: cannot find macro `datetime` in this scope
   --> tests/integration/offset_date_time.rs:146:9
    |
146 |         datetime!(2019-12-31 23:00 UTC).to_offset(offset!(+1)).day(),
    |         ^^^^^^^^

error: cannot find macro `offset` in this scope
   --> tests/integration/offset_date_time.rs:146:51
    |
146 |         datetime!(2019-12-31 23:00 UTC).to_offset(offset!(+1)).day(),
    |                                                   ^^^^^^

error: cannot find macro `datetime` in this scope
   --> tests/integration/offset_date_time.rs:153:16
    |
153 |     assert_eq!(datetime!(2019-01-01 0:00 UTC).ordinal(), 1);
    |                ^^^^^^^^

error: cannot find macro `datetime` in this scope
   --> tests/integration/offset_date_time.rs:155:9
    |
155 |         datetime!(2019-12-31 23:00 UTC)
    |         ^^^^^^^^

error: cannot find macro `offset` in this scope
   --> tests/integration/offset_date_time.rs:156:24
    |
156 |             .to_offset(offset!(+1))
    |                        ^^^^^^

error: cannot find macro `datetime` in this scope
   --> tests/integration/offset_date_time.rs:164:16
    |
164 |     assert_eq!(datetime!(2019-01-01 0:00 UTC).iso_week(), 1);
    |                ^^^^^^^^

error: cannot find macro `datetime` in this scope
   --> tests/integration/offset_date_time.rs:165:16
    |
165 |     assert_eq!(datetime!(2020-01-01 0:00 UTC).iso_week(), 1);
    |                ^^^^^^^^

error: cannot find macro `datetime` in this scope
   --> tests/integration/offset_date_time.rs:166:16
    |
166 |     assert_eq!(datetime!(2020-12-31 0:00 UTC).iso_week(), 53);
    |                ^^^^^^^^

error: cannot find macro `datetime` in this scope
   --> tests/integration/offset_date_time.rs:167:16
    |
167 |     assert_eq!(datetime!(2021-01-01 0:00 UTC).iso_week(), 53);
    |                ^^^^^^^^

error: cannot find macro `datetime` in this scope
   --> tests/integration/offset_date_time.rs:172:16
    |
172 |     assert_eq!(datetime!(2019-01-01 0:00 UTC).sunday_based_week(), 0);
    |                ^^^^^^^^

error: cannot find macro `datetime` in this scope
   --> tests/integration/offset_date_time.rs:173:16
    |
173 |     assert_eq!(datetime!(2020-01-01 0:00 UTC).sunday_based_week(), 0);
    |                ^^^^^^^^

error[E0599]: no variant or associated item named `from_number` found for enum `Month` in the current scope
  --> src/tests.rs:46:23
   |
46 |     assert_eq!(Month::from_number(nz!(1)), Ok(Month::January));
   |                       ^^^^^^^^^^^ variant or associated item not found in `Month`
   | 
  ::: src/month.rs:15:1
   |
15 | pub enum Month {
   | -------------- variant or associated item `from_number` not found here

error: cannot find macro `datetime` in this scope
   --> tests/integration/offset_date_time.rs:174:16
    |
174 |     assert_eq!(datetime!(2020-12-31 0:00 UTC).sunday_based_week(), 52);
    |                ^^^^^^^^

error: cannot find macro `datetime` in this scope
   --> tests/integration/offset_date_time.rs:175:16
    |
175 |     assert_eq!(datetime!(2021-01-01 0:00 UTC).sunday_based_week(), 0);
    |                ^^^^^^^^

error: cannot find macro `datetime` in this scope
   --> tests/integration/offset_date_time.rs:180:16
    |
180 |     assert_eq!(datetime!(2019-01-01 0:00 UTC).monday_based_week(), 0);
    |                ^^^^^^^^

error[E0599]: no variant or associated item named `from_number` found for enum `Month` in the current scope
  --> src/tests.rs:47:23
   |
47 |     assert_eq!(Month::from_number(nz!(2)), Ok(Month::February));
   |                       ^^^^^^^^^^^ variant or associated item not found in `Month`
   | 
  ::: src/month.rs:15:1
   |
15 | pub enum Month {
   | -------------- variant or associated item `from_number` not found here

error: cannot find macro `datetime` in this scope
   --> tests/integration/offset_date_time.rs:181:16
    |
181 |     assert_eq!(datetime!(2020-01-01 0:00 UTC).monday_based_week(), 0);
    |                ^^^^^^^^

error: cannot find macro `datetime` in this scope
   --> tests/integration/offset_date_time.rs:182:16
    |
182 |     assert_eq!(datetime!(2020-12-31 0:00 UTC).monday_based_week(), 52);
    |                ^^^^^^^^

error[E0599]: no variant or associated item named `from_number` found for enum `Month` in the current scope
  --> src/tests.rs:48:23
   |
48 |     assert_eq!(Month::from_number(nz!(3)), Ok(Month::March));
   |                       ^^^^^^^^^^^ variant or associated item not found in `Month`
   | 
  ::: src/month.rs:15:1
   |
15 | pub enum Month {
   | -------------- variant or associated item `from_number` not found here

error: cannot find macro `datetime` in this scope
   --> tests/integration/offset_date_time.rs:183:16
    |
183 |     assert_eq!(datetime!(2021-01-01 0:00 UTC).monday_based_week(), 0);
    |                ^^^^^^^^

error: cannot find macro `datetime` in this scope
   --> tests/integration/offset_date_time.rs:189:9
    |
189 |         datetime!(2019-01-02 0:00 UTC).to_calendar_date(),
    |         ^^^^^^^^

error: cannot find macro `datetime` in this scope
   --> tests/integration/offset_date_time.rs:196:16
    |
196 |     assert_eq!(datetime!(2019-01-01 0:00 UTC).to_ordinal_date(), (2019, 1));
    |                ^^^^^^^^

error[E0599]: no variant or associated item named `from_number` found for enum `Month` in the current scope
  --> src/tests.rs:49:23
   |
49 |     assert_eq!(Month::from_number(nz!(4)), Ok(Month::April));
   |                       ^^^^^^^^^^^ variant or associated item not found in `Month`
   | 
  ::: src/month.rs:15:1
   |
15 | pub enum Month {
   | -------------- variant or associated item `from_number` not found here

error: cannot find macro `datetime` in this scope
   --> tests/integration/offset_date_time.rs:203:9
    |
203 |         datetime!(2019-01-01 0:00 UTC).to_iso_week_date(),
    |         ^^^^^^^^

error: cannot find macro `datetime` in this scope
   --> tests/integration/offset_date_time.rs:207:9
    |
207 |         datetime!(2019-10-04 0:00 UTC).to_iso_week_date(),
    |         ^^^^^^^^

error[E0599]: no variant or associated item named `from_number` found for enum `Month` in the current scope
  --> src/tests.rs:50:23
   |
50 |     assert_eq!(Month::from_number(nz!(5)), Ok(Month::May));
   |                       ^^^^^^^^^^^ variant or associated item not found in `Month`
   | 
  ::: src/month.rs:15:1
   |
15 | pub enum Month {
   | -------------- variant or associated item `from_number` not found here

error: cannot find macro `datetime` in this scope
   --> tests/integration/offset_date_time.rs:211:9
    |
211 |         datetime!(2020-01-01 0:00 UTC).to_iso_week_date(),
    |         ^^^^^^^^

error: cannot find macro `datetime` in this scope
   --> tests/integration/offset_date_time.rs:215:9
    |
215 |         datetime!(2020-12-31 0:00 UTC).to_iso_week_date(),
    |         ^^^^^^^^

error[E0599]: no variant or associated item named `from_number` found for enum `Month` in the current scope
  --> src/tests.rs:51:23
   |
51 |     assert_eq!(Month::from_number(nz!(6)), Ok(Month::June));
   |                       ^^^^^^^^^^^ variant or associated item not found in `Month`
   | 
  ::: src/month.rs:15:1
   |
15 | pub enum Month {
   | -------------- variant or associated item `from_number` not found here

error: cannot find macro `datetime` in this scope
   --> tests/integration/offset_date_time.rs:219:9
    |
219 |         datetime!(2021-01-01 0:00 UTC).to_iso_week_date(),
    |         ^^^^^^^^

error: cannot find macro `datetime` in this scope
   --> tests/integration/offset_date_time.rs:227:16
    |
227 |     assert_eq!(datetime!(2019-01-01 0:00 UTC).weekday(), Tuesday);
    |                ^^^^^^^^

error[E0599]: no variant or associated item named `from_number` found for enum `Month` in the current scope
  --> src/tests.rs:52:23
   |
52 |     assert_eq!(Month::from_number(nz!(7)), Ok(Month::July));
   |                       ^^^^^^^^^^^ variant or associated item not found in `Month`
   | 
  ::: src/month.rs:15:1
   |
15 | pub enum Month {
   | -------------- variant or associated item `from_number` not found here

error: cannot find macro `datetime` in this scope
   --> tests/integration/offset_date_time.rs:228:16
    |
228 |     assert_eq!(datetime!(2019-02-01 0:00 UTC).weekday(), Friday);
    |                ^^^^^^^^

error: cannot find macro `datetime` in this scope
   --> tests/integration/offset_date_time.rs:229:16
    |
229 |     assert_eq!(datetime!(2019-03-01 0:00 UTC).weekday(), Friday);
    |                ^^^^^^^^

error[E0599]: no variant or associated item named `from_number` found for enum `Month` in the current scope
  --> src/tests.rs:53:23
   |
53 |     assert_eq!(Month::from_number(nz!(8)), Ok(Month::August));
   |                       ^^^^^^^^^^^ variant or associated item not found in `Month`
   | 
  ::: src/month.rs:15:1
   |
15 | pub enum Month {
   | -------------- variant or associated item `from_number` not found here

error: cannot find macro `datetime` in this scope
   --> tests/integration/offset_date_time.rs:235:9
    |
235 |         datetime!(-999_999-01-01 0:00 UTC).to_julian_day(),
    |         ^^^^^^^^

error: cannot find macro `datetime` in this scope
   --> tests/integration/offset_date_time.rs:238:16
    |
238 |     assert_eq!(datetime!(-4713-11-24 0:00 UTC).to_julian_day(), 0);
    |                ^^^^^^^^

error[E0599]: no variant or associated item named `from_number` found for enum `Month` in the current scope
  --> src/tests.rs:54:23
   |
54 |     assert_eq!(Month::from_number(nz!(9)), Ok(Month::September));
   |                       ^^^^^^^^^^^ variant or associated item not found in `Month`
   | 
  ::: src/month.rs:15:1
   |
15 | pub enum Month {
   | -------------- variant or associated item `from_number` not found here

error: cannot find macro `datetime` in this scope
   --> tests/integration/offset_date_time.rs:239:16
    |
239 |     assert_eq!(datetime!(2000-01-01 0:00 UTC).to_julian_day(), 2_451_545);
    |                ^^^^^^^^

error: cannot find macro `datetime` in this scope
   --> tests/integration/offset_date_time.rs:240:16
    |
240 |     assert_eq!(datetime!(2019-01-01 0:00 UTC).to_julian_day(), 2_458_485);
    |                ^^^^^^^^

error[E0599]: no variant or associated item named `from_number` found for enum `Month` in the current scope
  --> src/tests.rs:55:23
   |
55 |     assert_eq!(Month::from_number(nz!(10)), Ok(Month::October));
   |                       ^^^^^^^^^^^ variant or associated item not found in `Month`
   | 
  ::: src/month.rs:15:1
   |
15 | pub enum Month {
   | -------------- variant or associated item `from_number` not found here

error: cannot find macro `datetime` in this scope
   --> tests/integration/offset_date_time.rs:241:16
    |
241 |     assert_eq!(datetime!(2019-12-31 0:00 UTC).to_julian_day(), 2_458_849);
    |                ^^^^^^^^

error: cannot find macro `datetime` in this scope
   --> tests/integration/offset_date_time.rs:246:16
    |
246 |     assert_eq!(datetime!(2020-01-01 1:02:03 UTC).to_hms(), (1, 2, 3));
    |                ^^^^^^^^

error[E0599]: no variant or associated item named `from_number` found for enum `Month` in the current scope
  --> src/tests.rs:56:23
   |
56 |     assert_eq!(Month::from_number(nz!(11)), Ok(Month::November));
   |                       ^^^^^^^^^^^ variant or associated item not found in `Month`
   | 
  ::: src/month.rs:15:1
   |
15 | pub enum Month {
   | -------------- variant or associated item `from_number` not found here

error: cannot find macro `datetime` in this scope
   --> tests/integration/offset_date_time.rs:252:9
    |
252 |         datetime!(2020-01-01 1:02:03.004 UTC).to_hms_milli(),
    |         ^^^^^^^^

error: cannot find macro `datetime` in this scope
   --> tests/integration/offset_date_time.rs:260:9
    |
260 |         datetime!(2020-01-01 1:02:03.004_005 UTC).to_hms_micro(),
    |         ^^^^^^^^

error: cannot find macro `datetime` in this scope
   --> tests/integration/offset_date_time.rs:268:9
    |
268 |         datetime!(2020-01-01 1:02:03.004_005_006 UTC).to_hms_nano(),
    |         ^^^^^^^^

error[E0599]: no variant or associated item named `from_number` found for enum `Month` in the current scope
  --> src/tests.rs:57:23
   |
57 |     assert_eq!(Month::from_number(nz!(12)), Ok(Month::December));
   |                       ^^^^^^^^^^^ variant or associated item not found in `Month`
   | 
  ::: src/month.rs:15:1
   |
15 | pub enum Month {
   | -------------- variant or associated item `from_number` not found here

error: cannot find macro `datetime` in this scope
   --> tests/integration/offset_date_time.rs:275:16
    |
275 |     assert_eq!(datetime!(2019-01-01 0:00 UTC).hour(), 0);
    |                ^^^^^^^^

error: cannot find macro `datetime` in this scope
   --> tests/integration/offset_date_time.rs:277:9
    |
277 |         datetime!(2019-01-01 23:59:59 UTC)
    |         ^^^^^^^^

error[E0599]: no variant or associated item named `from_number` found for enum `Month` in the current scope
  --> src/tests.rs:58:20
   |
58 |     assert!(Month::from_number(nz!(13)).is_err());
   |                    ^^^^^^^^^^^ variant or associated item not found in `Month`
   | 
  ::: src/month.rs:15:1
   |
15 | pub enum Month {
   | -------------- variant or associated item `from_number` not found here

error: cannot find macro `offset` in this scope
   --> tests/integration/offset_date_time.rs:278:24
    |
278 |             .to_offset(offset!(-2))
    |                        ^^^^^^

error: cannot find macro `datetime` in this scope
   --> tests/integration/offset_date_time.rs:286:16
    |
286 |     assert_eq!(datetime!(2019-01-01 0:00 UTC).minute(), 0);
    |                ^^^^^^^^

error: cannot find macro `datetime` in this scope
   --> tests/integration/offset_date_time.rs:288:9
    |
288 |         datetime!(2019-01-01 23:59:59 UTC)
    |         ^^^^^^^^

error: cannot find macro `offset` in this scope
   --> tests/integration/offset_date_time.rs:289:24
    |
289 |             .to_offset(offset!(+0:30))
    |                        ^^^^^^

error: cannot find macro `datetime` in this scope
   --> tests/integration/offset_date_time.rs:297:16
    |
297 |     assert_eq!(datetime!(2019-01-01 0:00 UTC).second(), 0);
    |                ^^^^^^^^

error: cannot find macro `datetime` in this scope
   --> tests/integration/offset_date_time.rs:299:9
    |
299 |         datetime!(2019-01-01 23:59:59 UTC)
    |         ^^^^^^^^

error: cannot find macro `offset` in this scope
   --> tests/integration/offset_date_time.rs:300:24
    |
300 |             .to_offset(offset!(+0:00:30))
    |                        ^^^^^^

error: cannot find macro `datetime` in this scope
   --> tests/integration/offset_date_time.rs:308:16
    |
308 |     assert_eq!(datetime!(2019-01-01 0:00 UTC).millisecond(), 0);
    |                ^^^^^^^^

error: cannot find macro `datetime` in this scope
   --> tests/integration/offset_date_time.rs:309:16
    |
309 |     assert_eq!(datetime!(2019-01-01 23:59:59.999 UTC).millisecond(), 999);
    |                ^^^^^^^^

error: cannot find macro `datetime` in this scope
   --> tests/integration/offset_date_time.rs:314:16
    |
314 |     assert_eq!(datetime!(2019-01-01 0:00 UTC).microsecond(), 0);
    |                ^^^^^^^^

error: cannot find macro `datetime` in this scope
   --> tests/integration/offset_date_time.rs:316:9
    |
316 |         datetime!(2019-01-01 23:59:59.999_999 UTC).microsecond(),
    |         ^^^^^^^^

error: cannot find macro `datetime` in this scope
   --> tests/integration/offset_date_time.rs:323:16
    |
323 |     assert_eq!(datetime!(2019-01-01 0:00 UTC).nanosecond(), 0);
    |                ^^^^^^^^

error: cannot find macro `datetime` in this scope
   --> tests/integration/offset_date_time.rs:325:9
    |
325 |         datetime!(2019-01-01 23:59:59.999_999_999 UTC).nanosecond(),
    |         ^^^^^^^^

error: cannot find macro `datetime` in this scope
   --> tests/integration/offset_date_time.rs:333:9
    |
333 |         datetime!(2020-01-01 5:00 UTC).replace_time(time!(12:00)),
    |         ^^^^^^^^

error: cannot determine resolution for the macro `time`
   --> tests/integration/offset_date_time.rs:333:53
    |
333 |         datetime!(2020-01-01 5:00 UTC).replace_time(time!(12:00)),
    |                                                     ^^^^
    |
    = note: import resolution is stuck, try simplifying macro imports

error: cannot find macro `datetime` in this scope
   --> tests/integration/offset_date_time.rs:334:9
    |
334 |         datetime!(2020-01-01 12:00 UTC)
    |         ^^^^^^^^

error: cannot find macro `datetime` in this scope
   --> tests/integration/offset_date_time.rs:337:9
    |
337 |         datetime!(2020-01-01 12:00 -5).replace_time(time!(7:00)),
    |         ^^^^^^^^

error: cannot determine resolution for the macro `time`
   --> tests/integration/offset_date_time.rs:337:53
    |
337 |         datetime!(2020-01-01 12:00 -5).replace_time(time!(7:00)),
    |                                                     ^^^^
    |
    = note: import resolution is stuck, try simplifying macro imports

error: cannot find macro `datetime` in this scope
   --> tests/integration/offset_date_time.rs:338:9
    |
338 |         datetime!(2020-01-01 7:00 -5)
    |         ^^^^^^^^

error: cannot find macro `datetime` in this scope
   --> tests/integration/offset_date_time.rs:341:9
    |
341 |         datetime!(2020-01-01 0:00 +1).replace_time(time!(12:00)),
    |         ^^^^^^^^

error: cannot determine resolution for the macro `time`
   --> tests/integration/offset_date_time.rs:341:52
    |
341 |         datetime!(2020-01-01 0:00 +1).replace_time(time!(12:00)),
    |                                                    ^^^^
    |
    = note: import resolution is stuck, try simplifying macro imports

error: cannot find macro `datetime` in this scope
   --> tests/integration/offset_date_time.rs:342:9
    |
342 |         datetime!(2020-01-01 12:00 +1)
    |         ^^^^^^^^

error: cannot find macro `datetime` in this scope
   --> tests/integration/offset_date_time.rs:349:9
    |
349 |         datetime!(2020-01-01 12:00 UTC).replace_date(date!(2020 - 01 - 30)),
    |         ^^^^^^^^

error: cannot find macro `date` in this scope
   --> tests/integration/offset_date_time.rs:349:54
    |
349 |         datetime!(2020-01-01 12:00 UTC).replace_date(date!(2020 - 01 - 30)),
    |                                                      ^^^^

error: cannot find macro `datetime` in this scope
   --> tests/integration/offset_date_time.rs:350:9
    |
350 |         datetime!(2020-01-30 12:00 UTC)
    |         ^^^^^^^^

error: cannot find macro `datetime` in this scope
   --> tests/integration/offset_date_time.rs:353:9
    |
353 |         datetime!(2020-01-01 0:00 +1).replace_date(date!(2020 - 01 - 30)),
    |         ^^^^^^^^

error: cannot find macro `date` in this scope
   --> tests/integration/offset_date_time.rs:353:52
    |
353 |         datetime!(2020-01-01 0:00 +1).replace_date(date!(2020 - 01 - 30)),
    |                                                    ^^^^

error: cannot find macro `datetime` in this scope
   --> tests/integration/offset_date_time.rs:354:9
    |
354 |         datetime!(2020-01-30 0:00 +1)
    |         ^^^^^^^^

error: cannot find macro `datetime` in this scope
   --> tests/integration/offset_date_time.rs:361:9
    |
361 |         datetime!(2020-01-01 12:00 UTC).replace_date_time(datetime!(2020-01-30 16:00)),
    |         ^^^^^^^^

error: cannot find macro `datetime` in this scope
   --> tests/integration/offset_date_time.rs:361:59
    |
361 |         datetime!(2020-01-01 12:00 UTC).replace_date_time(datetime!(2020-01-30 16:00)),
    |                                                           ^^^^^^^^

error: cannot find macro `datetime` in this scope
   --> tests/integration/offset_date_time.rs:362:9
    |
362 |         datetime!(2020-01-30 16:00 UTC)
    |         ^^^^^^^^

error: cannot find macro `datetime` in this scope
   --> tests/integration/offset_date_time.rs:365:9
    |
365 |         datetime!(2020-01-01 12:00 +1).replace_date_time(datetime!(2020-01-30 0:00)),
    |         ^^^^^^^^

error: cannot find macro `datetime` in this scope
   --> tests/integration/offset_date_time.rs:365:58
    |
365 |         datetime!(2020-01-01 12:00 +1).replace_date_time(datetime!(2020-01-30 0:00)),
    |                                                          ^^^^^^^^

error: cannot find macro `datetime` in this scope
   --> tests/integration/offset_date_time.rs:366:9
    |
366 |         datetime!(2020-01-30 0:00 +1)
    |         ^^^^^^^^

error: cannot find macro `datetime` in this scope
   --> tests/integration/offset_date_time.rs:373:9
    |
373 |         datetime!(2020-01-01 0:00 UTC).replace_offset(offset!(-5)),
    |         ^^^^^^^^

error: cannot find macro `offset` in this scope
   --> tests/integration/offset_date_time.rs:373:55
    |
373 |         datetime!(2020-01-01 0:00 UTC).replace_offset(offset!(-5)),
    |                                                       ^^^^^^

error: cannot find macro `datetime` in this scope
   --> tests/integration/offset_date_time.rs:374:9
    |
374 |         datetime!(2020-01-01 0:00 -5)
    |         ^^^^^^^^

error: cannot find macro `datetime` in this scope
   --> tests/integration/offset_date_time.rs:381:9
    |
381 |         datetime!(2000-01-01 0:00 UTC).to_offset(offset!(-1)),
    |         ^^^^^^^^

error: cannot find macro `offset` in this scope
   --> tests/integration/offset_date_time.rs:381:50
    |
381 |         datetime!(2000-01-01 0:00 UTC).to_offset(offset!(-1)),
    |                                                  ^^^^^^

error: cannot find macro `datetime` in this scope
   --> tests/integration/offset_date_time.rs:382:9
    |
382 |         datetime!(2000-01-01 0:00 UTC),
    |         ^^^^^^^^

error: cannot find macro `datetime` in this scope
   --> tests/integration/offset_date_time.rs:388:14
    |
388 |     let t1 = datetime!(2019-01-01 0:00 UTC);
    |              ^^^^^^^^

error: cannot find macro `datetime` in this scope
   --> tests/integration/offset_date_time.rs:389:14
    |
389 |     let t2 = datetime!(2019-01-01 0:00 UTC).to_offset(offset!(-1));
    |              ^^^^^^^^

error: cannot find macro `offset` in this scope
   --> tests/integration/offset_date_time.rs:389:55
    |
389 |     let t2 = datetime!(2019-01-01 0:00 UTC).to_offset(offset!(-1));
    |                                                       ^^^^^^

error: cannot find macro `datetime` in this scope
   --> tests/integration/offset_date_time.rs:395:14
    |
395 |     let t1 = datetime!(2019-01-01 0:00 UTC);
    |              ^^^^^^^^

error: cannot find macro `datetime` in this scope
   --> tests/integration/offset_date_time.rs:396:14
    |
396 |     let t2 = datetime!(2019-01-01 0:00 UTC).to_offset(offset!(-1));
    |              ^^^^^^^^

error: cannot find macro `offset` in this scope
   --> tests/integration/offset_date_time.rs:396:55
    |
396 |     let t2 = datetime!(2019-01-01 0:00 UTC).to_offset(offset!(-1));
    |                                                       ^^^^^^

error: cannot find macro `datetime` in this scope
   --> tests/integration/offset_date_time.rs:399:14
    |
399 |     let t1 = datetime!(2019-01-01 0:00 UTC);
    |              ^^^^^^^^

error: cannot find macro `datetime` in this scope
   --> tests/integration/offset_date_time.rs:400:14
    |
400 |     let t2 = datetime!(2019-01-01 0:00:00.000_000_001 UTC);
    |              ^^^^^^^^

error: aborting due to 34 previous errors

Some errors have detailed explanations: E0432, E0433, E0599.
For more information about an error, try `rustc --explain E0432`.
error: cannot find macro `datetime` in this scope
   --> tests/integration/offset_date_time.rs:412:13
    |
412 |             datetime!(2019-01-01 0:00 UTC).hash(&mut hasher);
    |             ^^^^^^^^

error: cannot find macro `datetime` in this scope
   --> tests/integration/offset_date_time.rs:417:13
    |
417 |             datetime!(2019-01-01 0:00 UTC)
    |             ^^^^^^^^

error: cannot find macro `offset` in this scope
   --> tests/integration/offset_date_time.rs:418:28
    |
418 |                 .to_offset(offset!(-1))
    |                            ^^^^^^

error: cannot find macro `datetime` in this scope
   --> tests/integration/offset_date_time.rs:429:13
    |
429 |             datetime!(2019-01-01 0:00).hash(&mut hasher);
    |             ^^^^^^^^

error: cannot find macro `datetime` in this scope
   --> tests/integration/offset_date_time.rs:434:13
    |
434 |             datetime!(2019-01-01 0:00 UTC).hash(&mut hasher);
    |             ^^^^^^^^

error: cannot find macro `offset` in this scope
   --> tests/integration/offset_date_time.rs:446:24
    |
446 |         .assume_offset(offset!(+12:00:01));
    |                        ^^^^^^

error: cannot find macro `datetime` in this scope
   --> tests/integration/offset_date_time.rs:457:9
    |
457 |         datetime!(2019-01-01 0:00 UTC) + 5.days(),
    |         ^^^^^^^^

error: cannot find macro `datetime` in this scope
   --> tests/integration/offset_date_time.rs:458:9
    |
458 |         datetime!(2019-01-06 0:00 UTC),
    |         ^^^^^^^^

error: could not compile `time`

To learn more, run the command again with --verbose.
warning: build failed, waiting for other jobs to finish...
error: cannot find macro `datetime` in this scope
   --> tests/integration/offset_date_time.rs:461:9
    |
461 |         datetime!(2019-12-31 0:00 UTC) + 1.days(),
    |         ^^^^^^^^

error: cannot find macro `datetime` in this scope
   --> tests/integration/offset_date_time.rs:462:9
    |
462 |         datetime!(2020-01-01 0:00 UTC),
    |         ^^^^^^^^

error: cannot find macro `datetime` in this scope
   --> tests/integration/offset_date_time.rs:465:9
    |
465 |         datetime!(2019-12-31 23:59:59 UTC) + 2.seconds(),
    |         ^^^^^^^^

error: cannot find macro `datetime` in this scope
   --> tests/integration/offset_date_time.rs:466:9
    |
466 |         datetime!(2020-01-01 0:00:01 UTC),
    |         ^^^^^^^^

error: cannot find macro `datetime` in this scope
   --> tests/integration/offset_date_time.rs:469:9
    |
469 |         datetime!(2020-01-01 0:00:01 UTC) + (-2).seconds(),
    |         ^^^^^^^^

error: cannot find macro `datetime` in this scope
   --> tests/integration/offset_date_time.rs:470:9
    |
470 |         datetime!(2019-12-31 23:59:59 UTC),
    |         ^^^^^^^^

error: cannot find macro `datetime` in this scope
   --> tests/integration/offset_date_time.rs:473:9
    |
473 |         datetime!(1999-12-31 23:00 UTC) + 1.hours(),
    |         ^^^^^^^^

error: cannot find macro `datetime` in this scope
   --> tests/integration/offset_date_time.rs:474:9
    |
474 |         datetime!(2000-01-01 0:00 UTC),
    |         ^^^^^^^^

error: cannot find macro `datetime` in this scope
   --> tests/integration/offset_date_time.rs:481:9
    |
481 |         datetime!(2019-01-01 0:00 UTC) + 5.std_days(),
    |         ^^^^^^^^

error: cannot find macro `datetime` in this scope
   --> tests/integration/offset_date_time.rs:482:9
    |
482 |         datetime!(2019-01-06 0:00 UTC),
    |         ^^^^^^^^

error: cannot find macro `datetime` in this scope
   --> tests/integration/offset_date_time.rs:485:9
    |
485 |         datetime!(2019-12-31 0:00 UTC) + 1.std_days(),
    |         ^^^^^^^^

error: cannot find macro `datetime` in this scope
   --> tests/integration/offset_date_time.rs:486:9
    |
486 |         datetime!(2020-01-01 0:00 UTC),
    |         ^^^^^^^^

error: cannot find macro `datetime` in this scope
   --> tests/integration/offset_date_time.rs:489:9
    |
489 |         datetime!(2019-12-31 23:59:59 UTC) + 2.std_seconds(),
    |         ^^^^^^^^

error: cannot find macro `datetime` in this scope
   --> tests/integration/offset_date_time.rs:490:9
    |
490 |         datetime!(2020-01-01 0:00:01 UTC),
    |         ^^^^^^^^

error: cannot find macro `datetime` in this scope
   --> tests/integration/offset_date_time.rs:496:34
    |
496 |     let mut new_years_day_2019 = datetime!(2019-01-01 0:00 UTC);
    |                                  ^^^^^^^^

error: cannot find macro `datetime` in this scope
   --> tests/integration/offset_date_time.rs:498:36
    |
498 |     assert_eq!(new_years_day_2019, datetime!(2019-01-06 0:00 UTC));
    |                                    ^^^^^^^^

error: cannot find macro `datetime` in this scope
   --> tests/integration/offset_date_time.rs:500:39
    |
500 |     let mut new_years_eve_2020_days = datetime!(2019-12-31 0:00 UTC);
    |                                       ^^^^^^^^

error: cannot find macro `datetime` in this scope
   --> tests/integration/offset_date_time.rs:502:41
    |
502 |     assert_eq!(new_years_eve_2020_days, datetime!(2020-01-01 0:00 UTC));
    |                                         ^^^^^^^^

error: cannot find macro `datetime` in this scope
   --> tests/integration/offset_date_time.rs:504:42
    |
504 |     let mut new_years_eve_2020_seconds = datetime!(2019-12-31 23:59:59 UTC);
    |                                          ^^^^^^^^

error: cannot find macro `datetime` in this scope
   --> tests/integration/offset_date_time.rs:508:9
    |
508 |         datetime!(2020-01-01 0:00:01 UTC)
    |         ^^^^^^^^

error: cannot find macro `datetime` in this scope
   --> tests/integration/offset_date_time.rs:511:42
    |
511 |     let mut new_years_day_2020_seconds = datetime!(2020-01-01 0:00:01 UTC);
    |                                          ^^^^^^^^

error: cannot find macro `datetime` in this scope
   --> tests/integration/offset_date_time.rs:515:9
    |
515 |         datetime!(2019-12-31 23:59:59 UTC)
    |         ^^^^^^^^

error: cannot find macro `datetime` in this scope
   --> tests/integration/offset_date_time.rs:521:34
    |
521 |     let mut new_years_day_2019 = datetime!(2019-01-01 0:00 UTC);
    |                                  ^^^^^^^^

error: cannot find macro `datetime` in this scope
   --> tests/integration/offset_date_time.rs:523:36
    |
523 |     assert_eq!(new_years_day_2019, datetime!(2019-01-06 0:00 UTC));
    |                                    ^^^^^^^^

error: cannot find macro `datetime` in this scope
   --> tests/integration/offset_date_time.rs:525:39
    |
525 |     let mut new_years_eve_2020_days = datetime!(2019-12-31 0:00 UTC);
    |                                       ^^^^^^^^

error: cannot find macro `datetime` in this scope
   --> tests/integration/offset_date_time.rs:527:41
    |
527 |     assert_eq!(new_years_eve_2020_days, datetime!(2020-01-01 0:00 UTC));
    |                                         ^^^^^^^^

error: cannot find macro `datetime` in this scope
   --> tests/integration/offset_date_time.rs:529:42
    |
529 |     let mut new_years_eve_2020_seconds = datetime!(2019-12-31 23:59:59 UTC);
    |                                          ^^^^^^^^

error: cannot find macro `datetime` in this scope
   --> tests/integration/offset_date_time.rs:533:9
    |
533 |         datetime!(2020-01-01 0:00:01 UTC)
    |         ^^^^^^^^

error: cannot find macro `datetime` in this scope
   --> tests/integration/offset_date_time.rs:540:9
    |
540 |         datetime!(2019-01-06 0:00 UTC) - 5.days(),
    |         ^^^^^^^^

error: cannot find macro `datetime` in this scope
   --> tests/integration/offset_date_time.rs:541:9
    |
541 |         datetime!(2019-01-01 0:00 UTC),
    |         ^^^^^^^^

error: cannot find macro `datetime` in this scope
   --> tests/integration/offset_date_time.rs:544:9
    |
544 |         datetime!(2020-01-01 0:00 UTC) - 1.days(),
    |         ^^^^^^^^

error: cannot find macro `datetime` in this scope
   --> tests/integration/offset_date_time.rs:545:9
    |
545 |         datetime!(2019-12-31 0:00 UTC),
    |         ^^^^^^^^

error: cannot find macro `datetime` in this scope
   --> tests/integration/offset_date_time.rs:548:9
    |
548 |         datetime!(2020-01-01 0:00:01 UTC) - 2.seconds(),
    |         ^^^^^^^^

error: cannot find macro `datetime` in this scope
   --> tests/integration/offset_date_time.rs:549:9
    |
549 |         datetime!(2019-12-31 23:59:59 UTC),
    |         ^^^^^^^^

error: cannot find macro `datetime` in this scope
   --> tests/integration/offset_date_time.rs:552:9
    |
552 |         datetime!(2019-12-31 23:59:59 UTC) - (-2).seconds(),
    |         ^^^^^^^^

error: cannot find macro `datetime` in this scope
   --> tests/integration/offset_date_time.rs:553:9
    |
553 |         datetime!(2020-01-01 0:00:01 UTC),
    |         ^^^^^^^^

error: cannot find macro `datetime` in this scope
   --> tests/integration/offset_date_time.rs:556:9
    |
556 |         datetime!(1999-12-31 23:00 UTC) - (-1).hours(),
    |         ^^^^^^^^

error: cannot find macro `datetime` in this scope
   --> tests/integration/offset_date_time.rs:557:9
    |
557 |         datetime!(2000-01-01 0:00 UTC),
    |         ^^^^^^^^

error: cannot find macro `datetime` in this scope
   --> tests/integration/offset_date_time.rs:564:9
    |
564 |         datetime!(2019-01-06 0:00 UTC) - 5.std_days(),
    |         ^^^^^^^^

error: cannot find macro `datetime` in this scope
   --> tests/integration/offset_date_time.rs:565:9
    |
565 |         datetime!(2019-01-01 0:00 UTC),
    |         ^^^^^^^^

error: cannot find macro `datetime` in this scope
   --> tests/integration/offset_date_time.rs:568:9
    |
568 |         datetime!(2020-01-01 0:00 UTC) - 1.std_days(),
    |         ^^^^^^^^

error: cannot find macro `datetime` in this scope
   --> tests/integration/offset_date_time.rs:569:9
    |
569 |         datetime!(2019-12-31 0:00 UTC),
    |         ^^^^^^^^

error: cannot find macro `datetime` in this scope
   --> tests/integration/offset_date_time.rs:572:9
    |
572 |         datetime!(2020-01-01 0:00:01 UTC) - 2.std_seconds(),
    |         ^^^^^^^^

error: cannot find macro `datetime` in this scope
   --> tests/integration/offset_date_time.rs:573:9
    |
573 |         datetime!(2019-12-31 23:59:59 UTC),
    |         ^^^^^^^^

error: cannot find macro `datetime` in this scope
   --> tests/integration/offset_date_time.rs:579:34
    |
579 |     let mut new_years_day_2019 = datetime!(2019-01-06 0:00 UTC);
    |                                  ^^^^^^^^

error: cannot find macro `datetime` in this scope
   --> tests/integration/offset_date_time.rs:581:36
    |
581 |     assert_eq!(new_years_day_2019, datetime!(2019-01-01 0:00 UTC));
    |                                    ^^^^^^^^

error: cannot find macro `datetime` in this scope
   --> tests/integration/offset_date_time.rs:583:39
    |
583 |     let mut new_years_day_2020_days = datetime!(2020-01-01 0:00 UTC);
    |                                       ^^^^^^^^

error: cannot find macro `datetime` in this scope
   --> tests/integration/offset_date_time.rs:585:41
    |
585 |     assert_eq!(new_years_day_2020_days, datetime!(2019-12-31 0:00 UTC));
    |                                         ^^^^^^^^

error: cannot find macro `datetime` in this scope
   --> tests/integration/offset_date_time.rs:587:42
    |
587 |     let mut new_years_day_2020_seconds = datetime!(2020-01-01 0:00:01 UTC);
    |                                          ^^^^^^^^

error: cannot find macro `datetime` in this scope
   --> tests/integration/offset_date_time.rs:591:9
    |
591 |         datetime!(2019-12-31 23:59:59 UTC)
    |         ^^^^^^^^

error: cannot find macro `datetime` in this scope
   --> tests/integration/offset_date_time.rs:594:42
    |
594 |     let mut new_years_eve_2020_seconds = datetime!(2019-12-31 23:59:59 UTC);
    |                                          ^^^^^^^^

error: cannot find macro `datetime` in this scope
   --> tests/integration/offset_date_time.rs:598:9
    |
598 |         datetime!(2020-01-01 0:00:01 UTC)
    |         ^^^^^^^^

error: cannot find macro `datetime` in this scope
   --> tests/integration/offset_date_time.rs:604:20
    |
604 |     let mut ny19 = datetime!(2019-01-06 0:00 UTC);
    |                    ^^^^^^^^

error: cannot find macro `datetime` in this scope
   --> tests/integration/offset_date_time.rs:606:22
    |
606 |     assert_eq!(ny19, datetime!(2019-01-01 0:00 UTC));
    |                      ^^^^^^^^

error: cannot find macro `datetime` in this scope
   --> tests/integration/offset_date_time.rs:608:20
    |
608 |     let mut ny20 = datetime!(2020-01-01 0:00 UTC);
    |                    ^^^^^^^^

error: cannot find macro `datetime` in this scope
   --> tests/integration/offset_date_time.rs:610:22
    |
610 |     assert_eq!(ny20, datetime!(2019-12-31 0:00 UTC));
    |                      ^^^^^^^^

error: cannot find macro `datetime` in this scope
   --> tests/integration/offset_date_time.rs:612:21
    |
612 |     let mut ny20t = datetime!(2020-01-01 0:00:01 UTC);
    |                     ^^^^^^^^

error: cannot find macro `datetime` in this scope
   --> tests/integration/offset_date_time.rs:614:23
    |
614 |     assert_eq!(ny20t, datetime!(2019-12-31 23:59:59 UTC));
    |                       ^^^^^^^^

error: cannot find macro `datetime` in this scope
   --> tests/integration/offset_date_time.rs:620:26
    |
620 |         SystemTime::from(datetime!(2019-01-01 0:00 UTC)) + 0.seconds(),
    |                          ^^^^^^^^

error: cannot find macro `datetime` in this scope
   --> tests/integration/offset_date_time.rs:621:26
    |
621 |         SystemTime::from(datetime!(2019-01-01 0:00 UTC)),
    |                          ^^^^^^^^

error: cannot find macro `datetime` in this scope
   --> tests/integration/offset_date_time.rs:624:26
    |
624 |         SystemTime::from(datetime!(2019-01-01 0:00 UTC)) + 5.days(),
    |                          ^^^^^^^^

error: cannot find macro `datetime` in this scope
   --> tests/integration/offset_date_time.rs:625:26
    |
625 |         SystemTime::from(datetime!(2019-01-06 0:00 UTC)),
    |                          ^^^^^^^^

error: cannot find macro `datetime` in this scope
   --> tests/integration/offset_date_time.rs:628:26
    |
628 |         SystemTime::from(datetime!(2019-12-31 0:00 UTC)) + 1.days(),
    |                          ^^^^^^^^

error: cannot find macro `datetime` in this scope
   --> tests/integration/offset_date_time.rs:629:26
    |
629 |         SystemTime::from(datetime!(2020-01-01 0:00 UTC)),
    |                          ^^^^^^^^

error: cannot find macro `datetime` in this scope
   --> tests/integration/offset_date_time.rs:632:26
    |
632 |         SystemTime::from(datetime!(2019-12-31 23:59:59 UTC)) + 2.seconds(),
    |                          ^^^^^^^^

error: cannot find macro `datetime` in this scope
   --> tests/integration/offset_date_time.rs:633:26
    |
633 |         SystemTime::from(datetime!(2020-01-01 0:00:01 UTC)),
    |                          ^^^^^^^^

error: cannot find macro `datetime` in this scope
   --> tests/integration/offset_date_time.rs:636:26
    |
636 |         SystemTime::from(datetime!(2020-01-01 0:00:01 UTC)) + (-2).seconds(),
    |                          ^^^^^^^^

error: cannot find macro `datetime` in this scope
   --> tests/integration/offset_date_time.rs:637:26
    |
637 |         SystemTime::from(datetime!(2019-12-31 23:59:59 UTC)),
    |                          ^^^^^^^^

error: cannot find macro `datetime` in this scope
   --> tests/integration/offset_date_time.rs:643:51
    |
643 |     let mut new_years_day_2019 = SystemTime::from(datetime!(2019-01-01 0:00 UTC));
    |                                                   ^^^^^^^^

error: cannot find macro `datetime` in this scope
   --> tests/integration/offset_date_time.rs:645:36
    |
645 |     assert_eq!(new_years_day_2019, datetime!(2019-01-06 0:00 UTC));
    |                                    ^^^^^^^^

error: cannot find macro `datetime` in this scope
   --> tests/integration/offset_date_time.rs:647:56
    |
647 |     let mut new_years_eve_2020_days = SystemTime::from(datetime!(2019-12-31 0:00 UTC));
    |                                                        ^^^^^^^^

error: cannot find macro `datetime` in this scope
   --> tests/integration/offset_date_time.rs:649:41
    |
649 |     assert_eq!(new_years_eve_2020_days, datetime!(2020-01-01 0:00 UTC));
    |                                         ^^^^^^^^

error: cannot find macro `datetime` in this scope
   --> tests/integration/offset_date_time.rs:651:59
    |
651 |     let mut new_years_eve_2020_seconds = SystemTime::from(datetime!(2019-12-31 23:59:59 UTC));
    |                                                           ^^^^^^^^

error: cannot find macro `datetime` in this scope
   --> tests/integration/offset_date_time.rs:655:9
    |
655 |         datetime!(2020-01-01 0:00:01 UTC)
    |         ^^^^^^^^

error: cannot find macro `datetime` in this scope
   --> tests/integration/offset_date_time.rs:658:59
    |
658 |     let mut new_years_day_2020_seconds = SystemTime::from(datetime!(2020-01-01 0:00:01 UTC));
    |                                                           ^^^^^^^^

error: cannot find macro `datetime` in this scope
   --> tests/integration/offset_date_time.rs:662:9
    |
662 |         datetime!(2019-12-31 23:59:59 UTC)
    |         ^^^^^^^^

error: cannot find macro `datetime` in this scope
   --> tests/integration/offset_date_time.rs:669:26
    |
669 |         SystemTime::from(datetime!(2019-01-06 0:00 UTC)) - 5.days(),
    |                          ^^^^^^^^

error: cannot find macro `datetime` in this scope
   --> tests/integration/offset_date_time.rs:670:26
    |
670 |         SystemTime::from(datetime!(2019-01-01 0:00 UTC)),
    |                          ^^^^^^^^

error: cannot find macro `datetime` in this scope
   --> tests/integration/offset_date_time.rs:673:26
    |
673 |         SystemTime::from(datetime!(2020-01-01 0:00 UTC)) - 1.days(),
    |                          ^^^^^^^^

error: cannot find macro `datetime` in this scope
   --> tests/integration/offset_date_time.rs:674:26
    |
674 |         SystemTime::from(datetime!(2019-12-31 0:00 UTC)),
    |                          ^^^^^^^^

error: cannot find macro `datetime` in this scope
   --> tests/integration/offset_date_time.rs:677:26
    |
677 |         SystemTime::from(datetime!(2020-01-01 0:00:01 UTC)) - 2.seconds(),
    |                          ^^^^^^^^

error: cannot find macro `datetime` in this scope
   --> tests/integration/offset_date_time.rs:678:26
    |
678 |         SystemTime::from(datetime!(2019-12-31 23:59:59 UTC)),
    |                          ^^^^^^^^

error: cannot find macro `datetime` in this scope
   --> tests/integration/offset_date_time.rs:681:26
    |
681 |         SystemTime::from(datetime!(2019-12-31 23:59:59 UTC)) - (-2).seconds(),
    |                          ^^^^^^^^

error: cannot find macro `datetime` in this scope
   --> tests/integration/offset_date_time.rs:682:26
    |
682 |         SystemTime::from(datetime!(2020-01-01 0:00:01 UTC)),
    |                          ^^^^^^^^

error: cannot find macro `datetime` in this scope
   --> tests/integration/offset_date_time.rs:688:51
    |
688 |     let mut new_years_day_2019 = SystemTime::from(datetime!(2019-01-06 0:00 UTC));
    |                                                   ^^^^^^^^

error: cannot find macro `datetime` in this scope
   --> tests/integration/offset_date_time.rs:690:36
    |
690 |     assert_eq!(new_years_day_2019, datetime!(2019-01-01 0:00 UTC));
    |                                    ^^^^^^^^

error: cannot find macro `datetime` in this scope
   --> tests/integration/offset_date_time.rs:692:51
    |
692 |     let mut new_years_day_2020 = SystemTime::from(datetime!(2020-01-01 0:00 UTC));
    |                                                   ^^^^^^^^

error: cannot find macro `datetime` in this scope
   --> tests/integration/offset_date_time.rs:694:36
    |
694 |     assert_eq!(new_years_day_2020, datetime!(2019-12-31 0:00 UTC));
    |                                    ^^^^^^^^

error: cannot find macro `datetime` in this scope
   --> tests/integration/offset_date_time.rs:696:59
    |
696 |     let mut new_years_day_2020_seconds = SystemTime::from(datetime!(2020-01-01 0:00:01 UTC));
    |                                                           ^^^^^^^^

error: cannot find macro `datetime` in this scope
   --> tests/integration/offset_date_time.rs:700:9
    |
700 |         datetime!(2019-12-31 23:59:59 UTC)
    |         ^^^^^^^^

error: cannot find macro `datetime` in this scope
   --> tests/integration/offset_date_time.rs:703:59
    |
703 |     let mut new_years_eve_2020_seconds = SystemTime::from(datetime!(2019-12-31 23:59:59 UTC));
    |                                                           ^^^^^^^^

error: cannot find macro `datetime` in this scope
   --> tests/integration/offset_date_time.rs:707:9
    |
707 |         datetime!(2020-01-01 0:00:01 UTC)
    |         ^^^^^^^^

error: cannot find macro `datetime` in this scope
   --> tests/integration/offset_date_time.rs:714:9
    |
714 |         datetime!(2019-01-02 0:00 UTC) - datetime!(2019-01-01 0:00 UTC),
    |         ^^^^^^^^

error: cannot find macro `datetime` in this scope
   --> tests/integration/offset_date_time.rs:714:42
    |
714 |         datetime!(2019-01-02 0:00 UTC) - datetime!(2019-01-01 0:00 UTC),
    |                                          ^^^^^^^^

error: cannot find macro `datetime` in this scope
   --> tests/integration/offset_date_time.rs:718:9
    |
718 |         datetime!(2019-01-01 0:00 UTC) - datetime!(2019-01-02 0:00 UTC),
    |         ^^^^^^^^

error: cannot find macro `datetime` in this scope
   --> tests/integration/offset_date_time.rs:718:42
    |
718 |         datetime!(2019-01-01 0:00 UTC) - datetime!(2019-01-02 0:00 UTC),
    |                                          ^^^^^^^^

error: cannot find macro `datetime` in this scope
   --> tests/integration/offset_date_time.rs:722:9
    |
722 |         datetime!(2020-01-01 0:00 UTC) - datetime!(2019-12-31 0:00 UTC),
    |         ^^^^^^^^

error: cannot find macro `datetime` in this scope
   --> tests/integration/offset_date_time.rs:722:42
    |
722 |         datetime!(2020-01-01 0:00 UTC) - datetime!(2019-12-31 0:00 UTC),
    |                                          ^^^^^^^^

error: cannot find macro `datetime` in this scope
   --> tests/integration/offset_date_time.rs:726:9
    |
726 |         datetime!(2019-12-31 0:00 UTC) - datetime!(2020-01-01 0:00 UTC),
    |         ^^^^^^^^

error: cannot find macro `datetime` in this scope
   --> tests/integration/offset_date_time.rs:726:42
    |
726 |         datetime!(2019-12-31 0:00 UTC) - datetime!(2020-01-01 0:00 UTC),
    |                                          ^^^^^^^^

error: cannot find macro `datetime` in this scope
   --> tests/integration/offset_date_time.rs:734:26
    |
734 |         SystemTime::from(datetime!(2019-01-02 0:00 UTC)) - datetime!(2019-01-01 0:00 UTC),
    |                          ^^^^^^^^

error: cannot find macro `datetime` in this scope
   --> tests/integration/offset_date_time.rs:734:60
    |
734 |         SystemTime::from(datetime!(2019-01-02 0:00 UTC)) - datetime!(2019-01-01 0:00 UTC),
    |                                                            ^^^^^^^^

error: cannot find macro `datetime` in this scope
   --> tests/integration/offset_date_time.rs:738:26
    |
738 |         SystemTime::from(datetime!(2019-01-01 0:00 UTC)) - datetime!(2019-01-02 0:00 UTC),
    |                          ^^^^^^^^

error: cannot find macro `datetime` in this scope
   --> tests/integration/offset_date_time.rs:738:60
    |
738 |         SystemTime::from(datetime!(2019-01-01 0:00 UTC)) - datetime!(2019-01-02 0:00 UTC),
    |                                                            ^^^^^^^^

error: cannot find macro `datetime` in this scope
   --> tests/integration/offset_date_time.rs:742:26
    |
742 |         SystemTime::from(datetime!(2020-01-01 0:00 UTC)) - datetime!(2019-12-31 0:00 UTC),
    |                          ^^^^^^^^

error: cannot find macro `datetime` in this scope
   --> tests/integration/offset_date_time.rs:742:60
    |
742 |         SystemTime::from(datetime!(2020-01-01 0:00 UTC)) - datetime!(2019-12-31 0:00 UTC),
    |                                                            ^^^^^^^^

error: cannot find macro `datetime` in this scope
   --> tests/integration/offset_date_time.rs:746:26
    |
746 |         SystemTime::from(datetime!(2019-12-31 0:00 UTC)) - datetime!(2020-01-01 0:00 UTC),
    |                          ^^^^^^^^

error: cannot find macro `datetime` in this scope
   --> tests/integration/offset_date_time.rs:746:60
    |
746 |         SystemTime::from(datetime!(2019-12-31 0:00 UTC)) - datetime!(2020-01-01 0:00 UTC),
    |                                                            ^^^^^^^^

error: cannot find macro `datetime` in this scope
   --> tests/integration/offset_date_time.rs:754:9
    |
754 |         datetime!(2019-01-02 0:00 UTC) - SystemTime::from(datetime!(2019-01-01 0:00 UTC)),
    |         ^^^^^^^^

error: cannot find macro `datetime` in this scope
   --> tests/integration/offset_date_time.rs:754:59
    |
754 |         datetime!(2019-01-02 0:00 UTC) - SystemTime::from(datetime!(2019-01-01 0:00 UTC)),
    |                                                           ^^^^^^^^

error: cannot find macro `datetime` in this scope
   --> tests/integration/offset_date_time.rs:758:9
    |
758 |         datetime!(2019-01-01 0:00 UTC) - SystemTime::from(datetime!(2019-01-02 0:00 UTC)),
    |         ^^^^^^^^

error: cannot find macro `datetime` in this scope
   --> tests/integration/offset_date_time.rs:758:59
    |
758 |         datetime!(2019-01-01 0:00 UTC) - SystemTime::from(datetime!(2019-01-02 0:00 UTC)),
    |                                                           ^^^^^^^^

error: cannot find macro `datetime` in this scope
   --> tests/integration/offset_date_time.rs:762:9
    |
762 |         datetime!(2020-01-01 0:00 UTC) - SystemTime::from(datetime!(2019-12-31 0:00 UTC)),
    |         ^^^^^^^^

error: cannot find macro `datetime` in this scope
   --> tests/integration/offset_date_time.rs:762:59
    |
762 |         datetime!(2020-01-01 0:00 UTC) - SystemTime::from(datetime!(2019-12-31 0:00 UTC)),
    |                                                           ^^^^^^^^

error: cannot find macro `datetime` in this scope
   --> tests/integration/offset_date_time.rs:766:9
    |
766 |         datetime!(2019-12-31 0:00 UTC) - SystemTime::from(datetime!(2020-01-01 0:00 UTC)),
    |         ^^^^^^^^

error: cannot find macro `datetime` in this scope
   --> tests/integration/offset_date_time.rs:766:59
    |
766 |         datetime!(2019-12-31 0:00 UTC) - SystemTime::from(datetime!(2020-01-01 0:00 UTC)),
    |                                                           ^^^^^^^^

error: cannot find macro `datetime` in this scope
   --> tests/integration/offset_date_time.rs:788:9
    |
788 |         datetime!(2019-01-01 0:00 UTC),
    |         ^^^^^^^^

error: cannot find macro `datetime` in this scope
   --> tests/integration/offset_date_time.rs:789:26
    |
789 |         SystemTime::from(datetime!(2019-01-01 0:00 UTC))
    |                          ^^^^^^^^

error: cannot find macro `datetime` in this scope
   --> tests/integration/offset_date_time.rs:791:13
    |
791 |     assert!(datetime!(2019-01-01 0:00 UTC) < SystemTime::from(datetime!(2020-01-01 0:00 UTC)));
    |             ^^^^^^^^

error: cannot find macro `datetime` in this scope
   --> tests/integration/offset_date_time.rs:791:63
    |
791 |     assert!(datetime!(2019-01-01 0:00 UTC) < SystemTime::from(datetime!(2020-01-01 0:00 UTC)));
    |                                                               ^^^^^^^^

error: cannot find macro `datetime` in this scope
   --> tests/integration/offset_date_time.rs:792:13
    |
792 |     assert!(datetime!(2019-01-01 0:00 UTC) < SystemTime::from(datetime!(2019-02-01 0:00 UTC)));
    |             ^^^^^^^^

error: cannot find macro `datetime` in this scope
   --> tests/integration/offset_date_time.rs:792:63
    |
792 |     assert!(datetime!(2019-01-01 0:00 UTC) < SystemTime::from(datetime!(2019-02-01 0:00 UTC)));
    |                                                               ^^^^^^^^

error: cannot find macro `datetime` in this scope
   --> tests/integration/offset_date_time.rs:793:13
    |
793 |     assert!(datetime!(2019-01-01 0:00 UTC) < SystemTime::from(datetime!(2019-01-02 0:00 UTC)));
    |             ^^^^^^^^

error: cannot find macro `datetime` in this scope
   --> tests/integration/offset_date_time.rs:793:63
    |
793 |     assert!(datetime!(2019-01-01 0:00 UTC) < SystemTime::from(datetime!(2019-01-02 0:00 UTC)));
    |                                                               ^^^^^^^^

error: cannot find macro `datetime` in this scope
   --> tests/integration/offset_date_time.rs:794:13
    |
794 |     assert!(datetime!(2019-01-01 0:00 UTC) < SystemTime::from(datetime!(2019-01-01 1:00:00 UTC)));
    |             ^^^^^^^^

error: cannot find macro `datetime` in this scope
   --> tests/integration/offset_date_time.rs:794:63
    |
794 |     assert!(datetime!(2019-01-01 0:00 UTC) < SystemTime::from(datetime!(2019-01-01 1:00:00 UTC)));
    |                                                               ^^^^^^^^

error: cannot find macro `datetime` in this scope
   --> tests/integration/offset_date_time.rs:795:13
    |
795 |     assert!(datetime!(2019-01-01 0:00 UTC) < SystemTime::from(datetime!(2019-01-01 0:01:00 UTC)));
    |             ^^^^^^^^

error: cannot find macro `datetime` in this scope
   --> tests/integration/offset_date_time.rs:795:63
    |
795 |     assert!(datetime!(2019-01-01 0:00 UTC) < SystemTime::from(datetime!(2019-01-01 0:01:00 UTC)));
    |                                                               ^^^^^^^^

error: cannot find macro `datetime` in this scope
   --> tests/integration/offset_date_time.rs:796:13
    |
796 |     assert!(datetime!(2019-01-01 0:00 UTC) < SystemTime::from(datetime!(2019-01-01 0:00:01 UTC)));
    |             ^^^^^^^^

error: cannot find macro `datetime` in this scope
   --> tests/integration/offset_date_time.rs:796:63
    |
796 |     assert!(datetime!(2019-01-01 0:00 UTC) < SystemTime::from(datetime!(2019-01-01 0:00:01 UTC)));
    |                                                               ^^^^^^^^

error: cannot find macro `datetime` in this scope
   --> tests/integration/offset_date_time.rs:798:9
    |
798 |         datetime!(2019-01-01 0:00 UTC) < SystemTime::from(datetime!(2019-01-01 0:00:00.001 UTC))
    |         ^^^^^^^^

error: cannot find macro `datetime` in this scope
   --> tests/integration/offset_date_time.rs:798:59
    |
798 |         datetime!(2019-01-01 0:00 UTC) < SystemTime::from(datetime!(2019-01-01 0:00:00.001 UTC))
    |                                                           ^^^^^^^^

error: cannot find macro `datetime` in this scope
   --> tests/integration/offset_date_time.rs:800:13
    |
800 |     assert!(datetime!(2020-01-01 0:00 UTC) > SystemTime::from(datetime!(2019-01-01 0:00 UTC)));
    |             ^^^^^^^^

error: cannot find macro `datetime` in this scope
   --> tests/integration/offset_date_time.rs:800:63
    |
800 |     assert!(datetime!(2020-01-01 0:00 UTC) > SystemTime::from(datetime!(2019-01-01 0:00 UTC)));
    |                                                               ^^^^^^^^

error: cannot find macro `datetime` in this scope
   --> tests/integration/offset_date_time.rs:801:13
    |
801 |     assert!(datetime!(2019-02-01 0:00 UTC) > SystemTime::from(datetime!(2019-01-01 0:00 UTC)));
    |             ^^^^^^^^

error: cannot find macro `datetime` in this scope
   --> tests/integration/offset_date_time.rs:801:63
    |
801 |     assert!(datetime!(2019-02-01 0:00 UTC) > SystemTime::from(datetime!(2019-01-01 0:00 UTC)));
    |                                                               ^^^^^^^^

error: cannot find macro `datetime` in this scope
   --> tests/integration/offset_date_time.rs:802:13
    |
802 |     assert!(datetime!(2019-01-02 0:00 UTC) > SystemTime::from(datetime!(2019-01-01 0:00 UTC)));
    |             ^^^^^^^^

error: cannot find macro `datetime` in this scope
   --> tests/integration/offset_date_time.rs:802:63
    |
802 |     assert!(datetime!(2019-01-02 0:00 UTC) > SystemTime::from(datetime!(2019-01-01 0:00 UTC)));
    |                                                               ^^^^^^^^

error: cannot find macro `datetime` in this scope
   --> tests/integration/offset_date_time.rs:803:13
    |
803 |     assert!(datetime!(2019-01-01 1:00:00 UTC) > SystemTime::from(datetime!(2019-01-01 0:00 UTC)));
    |             ^^^^^^^^

error: cannot find macro `datetime` in this scope
   --> tests/integration/offset_date_time.rs:803:66
    |
803 |     assert!(datetime!(2019-01-01 1:00:00 UTC) > SystemTime::from(datetime!(2019-01-01 0:00 UTC)));
    |                                                                  ^^^^^^^^

error: cannot find macro `datetime` in this scope
   --> tests/integration/offset_date_time.rs:804:13
    |
804 |     assert!(datetime!(2019-01-01 0:01:00 UTC) > SystemTime::from(datetime!(2019-01-01 0:00 UTC)));
    |             ^^^^^^^^

error: cannot find macro `datetime` in this scope
   --> tests/integration/offset_date_time.rs:804:66
    |
804 |     assert!(datetime!(2019-01-01 0:01:00 UTC) > SystemTime::from(datetime!(2019-01-01 0:00 UTC)));
    |                                                                  ^^^^^^^^

error: cannot find macro `datetime` in this scope
   --> tests/integration/offset_date_time.rs:805:13
    |
805 |     assert!(datetime!(2019-01-01 0:00:01 UTC) > SystemTime::from(datetime!(2019-01-01 0:00 UTC)));
    |             ^^^^^^^^

error: cannot find macro `datetime` in this scope
   --> tests/integration/offset_date_time.rs:805:66
    |
805 |     assert!(datetime!(2019-01-01 0:00:01 UTC) > SystemTime::from(datetime!(2019-01-01 0:00 UTC)));
    |                                                                  ^^^^^^^^

error: cannot find macro `datetime` in this scope
   --> tests/integration/offset_date_time.rs:807:9
    |
807 |         datetime!(2019-01-01 0:00:00.000_000_001 UTC)
    |         ^^^^^^^^

error: cannot find macro `datetime` in this scope
   --> tests/integration/offset_date_time.rs:808:32
    |
808 |             > SystemTime::from(datetime!(2019-01-01 0:00 UTC))
    |                                ^^^^^^^^

error: cannot find macro `datetime` in this scope
   --> tests/integration/offset_date_time.rs:815:26
    |
815 |         SystemTime::from(datetime!(2019-01-01 0:00 UTC)),
    |                          ^^^^^^^^

error: cannot find macro `datetime` in this scope
   --> tests/integration/offset_date_time.rs:816:9
    |
816 |         datetime!(2019-01-01 0:00 UTC)
    |         ^^^^^^^^

error: cannot find macro `datetime` in this scope
   --> tests/integration/offset_date_time.rs:818:30
    |
818 |     assert!(SystemTime::from(datetime!(2019-01-01 0:00 UTC)) < datetime!(2020-01-01 0:00 UTC));
    |                              ^^^^^^^^

error: cannot find macro `datetime` in this scope
   --> tests/integration/offset_date_time.rs:818:64
    |
818 |     assert!(SystemTime::from(datetime!(2019-01-01 0:00 UTC)) < datetime!(2020-01-01 0:00 UTC));
    |                                                                ^^^^^^^^

error: cannot find macro `datetime` in this scope
   --> tests/integration/offset_date_time.rs:819:30
    |
819 |     assert!(SystemTime::from(datetime!(2019-01-01 0:00 UTC)) < datetime!(2019-02-01 0:00 UTC));
    |                              ^^^^^^^^

error: cannot find macro `datetime` in this scope
   --> tests/integration/offset_date_time.rs:819:64
    |
819 |     assert!(SystemTime::from(datetime!(2019-01-01 0:00 UTC)) < datetime!(2019-02-01 0:00 UTC));
    |                                                                ^^^^^^^^

error: cannot find macro `datetime` in this scope
   --> tests/integration/offset_date_time.rs:820:30
    |
820 |     assert!(SystemTime::from(datetime!(2019-01-01 0:00 UTC)) < datetime!(2019-01-02 0:00 UTC));
    |                              ^^^^^^^^

error: cannot find macro `datetime` in this scope
   --> tests/integration/offset_date_time.rs:820:64
    |
820 |     assert!(SystemTime::from(datetime!(2019-01-01 0:00 UTC)) < datetime!(2019-01-02 0:00 UTC));
    |                                                                ^^^^^^^^

error: cannot find macro `datetime` in this scope
   --> tests/integration/offset_date_time.rs:821:30
    |
821 |     assert!(SystemTime::from(datetime!(2019-01-01 0:00 UTC)) < datetime!(2019-01-01 1:00:00 UTC));
    |                              ^^^^^^^^

error: cannot find macro `datetime` in this scope
   --> tests/integration/offset_date_time.rs:821:64
    |
821 |     assert!(SystemTime::from(datetime!(2019-01-01 0:00 UTC)) < datetime!(2019-01-01 1:00:00 UTC));
    |                                                                ^^^^^^^^

error: cannot find macro `datetime` in this scope
   --> tests/integration/offset_date_time.rs:822:30
    |
822 |     assert!(SystemTime::from(datetime!(2019-01-01 0:00 UTC)) < datetime!(2019-01-01 0:01:00 UTC));
    |                              ^^^^^^^^

error: cannot find macro `datetime` in this scope
   --> tests/integration/offset_date_time.rs:822:64
    |
822 |     assert!(SystemTime::from(datetime!(2019-01-01 0:00 UTC)) < datetime!(2019-01-01 0:01:00 UTC));
    |                                                                ^^^^^^^^

error: cannot find macro `datetime` in this scope
   --> tests/integration/offset_date_time.rs:823:30
    |
823 |     assert!(SystemTime::from(datetime!(2019-01-01 0:00 UTC)) < datetime!(2019-01-01 0:00:01 UTC));
    |                              ^^^^^^^^

error: cannot find macro `datetime` in this scope
   --> tests/integration/offset_date_time.rs:823:64
    |
823 |     assert!(SystemTime::from(datetime!(2019-01-01 0:00 UTC)) < datetime!(2019-01-01 0:00:01 UTC));
    |                                                                ^^^^^^^^

error: cannot find macro `datetime` in this scope
   --> tests/integration/offset_date_time.rs:825:26
    |
825 |         SystemTime::from(datetime!(2019-01-01 0:00 UTC))
    |                          ^^^^^^^^

error: cannot find macro `datetime` in this scope
   --> tests/integration/offset_date_time.rs:826:15
    |
826 |             < datetime!(2019-01-01 0:00:00.000_000_001 UTC)
    |               ^^^^^^^^

error: cannot find macro `datetime` in this scope
   --> tests/integration/offset_date_time.rs:828:30
    |
828 |     assert!(SystemTime::from(datetime!(2020-01-01 0:00 UTC)) > datetime!(2019-01-01 0:00 UTC));
    |                              ^^^^^^^^

error: cannot find macro `datetime` in this scope
   --> tests/integration/offset_date_time.rs:828:64
    |
828 |     assert!(SystemTime::from(datetime!(2020-01-01 0:00 UTC)) > datetime!(2019-01-01 0:00 UTC));
    |                                                                ^^^^^^^^

error: cannot find macro `datetime` in this scope
   --> tests/integration/offset_date_time.rs:829:30
    |
829 |     assert!(SystemTime::from(datetime!(2019-02-01 0:00 UTC)) > datetime!(2019-01-01 0:00 UTC));
    |                              ^^^^^^^^

error: cannot find macro `datetime` in this scope
   --> tests/integration/offset_date_time.rs:829:64
    |
829 |     assert!(SystemTime::from(datetime!(2019-02-01 0:00 UTC)) > datetime!(2019-01-01 0:00 UTC));
    |                                                                ^^^^^^^^

error: cannot find macro `datetime` in this scope
   --> tests/integration/offset_date_time.rs:830:30
    |
830 |     assert!(SystemTime::from(datetime!(2019-01-02 0:00 UTC)) > datetime!(2019-01-01 0:00 UTC));
    |                              ^^^^^^^^

error: cannot find macro `datetime` in this scope
   --> tests/integration/offset_date_time.rs:830:64
    |
830 |     assert!(SystemTime::from(datetime!(2019-01-02 0:00 UTC)) > datetime!(2019-01-01 0:00 UTC));
    |                                                                ^^^^^^^^

error: cannot find macro `datetime` in this scope
   --> tests/integration/offset_date_time.rs:831:30
    |
831 |     assert!(SystemTime::from(datetime!(2019-01-01 1:00:00 UTC)) > datetime!(2019-01-01 0:00 UTC));
    |                              ^^^^^^^^

error: cannot find macro `datetime` in this scope
   --> tests/integration/offset_date_time.rs:831:67
    |
831 |     assert!(SystemTime::from(datetime!(2019-01-01 1:00:00 UTC)) > datetime!(2019-01-01 0:00 UTC));
    |                                                                   ^^^^^^^^

error: cannot find macro `datetime` in this scope
   --> tests/integration/offset_date_time.rs:832:30
    |
832 |     assert!(SystemTime::from(datetime!(2019-01-01 0:01:00 UTC)) > datetime!(2019-01-01 0:00 UTC));
    |                              ^^^^^^^^

error: cannot find macro `datetime` in this scope
   --> tests/integration/offset_date_time.rs:832:67
    |
832 |     assert!(SystemTime::from(datetime!(2019-01-01 0:01:00 UTC)) > datetime!(2019-01-01 0:00 UTC));
    |                                                                   ^^^^^^^^

error: cannot find macro `datetime` in this scope
   --> tests/integration/offset_date_time.rs:833:30
    |
833 |     assert!(SystemTime::from(datetime!(2019-01-01 0:00:01 UTC)) > datetime!(2019-01-01 0:00 UTC));
    |                              ^^^^^^^^

error: cannot find macro `datetime` in this scope
   --> tests/integration/offset_date_time.rs:833:67
    |
833 |     assert!(SystemTime::from(datetime!(2019-01-01 0:00:01 UTC)) > datetime!(2019-01-01 0:00 UTC));
    |                                                                   ^^^^^^^^

error: cannot find macro `datetime` in this scope
   --> tests/integration/offset_date_time.rs:835:26
    |
835 |         SystemTime::from(datetime!(2019-01-01 0:00:00.001 UTC)) > datetime!(2019-01-01 0:00 UTC)
    |                          ^^^^^^^^

error: cannot find macro `datetime` in this scope
   --> tests/integration/offset_date_time.rs:835:67
    |
835 |         SystemTime::from(datetime!(2019-01-01 0:00:00.001 UTC)) > datetime!(2019-01-01 0:00 UTC)
    |                                                                   ^^^^^^^^

error: cannot find macro `datetime` in this scope
  --> tests/integration/parsing.rs:13:9
   |
13 |         datetime!(2021-01-02 03:04:05 UTC),
   |         ^^^^^^^^

error: cannot find macro `datetime` in this scope
  --> tests/integration/parsing.rs:17:9
   |
17 |         datetime!(2021-01-02 03:04:05.1 UTC),
   |         ^^^^^^^^

error: cannot find macro `datetime` in this scope
  --> tests/integration/parsing.rs:21:9
   |
21 |         datetime!(2021-01-02 03:04:05.12 UTC),
   |         ^^^^^^^^

error: cannot find macro `datetime` in this scope
  --> tests/integration/parsing.rs:25:9
   |
25 |         datetime!(2021-01-02 03:04:05.123 UTC),
   |         ^^^^^^^^

error: cannot find macro `datetime` in this scope
  --> tests/integration/parsing.rs:29:9
   |
29 |         datetime!(2021-01-02 03:04:05.123_4 UTC),
   |         ^^^^^^^^

error: cannot find macro `datetime` in this scope
  --> tests/integration/parsing.rs:33:9
   |
33 |         datetime!(2021-01-02 03:04:05.123_45 UTC),
   |         ^^^^^^^^

error: cannot find macro `datetime` in this scope
  --> tests/integration/parsing.rs:37:9
   |
37 |         datetime!(2021-01-02 03:04:05.123_456 UTC),
   |         ^^^^^^^^

error: cannot find macro `datetime` in this scope
  --> tests/integration/parsing.rs:41:9
   |
41 |         datetime!(2021-01-02 03:04:05.123_456_7 UTC),
   |         ^^^^^^^^

error: cannot find macro `datetime` in this scope
  --> tests/integration/parsing.rs:45:9
   |
45 |         datetime!(2021-01-02 03:04:05.123_456_78 UTC),
   |         ^^^^^^^^

error: cannot find macro `datetime` in this scope
  --> tests/integration/parsing.rs:49:9
   |
49 |         datetime!(2021-01-02 03:04:05.123_456_789 UTC),
   |         ^^^^^^^^

error: cannot find macro `datetime` in this scope
  --> tests/integration/parsing.rs:53:9
   |
53 |         datetime!(2021-01-02 03:04:05.123_456_789 -01:02),
   |         ^^^^^^^^

error: cannot find macro `datetime` in this scope
  --> tests/integration/parsing.rs:57:9
   |
57 |         datetime!(2021-01-02 03:04:05.123_456_789 +01:02),
   |         ^^^^^^^^

error: cannot find macro `date` in this scope
  --> tests/integration/parsing.rs:62:9
   |
62 |         date!(2021 - 01 - 02),
   |         ^^^^

error: cannot find macro `date` in this scope
  --> tests/integration/parsing.rs:66:9
   |
66 |         date!(2021 - 01 - 02),
   |         ^^^^

error: cannot find macro `date` in this scope
  --> tests/integration/parsing.rs:70:9
   |
70 |         date!(2021 - 01 - 02),
   |         ^^^^

error: cannot determine resolution for the macro `time`
  --> tests/integration/parsing.rs:86:13
   |
86 |             time!(13:02:03),
   |             ^^^^
   |
   = note: import resolution is stuck, try simplifying macro imports

error: cannot determine resolution for the macro `time`
  --> tests/integration/parsing.rs:91:13
   |
91 |             time!(1:02 PM),
   |             ^^^^
   |
   = note: import resolution is stuck, try simplifying macro imports

error: cannot determine resolution for the macro `time`
  --> tests/integration/parsing.rs:93:50
   |
93 |         (fd::parse("[hour]:[minute]")?, "01:02", time!(1:02)),
   |                                                  ^^^^
   |
   = note: import resolution is stuck, try simplifying macro imports

error: cannot determine resolution for the macro `time`
  --> tests/integration/parsing.rs:97:13
   |
97 |             time!(1:02 AM),
   |             ^^^^
   |
   = note: import resolution is stuck, try simplifying macro imports

error: cannot determine resolution for the macro `time`
  --> tests/integration/parsing.rs:99:50
   |
99 |         (fd::parse("[hour]:[minute]")?, "01:02", time!(1:02)),
   |                                                  ^^^^
   |
   = note: import resolution is stuck, try simplifying macro imports

error: cannot find macro `date` in this scope
   --> tests/integration/parsing.rs:130:13
    |
130 |             date!(2021 - 01 - 02),
    |             ^^^^

error: cannot find macro `date` in this scope
   --> tests/integration/parsing.rs:135:13
    |
135 |             date!(2021 - 002),
    |             ^^^^

error: cannot find macro `date` in this scope
   --> tests/integration/parsing.rs:140:13
    |
140 |             date!(2021 - 01 - 02),
    |             ^^^^

error: cannot find macro `date` in this scope
   --> tests/integration/parsing.rs:145:13
    |
145 |             date!(2021 - 01 - 02),
    |             ^^^^

error: cannot find macro `date` in this scope
   --> tests/integration/parsing.rs:150:13
    |
150 |             date!(2021 - 01 - 02),
    |             ^^^^

error: cannot find macro `date` in this scope
   --> tests/integration/parsing.rs:155:13
    |
155 |             date!(2023 - 01 - 02),
    |             ^^^^

error: cannot find macro `date` in this scope
   --> tests/integration/parsing.rs:160:13
    |
160 |             date!(2022 - 01 - 02),
    |             ^^^^

error: cannot find macro `date` in this scope
   --> tests/integration/parsing.rs:165:13
    |
165 |             date!(2026 - 01 - 02),
    |             ^^^^

error: cannot find macro `date` in this scope
   --> tests/integration/parsing.rs:170:13
    |
170 |             date!(2025 - 01 - 02),
    |             ^^^^

error: cannot find macro `date` in this scope
   --> tests/integration/parsing.rs:175:13
    |
175 |             date!(2019 - 01 - 02),
    |             ^^^^

error: cannot find macro `date` in this scope
   --> tests/integration/parsing.rs:180:13
    |
180 |             date!(2018 - 01 - 02),
    |             ^^^^

error: cannot find macro `date` in this scope
  --> tests/integration/primitive_date_time.rs:10:32
   |
10 |         PrimitiveDateTime::new(date!(2019 - 01 - 01), time!(0:00)),
   |                                ^^^^

error: cannot determine resolution for the macro `time`
  --> tests/integration/primitive_date_time.rs:10:55
   |
10 |         PrimitiveDateTime::new(date!(2019 - 01 - 01), time!(0:00)),
   |                                                       ^^^^
   |
   = note: import resolution is stuck, try simplifying macro imports

error: cannot find macro `datetime` in this scope
  --> tests/integration/primitive_date_time.rs:11:9
   |
11 |         datetime!(2019-01-01 0:00),
   |         ^^^^^^^^

error: cannot find macro `datetime` in this scope
  --> tests/integration/primitive_date_time.rs:17:16
   |
17 |     assert_eq!(datetime!(2019-01-01 0:00).date(), date!(2019 - 01 - 01));
   |                ^^^^^^^^

error: cannot find macro `date` in this scope
  --> tests/integration/primitive_date_time.rs:17:51
   |
17 |     assert_eq!(datetime!(2019-01-01 0:00).date(), date!(2019 - 01 - 01));
   |                                                   ^^^^

error: cannot find macro `datetime` in this scope
  --> tests/integration/primitive_date_time.rs:22:16
   |
22 |     assert_eq!(datetime!(2019-01-01 0:00).time(), time!(0:00));
   |                ^^^^^^^^

error: cannot determine resolution for the macro `time`
  --> tests/integration/primitive_date_time.rs:22:51
   |
22 |     assert_eq!(datetime!(2019-01-01 0:00).time(), time!(0:00));
   |                                                   ^^^^
   |
   = note: import resolution is stuck, try simplifying macro imports

error: cannot find macro `datetime` in this scope
  --> tests/integration/primitive_date_time.rs:27:16
   |
27 |     assert_eq!(datetime!(2019-01-01 0:00).year(), 2019);
   |                ^^^^^^^^

error: cannot find macro `datetime` in this scope
  --> tests/integration/primitive_date_time.rs:28:16
   |
28 |     assert_eq!(datetime!(2019-12-31 0:00).year(), 2019);
   |                ^^^^^^^^

error: cannot find macro `datetime` in this scope
  --> tests/integration/primitive_date_time.rs:29:16
   |
29 |     assert_eq!(datetime!(2020-01-01 0:00).year(), 2020);
   |                ^^^^^^^^

error: cannot find macro `datetime` in this scope
  --> tests/integration/primitive_date_time.rs:34:16
   |
34 |     assert_eq!(datetime!(2019-01-01 0:00).month(), Month::January);
   |                ^^^^^^^^

error: cannot find macro `datetime` in this scope
  --> tests/integration/primitive_date_time.rs:35:16
   |
35 |     assert_eq!(datetime!(2019-12-31 0:00).month(), Month::December);
   |                ^^^^^^^^

error: cannot find macro `datetime` in this scope
  --> tests/integration/primitive_date_time.rs:40:16
   |
40 |     assert_eq!(datetime!(2019-01-01 0:00).day(), 1);
   |                ^^^^^^^^

error: cannot find macro `datetime` in this scope
  --> tests/integration/primitive_date_time.rs:41:16
   |
41 |     assert_eq!(datetime!(2019-12-31 0:00).day(), 31);
   |                ^^^^^^^^

error: cannot find macro `datetime` in this scope
  --> tests/integration/primitive_date_time.rs:46:16
   |
46 |     assert_eq!(datetime!(2019-01-01 0:00).ordinal(), 1);
   |                ^^^^^^^^

error: cannot find macro `datetime` in this scope
  --> tests/integration/primitive_date_time.rs:47:16
   |
47 |     assert_eq!(datetime!(2019-12-31 0:00).ordinal(), 365);
   |                ^^^^^^^^

error: cannot find macro `datetime` in this scope
  --> tests/integration/primitive_date_time.rs:52:16
   |
52 |     assert_eq!(datetime!(2019-01-01 0:00).iso_week(), 1);
   |                ^^^^^^^^

error: cannot find macro `datetime` in this scope
  --> tests/integration/primitive_date_time.rs:53:16
   |
53 |     assert_eq!(datetime!(2019-10-04 0:00).iso_week(), 40);
   |                ^^^^^^^^

error: cannot find macro `datetime` in this scope
  --> tests/integration/primitive_date_time.rs:54:16
   |
54 |     assert_eq!(datetime!(2020-01-01 0:00).iso_week(), 1);
   |                ^^^^^^^^

error: cannot find macro `datetime` in this scope
  --> tests/integration/primitive_date_time.rs:55:16
   |
55 |     assert_eq!(datetime!(2020-12-31 0:00).iso_week(), 53);
   |                ^^^^^^^^

error: cannot find macro `datetime` in this scope
  --> tests/integration/primitive_date_time.rs:56:16
   |
56 |     assert_eq!(datetime!(2021-01-01 0:00).iso_week(), 53);
   |                ^^^^^^^^

error: cannot find macro `datetime` in this scope
  --> tests/integration/primitive_date_time.rs:61:16
   |
61 |     assert_eq!(datetime!(2019-01-01 0:00).sunday_based_week(), 0);
   |                ^^^^^^^^

error: cannot find macro `datetime` in this scope
  --> tests/integration/primitive_date_time.rs:62:16
   |
62 |     assert_eq!(datetime!(2020-01-01 0:00).sunday_based_week(), 0);
   |                ^^^^^^^^

error: cannot find macro `datetime` in this scope
  --> tests/integration/primitive_date_time.rs:63:16
   |
63 |     assert_eq!(datetime!(2020-12-31 0:00).sunday_based_week(), 52);
   |                ^^^^^^^^

error: cannot find macro `datetime` in this scope
  --> tests/integration/primitive_date_time.rs:64:16
   |
64 |     assert_eq!(datetime!(2021-01-01 0:00).sunday_based_week(), 0);
   |                ^^^^^^^^

error: cannot find macro `datetime` in this scope
  --> tests/integration/primitive_date_time.rs:69:16
   |
69 |     assert_eq!(datetime!(2019-01-01 0:00).monday_based_week(), 0);
   |                ^^^^^^^^

error: cannot find macro `datetime` in this scope
  --> tests/integration/primitive_date_time.rs:70:16
   |
70 |     assert_eq!(datetime!(2020-01-01 0:00).monday_based_week(), 0);
   |                ^^^^^^^^

error: cannot find macro `datetime` in this scope
  --> tests/integration/primitive_date_time.rs:71:16
   |
71 |     assert_eq!(datetime!(2020-12-31 0:00).monday_based_week(), 52);
   |                ^^^^^^^^

error: cannot find macro `datetime` in this scope
  --> tests/integration/primitive_date_time.rs:72:16
   |
72 |     assert_eq!(datetime!(2021-01-01 0:00).monday_based_week(), 0);
   |                ^^^^^^^^

error: cannot find macro `datetime` in this scope
  --> tests/integration/primitive_date_time.rs:78:9
   |
78 |         datetime!(2019-01-02 0:00).to_calendar_date(),
   |         ^^^^^^^^

error: cannot find macro `datetime` in this scope
  --> tests/integration/primitive_date_time.rs:85:16
   |
85 |     assert_eq!(datetime!(2019-01-01 0:00).to_ordinal_date(), (2019, 1));
   |                ^^^^^^^^

error: cannot find macro `datetime` in this scope
  --> tests/integration/primitive_date_time.rs:92:9
   |
92 |         datetime!(2019-01-01 0:00).to_iso_week_date(),
   |         ^^^^^^^^

error: cannot find macro `datetime` in this scope
  --> tests/integration/primitive_date_time.rs:96:9
   |
96 |         datetime!(2019-10-04 0:00).to_iso_week_date(),
   |         ^^^^^^^^

error: cannot find macro `datetime` in this scope
   --> tests/integration/primitive_date_time.rs:100:9
    |
100 |         datetime!(2020-01-01 0:00).to_iso_week_date(),
    |         ^^^^^^^^

error: cannot find macro `datetime` in this scope
   --> tests/integration/primitive_date_time.rs:104:9
    |
104 |         datetime!(2020-12-31 0:00).to_iso_week_date(),
    |         ^^^^^^^^

error: cannot find macro `datetime` in this scope
   --> tests/integration/primitive_date_time.rs:108:9
    |
108 |         datetime!(2021-01-01 0:00).to_iso_week_date(),
    |         ^^^^^^^^

error: cannot find macro `datetime` in this scope
   --> tests/integration/primitive_date_time.rs:116:16
    |
116 |     assert_eq!(datetime!(2019-01-01 0:00).weekday(), Tuesday);
    |                ^^^^^^^^

error: cannot find macro `datetime` in this scope
   --> tests/integration/primitive_date_time.rs:117:16
    |
117 |     assert_eq!(datetime!(2019-02-01 0:00).weekday(), Friday);
    |                ^^^^^^^^

error: cannot find macro `datetime` in this scope
   --> tests/integration/primitive_date_time.rs:118:16
    |
118 |     assert_eq!(datetime!(2019-03-01 0:00).weekday(), Friday);
    |                ^^^^^^^^

error: cannot find macro `datetime` in this scope
   --> tests/integration/primitive_date_time.rs:119:16
    |
119 |     assert_eq!(datetime!(2019-04-01 0:00).weekday(), Monday);
    |                ^^^^^^^^

error: cannot find macro `datetime` in this scope
   --> tests/integration/primitive_date_time.rs:120:16
    |
120 |     assert_eq!(datetime!(2019-05-01 0:00).weekday(), Wednesday);
    |                ^^^^^^^^

error: cannot find macro `datetime` in this scope
   --> tests/integration/primitive_date_time.rs:121:16
    |
121 |     assert_eq!(datetime!(2019-06-01 0:00).weekday(), Saturday);
    |                ^^^^^^^^

error: cannot find macro `datetime` in this scope
   --> tests/integration/primitive_date_time.rs:122:16
    |
122 |     assert_eq!(datetime!(2019-07-01 0:00).weekday(), Monday);
    |                ^^^^^^^^

error: cannot find macro `datetime` in this scope
   --> tests/integration/primitive_date_time.rs:123:16
    |
123 |     assert_eq!(datetime!(2019-08-01 0:00).weekday(), Thursday);
    |                ^^^^^^^^

error: cannot find macro `datetime` in this scope
   --> tests/integration/primitive_date_time.rs:124:16
    |
124 |     assert_eq!(datetime!(2019-09-01 0:00).weekday(), Sunday);
    |                ^^^^^^^^

error: cannot find macro `datetime` in this scope
   --> tests/integration/primitive_date_time.rs:125:16
    |
125 |     assert_eq!(datetime!(2019-10-01 0:00).weekday(), Tuesday);
    |                ^^^^^^^^

error: cannot find macro `datetime` in this scope
   --> tests/integration/primitive_date_time.rs:126:16
    |
126 |     assert_eq!(datetime!(2019-11-01 0:00).weekday(), Friday);
    |                ^^^^^^^^

error: cannot find macro `datetime` in this scope
   --> tests/integration/primitive_date_time.rs:127:16
    |
127 |     assert_eq!(datetime!(2019-12-01 0:00).weekday(), Sunday);
    |                ^^^^^^^^

error: cannot find macro `datetime` in this scope
   --> tests/integration/primitive_date_time.rs:132:16
    |
132 |     assert_eq!(datetime!(-999_999-01-01 0:00).to_julian_day(), -363_521_074);
    |                ^^^^^^^^

error: cannot find macro `datetime` in this scope
   --> tests/integration/primitive_date_time.rs:133:16
    |
133 |     assert_eq!(datetime!(-4713-11-24 0:00).to_julian_day(), 0);
    |                ^^^^^^^^

error: cannot find macro `datetime` in this scope
   --> tests/integration/primitive_date_time.rs:134:16
    |
134 |     assert_eq!(datetime!(2000-01-01 0:00).to_julian_day(), 2_451_545);
    |                ^^^^^^^^

error: cannot find macro `datetime` in this scope
   --> tests/integration/primitive_date_time.rs:135:16
    |
135 |     assert_eq!(datetime!(2019-01-01 0:00).to_julian_day(), 2_458_485);
    |                ^^^^^^^^

error: cannot find macro `datetime` in this scope
   --> tests/integration/primitive_date_time.rs:136:16
    |
136 |     assert_eq!(datetime!(2019-12-31 0:00).to_julian_day(), 2_458_849);
    |                ^^^^^^^^

error: cannot find macro `datetime` in this scope
   --> tests/integration/primitive_date_time.rs:141:16
    |
141 |     assert_eq!(datetime!(2020-01-01 1:02:03).as_hms(), (1, 2, 3));
    |                ^^^^^^^^

error: cannot find macro `datetime` in this scope
   --> tests/integration/primitive_date_time.rs:147:9
    |
147 |         datetime!(2020-01-01 1:02:03.004).as_hms_milli(),
    |         ^^^^^^^^

error: cannot find macro `datetime` in this scope
   --> tests/integration/primitive_date_time.rs:155:9
    |
155 |         datetime!(2020-01-01 1:02:03.004_005).as_hms_micro(),
    |         ^^^^^^^^

error: cannot find macro `datetime` in this scope
   --> tests/integration/primitive_date_time.rs:163:9
    |
163 |         datetime!(2020-01-01 1:02:03.004_005_006).as_hms_nano(),
    |         ^^^^^^^^

error: cannot find macro `datetime` in this scope
   --> tests/integration/primitive_date_time.rs:170:16
    |
170 |     assert_eq!(datetime!(2019-01-01 0:00).hour(), 0);
    |                ^^^^^^^^

error: cannot find macro `datetime` in this scope
   --> tests/integration/primitive_date_time.rs:171:16
    |
171 |     assert_eq!(datetime!(2019-01-01 23:59:59).hour(), 23);
    |                ^^^^^^^^

error: cannot find macro `datetime` in this scope
   --> tests/integration/primitive_date_time.rs:176:16
    |
176 |     assert_eq!(datetime!(2019-01-01 0:00).minute(), 0);
    |                ^^^^^^^^

error: cannot find macro `datetime` in this scope
   --> tests/integration/primitive_date_time.rs:177:16
    |
177 |     assert_eq!(datetime!(2019-01-01 23:59:59).minute(), 59);
    |                ^^^^^^^^

error: cannot find macro `datetime` in this scope
   --> tests/integration/primitive_date_time.rs:182:16
    |
182 |     assert_eq!(datetime!(2019-01-01 0:00).second(), 0);
    |                ^^^^^^^^

error: cannot find macro `datetime` in this scope
   --> tests/integration/primitive_date_time.rs:183:16
    |
183 |     assert_eq!(datetime!(2019-01-01 23:59:59).second(), 59);
    |                ^^^^^^^^

error: cannot find macro `datetime` in this scope
   --> tests/integration/primitive_date_time.rs:188:16
    |
188 |     assert_eq!(datetime!(2019-01-01 0:00).millisecond(), 0);
    |                ^^^^^^^^

error: cannot find macro `datetime` in this scope
   --> tests/integration/primitive_date_time.rs:189:16
    |
189 |     assert_eq!(datetime!(2019-01-01 23:59:59.999).millisecond(), 999);
    |                ^^^^^^^^

error: cannot find macro `datetime` in this scope
   --> tests/integration/primitive_date_time.rs:194:16
    |
194 |     assert_eq!(datetime!(2019-01-01 0:00).microsecond(), 0);
    |                ^^^^^^^^

error: cannot find macro `datetime` in this scope
   --> tests/integration/primitive_date_time.rs:196:9
    |
196 |         datetime!(2019-01-01 23:59:59.999_999).microsecond(),
    |         ^^^^^^^^

error: cannot find macro `datetime` in this scope
   --> tests/integration/primitive_date_time.rs:203:16
    |
203 |     assert_eq!(datetime!(2019-01-01 0:00).nanosecond(), 0);
    |                ^^^^^^^^

error: cannot find macro `datetime` in this scope
   --> tests/integration/primitive_date_time.rs:205:9
    |
205 |         datetime!(2019-01-01 23:59:59.999_999_999).nanosecond(),
    |         ^^^^^^^^

error: cannot find macro `datetime` in this scope
   --> tests/integration/primitive_date_time.rs:213:9
    |
213 |         datetime!(2019-01-01 0:00)
    |         ^^^^^^^^

error: cannot find macro `offset` in this scope
   --> tests/integration/primitive_date_time.rs:214:28
    |
214 |             .assume_offset(offset!(UTC))
    |                            ^^^^^^

error: cannot find macro `datetime` in this scope
   --> tests/integration/primitive_date_time.rs:219:9
    |
219 |         datetime!(2019-01-01 0:00)
    |         ^^^^^^^^

error: cannot find macro `offset` in this scope
   --> tests/integration/primitive_date_time.rs:220:28
    |
220 |             .assume_offset(offset!(-1))
    |                            ^^^^^^

error: cannot find macro `datetime` in this scope
   --> tests/integration/primitive_date_time.rs:229:9
    |
229 |         datetime!(2019-01-01 0:00).assume_utc().unix_timestamp(),
    |         ^^^^^^^^

error: cannot find macro `datetime` in this scope
   --> tests/integration/primitive_date_time.rs:237:9
    |
237 |         datetime!(2020-01-01 12:00).replace_time(time!(5:00)),
    |         ^^^^^^^^

error: cannot determine resolution for the macro `time`
   --> tests/integration/primitive_date_time.rs:237:50
    |
237 |         datetime!(2020-01-01 12:00).replace_time(time!(5:00)),
    |                                                  ^^^^
    |
    = note: import resolution is stuck, try simplifying macro imports

error: cannot find macro `datetime` in this scope
   --> tests/integration/primitive_date_time.rs:238:9
    |
238 |         datetime!(2020-01-01 5:00)
    |         ^^^^^^^^

error: cannot find macro `datetime` in this scope
   --> tests/integration/primitive_date_time.rs:245:9
    |
245 |         datetime!(2020-01-01 12:00).replace_date(date!(2020 - 01 - 30)),
    |         ^^^^^^^^

error: cannot find macro `date` in this scope
   --> tests/integration/primitive_date_time.rs:245:50
    |
245 |         datetime!(2020-01-01 12:00).replace_date(date!(2020 - 01 - 30)),
    |                                                  ^^^^

error: cannot find macro `datetime` in this scope
   --> tests/integration/primitive_date_time.rs:246:9
    |
246 |         datetime!(2020-01-30 12:00)
    |         ^^^^^^^^

error: cannot find macro `datetime` in this scope
   --> tests/integration/primitive_date_time.rs:253:9
    |
253 |         datetime!(2019-01-01 0:00) + 5.days(),
    |         ^^^^^^^^

error: cannot find macro `datetime` in this scope
   --> tests/integration/primitive_date_time.rs:254:9
    |
254 |         datetime!(2019-01-06 0:00),
    |         ^^^^^^^^

error: cannot find macro `datetime` in this scope
   --> tests/integration/primitive_date_time.rs:257:9
    |
257 |         datetime!(2019-12-31 0:00) + 1.days(),
    |         ^^^^^^^^

error: cannot find macro `datetime` in this scope
   --> tests/integration/primitive_date_time.rs:258:9
    |
258 |         datetime!(2020-01-01 0:00),
    |         ^^^^^^^^

error: cannot find macro `datetime` in this scope
   --> tests/integration/primitive_date_time.rs:261:9
    |
261 |         datetime!(2019-12-31 23:59:59) + 2.seconds(),
    |         ^^^^^^^^

error: cannot find macro `datetime` in this scope
   --> tests/integration/primitive_date_time.rs:262:9
    |
262 |         datetime!(2020-01-01 0:00:01),
    |         ^^^^^^^^

error: cannot find macro `datetime` in this scope
   --> tests/integration/primitive_date_time.rs:265:9
    |
265 |         datetime!(2020-01-01 0:00:01) + (-2).seconds(),
    |         ^^^^^^^^

error: cannot find macro `datetime` in this scope
   --> tests/integration/primitive_date_time.rs:266:9
    |
266 |         datetime!(2019-12-31 23:59:59),
    |         ^^^^^^^^

error: cannot find macro `datetime` in this scope
   --> tests/integration/primitive_date_time.rs:269:9
    |
269 |         datetime!(1999-12-31 23:00) + 1.hours(),
    |         ^^^^^^^^

error: cannot find macro `datetime` in this scope
   --> tests/integration/primitive_date_time.rs:270:9
    |
270 |         datetime!(2000-01-01 0:00),
    |         ^^^^^^^^

error: cannot find macro `datetime` in this scope
   --> tests/integration/primitive_date_time.rs:277:9
    |
277 |         datetime!(2019-01-01 0:00) + 5.std_days(),
    |         ^^^^^^^^

error: cannot find macro `datetime` in this scope
   --> tests/integration/primitive_date_time.rs:278:9
    |
278 |         datetime!(2019-01-06 0:00),
    |         ^^^^^^^^

error: cannot find macro `datetime` in this scope
   --> tests/integration/primitive_date_time.rs:281:9
    |
281 |         datetime!(2019-12-31 0:00) + 1.std_days(),
    |         ^^^^^^^^

error: cannot find macro `datetime` in this scope
   --> tests/integration/primitive_date_time.rs:282:9
    |
282 |         datetime!(2020-01-01 0:00),
    |         ^^^^^^^^

error: cannot find macro `datetime` in this scope
   --> tests/integration/primitive_date_time.rs:285:9
    |
285 |         datetime!(2019-12-31 23:59:59) + 2.std_seconds(),
    |         ^^^^^^^^

error: cannot find macro `datetime` in this scope
   --> tests/integration/primitive_date_time.rs:286:9
    |
286 |         datetime!(2020-01-01 0:00:01),
    |         ^^^^^^^^

error: cannot find macro `datetime` in this scope
   --> tests/integration/primitive_date_time.rs:292:34
    |
292 |     let mut new_years_day_2019 = datetime!(2019-01-01 0:00);
    |                                  ^^^^^^^^

error: cannot find macro `datetime` in this scope
   --> tests/integration/primitive_date_time.rs:294:36
    |
294 |     assert_eq!(new_years_day_2019, datetime!(2019-01-06 0:00));
    |                                    ^^^^^^^^

error: cannot find macro `datetime` in this scope
   --> tests/integration/primitive_date_time.rs:296:39
    |
296 |     let mut new_years_eve_2020_days = datetime!(2019-12-31 0:00);
    |                                       ^^^^^^^^

error: cannot find macro `datetime` in this scope
   --> tests/integration/primitive_date_time.rs:298:41
    |
298 |     assert_eq!(new_years_eve_2020_days, datetime!(2020-01-01 0:00));
    |                                         ^^^^^^^^

error: cannot find macro `datetime` in this scope
   --> tests/integration/primitive_date_time.rs:300:42
    |
300 |     let mut new_years_eve_2020_seconds = datetime!(2019-12-31 23:59:59);
    |                                          ^^^^^^^^

error: cannot find macro `datetime` in this scope
   --> tests/integration/primitive_date_time.rs:302:44
    |
302 |     assert_eq!(new_years_eve_2020_seconds, datetime!(2020-01-01 0:00:01));
    |                                            ^^^^^^^^

error: cannot find macro `datetime` in this scope
   --> tests/integration/primitive_date_time.rs:304:39
    |
304 |     let mut new_years_day_2020_days = datetime!(2020-01-01 0:00:01);
    |                                       ^^^^^^^^

error: cannot find macro `datetime` in this scope
   --> tests/integration/primitive_date_time.rs:306:41
    |
306 |     assert_eq!(new_years_day_2020_days, datetime!(2019-12-31 23:59:59));
    |                                         ^^^^^^^^

error: cannot find macro `datetime` in this scope
   --> tests/integration/primitive_date_time.rs:311:20
    |
311 |     let mut ny19 = datetime!(2019-01-01 0:00);
    |                    ^^^^^^^^

error: cannot find macro `datetime` in this scope
   --> tests/integration/primitive_date_time.rs:313:22
    |
313 |     assert_eq!(ny19, datetime!(2019-01-06 0:00));
    |                      ^^^^^^^^

error: cannot find macro `datetime` in this scope
   --> tests/integration/primitive_date_time.rs:315:21
    |
315 |     let mut nye20 = datetime!(2019-12-31 0:00);
    |                     ^^^^^^^^

error: cannot find macro `datetime` in this scope
   --> tests/integration/primitive_date_time.rs:317:23
    |
317 |     assert_eq!(nye20, datetime!(2020-01-01 0:00));
    |                       ^^^^^^^^

error: cannot find macro `datetime` in this scope
   --> tests/integration/primitive_date_time.rs:319:22
    |
319 |     let mut nye20t = datetime!(2019-12-31 23:59:59);
    |                      ^^^^^^^^

error: cannot find macro `datetime` in this scope
   --> tests/integration/primitive_date_time.rs:321:24
    |
321 |     assert_eq!(nye20t, datetime!(2020-01-01 0:00:01));
    |                        ^^^^^^^^

error: cannot find macro `datetime` in this scope
   --> tests/integration/primitive_date_time.rs:327:9
    |
327 |         datetime!(2019-01-06 0:00) - 5.days(),
    |         ^^^^^^^^

error: cannot find macro `datetime` in this scope
   --> tests/integration/primitive_date_time.rs:328:9
    |
328 |         datetime!(2019-01-01 0:00),
    |         ^^^^^^^^

error: cannot find macro `datetime` in this scope
   --> tests/integration/primitive_date_time.rs:331:9
    |
331 |         datetime!(2020-01-01 0:00) - 1.days(),
    |         ^^^^^^^^

error: cannot find macro `datetime` in this scope
   --> tests/integration/primitive_date_time.rs:332:9
    |
332 |         datetime!(2019-12-31 0:00),
    |         ^^^^^^^^

error: cannot find macro `datetime` in this scope
   --> tests/integration/primitive_date_time.rs:335:9
    |
335 |         datetime!(2020-01-01 0:00:01) - 2.seconds(),
    |         ^^^^^^^^

error: cannot find macro `datetime` in this scope
   --> tests/integration/primitive_date_time.rs:336:9
    |
336 |         datetime!(2019-12-31 23:59:59),
    |         ^^^^^^^^

error: cannot find macro `datetime` in this scope
   --> tests/integration/primitive_date_time.rs:339:9
    |
339 |         datetime!(2019-12-31 23:59:59) - (-2).seconds(),
    |         ^^^^^^^^

error: cannot find macro `datetime` in this scope
   --> tests/integration/primitive_date_time.rs:340:9
    |
340 |         datetime!(2020-01-01 0:00:01),
    |         ^^^^^^^^

error: cannot find macro `datetime` in this scope
   --> tests/integration/primitive_date_time.rs:343:9
    |
343 |         datetime!(1999-12-31 23:00) - (-1).hours(),
    |         ^^^^^^^^

error: cannot find macro `datetime` in this scope
   --> tests/integration/primitive_date_time.rs:344:9
    |
344 |         datetime!(2000-01-01 0:00),
    |         ^^^^^^^^

error: cannot find macro `datetime` in this scope
   --> tests/integration/primitive_date_time.rs:351:9
    |
351 |         datetime!(2019-01-06 0:00) - 5.std_days(),
    |         ^^^^^^^^

error: cannot find macro `datetime` in this scope
   --> tests/integration/primitive_date_time.rs:352:9
    |
352 |         datetime!(2019-01-01 0:00),
    |         ^^^^^^^^

error: cannot find macro `datetime` in this scope
   --> tests/integration/primitive_date_time.rs:355:9
    |
355 |         datetime!(2020-01-01 0:00) - 1.std_days(),
    |         ^^^^^^^^

error: cannot find macro `datetime` in this scope
   --> tests/integration/primitive_date_time.rs:356:9
    |
356 |         datetime!(2019-12-31 0:00),
    |         ^^^^^^^^

error: cannot find macro `datetime` in this scope
   --> tests/integration/primitive_date_time.rs:359:9
    |
359 |         datetime!(2020-01-01 0:00:01) - 2.std_seconds(),
    |         ^^^^^^^^

error: cannot find macro `datetime` in this scope
   --> tests/integration/primitive_date_time.rs:360:9
    |
360 |         datetime!(2019-12-31 23:59:59),
    |         ^^^^^^^^

error: cannot find macro `datetime` in this scope
   --> tests/integration/primitive_date_time.rs:366:34
    |
366 |     let mut new_years_day_2019 = datetime!(2019-01-06 0:00);
    |                                  ^^^^^^^^

error: cannot find macro `datetime` in this scope
   --> tests/integration/primitive_date_time.rs:368:36
    |
368 |     assert_eq!(new_years_day_2019, datetime!(2019-01-01 0:00));
    |                                    ^^^^^^^^

error: cannot find macro `datetime` in this scope
   --> tests/integration/primitive_date_time.rs:370:39
    |
370 |     let mut new_years_day_2020_days = datetime!(2020-01-01 0:00);
    |                                       ^^^^^^^^

error: cannot find macro `datetime` in this scope
   --> tests/integration/primitive_date_time.rs:372:41
    |
372 |     assert_eq!(new_years_day_2020_days, datetime!(2019-12-31 0:00));
    |                                         ^^^^^^^^

error: cannot find macro `datetime` in this scope
   --> tests/integration/primitive_date_time.rs:374:42
    |
374 |     let mut new_years_day_2020_seconds = datetime!(2020-01-01 0:00:01);
    |                                          ^^^^^^^^

error: cannot find macro `datetime` in this scope
   --> tests/integration/primitive_date_time.rs:376:44
    |
376 |     assert_eq!(new_years_day_2020_seconds, datetime!(2019-12-31 23:59:59));
    |                                            ^^^^^^^^

error: cannot find macro `datetime` in this scope
   --> tests/integration/primitive_date_time.rs:378:42
    |
378 |     let mut new_years_eve_2020_seconds = datetime!(2019-12-31 23:59:59);
    |                                          ^^^^^^^^

error: cannot find macro `datetime` in this scope
   --> tests/integration/primitive_date_time.rs:380:44
    |
380 |     assert_eq!(new_years_eve_2020_seconds, datetime!(2020-01-01 0:00:01));
    |                                            ^^^^^^^^

error: cannot find macro `datetime` in this scope
   --> tests/integration/primitive_date_time.rs:385:20
    |
385 |     let mut ny19 = datetime!(2019-01-06 0:00);
    |                    ^^^^^^^^

error: cannot find macro `datetime` in this scope
   --> tests/integration/primitive_date_time.rs:387:22
    |
387 |     assert_eq!(ny19, datetime!(2019-01-01 0:00));
    |                      ^^^^^^^^

error: cannot find macro `datetime` in this scope
   --> tests/integration/primitive_date_time.rs:389:20
    |
389 |     let mut ny20 = datetime!(2020-01-01 0:00);
    |                    ^^^^^^^^

error: cannot find macro `datetime` in this scope
   --> tests/integration/primitive_date_time.rs:391:22
    |
391 |     assert_eq!(ny20, datetime!(2019-12-31 0:00));
    |                      ^^^^^^^^

error: cannot find macro `datetime` in this scope
   --> tests/integration/primitive_date_time.rs:393:21
    |
393 |     let mut ny20t = datetime!(2020-01-01 0:00:01);
    |                     ^^^^^^^^

error: cannot find macro `datetime` in this scope
   --> tests/integration/primitive_date_time.rs:395:23
    |
395 |     assert_eq!(ny20t, datetime!(2019-12-31 23:59:59));
    |                       ^^^^^^^^

error: cannot find macro `datetime` in this scope
   --> tests/integration/primitive_date_time.rs:401:9
    |
401 |         datetime!(2019-01-02 0:00) - datetime!(2019-01-01 0:00),
    |         ^^^^^^^^

error: cannot find macro `datetime` in this scope
   --> tests/integration/primitive_date_time.rs:401:38
    |
401 |         datetime!(2019-01-02 0:00) - datetime!(2019-01-01 0:00),
    |                                      ^^^^^^^^

error: cannot find macro `datetime` in this scope
   --> tests/integration/primitive_date_time.rs:405:9
    |
405 |         datetime!(2019-01-01 0:00) - datetime!(2019-01-02 0:00),
    |         ^^^^^^^^

error: cannot find macro `datetime` in this scope
   --> tests/integration/primitive_date_time.rs:405:38
    |
405 |         datetime!(2019-01-01 0:00) - datetime!(2019-01-02 0:00),
    |                                      ^^^^^^^^

error: cannot find macro `datetime` in this scope
   --> tests/integration/primitive_date_time.rs:409:9
    |
409 |         datetime!(2020-01-01 0:00) - datetime!(2019-12-31 0:00),
    |         ^^^^^^^^

error: cannot find macro `datetime` in this scope
   --> tests/integration/primitive_date_time.rs:409:38
    |
409 |         datetime!(2020-01-01 0:00) - datetime!(2019-12-31 0:00),
    |                                      ^^^^^^^^

error: cannot find macro `datetime` in this scope
   --> tests/integration/primitive_date_time.rs:413:9
    |
413 |         datetime!(2019-12-31 0:00) - datetime!(2020-01-01 0:00),
    |         ^^^^^^^^

error: cannot find macro `datetime` in this scope
   --> tests/integration/primitive_date_time.rs:413:38
    |
413 |         datetime!(2019-12-31 0:00) - datetime!(2020-01-01 0:00),
    |                                      ^^^^^^^^

error: cannot find macro `datetime` in this scope
   --> tests/integration/primitive_date_time.rs:422:9
    |
422 |         datetime!(2019-01-01 0:00).partial_cmp(&datetime!(2019-01-01 0:00)),
    |         ^^^^^^^^

error: cannot find macro `datetime` in this scope
   --> tests/integration/primitive_date_time.rs:422:49
    |
422 |         datetime!(2019-01-01 0:00).partial_cmp(&datetime!(2019-01-01 0:00)),
    |                                                 ^^^^^^^^

error: cannot find macro `datetime` in this scope
   --> tests/integration/primitive_date_time.rs:426:9
    |
426 |         datetime!(2019-01-01 0:00).partial_cmp(&datetime!(2020-01-01 0:00)),
    |         ^^^^^^^^

error: cannot find macro `datetime` in this scope
   --> tests/integration/primitive_date_time.rs:426:49
    |
426 |         datetime!(2019-01-01 0:00).partial_cmp(&datetime!(2020-01-01 0:00)),
    |                                                 ^^^^^^^^

error: cannot find macro `datetime` in this scope
   --> tests/integration/primitive_date_time.rs:430:9
    |
430 |         datetime!(2019-01-01 0:00).partial_cmp(&datetime!(2019-02-01 0:00)),
    |         ^^^^^^^^

error: cannot find macro `datetime` in this scope
   --> tests/integration/primitive_date_time.rs:430:49
    |
430 |         datetime!(2019-01-01 0:00).partial_cmp(&datetime!(2019-02-01 0:00)),
    |                                                 ^^^^^^^^

error: cannot find macro `datetime` in this scope
   --> tests/integration/primitive_date_time.rs:434:9
    |
434 |         datetime!(2019-01-01 0:00).partial_cmp(&datetime!(2019-01-02 0:00)),
    |         ^^^^^^^^

error: cannot find macro `datetime` in this scope
   --> tests/integration/primitive_date_time.rs:434:49
    |
434 |         datetime!(2019-01-01 0:00).partial_cmp(&datetime!(2019-01-02 0:00)),
    |                                                 ^^^^^^^^

error: cannot find macro `datetime` in this scope
   --> tests/integration/primitive_date_time.rs:438:9
    |
438 |         datetime!(2019-01-01 0:00).partial_cmp(&datetime!(2019-01-01 1:00)),
    |         ^^^^^^^^

error: cannot find macro `datetime` in this scope
   --> tests/integration/primitive_date_time.rs:438:49
    |
438 |         datetime!(2019-01-01 0:00).partial_cmp(&datetime!(2019-01-01 1:00)),
    |                                                 ^^^^^^^^

error: cannot find macro `datetime` in this scope
   --> tests/integration/primitive_date_time.rs:442:9
    |
442 |         datetime!(2019-01-01 0:00).partial_cmp(&datetime!(2019-01-01 0:01)),
    |         ^^^^^^^^

error: cannot find macro `datetime` in this scope
   --> tests/integration/primitive_date_time.rs:442:49
    |
442 |         datetime!(2019-01-01 0:00).partial_cmp(&datetime!(2019-01-01 0:01)),
    |                                                 ^^^^^^^^

error: cannot find macro `datetime` in this scope
   --> tests/integration/primitive_date_time.rs:446:9
    |
446 |         datetime!(2019-01-01 0:00).partial_cmp(&datetime!(2019-01-01 0:00:01)),
    |         ^^^^^^^^

error: cannot find macro `datetime` in this scope
   --> tests/integration/primitive_date_time.rs:446:49
    |
446 |         datetime!(2019-01-01 0:00).partial_cmp(&datetime!(2019-01-01 0:00:01)),
    |                                                 ^^^^^^^^

error: cannot find macro `datetime` in this scope
   --> tests/integration/primitive_date_time.rs:450:9
    |
450 |         datetime!(2019-01-01 0:00).partial_cmp(&datetime!(2019-01-01 0:00:00.000_000_001)),
    |         ^^^^^^^^

error: cannot find macro `datetime` in this scope
   --> tests/integration/primitive_date_time.rs:450:49
    |
450 |         datetime!(2019-01-01 0:00).partial_cmp(&datetime!(2019-01-01 0:00:00.000_000_001)),
    |                                                 ^^^^^^^^

error: cannot find macro `datetime` in this scope
   --> tests/integration/primitive_date_time.rs:454:9
    |
454 |         datetime!(2020-01-01 0:00).partial_cmp(&datetime!(2019-01-01 0:00)),
    |         ^^^^^^^^

error: cannot find macro `datetime` in this scope
   --> tests/integration/primitive_date_time.rs:454:49
    |
454 |         datetime!(2020-01-01 0:00).partial_cmp(&datetime!(2019-01-01 0:00)),
    |                                                 ^^^^^^^^

error: cannot find macro `datetime` in this scope
   --> tests/integration/primitive_date_time.rs:458:9
    |
458 |         datetime!(2019-02-01 0:00).partial_cmp(&datetime!(2019-01-01 0:00)),
    |         ^^^^^^^^

error: cannot find macro `datetime` in this scope
   --> tests/integration/primitive_date_time.rs:458:49
    |
458 |         datetime!(2019-02-01 0:00).partial_cmp(&datetime!(2019-01-01 0:00)),
    |                                                 ^^^^^^^^

error: cannot find macro `datetime` in this scope
   --> tests/integration/primitive_date_time.rs:462:9
    |
462 |         datetime!(2019-01-02 0:00).partial_cmp(&datetime!(2019-01-01 0:00)),
    |         ^^^^^^^^

error: cannot find macro `datetime` in this scope
   --> tests/integration/primitive_date_time.rs:462:49
    |
462 |         datetime!(2019-01-02 0:00).partial_cmp(&datetime!(2019-01-01 0:00)),
    |                                                 ^^^^^^^^

error: cannot find macro `datetime` in this scope
   --> tests/integration/primitive_date_time.rs:466:9
    |
466 |         datetime!(2019-01-01 1:00).partial_cmp(&datetime!(2019-01-01 0:00)),
    |         ^^^^^^^^

error: cannot find macro `datetime` in this scope
   --> tests/integration/primitive_date_time.rs:466:49
    |
466 |         datetime!(2019-01-01 1:00).partial_cmp(&datetime!(2019-01-01 0:00)),
    |                                                 ^^^^^^^^

error: cannot find macro `datetime` in this scope
   --> tests/integration/primitive_date_time.rs:470:9
    |
470 |         datetime!(2019-01-01 0:01).partial_cmp(&datetime!(2019-01-01 0:00)),
    |         ^^^^^^^^

error: cannot find macro `datetime` in this scope
   --> tests/integration/primitive_date_time.rs:470:49
    |
470 |         datetime!(2019-01-01 0:01).partial_cmp(&datetime!(2019-01-01 0:00)),
    |                                                 ^^^^^^^^

error: cannot find macro `datetime` in this scope
   --> tests/integration/primitive_date_time.rs:474:9
    |
474 |         datetime!(2019-01-01 0:00:01).partial_cmp(&datetime!(2019-01-01 0:00)),
    |         ^^^^^^^^

error: cannot find macro `datetime` in this scope
   --> tests/integration/primitive_date_time.rs:474:52
    |
474 |         datetime!(2019-01-01 0:00:01).partial_cmp(&datetime!(2019-01-01 0:00)),
    |                                                    ^^^^^^^^

error: cannot find macro `datetime` in this scope
   --> tests/integration/primitive_date_time.rs:478:9
    |
478 |         datetime!(2019-01-01 0:00:00.000_000_001).partial_cmp(&datetime!(2019-01-01 0:00)),
    |         ^^^^^^^^

error: cannot find macro `datetime` in this scope
   --> tests/integration/primitive_date_time.rs:478:64
    |
478 |         datetime!(2019-01-01 0:00:00.000_000_001).partial_cmp(&datetime!(2019-01-01 0:00)),
    |                                                                ^^^^^^^^

error: cannot determine resolution for the macro `quickcheck`
  --> tests/integration/quickcheck.rs:31:1
   |
31 | quickcheck! {
   | ^^^^^^^^^^
   |
   = note: import resolution is stuck, try simplifying macro imports

error: cannot determine resolution for the macro `quickcheck`
   --> tests/integration/quickcheck.rs:10:9
    |
10  |         quickcheck! {
    |         ^^^^^^^^^^
...
104 | test_shrink!(Date, date_can_shrink_year, year());
    | ------------------------------------------------- in this macro invocation
    |
    = note: import resolution is stuck, try simplifying macro imports
    = note: this error originates in a macro (in Nightly builds, run with -Z macro-backtrace for more info)

error: cannot determine resolution for the macro `quickcheck`
   --> tests/integration/quickcheck.rs:10:9
    |
10  |         quickcheck! {
    |         ^^^^^^^^^^
...
105 | test_shrink!(Date, date_can_shrink_ordinal, ordinal(), min = 1);
    | ---------------------------------------------------------------- in this macro invocation
    |
    = note: import resolution is stuck, try simplifying macro imports
    = note: this error originates in a macro (in Nightly builds, run with -Z macro-backtrace for more info)

error: cannot determine resolution for the macro `quickcheck`
   --> tests/integration/quickcheck.rs:10:9
    |
10  |         quickcheck! {
    |         ^^^^^^^^^^
...
107 | test_shrink!(Duration, duration_can_shrink_seconds, whole_seconds());
    | --------------------------------------------------------------------- in this macro invocation
    |
    = note: import resolution is stuck, try simplifying macro imports
    = note: this error originates in a macro (in Nightly builds, run with -Z macro-backtrace for more info)

error: cannot determine resolution for the macro `quickcheck`
   --> tests/integration/quickcheck.rs:10:9
    |
10  |         quickcheck! {
    |         ^^^^^^^^^^
...
108 | test_shrink!(Duration, duration_can_shrink_ns, subsec_nanoseconds());
    | --------------------------------------------------------------------- in this macro invocation
    |
    = note: import resolution is stuck, try simplifying macro imports
    = note: this error originates in a macro (in Nightly builds, run with -Z macro-backtrace for more info)

error: cannot determine resolution for the macro `quickcheck`
   --> tests/integration/quickcheck.rs:10:9
    |
10  |         quickcheck! {
    |         ^^^^^^^^^^
...
110 | test_shrink!(Time, time_can_shrink_hour, hour());
    | ------------------------------------------------- in this macro invocation
    |
    = note: import resolution is stuck, try simplifying macro imports
    = note: this error originates in a macro (in Nightly builds, run with -Z macro-backtrace for more info)

error: cannot determine resolution for the macro `quickcheck`
   --> tests/integration/quickcheck.rs:10:9
    |
10  |         quickcheck! {
    |         ^^^^^^^^^^
...
111 | test_shrink!(Time, time_can_shrink_minute, minute());
    | ----------------------------------------------------- in this macro invocation
    |
    = note: import resolution is stuck, try simplifying macro imports
    = note: this error originates in a macro (in Nightly builds, run with -Z macro-backtrace for more info)

error: cannot determine resolution for the macro `quickcheck`
   --> tests/integration/quickcheck.rs:10:9
    |
10  |         quickcheck! {
    |         ^^^^^^^^^^
...
112 | test_shrink!(Time, time_can_shrink_second, second());
    | ----------------------------------------------------- in this macro invocation
    |
    = note: import resolution is stuck, try simplifying macro imports
    = note: this error originates in a macro (in Nightly builds, run with -Z macro-backtrace for more info)

error: cannot determine resolution for the macro `quickcheck`
   --> tests/integration/quickcheck.rs:10:9
    |
10  |         quickcheck! {
    |         ^^^^^^^^^^
...
113 | test_shrink!(Time, time_can_shrink_nanosecond, nanosecond());
    | ------------------------------------------------------------- in this macro invocation
    |
    = note: import resolution is stuck, try simplifying macro imports
    = note: this error originates in a macro (in Nightly builds, run with -Z macro-backtrace for more info)

error: cannot determine resolution for the macro `quickcheck`
   --> tests/integration/quickcheck.rs:10:9
    |
10  |           quickcheck! {
    |           ^^^^^^^^^^
...
115 | / test_shrink!(
116 | |     PrimitiveDateTime,
117 | |     primitive_date_time_can_shrink_year,
118 | |     year()
119 | | );
    | |__- in this macro invocation
    |
    = note: import resolution is stuck, try simplifying macro imports
    = note: this error originates in a macro (in Nightly builds, run with -Z macro-backtrace for more info)

error: cannot determine resolution for the macro `quickcheck`
   --> tests/integration/quickcheck.rs:10:9
    |
10  |           quickcheck! {
    |           ^^^^^^^^^^
...
120 | / test_shrink!(
121 | |     PrimitiveDateTime,
122 | |     primitive_date_time_can_shrink_ordinal,
123 | |     ordinal(),
124 | |     min = 1
125 | | );
    | |__- in this macro invocation
    |
    = note: import resolution is stuck, try simplifying macro imports
    = note: this error originates in a macro (in Nightly builds, run with -Z macro-backtrace for more info)

error: cannot determine resolution for the macro `quickcheck`
   --> tests/integration/quickcheck.rs:10:9
    |
10  |           quickcheck! {
    |           ^^^^^^^^^^
...
126 | / test_shrink!(
127 | |     PrimitiveDateTime,
128 | |     primitive_date_time_can_shrink_hour,
129 | |     hour()
130 | | );
    | |__- in this macro invocation
    |
    = note: import resolution is stuck, try simplifying macro imports
    = note: this error originates in a macro (in Nightly builds, run with -Z macro-backtrace for more info)

error: cannot determine resolution for the macro `quickcheck`
   --> tests/integration/quickcheck.rs:10:9
    |
10  |           quickcheck! {
    |           ^^^^^^^^^^
...
131 | / test_shrink!(
132 | |     PrimitiveDateTime,
133 | |     primitive_date_time_can_shrink_minute,
134 | |     minute()
135 | | );
    | |__- in this macro invocation
    |
    = note: import resolution is stuck, try simplifying macro imports
    = note: this error originates in a macro (in Nightly builds, run with -Z macro-backtrace for more info)

error: cannot determine resolution for the macro `quickcheck`
   --> tests/integration/quickcheck.rs:10:9
    |
10  |           quickcheck! {
    |           ^^^^^^^^^^
...
136 | / test_shrink!(
137 | |     PrimitiveDateTime,
138 | |     primitive_date_time_can_shrink_second,
139 | |     second()
140 | | );
    | |__- in this macro invocation
    |
    = note: import resolution is stuck, try simplifying macro imports
    = note: this error originates in a macro (in Nightly builds, run with -Z macro-backtrace for more info)

error: cannot determine resolution for the macro `quickcheck`
   --> tests/integration/quickcheck.rs:10:9
    |
10  |           quickcheck! {
    |           ^^^^^^^^^^
...
141 | / test_shrink!(
142 | |     PrimitiveDateTime,
143 | |     primitive_date_time_can_shrink_nanosecond,
144 | |     nanosecond()
145 | | );
    | |__- in this macro invocation
    |
    = note: import resolution is stuck, try simplifying macro imports
    = note: this error originates in a macro (in Nightly builds, run with -Z macro-backtrace for more info)

error: cannot determine resolution for the macro `quickcheck`
   --> tests/integration/quickcheck.rs:10:9
    |
10  |         quickcheck! {
    |         ^^^^^^^^^^
...
147 | test_shrink!(UtcOffset, utc_offset_can_shrink, whole_seconds());
    | ---------------------------------------------------------------- in this macro invocation
    |
    = note: import resolution is stuck, try simplifying macro imports
    = note: this error originates in a macro (in Nightly builds, run with -Z macro-backtrace for more info)

error: cannot determine resolution for the macro `quickcheck`
   --> tests/integration/quickcheck.rs:10:9
    |
10  |           quickcheck! {
    |           ^^^^^^^^^^
...
149 | / test_shrink!(
150 | |     OffsetDateTime,
151 | |     offset_date_time_can_shrink_offset,
152 | |     offset().whole_seconds()
153 | | );
    | |__- in this macro invocation
    |
    = note: import resolution is stuck, try simplifying macro imports
    = note: this error originates in a macro (in Nightly builds, run with -Z macro-backtrace for more info)

error: cannot determine resolution for the macro `quickcheck`
   --> tests/integration/quickcheck.rs:10:9
    |
10  |         quickcheck! {
    |         ^^^^^^^^^^
...
154 | test_shrink!(OffsetDateTime, offset_date_time_can_shrink_year, year());
    | ----------------------------------------------------------------------- in this macro invocation
    |
    = note: import resolution is stuck, try simplifying macro imports
    = note: this error originates in a macro (in Nightly builds, run with -Z macro-backtrace for more info)

error: cannot determine resolution for the macro `quickcheck`
   --> tests/integration/quickcheck.rs:10:9
    |
10  |           quickcheck! {
    |           ^^^^^^^^^^
...
155 | / test_shrink!(
156 | |     OffsetDateTime,
157 | |     offset_date_time_can_shrink_ordinal,
158 | |     ordinal(),
159 | |     min = 1
160 | | );
    | |__- in this macro invocation
    |
    = note: import resolution is stuck, try simplifying macro imports
    = note: this error originates in a macro (in Nightly builds, run with -Z macro-backtrace for more info)

error: cannot determine resolution for the macro `quickcheck`
   --> tests/integration/quickcheck.rs:10:9
    |
10  |         quickcheck! {
    |         ^^^^^^^^^^
...
161 | test_shrink!(OffsetDateTime, offset_date_time_can_shrink_hour, hour());
    | ----------------------------------------------------------------------- in this macro invocation
    |
    = note: import resolution is stuck, try simplifying macro imports
    = note: this error originates in a macro (in Nightly builds, run with -Z macro-backtrace for more info)

error: cannot determine resolution for the macro `quickcheck`
   --> tests/integration/quickcheck.rs:10:9
    |
10  |         quickcheck! {
    |         ^^^^^^^^^^
...
162 | test_shrink!(OffsetDateTime, offset_date_time_can_shrink_minute, minute());
    | --------------------------------------------------------------------------- in this macro invocation
    |
    = note: import resolution is stuck, try simplifying macro imports
    = note: this error originates in a macro (in Nightly builds, run with -Z macro-backtrace for more info)

error: cannot determine resolution for the macro `quickcheck`
   --> tests/integration/quickcheck.rs:10:9
    |
10  |         quickcheck! {
    |         ^^^^^^^^^^
...
163 | test_shrink!(OffsetDateTime, offset_date_time_can_shrink_second, second());
    | --------------------------------------------------------------------------- in this macro invocation
    |
    = note: import resolution is stuck, try simplifying macro imports
    = note: this error originates in a macro (in Nightly builds, run with -Z macro-backtrace for more info)

error: cannot determine resolution for the macro `quickcheck`
   --> tests/integration/quickcheck.rs:10:9
    |
10  |           quickcheck! {
    |           ^^^^^^^^^^
...
164 | / test_shrink!(
165 | |     OffsetDateTime,
166 | |     offset_date_time_can_shrink_nanosecond,
167 | |     nanosecond()
168 | | );
    | |__- in this macro invocation
    |
    = note: import resolution is stuck, try simplifying macro imports
    = note: this error originates in a macro (in Nightly builds, run with -Z macro-backtrace for more info)

error: cannot determine resolution for the macro `time`
  --> tests/integration/serde.rs:19:10
   |
19 |         &time!(23:58:59.123_456_789).compact(),
   |          ^^^^
   |
   = note: import resolution is stuck, try simplifying macro imports

error: cannot determine resolution for the macro `time`
  --> tests/integration/serde.rs:46:10
   |
46 |         &time!(23:58:59.123_456_789).readable(),
   |          ^^^^
   |
   = note: import resolution is stuck, try simplifying macro imports

error: cannot find macro `date` in this scope
  --> tests/integration/serde.rs:78:10
   |
78 |         &date!(-9999 - 001).compact(),
   |          ^^^^

error: cannot find macro `date` in this scope
  --> tests/integration/serde.rs:87:10
   |
87 |         &date!(+9999-365).compact(),
   |          ^^^^

error: cannot find macro `date` in this scope
  --> tests/integration/serde.rs:96:10
   |
96 |         &date!(-9999 - 001).readable(),
   |          ^^^^

error: cannot find macro `date` in this scope
   --> tests/integration/serde.rs:100:10
    |
100 |         &date!(+9999-365).readable(),
    |          ^^^^

error: cannot find macro `datetime` in this scope
   --> tests/integration/serde.rs:116:10
    |
116 |         &datetime!(-9999-001 0:00).compact(),
    |          ^^^^^^^^

error: cannot find macro `datetime` in this scope
   --> tests/integration/serde.rs:129:10
    |
129 |         &datetime!(+9999-365 23:58:59.123_456_789).compact(),
    |          ^^^^^^^^

error: cannot find macro `datetime` in this scope
   --> tests/integration/serde.rs:142:10
    |
142 |         &datetime!(-9999-001 0:00).readable(),
    |          ^^^^^^^^

error: cannot find macro `datetime` in this scope
   --> tests/integration/serde.rs:146:10
    |
146 |         &datetime!(+9999-365 23:58:59.123_456_789).readable(),
    |          ^^^^^^^^

error: cannot find macro `datetime` in this scope
   --> tests/integration/serde.rs:188:10
    |
188 |         &datetime!(-9999-001 0:00 UTC)
    |          ^^^^^^^^

error: cannot find macro `offset` in this scope
   --> tests/integration/serde.rs:189:24
    |
189 |             .to_offset(offset!(+23:58:59))
    |                        ^^^^^^

error: cannot find macro `datetime` in this scope
   --> tests/integration/serde.rs:206:10
    |
206 |         &datetime!(+9999-365 23:58:59.123_456_789 UTC)
    |          ^^^^^^^^

error: cannot find macro `offset` in this scope
   --> tests/integration/serde.rs:207:24
    |
207 |             .to_offset(offset!(-23:58:59))
    |                        ^^^^^^

error: cannot find macro `datetime` in this scope
   --> tests/integration/serde.rs:225:10
    |
225 |         &datetime!(-9999-001 0:00 UTC)
    |          ^^^^^^^^

error: cannot find macro `offset` in this scope
   --> tests/integration/serde.rs:226:24
    |
226 |             .to_offset(offset!(+23:58:59))
    |                        ^^^^^^

error: cannot find macro `datetime` in this scope
   --> tests/integration/serde.rs:231:10
    |
231 |         &datetime!(+9999-365 23:58:59.123_456_789 UTC)
    |          ^^^^^^^^

error: cannot find macro `offset` in this scope
   --> tests/integration/serde.rs:232:24
    |
232 |             .to_offset(offset!(-23:58:59))
    |                        ^^^^^^

error: cannot find macro `offset` in this scope
   --> tests/integration/serde.rs:299:10
    |
299 |         &offset!(-23:58:59).compact(),
    |          ^^^^^^

error: cannot find macro `offset` in this scope
   --> tests/integration/serde.rs:309:10
    |
309 |         &offset!(+23:58:59).compact(),
    |          ^^^^^^

error: cannot find macro `offset` in this scope
   --> tests/integration/serde.rs:320:10
    |
320 |         &offset!(-23:58:59).readable(),
    |          ^^^^^^

error: cannot find macro `offset` in this scope
   --> tests/integration/serde.rs:324:10
    |
324 |         &offset!(+23:58:59).readable(),
    |          ^^^^^^

error: cannot determine resolution for the macro `time`
  --> tests/integration/time.rs:68:16
   |
68 |     assert_eq!(time!(1:02:03).as_hms(), (1, 2, 3));
   |                ^^^^
   |
   = note: import resolution is stuck, try simplifying macro imports

error: cannot determine resolution for the macro `time`
  --> tests/integration/time.rs:73:16
   |
73 |     assert_eq!(time!(1:02:03.004).as_hms_milli(), (1, 2, 3, 4));
   |                ^^^^
   |
   = note: import resolution is stuck, try simplifying macro imports

error: cannot determine resolution for the macro `time`
  --> tests/integration/time.rs:78:16
   |
78 |     assert_eq!(time!(1:02:03.004_005).as_hms_micro(), (1, 2, 3, 4_005));
   |                ^^^^
   |
   = note: import resolution is stuck, try simplifying macro imports

error: cannot determine resolution for the macro `time`
  --> tests/integration/time.rs:84:9
   |
84 |         time!(1:02:03.004_005_006).as_hms_nano(),
   |         ^^^^
   |
   = note: import resolution is stuck, try simplifying macro imports

error: cannot determine resolution for the macro `time`
   --> tests/integration/time.rs:151:16
    |
151 |     assert_eq!(time!(0:00) + 1.seconds(), time!(0:00:01));
    |                ^^^^
    |
    = note: import resolution is stuck, try simplifying macro imports

error: cannot determine resolution for the macro `time`
   --> tests/integration/time.rs:151:43
    |
151 |     assert_eq!(time!(0:00) + 1.seconds(), time!(0:00:01));
    |                                           ^^^^
    |
    = note: import resolution is stuck, try simplifying macro imports

error: cannot determine resolution for the macro `time`
   --> tests/integration/time.rs:152:16
    |
152 |     assert_eq!(time!(0:00) + 1.minutes(), time!(0:01));
    |                ^^^^
    |
    = note: import resolution is stuck, try simplifying macro imports

error: cannot determine resolution for the macro `time`
   --> tests/integration/time.rs:152:43
    |
152 |     assert_eq!(time!(0:00) + 1.minutes(), time!(0:01));
    |                                           ^^^^
    |
    = note: import resolution is stuck, try simplifying macro imports

error: cannot determine resolution for the macro `time`
   --> tests/integration/time.rs:153:16
    |
153 |     assert_eq!(time!(0:00) + 1.hours(), time!(1:00));
    |                ^^^^
    |
    = note: import resolution is stuck, try simplifying macro imports

error: cannot determine resolution for the macro `time`
   --> tests/integration/time.rs:153:41
    |
153 |     assert_eq!(time!(0:00) + 1.hours(), time!(1:00));
    |                                         ^^^^
    |
    = note: import resolution is stuck, try simplifying macro imports

error: cannot determine resolution for the macro `time`
   --> tests/integration/time.rs:154:16
    |
154 |     assert_eq!(time!(0:00) + 1.days(), time!(0:00));
    |                ^^^^
    |
    = note: import resolution is stuck, try simplifying macro imports

error: cannot determine resolution for the macro `time`
   --> tests/integration/time.rs:154:40
    |
154 |     assert_eq!(time!(0:00) + 1.days(), time!(0:00));
    |                                        ^^^^
    |
    = note: import resolution is stuck, try simplifying macro imports

error: cannot determine resolution for the macro `time`
   --> tests/integration/time.rs:159:20
    |
159 |     let mut time = time!(0:00);
    |                    ^^^^
    |
    = note: import resolution is stuck, try simplifying macro imports

error: cannot determine resolution for the macro `time`
   --> tests/integration/time.rs:162:22
    |
162 |     assert_eq!(time, time!(0:00:01));
    |                      ^^^^
    |
    = note: import resolution is stuck, try simplifying macro imports

error: cannot determine resolution for the macro `time`
   --> tests/integration/time.rs:165:22
    |
165 |     assert_eq!(time, time!(0:01:01));
    |                      ^^^^
    |
    = note: import resolution is stuck, try simplifying macro imports

error: cannot determine resolution for the macro `time`
   --> tests/integration/time.rs:168:22
    |
168 |     assert_eq!(time, time!(1:01:01));
    |                      ^^^^
    |
    = note: import resolution is stuck, try simplifying macro imports

error: cannot determine resolution for the macro `time`
   --> tests/integration/time.rs:171:22
    |
171 |     assert_eq!(time, time!(1:01:01));
    |                      ^^^^
    |
    = note: import resolution is stuck, try simplifying macro imports

error: cannot determine resolution for the macro `time`
   --> tests/integration/time.rs:176:16
    |
176 |     assert_eq!(time!(12:00) - 1.hours(), time!(11:00));
    |                ^^^^
    |
    = note: import resolution is stuck, try simplifying macro imports

error: cannot determine resolution for the macro `time`
   --> tests/integration/time.rs:176:42
    |
176 |     assert_eq!(time!(12:00) - 1.hours(), time!(11:00));
    |                                          ^^^^
    |
    = note: import resolution is stuck, try simplifying macro imports

error: cannot determine resolution for the macro `time`
   --> tests/integration/time.rs:179:16
    |
179 |     assert_eq!(time!(0:00) - 1.seconds(), time!(23:59:59));
    |                ^^^^
    |
    = note: import resolution is stuck, try simplifying macro imports

error: cannot determine resolution for the macro `time`
   --> tests/integration/time.rs:179:43
    |
179 |     assert_eq!(time!(0:00) - 1.seconds(), time!(23:59:59));
    |                                           ^^^^
    |
    = note: import resolution is stuck, try simplifying macro imports

error: cannot determine resolution for the macro `time`
   --> tests/integration/time.rs:180:16
    |
180 |     assert_eq!(time!(0:00) - 1.minutes(), time!(23:59));
    |                ^^^^
    |
    = note: import resolution is stuck, try simplifying macro imports

error: cannot determine resolution for the macro `time`
   --> tests/integration/time.rs:180:43
    |
180 |     assert_eq!(time!(0:00) - 1.minutes(), time!(23:59));
    |                                           ^^^^
    |
    = note: import resolution is stuck, try simplifying macro imports

error: cannot determine resolution for the macro `time`
   --> tests/integration/time.rs:181:16
    |
181 |     assert_eq!(time!(0:00) - 1.hours(), time!(23:00));
    |                ^^^^
    |
    = note: import resolution is stuck, try simplifying macro imports

error: cannot determine resolution for the macro `time`
   --> tests/integration/time.rs:181:41
    |
181 |     assert_eq!(time!(0:00) - 1.hours(), time!(23:00));
    |                                         ^^^^
    |
    = note: import resolution is stuck, try simplifying macro imports

error: cannot determine resolution for the macro `time`
   --> tests/integration/time.rs:182:16
    |
182 |     assert_eq!(time!(0:00) - 1.days(), time!(0:00));
    |                ^^^^
    |
    = note: import resolution is stuck, try simplifying macro imports

error: cannot determine resolution for the macro `time`
   --> tests/integration/time.rs:182:40
    |
182 |     assert_eq!(time!(0:00) - 1.days(), time!(0:00));
    |                                        ^^^^
    |
    = note: import resolution is stuck, try simplifying macro imports

error: cannot determine resolution for the macro `time`
   --> tests/integration/time.rs:187:20
    |
187 |     let mut time = time!(0:00);
    |                    ^^^^
    |
    = note: import resolution is stuck, try simplifying macro imports

error: cannot determine resolution for the macro `time`
   --> tests/integration/time.rs:190:22
    |
190 |     assert_eq!(time, time!(23:59:59));
    |                      ^^^^
    |
    = note: import resolution is stuck, try simplifying macro imports

error: cannot determine resolution for the macro `time`
   --> tests/integration/time.rs:193:22
    |
193 |     assert_eq!(time, time!(23:58:59));
    |                      ^^^^
    |
    = note: import resolution is stuck, try simplifying macro imports

error: cannot determine resolution for the macro `time`
   --> tests/integration/time.rs:196:22
    |
196 |     assert_eq!(time, time!(22:58:59));
    |                      ^^^^
    |
    = note: import resolution is stuck, try simplifying macro imports

error: cannot determine resolution for the macro `time`
   --> tests/integration/time.rs:199:22
    |
199 |     assert_eq!(time, time!(22:58:59));
    |                      ^^^^
    |
    = note: import resolution is stuck, try simplifying macro imports

error: cannot determine resolution for the macro `time`
   --> tests/integration/time.rs:204:16
    |
204 |     assert_eq!(time!(0:00) + 1.std_milliseconds(), time!(0:00:00.001));
    |                ^^^^
    |
    = note: import resolution is stuck, try simplifying macro imports

error: cannot determine resolution for the macro `time`
   --> tests/integration/time.rs:204:52
    |
204 |     assert_eq!(time!(0:00) + 1.std_milliseconds(), time!(0:00:00.001));
    |                                                    ^^^^
    |
    = note: import resolution is stuck, try simplifying macro imports

error: cannot determine resolution for the macro `time`
   --> tests/integration/time.rs:205:16
    |
205 |     assert_eq!(time!(0:00) + 1.std_seconds(), time!(0:00:01));
    |                ^^^^
    |
    = note: import resolution is stuck, try simplifying macro imports

error: cannot determine resolution for the macro `time`
   --> tests/integration/time.rs:205:47
    |
205 |     assert_eq!(time!(0:00) + 1.std_seconds(), time!(0:00:01));
    |                                               ^^^^
    |
    = note: import resolution is stuck, try simplifying macro imports

error: cannot determine resolution for the macro `time`
   --> tests/integration/time.rs:206:16
    |
206 |     assert_eq!(time!(0:00) + 1.std_minutes(), time!(0:01));
    |                ^^^^
    |
    = note: import resolution is stuck, try simplifying macro imports

error: cannot determine resolution for the macro `time`
   --> tests/integration/time.rs:206:47
    |
206 |     assert_eq!(time!(0:00) + 1.std_minutes(), time!(0:01));
    |                                               ^^^^
    |
    = note: import resolution is stuck, try simplifying macro imports

error: cannot determine resolution for the macro `time`
   --> tests/integration/time.rs:207:16
    |
207 |     assert_eq!(time!(0:00) + 1.std_hours(), time!(1:00));
    |                ^^^^
    |
    = note: import resolution is stuck, try simplifying macro imports

error: cannot determine resolution for the macro `time`
   --> tests/integration/time.rs:207:45
    |
207 |     assert_eq!(time!(0:00) + 1.std_hours(), time!(1:00));
    |                                             ^^^^
    |
    = note: import resolution is stuck, try simplifying macro imports

error: cannot determine resolution for the macro `time`
   --> tests/integration/time.rs:208:16
    |
208 |     assert_eq!(time!(0:00) + 1.std_days(), time!(0:00));
    |                ^^^^
    |
    = note: import resolution is stuck, try simplifying macro imports

error: cannot determine resolution for the macro `time`
   --> tests/integration/time.rs:208:44
    |
208 |     assert_eq!(time!(0:00) + 1.std_days(), time!(0:00));
    |                                            ^^^^
    |
    = note: import resolution is stuck, try simplifying macro imports

error: cannot determine resolution for the macro `time`
   --> tests/integration/time.rs:213:20
    |
213 |     let mut time = time!(0:00);
    |                    ^^^^
    |
    = note: import resolution is stuck, try simplifying macro imports

error: cannot determine resolution for the macro `time`
   --> tests/integration/time.rs:216:22
    |
216 |     assert_eq!(time, time!(0:00:01));
    |                      ^^^^
    |
    = note: import resolution is stuck, try simplifying macro imports

error: cannot determine resolution for the macro `time`
   --> tests/integration/time.rs:219:22
    |
219 |     assert_eq!(time, time!(0:01:01));
    |                      ^^^^
    |
    = note: import resolution is stuck, try simplifying macro imports

error: cannot determine resolution for the macro `time`
   --> tests/integration/time.rs:222:22
    |
222 |     assert_eq!(time, time!(1:01:01));
    |                      ^^^^
    |
    = note: import resolution is stuck, try simplifying macro imports

error: cannot determine resolution for the macro `time`
   --> tests/integration/time.rs:225:22
    |
225 |     assert_eq!(time, time!(1:01:01));
    |                      ^^^^
    |
    = note: import resolution is stuck, try simplifying macro imports

error: cannot determine resolution for the macro `time`
   --> tests/integration/time.rs:230:16
    |
230 |     assert_eq!(time!(12:00) - 1.std_hours(), time!(11:00));
    |                ^^^^
    |
    = note: import resolution is stuck, try simplifying macro imports

error: cannot determine resolution for the macro `time`
   --> tests/integration/time.rs:230:46
    |
230 |     assert_eq!(time!(12:00) - 1.std_hours(), time!(11:00));
    |                                              ^^^^
    |
    = note: import resolution is stuck, try simplifying macro imports

error: cannot determine resolution for the macro `time`
   --> tests/integration/time.rs:233:16
    |
233 |     assert_eq!(time!(0:00) - 1.std_milliseconds(), time!(23:59:59.999));
    |                ^^^^
    |
    = note: import resolution is stuck, try simplifying macro imports

error: cannot determine resolution for the macro `time`
   --> tests/integration/time.rs:233:52
    |
233 |     assert_eq!(time!(0:00) - 1.std_milliseconds(), time!(23:59:59.999));
    |                                                    ^^^^
    |
    = note: import resolution is stuck, try simplifying macro imports

error: cannot determine resolution for the macro `time`
   --> tests/integration/time.rs:234:16
    |
234 |     assert_eq!(time!(0:00) - 1.std_seconds(), time!(23:59:59));
    |                ^^^^
    |
    = note: import resolution is stuck, try simplifying macro imports

error: cannot determine resolution for the macro `time`
   --> tests/integration/time.rs:234:47
    |
234 |     assert_eq!(time!(0:00) - 1.std_seconds(), time!(23:59:59));
    |                                               ^^^^
    |
    = note: import resolution is stuck, try simplifying macro imports

error: cannot determine resolution for the macro `time`
   --> tests/integration/time.rs:235:16
    |
235 |     assert_eq!(time!(0:00) - 1.std_minutes(), time!(23:59));
    |                ^^^^
    |
    = note: import resolution is stuck, try simplifying macro imports

error: cannot determine resolution for the macro `time`
   --> tests/integration/time.rs:235:47
    |
235 |     assert_eq!(time!(0:00) - 1.std_minutes(), time!(23:59));
    |                                               ^^^^
    |
    = note: import resolution is stuck, try simplifying macro imports

error: cannot determine resolution for the macro `time`
   --> tests/integration/time.rs:236:16
    |
236 |     assert_eq!(time!(0:00) - 1.std_hours(), time!(23:00));
    |                ^^^^
    |
    = note: import resolution is stuck, try simplifying macro imports

error: cannot determine resolution for the macro `time`
   --> tests/integration/time.rs:236:45
    |
236 |     assert_eq!(time!(0:00) - 1.std_hours(), time!(23:00));
    |                                             ^^^^
    |
    = note: import resolution is stuck, try simplifying macro imports

error: cannot determine resolution for the macro `time`
   --> tests/integration/time.rs:237:16
    |
237 |     assert_eq!(time!(0:00) - 1.std_days(), time!(0:00));
    |                ^^^^
    |
    = note: import resolution is stuck, try simplifying macro imports

error: cannot determine resolution for the macro `time`
   --> tests/integration/time.rs:237:44
    |
237 |     assert_eq!(time!(0:00) - 1.std_days(), time!(0:00));
    |                                            ^^^^
    |
    = note: import resolution is stuck, try simplifying macro imports

error: cannot determine resolution for the macro `time`
   --> tests/integration/time.rs:242:20
    |
242 |     let mut time = time!(0:00);
    |                    ^^^^
    |
    = note: import resolution is stuck, try simplifying macro imports

error: cannot determine resolution for the macro `time`
   --> tests/integration/time.rs:245:22
    |
245 |     assert_eq!(time, time!(23:59:59));
    |                      ^^^^
    |
    = note: import resolution is stuck, try simplifying macro imports

error: cannot determine resolution for the macro `time`
   --> tests/integration/time.rs:248:22
    |
248 |     assert_eq!(time, time!(23:58:59));
    |                      ^^^^
    |
    = note: import resolution is stuck, try simplifying macro imports

error: cannot determine resolution for the macro `time`
   --> tests/integration/time.rs:251:22
    |
251 |     assert_eq!(time, time!(22:58:59));
    |                      ^^^^
    |
    = note: import resolution is stuck, try simplifying macro imports

error: cannot determine resolution for the macro `time`
   --> tests/integration/time.rs:254:22
    |
254 |     assert_eq!(time, time!(22:58:59));
    |                      ^^^^
    |
    = note: import resolution is stuck, try simplifying macro imports

error: cannot determine resolution for the macro `time`
   --> tests/integration/time.rs:259:16
    |
259 |     assert_eq!(time!(0:00) - time!(0:00), 0.seconds());
    |                ^^^^
    |
    = note: import resolution is stuck, try simplifying macro imports

error: cannot determine resolution for the macro `time`
   --> tests/integration/time.rs:259:30
    |
259 |     assert_eq!(time!(0:00) - time!(0:00), 0.seconds());
    |                              ^^^^
    |
    = note: import resolution is stuck, try simplifying macro imports

error: cannot determine resolution for the macro `time`
   --> tests/integration/time.rs:260:16
    |
260 |     assert_eq!(time!(1:00) - time!(0:00), 1.hours());
    |                ^^^^
    |
    = note: import resolution is stuck, try simplifying macro imports

error: cannot determine resolution for the macro `time`
   --> tests/integration/time.rs:260:30
    |
260 |     assert_eq!(time!(1:00) - time!(0:00), 1.hours());
    |                              ^^^^
    |
    = note: import resolution is stuck, try simplifying macro imports

error: cannot determine resolution for the macro `time`
   --> tests/integration/time.rs:261:16
    |
261 |     assert_eq!(time!(1:00) - time!(0:00:01), 59.minutes() + 59.seconds());
    |                ^^^^
    |
    = note: import resolution is stuck, try simplifying macro imports

error: cannot determine resolution for the macro `time`
   --> tests/integration/time.rs:261:30
    |
261 |     assert_eq!(time!(1:00) - time!(0:00:01), 59.minutes() + 59.seconds());
    |                              ^^^^
    |
    = note: import resolution is stuck, try simplifying macro imports

error: cannot determine resolution for the macro `time`
   --> tests/integration/time.rs:266:13
    |
266 |     assert!(time!(0:00) < time!(0:00:00.000_000_001));
    |             ^^^^
    |
    = note: import resolution is stuck, try simplifying macro imports

error: cannot determine resolution for the macro `time`
   --> tests/integration/time.rs:266:27
    |
266 |     assert!(time!(0:00) < time!(0:00:00.000_000_001));
    |                           ^^^^
    |
    = note: import resolution is stuck, try simplifying macro imports

error: cannot determine resolution for the macro `time`
   --> tests/integration/time.rs:267:13
    |
267 |     assert!(time!(0:00) < time!(0:00:01));
    |             ^^^^
    |
    = note: import resolution is stuck, try simplifying macro imports

error: cannot determine resolution for the macro `time`
   --> tests/integration/time.rs:267:27
    |
267 |     assert!(time!(0:00) < time!(0:00:01));
    |                           ^^^^
    |
    = note: import resolution is stuck, try simplifying macro imports

error: cannot determine resolution for the macro `time`
   --> tests/integration/time.rs:268:13
    |
268 |     assert!(time!(12:00) > time!(11:00));
    |             ^^^^
    |
    = note: import resolution is stuck, try simplifying macro imports

error: cannot determine resolution for the macro `time`
   --> tests/integration/time.rs:268:28
    |
268 |     assert!(time!(12:00) > time!(11:00));
    |                            ^^^^
    |
    = note: import resolution is stuck, try simplifying macro imports

error: cannot determine resolution for the macro `time`
   --> tests/integration/time.rs:269:16
    |
269 |     assert_eq!(time!(0:00), time!(0:00));
    |                ^^^^
    |
    = note: import resolution is stuck, try simplifying macro imports

error: cannot determine resolution for the macro `time`
   --> tests/integration/time.rs:269:29
    |
269 |     assert_eq!(time!(0:00), time!(0:00));
    |                             ^^^^
    |
    = note: import resolution is stuck, try simplifying macro imports

error: cannot determine resolution for the macro `offset`
 --> tests/integration/utc_offset.rs:6:16
  |
6 |     assert_eq!(offset!(UTC), offset!(+0));
  |                ^^^^^^
  |
  = note: import resolution is stuck, try simplifying macro imports

error: cannot determine resolution for the macro `offset`
 --> tests/integration/utc_offset.rs:6:30
  |
6 |     assert_eq!(offset!(UTC), offset!(+0));
  |                              ^^^^^^
  |
  = note: import resolution is stuck, try simplifying macro imports

error: cannot determine resolution for the macro `offset`
  --> tests/integration/utc_offset.rs:11:49
   |
11 |     assert_eq!(UtcOffset::from_hms(0, 0, 0), Ok(offset!(UTC)));
   |                                                 ^^^^^^
   |
   = note: import resolution is stuck, try simplifying macro imports

error: cannot determine resolution for the macro `offset`
  --> tests/integration/utc_offset.rs:12:49
   |
12 |     assert_eq!(UtcOffset::from_hms(0, 0, 1), Ok(offset!(+0:00:01)));
   |                                                 ^^^^^^
   |
   = note: import resolution is stuck, try simplifying macro imports

error: cannot determine resolution for the macro `offset`
  --> tests/integration/utc_offset.rs:13:50
   |
13 |     assert_eq!(UtcOffset::from_hms(0, 0, -1), Ok(offset!(-0:00:01)));
   |                                                  ^^^^^^
   |
   = note: import resolution is stuck, try simplifying macro imports

error: cannot determine resolution for the macro `offset`
  --> tests/integration/utc_offset.rs:14:49
   |
14 |     assert_eq!(UtcOffset::from_hms(1, 0, 0), Ok(offset!(+1)));
   |                                                 ^^^^^^
   |
   = note: import resolution is stuck, try simplifying macro imports

error: cannot determine resolution for the macro `offset`
  --> tests/integration/utc_offset.rs:15:50
   |
15 |     assert_eq!(UtcOffset::from_hms(-1, 0, 0), Ok(offset!(-1)));
   |                                                  ^^^^^^
   |
   = note: import resolution is stuck, try simplifying macro imports

error: cannot determine resolution for the macro `offset`
  --> tests/integration/utc_offset.rs:16:51
   |
16 |     assert_eq!(UtcOffset::from_hms(23, 59, 0), Ok(offset!(+23:59)));
   |                                                   ^^^^^^
   |
   = note: import resolution is stuck, try simplifying macro imports

error: cannot determine resolution for the macro `offset`
  --> tests/integration/utc_offset.rs:17:53
   |
17 |     assert_eq!(UtcOffset::from_hms(-23, -59, 0), Ok(offset!(-23:59)));
   |                                                     ^^^^^^
   |
   = note: import resolution is stuck, try simplifying macro imports

error: cannot determine resolution for the macro `offset`
  --> tests/integration/utc_offset.rs:18:52
   |
18 |     assert_eq!(UtcOffset::from_hms(23, 59, 59), Ok(offset!(+23:59:59)));
   |                                                    ^^^^^^
   |
   = note: import resolution is stuck, try simplifying macro imports

error: cannot determine resolution for the macro `offset`
  --> tests/integration/utc_offset.rs:19:55
   |
19 |     assert_eq!(UtcOffset::from_hms(-23, -59, -59), Ok(offset!(-23:59:59)));
   |                                                       ^^^^^^
   |
   = note: import resolution is stuck, try simplifying macro imports

error: cannot determine resolution for the macro `offset`
  --> tests/integration/utc_offset.rs:28:53
   |
28 |     assert_eq!(UtcOffset::from_whole_seconds(0), Ok(offset!(UTC)));
   |                                                     ^^^^^^
   |
   = note: import resolution is stuck, try simplifying macro imports

error: cannot determine resolution for the macro `offset`
  --> tests/integration/utc_offset.rs:29:53
   |
29 |     assert_eq!(UtcOffset::from_whole_seconds(1), Ok(offset!(+0:00:01)));
   |                                                     ^^^^^^
   |
   = note: import resolution is stuck, try simplifying macro imports

error: cannot determine resolution for the macro `offset`
  --> tests/integration/utc_offset.rs:30:54
   |
30 |     assert_eq!(UtcOffset::from_whole_seconds(-1), Ok(offset!(-0:00:01)));
   |                                                      ^^^^^^
   |
   = note: import resolution is stuck, try simplifying macro imports

error: cannot determine resolution for the macro `offset`
  --> tests/integration/utc_offset.rs:31:57
   |
31 |     assert_eq!(UtcOffset::from_whole_seconds(3_600), Ok(offset!(+1)));
   |                                                         ^^^^^^
   |
   = note: import resolution is stuck, try simplifying macro imports

error: cannot determine resolution for the macro `offset`
  --> tests/integration/utc_offset.rs:32:58
   |
32 |     assert_eq!(UtcOffset::from_whole_seconds(-3_600), Ok(offset!(-1)));
   |                                                          ^^^^^^
   |
   = note: import resolution is stuck, try simplifying macro imports

error: cannot determine resolution for the macro `offset`
  --> tests/integration/utc_offset.rs:33:58
   |
33 |     assert_eq!(UtcOffset::from_whole_seconds(86_340), Ok(offset!(+23:59)));
   |                                                          ^^^^^^
   |
   = note: import resolution is stuck, try simplifying macro imports

error: cannot determine resolution for the macro `offset`
  --> tests/integration/utc_offset.rs:34:59
   |
34 |     assert_eq!(UtcOffset::from_whole_seconds(-86_340), Ok(offset!(-23:59)));
   |                                                           ^^^^^^
   |
   = note: import resolution is stuck, try simplifying macro imports

error: cannot determine resolution for the macro `offset`
  --> tests/integration/utc_offset.rs:37:12
   |
37 |         Ok(offset!(+23:59:59))
   |            ^^^^^^
   |
   = note: import resolution is stuck, try simplifying macro imports

error: cannot determine resolution for the macro `offset`
  --> tests/integration/utc_offset.rs:41:12
   |
41 |         Ok(offset!(-23:59:59))
   |            ^^^^^^
   |
   = note: import resolution is stuck, try simplifying macro imports

error: cannot determine resolution for the macro `offset`
  --> tests/integration/utc_offset.rs:48:16
   |
48 |     assert_eq!(offset!(UTC).as_hms(), (0, 0, 0));
   |                ^^^^^^
   |
   = note: import resolution is stuck, try simplifying macro imports

error: cannot determine resolution for the macro `offset`
  --> tests/integration/utc_offset.rs:49:16
   |
49 |     assert_eq!(offset!(+0:00:01).as_hms(), (0, 0, 1));
   |                ^^^^^^
   |
   = note: import resolution is stuck, try simplifying macro imports

error: cannot determine resolution for the macro `offset`
  --> tests/integration/utc_offset.rs:50:16
   |
50 |     assert_eq!(offset!(-0:00:01).as_hms(), (0, 0, -1));
   |                ^^^^^^
   |
   = note: import resolution is stuck, try simplifying macro imports

error: cannot determine resolution for the macro `offset`
  --> tests/integration/utc_offset.rs:51:16
   |
51 |     assert_eq!(offset!(+1).as_hms(), (1, 0, 0));
   |                ^^^^^^
   |
   = note: import resolution is stuck, try simplifying macro imports

error: cannot determine resolution for the macro `offset`
  --> tests/integration/utc_offset.rs:52:16
   |
52 |     assert_eq!(offset!(-1).as_hms(), (-1, 0, 0));
   |                ^^^^^^
   |
   = note: import resolution is stuck, try simplifying macro imports

error: cannot determine resolution for the macro `offset`
  --> tests/integration/utc_offset.rs:53:16
   |
53 |     assert_eq!(offset!(+23:59).as_hms(), (23, 59, 0));
   |                ^^^^^^
   |
   = note: import resolution is stuck, try simplifying macro imports

error: cannot determine resolution for the macro `offset`
  --> tests/integration/utc_offset.rs:54:16
   |
54 |     assert_eq!(offset!(-23:59).as_hms(), (-23, -59, 0));
   |                ^^^^^^
   |
   = note: import resolution is stuck, try simplifying macro imports

error: cannot determine resolution for the macro `offset`
  --> tests/integration/utc_offset.rs:55:16
   |
55 |     assert_eq!(offset!(+23:59:59).as_hms(), (23, 59, 59));
   |                ^^^^^^
   |
   = note: import resolution is stuck, try simplifying macro imports

error: cannot determine resolution for the macro `offset`
  --> tests/integration/utc_offset.rs:56:16
   |
56 |     assert_eq!(offset!(-23:59:59).as_hms(), (-23, -59, -59));
   |                ^^^^^^
   |
   = note: import resolution is stuck, try simplifying macro imports

error: cannot determine resolution for the macro `offset`
  --> tests/integration/utc_offset.rs:61:16
   |
61 |     assert_eq!(offset!(+1:02:03).whole_hours(), 1);
   |                ^^^^^^
   |
   = note: import resolution is stuck, try simplifying macro imports

error: cannot determine resolution for the macro `offset`
  --> tests/integration/utc_offset.rs:62:16
   |
62 |     assert_eq!(offset!(-1:02:03).whole_hours(), -1);
   |                ^^^^^^
   |
   = note: import resolution is stuck, try simplifying macro imports

error: cannot determine resolution for the macro `offset`
  --> tests/integration/utc_offset.rs:67:16
   |
67 |     assert_eq!(offset!(+1:02:03).whole_minutes(), 62);
   |                ^^^^^^
   |
   = note: import resolution is stuck, try simplifying macro imports

error: cannot determine resolution for the macro `offset`
  --> tests/integration/utc_offset.rs:68:16
   |
68 |     assert_eq!(offset!(-1:02:03).whole_minutes(), -62);
   |                ^^^^^^
   |
   = note: import resolution is stuck, try simplifying macro imports

error: cannot determine resolution for the macro `offset`
  --> tests/integration/utc_offset.rs:73:16
   |
73 |     assert_eq!(offset!(+1:02:03).minutes_past_hour(), 2);
   |                ^^^^^^
   |
   = note: import resolution is stuck, try simplifying macro imports

error: cannot determine resolution for the macro `offset`
  --> tests/integration/utc_offset.rs:74:16
   |
74 |     assert_eq!(offset!(-1:02:03).minutes_past_hour(), -2);
   |                ^^^^^^
   |
   = note: import resolution is stuck, try simplifying macro imports

error: cannot determine resolution for the macro `offset`
  --> tests/integration/utc_offset.rs:79:16
   |
79 |     assert_eq!(offset!(UTC).whole_seconds(), 0);
   |                ^^^^^^
   |
   = note: import resolution is stuck, try simplifying macro imports

error: cannot determine resolution for the macro `offset`
  --> tests/integration/utc_offset.rs:80:16
   |
80 |     assert_eq!(offset!(+0:00:01).whole_seconds(), 1);
   |                ^^^^^^
   |
   = note: import resolution is stuck, try simplifying macro imports

error: cannot determine resolution for the macro `offset`
  --> tests/integration/utc_offset.rs:81:16
   |
81 |     assert_eq!(offset!(-0:00:01).whole_seconds(), -1);
   |                ^^^^^^
   |
   = note: import resolution is stuck, try simplifying macro imports

error: cannot determine resolution for the macro `offset`
  --> tests/integration/utc_offset.rs:82:16
   |
82 |     assert_eq!(offset!(+1).whole_seconds(), 3_600);
   |                ^^^^^^
   |
   = note: import resolution is stuck, try simplifying macro imports

error: cannot determine resolution for the macro `offset`
  --> tests/integration/utc_offset.rs:83:16
   |
83 |     assert_eq!(offset!(-1).whole_seconds(), -3_600);
   |                ^^^^^^
   |
   = note: import resolution is stuck, try simplifying macro imports

error: cannot determine resolution for the macro `offset`
  --> tests/integration/utc_offset.rs:84:16
   |
84 |     assert_eq!(offset!(+23:59).whole_seconds(), 86_340);
   |                ^^^^^^
   |
   = note: import resolution is stuck, try simplifying macro imports

error: cannot determine resolution for the macro `offset`
  --> tests/integration/utc_offset.rs:85:16
   |
85 |     assert_eq!(offset!(-23:59).whole_seconds(), -86_340);
   |                ^^^^^^
   |
   = note: import resolution is stuck, try simplifying macro imports

error: cannot determine resolution for the macro `offset`
  --> tests/integration/utc_offset.rs:86:16
   |
86 |     assert_eq!(offset!(+23:59:59).whole_seconds(), 86_399);
   |                ^^^^^^
   |
   = note: import resolution is stuck, try simplifying macro imports

error: cannot determine resolution for the macro `offset`
  --> tests/integration/utc_offset.rs:87:16
   |
87 |     assert_eq!(offset!(-23:59:59).whole_seconds(), -86_399);
   |                ^^^^^^
   |
   = note: import resolution is stuck, try simplifying macro imports

error: cannot determine resolution for the macro `offset`
  --> tests/integration/utc_offset.rs:92:16
   |
92 |     assert_eq!(offset!(+1:02:03).seconds_past_minute(), 3);
   |                ^^^^^^
   |
   = note: import resolution is stuck, try simplifying macro imports

error: cannot determine resolution for the macro `offset`
  --> tests/integration/utc_offset.rs:93:16
   |
93 |     assert_eq!(offset!(-1:02:03).seconds_past_minute(), -3);
   |                ^^^^^^
   |
   = note: import resolution is stuck, try simplifying macro imports

error: cannot determine resolution for the macro `offset`
  --> tests/integration/utc_offset.rs:98:13
   |
98 |     assert!(offset!(UTC).is_utc());
   |             ^^^^^^
   |
   = note: import resolution is stuck, try simplifying macro imports

error: cannot determine resolution for the macro `offset`
  --> tests/integration/utc_offset.rs:99:14
   |
99 |     assert!(!offset!(+0:00:01).is_utc());
   |              ^^^^^^
   |
   = note: import resolution is stuck, try simplifying macro imports

error: cannot determine resolution for the macro `offset`
   --> tests/integration/utc_offset.rs:100:14
    |
100 |     assert!(!offset!(-0:00:01).is_utc());
    |              ^^^^^^
    |
    = note: import resolution is stuck, try simplifying macro imports

error: cannot determine resolution for the macro `offset`
   --> tests/integration/utc_offset.rs:101:14
    |
101 |     assert!(!offset!(+1).is_utc());
    |              ^^^^^^
    |
    = note: import resolution is stuck, try simplifying macro imports

error: cannot determine resolution for the macro `offset`
   --> tests/integration/utc_offset.rs:102:14
    |
102 |     assert!(!offset!(-1).is_utc());
    |              ^^^^^^
    |
    = note: import resolution is stuck, try simplifying macro imports

error: cannot determine resolution for the macro `offset`
   --> tests/integration/utc_offset.rs:103:14
    |
103 |     assert!(!offset!(+23:59).is_utc());
    |              ^^^^^^
    |
    = note: import resolution is stuck, try simplifying macro imports

error: cannot determine resolution for the macro `offset`
   --> tests/integration/utc_offset.rs:104:14
    |
104 |     assert!(!offset!(-23:59).is_utc());
    |              ^^^^^^
    |
    = note: import resolution is stuck, try simplifying macro imports

error: cannot determine resolution for the macro `offset`
   --> tests/integration/utc_offset.rs:105:14
    |
105 |     assert!(!offset!(+23:59:59).is_utc());
    |              ^^^^^^
    |
    = note: import resolution is stuck, try simplifying macro imports

error: cannot determine resolution for the macro `offset`
   --> tests/integration/utc_offset.rs:106:14
    |
106 |     assert!(!offset!(-23:59:59).is_utc());
    |              ^^^^^^
    |
    = note: import resolution is stuck, try simplifying macro imports

error: cannot determine resolution for the macro `offset`
   --> tests/integration/utc_offset.rs:111:14
    |
111 |     assert!(!offset!(UTC).is_positive());
    |              ^^^^^^
    |
    = note: import resolution is stuck, try simplifying macro imports

error: cannot determine resolution for the macro `offset`
   --> tests/integration/utc_offset.rs:112:13
    |
112 |     assert!(offset!(+0:00:01).is_positive());
    |             ^^^^^^
    |
    = note: import resolution is stuck, try simplifying macro imports

error: cannot determine resolution for the macro `offset`
   --> tests/integration/utc_offset.rs:113:14
    |
113 |     assert!(!offset!(-0:00:01).is_positive());
    |              ^^^^^^
    |
    = note: import resolution is stuck, try simplifying macro imports

error: cannot determine resolution for the macro `offset`
   --> tests/integration/utc_offset.rs:114:13
    |
114 |     assert!(offset!(+1).is_positive());
    |             ^^^^^^
    |
    = note: import resolution is stuck, try simplifying macro imports

error: cannot determine resolution for the macro `offset`
   --> tests/integration/utc_offset.rs:115:14
    |
115 |     assert!(!offset!(-1).is_positive());
    |              ^^^^^^
    |
    = note: import resolution is stuck, try simplifying macro imports

error: cannot determine resolution for the macro `offset`
   --> tests/integration/utc_offset.rs:116:13
    |
116 |     assert!(offset!(+23:59).is_positive());
    |             ^^^^^^
    |
    = note: import resolution is stuck, try simplifying macro imports

error: cannot determine resolution for the macro `offset`
   --> tests/integration/utc_offset.rs:117:14
    |
117 |     assert!(!offset!(-23:59).is_positive());
    |              ^^^^^^
    |
    = note: import resolution is stuck, try simplifying macro imports

error: cannot determine resolution for the macro `offset`
   --> tests/integration/utc_offset.rs:118:13
    |
118 |     assert!(offset!(+23:59:59).is_positive());
    |             ^^^^^^
    |
    = note: import resolution is stuck, try simplifying macro imports

error: cannot determine resolution for the macro `offset`
   --> tests/integration/utc_offset.rs:119:14
    |
119 |     assert!(!offset!(-23:59:59).is_positive());
    |              ^^^^^^
    |
    = note: import resolution is stuck, try simplifying macro imports

error: cannot determine resolution for the macro `offset`
   --> tests/integration/utc_offset.rs:124:14
    |
124 |     assert!(!offset!(UTC).is_negative());
    |              ^^^^^^
    |
    = note: import resolution is stuck, try simplifying macro imports

error: cannot determine resolution for the macro `offset`
   --> tests/integration/utc_offset.rs:125:14
    |
125 |     assert!(!offset!(+0:00:01).is_negative());
    |              ^^^^^^
    |
    = note: import resolution is stuck, try simplifying macro imports

error: cannot determine resolution for the macro `offset`
   --> tests/integration/utc_offset.rs:126:13
    |
126 |     assert!(offset!(-0:00:01).is_negative());
    |             ^^^^^^
    |
    = note: import resolution is stuck, try simplifying macro imports

error: cannot determine resolution for the macro `offset`
   --> tests/integration/utc_offset.rs:127:14
    |
127 |     assert!(!offset!(+1).is_negative());
    |              ^^^^^^
    |
    = note: import resolution is stuck, try simplifying macro imports

error: cannot determine resolution for the macro `offset`
   --> tests/integration/utc_offset.rs:128:13
    |
128 |     assert!(offset!(-1).is_negative());
    |             ^^^^^^
    |
    = note: import resolution is stuck, try simplifying macro imports

error: cannot determine resolution for the macro `offset`
   --> tests/integration/utc_offset.rs:129:14
    |
129 |     assert!(!offset!(+23:59).is_negative());
    |              ^^^^^^
    |
    = note: import resolution is stuck, try simplifying macro imports

error: cannot determine resolution for the macro `offset`
   --> tests/integration/utc_offset.rs:130:13
    |
130 |     assert!(offset!(-23:59).is_negative());
    |             ^^^^^^
    |
    = note: import resolution is stuck, try simplifying macro imports

error: cannot determine resolution for the macro `offset`
   --> tests/integration/utc_offset.rs:131:14
    |
131 |     assert!(!offset!(+23:59:59).is_negative());
    |              ^^^^^^
    |
    = note: import resolution is stuck, try simplifying macro imports

error: cannot determine resolution for the macro `offset`
   --> tests/integration/utc_offset.rs:132:13
    |
132 |     assert!(offset!(-23:59:59).is_negative());
    |             ^^^^^^
    |
    = note: import resolution is stuck, try simplifying macro imports

error: cannot determine resolution for the macro `offset`
   --> tests/integration/utc_offset.rs:137:17
    |
137 |     assert_eq!(-offset!(UTC), offset!(UTC));
    |                 ^^^^^^
    |
    = note: import resolution is stuck, try simplifying macro imports

error: cannot determine resolution for the macro `offset`
   --> tests/integration/utc_offset.rs:137:31
    |
137 |     assert_eq!(-offset!(UTC), offset!(UTC));
    |                               ^^^^^^
    |
    = note: import resolution is stuck, try simplifying macro imports

error: cannot determine resolution for the macro `offset`
   --> tests/integration/utc_offset.rs:138:17
    |
138 |     assert_eq!(-offset!(+0:00:01), offset!(-0:00:01));
    |                 ^^^^^^
    |
    = note: import resolution is stuck, try simplifying macro imports

error: cannot determine resolution for the macro `offset`
   --> tests/integration/utc_offset.rs:138:36
    |
138 |     assert_eq!(-offset!(+0:00:01), offset!(-0:00:01));
    |                                    ^^^^^^
    |
    = note: import resolution is stuck, try simplifying macro imports

error: cannot determine resolution for the macro `offset`
   --> tests/integration/utc_offset.rs:139:17
    |
139 |     assert_eq!(-offset!(-0:00:01), offset!(+0:00:01));
    |                 ^^^^^^
    |
    = note: import resolution is stuck, try simplifying macro imports

error: cannot determine resolution for the macro `offset`
   --> tests/integration/utc_offset.rs:139:36
    |
139 |     assert_eq!(-offset!(-0:00:01), offset!(+0:00:01));
    |                                    ^^^^^^
    |
    = note: import resolution is stuck, try simplifying macro imports

error: cannot determine resolution for the macro `offset`
   --> tests/integration/utc_offset.rs:140:17
    |
140 |     assert_eq!(-offset!(+1), offset!(-1));
    |                 ^^^^^^
    |
    = note: import resolution is stuck, try simplifying macro imports

error: cannot determine resolution for the macro `offset`
   --> tests/integration/utc_offset.rs:140:30
    |
140 |     assert_eq!(-offset!(+1), offset!(-1));
    |                              ^^^^^^
    |
    = note: import resolution is stuck, try simplifying macro imports

error: cannot determine resolution for the macro `offset`
   --> tests/integration/utc_offset.rs:141:17
    |
141 |     assert_eq!(-offset!(-1), offset!(+1));
    |                 ^^^^^^
    |
    = note: import resolution is stuck, try simplifying macro imports

error: cannot determine resolution for the macro `offset`
   --> tests/integration/utc_offset.rs:141:30
    |
141 |     assert_eq!(-offset!(-1), offset!(+1));
    |                              ^^^^^^
    |
    = note: import resolution is stuck, try simplifying macro imports

error: cannot determine resolution for the macro `offset`
   --> tests/integration/utc_offset.rs:142:17
    |
142 |     assert_eq!(-offset!(+23:59), offset!(-23:59));
    |                 ^^^^^^
    |
    = note: import resolution is stuck, try simplifying macro imports

error: cannot determine resolution for the macro `offset`
   --> tests/integration/utc_offset.rs:142:34
    |
142 |     assert_eq!(-offset!(+23:59), offset!(-23:59));
    |                                  ^^^^^^
    |
    = note: import resolution is stuck, try simplifying macro imports

error: cannot determine resolution for the macro `offset`
   --> tests/integration/utc_offset.rs:143:17
    |
143 |     assert_eq!(-offset!(-23:59), offset!(+23:59));
    |                 ^^^^^^
    |
    = note: import resolution is stuck, try simplifying macro imports

error: cannot determine resolution for the macro `offset`
   --> tests/integration/utc_offset.rs:143:34
    |
143 |     assert_eq!(-offset!(-23:59), offset!(+23:59));
    |                                  ^^^^^^
    |
    = note: import resolution is stuck, try simplifying macro imports

error: cannot determine resolution for the macro `offset`
   --> tests/integration/utc_offset.rs:144:17
    |
144 |     assert_eq!(-offset!(+23:59:59), offset!(-23:59:59));
    |                 ^^^^^^
    |
    = note: import resolution is stuck, try simplifying macro imports

error: cannot determine resolution for the macro `offset`
   --> tests/integration/utc_offset.rs:144:37
    |
144 |     assert_eq!(-offset!(+23:59:59), offset!(-23:59:59));
    |                                     ^^^^^^
    |
    = note: import resolution is stuck, try simplifying macro imports

error: cannot determine resolution for the macro `offset`
   --> tests/integration/utc_offset.rs:145:17
    |
145 |     assert_eq!(-offset!(-23:59:59), offset!(+23:59:59));
    |                 ^^^^^^
    |
    = note: import resolution is stuck, try simplifying macro imports

error: cannot determine resolution for the macro `offset`
   --> tests/integration/utc_offset.rs:145:37
    |
145 |     assert_eq!(-offset!(-23:59:59), offset!(+23:59:59));
    |                                     ^^^^^^
    |
    = note: import resolution is stuck, try simplifying macro imports

error[E0433]: failed to resolve: use of undeclared crate or module `util`
  --> tests/integration/date.rs:31:13
   |
31 |             util::weeks_in_year(year),
   |             ^^^^ use of undeclared crate or module `util`

error[E0433]: failed to resolve: use of undeclared type `Month`
   --> tests/integration/date.rs:447:43
    |
447 |     assert_eq!(date!(2019 - 002).month(), Month::January);
    |                                           ^^^^^ use of undeclared type `Month`

error[E0433]: failed to resolve: use of undeclared type `Month`
   --> tests/integration/date.rs:448:43
    |
448 |     assert_eq!(date!(2020 - 002).month(), Month::January);
    |                                           ^^^^^ use of undeclared type `Month`

error[E0433]: failed to resolve: use of undeclared type `Month`
   --> tests/integration/date.rs:449:43
    |
449 |     assert_eq!(date!(2019 - 060).month(), Month::March);
    |                                           ^^^^^ use of undeclared type `Month`

error[E0433]: failed to resolve: use of undeclared type `Month`
   --> tests/integration/date.rs:450:43
    |
450 |     assert_eq!(date!(2020 - 060).month(), Month::February);
    |                                           ^^^^^ use of undeclared type `Month`

error[E0433]: failed to resolve: use of undeclared type `Month`
   --> tests/integration/date.rs:474:16
    |
474 |         (2019, Month::January, 2)
    |                ^^^^^ use of undeclared type `Month`

error[E0433]: failed to resolve: use of undeclared type `Month`
   --> tests/integration/date.rs:478:16
    |
478 |         (2019, Month::February, 2)
    |                ^^^^^ use of undeclared type `Month`

error[E0433]: failed to resolve: use of undeclared type `Month`
   --> tests/integration/date.rs:482:16
    |
482 |         (2019, Month::March, 2)
    |                ^^^^^ use of undeclared type `Month`

error[E0433]: failed to resolve: use of undeclared type `Month`
   --> tests/integration/date.rs:486:16
    |
486 |         (2019, Month::April, 2)
    |                ^^^^^ use of undeclared type `Month`

error[E0433]: failed to resolve: use of undeclared type `Month`
   --> tests/integration/date.rs:490:16
    |
490 |         (2019, Month::May, 2)
    |                ^^^^^ use of undeclared type `Month`

error[E0433]: failed to resolve: use of undeclared type `Month`
   --> tests/integration/date.rs:494:16
    |
494 |         (2019, Month::June, 2)
    |                ^^^^^ use of undeclared type `Month`

error[E0433]: failed to resolve: use of undeclared type `Month`
   --> tests/integration/date.rs:498:16
    |
498 |         (2019, Month::July, 2)
    |                ^^^^^ use of undeclared type `Month`

error[E0433]: failed to resolve: use of undeclared type `Month`
   --> tests/integration/date.rs:502:16
    |
502 |         (2019, Month::August, 2)
    |                ^^^^^ use of undeclared type `Month`

error[E0433]: failed to resolve: use of undeclared type `Month`
   --> tests/integration/date.rs:506:16
    |
506 |         (2019, Month::September, 2)
    |                ^^^^^ use of undeclared type `Month`

error[E0433]: failed to resolve: use of undeclared type `Month`
   --> tests/integration/date.rs:510:16
    |
510 |         (2019, Month::October, 2)
    |                ^^^^^ use of undeclared type `Month`

error[E0433]: failed to resolve: use of undeclared type `Month`
   --> tests/integration/date.rs:514:16
    |
514 |         (2019, Month::November, 2)
    |                ^^^^^ use of undeclared type `Month`

error[E0433]: failed to resolve: use of undeclared type `Month`
   --> tests/integration/date.rs:518:16
    |
518 |         (2019, Month::December, 2)
    |                ^^^^^ use of undeclared type `Month`

error[E0433]: failed to resolve: use of undeclared type `Date`
   --> tests/integration/date.rs:578:16
    |
578 |     assert_eq!(Date::MAX.next_day(), None);
    |                ^^^^ use of undeclared type `Date`

error[E0433]: failed to resolve: use of undeclared type `Date`
   --> tests/integration/date.rs:599:16
    |
599 |     assert_eq!(Date::MIN.previous_day(), None);
    |                ^^^^ use of undeclared type `Date`

error[E0433]: failed to resolve: use of undeclared crate or module `error`
  --> tests/integration/derives.rs:21:31
   |
21 | fn component_range_error() -> error::ComponentRange {
   |                               ^^^^^ use of undeclared crate or module `error`

error[E0433]: failed to resolve: use of undeclared type `Weekday`
  --> tests/integration/derives.rs:33:23
   |
33 |     assert_cloned_eq!(Weekday::Monday);
   |                       ^^^^^^^ use of undeclared type `Weekday`

error[E0433]: failed to resolve: use of undeclared type `Month`
  --> tests/integration/derives.rs:34:23
   |
34 |     assert_cloned_eq!(Month::January);
   |                       ^^^^^ use of undeclared type `Month`

error[E0433]: failed to resolve: use of undeclared type `Duration`
  --> tests/integration/derives.rs:35:23
   |
35 |     assert_cloned_eq!(Duration::ZERO);
   |                       ^^^^^^^^ use of undeclared type `Duration`

error[E0433]: failed to resolve: use of undeclared type `InvalidFormatDescription`
  --> tests/integration/derives.rs:39:23
   |
39 |     assert_cloned_eq!(InvalidFormatDescription::MissingComponentName { index: 0 });
   |                       ^^^^^^^^^^^^^^^^^^^^^^^^ use of undeclared type `InvalidFormatDescription`

error[E0433]: failed to resolve: use of undeclared type `TryFromParsed`
  --> tests/integration/derives.rs:40:23
   |
40 |     assert_cloned_eq!(TryFromParsed::InsufficientInformation);
   |                       ^^^^^^^^^^^^^ use of undeclared type `TryFromParsed`

error[E0433]: failed to resolve: use of undeclared type `Parsed`
  --> tests/integration/derives.rs:41:13
   |
41 |     let _ = Parsed::new().clone();
   |             ^^^^^^ use of undeclared type `Parsed`

error[E0433]: failed to resolve: use of undeclared crate or module `error`
  --> tests/integration/derives.rs:42:23
   |
42 |     assert_cloned_eq!(error::Parse::ParseFromDescription(
   |                       ^^^^^ use of undeclared crate or module `error`

error[E0433]: failed to resolve: use of undeclared crate or module `error`
  --> tests/integration/derives.rs:43:9
   |
43 |         error::ParseFromDescription::InvalidComponent("foo")
   |         ^^^^^ use of undeclared crate or module `error`

error[E0433]: failed to resolve: use of undeclared crate or module `error`
  --> tests/integration/derives.rs:45:23
   |
45 |     assert_cloned_eq!(error::ParseFromDescription::InvalidComponent("foo"));
   |                       ^^^^^ use of undeclared crate or module `error`

error[E0433]: failed to resolve: use of undeclared crate or module `modifier`
  --> tests/integration/derives.rs:46:47
   |
46 |     assert_cloned_eq!(Component::OffsetSecond(modifier::OffsetSecond {
   |                                               ^^^^^^^^ use of undeclared crate or module `modifier`

error[E0433]: failed to resolve: use of undeclared crate or module `well_known`
  --> tests/integration/derives.rs:49:23
   |
49 |     assert_cloned_eq!(well_known::Rfc3339);
   |                       ^^^^^^^^^^ use of undeclared crate or module `well_known`

error[E0433]: failed to resolve: use of undeclared crate or module `modifier`
  --> tests/integration/derives.rs:52:23
   |
52 |     assert_cloned_eq!(modifier::Day::default());
   |                       ^^^^^^^^ use of undeclared crate or module `modifier`

error[E0433]: failed to resolve: use of undeclared crate or module `modifier`
  --> tests/integration/derives.rs:53:23
   |
53 |     assert_cloned_eq!(modifier::MonthRepr::default());
   |                       ^^^^^^^^ use of undeclared crate or module `modifier`

error[E0433]: failed to resolve: use of undeclared crate or module `modifier`
  --> tests/integration/derives.rs:55:23
   |
55 |     assert_cloned_eq!(modifier::Ordinal::default());
   |                       ^^^^^^^^ use of undeclared crate or module `modifier`

error[E0433]: failed to resolve: use of undeclared crate or module `modifier`
  --> tests/integration/derives.rs:56:23
   |
56 |     assert_cloned_eq!(modifier::WeekdayRepr::default());
   |                       ^^^^^^^^ use of undeclared crate or module `modifier`

error[E0433]: failed to resolve: use of undeclared crate or module `modifier`
  --> tests/integration/derives.rs:58:23
   |
58 |     assert_cloned_eq!(modifier::WeekNumberRepr::default());
   |                       ^^^^^^^^ use of undeclared crate or module `modifier`

error[E0433]: failed to resolve: use of undeclared crate or module `modifier`
  --> tests/integration/derives.rs:59:23
   |
59 |     assert_cloned_eq!(modifier::WeekNumber::default());
   |                       ^^^^^^^^ use of undeclared crate or module `modifier`

error[E0433]: failed to resolve: use of undeclared crate or module `modifier`
  --> tests/integration/derives.rs:60:23
   |
60 |     assert_cloned_eq!(modifier::YearRepr::default());
   |                       ^^^^^^^^ use of undeclared crate or module `modifier`

error[E0433]: failed to resolve: use of undeclared crate or module `modifier`
  --> tests/integration/derives.rs:61:23
   |
61 |     assert_cloned_eq!(modifier::Year::default());
   |                       ^^^^^^^^ use of undeclared crate or module `modifier`

error[E0433]: failed to resolve: use of undeclared crate or module `modifier`
  --> tests/integration/derives.rs:62:23
   |
62 |     assert_cloned_eq!(modifier::Hour::default());
   |                       ^^^^^^^^ use of undeclared crate or module `modifier`

error[E0433]: failed to resolve: use of undeclared crate or module `modifier`
  --> tests/integration/derives.rs:63:23
   |
63 |     assert_cloned_eq!(modifier::Minute::default());
   |                       ^^^^^^^^ use of undeclared crate or module `modifier`

error[E0433]: failed to resolve: use of undeclared crate or module `modifier`
  --> tests/integration/derives.rs:64:23
   |
64 |     assert_cloned_eq!(modifier::Period::default());
   |                       ^^^^^^^^ use of undeclared crate or module `modifier`

error[E0433]: failed to resolve: use of undeclared crate or module `modifier`
  --> tests/integration/derives.rs:65:23
   |
65 |     assert_cloned_eq!(modifier::Second::default());
   |                       ^^^^^^^^ use of undeclared crate or module `modifier`

error[E0433]: failed to resolve: use of undeclared crate or module `modifier`
  --> tests/integration/derives.rs:66:23
   |
66 |     assert_cloned_eq!(modifier::SubsecondDigits::default());
   |                       ^^^^^^^^ use of undeclared crate or module `modifier`

error[E0433]: failed to resolve: use of undeclared crate or module `modifier`
  --> tests/integration/derives.rs:67:23
   |
67 |     assert_cloned_eq!(modifier::Subsecond::default());
   |                       ^^^^^^^^ use of undeclared crate or module `modifier`

error[E0433]: failed to resolve: use of undeclared crate or module `modifier`
  --> tests/integration/derives.rs:68:23
   |
68 |     assert_cloned_eq!(modifier::OffsetHour::default());
   |                       ^^^^^^^^ use of undeclared crate or module `modifier`

error[E0433]: failed to resolve: use of undeclared crate or module `modifier`
  --> tests/integration/derives.rs:69:23
   |
69 |     assert_cloned_eq!(modifier::OffsetMinute::default());
   |                       ^^^^^^^^ use of undeclared crate or module `modifier`

error[E0433]: failed to resolve: use of undeclared crate or module `modifier`
  --> tests/integration/derives.rs:70:23
   |
70 |     assert_cloned_eq!(modifier::OffsetSecond::default());
   |                       ^^^^^^^^ use of undeclared crate or module `modifier`

error[E0433]: failed to resolve: use of undeclared crate or module `modifier`
  --> tests/integration/derives.rs:71:23
   |
71 |     assert_cloned_eq!(modifier::Padding::default());
   |                       ^^^^^^^^ use of undeclared crate or module `modifier`

error[E0433]: failed to resolve: use of undeclared type `Weekday`
  --> tests/integration/derives.rs:82:5
   |
82 |     Weekday::Monday.hash(&mut hasher);
   |     ^^^^^^^ use of undeclared type `Weekday`

error[E0433]: failed to resolve: use of undeclared type `Month`
  --> tests/integration/derives.rs:83:5
   |
83 |     Month::January.hash(&mut hasher);
   |     ^^^^^ use of undeclared type `Month`

error[E0433]: failed to resolve: use of undeclared type `Duration`
  --> tests/integration/derives.rs:85:5
   |
85 |     Duration::ZERO.hash(&mut hasher);
   |     ^^^^^^^^ use of undeclared type `Duration`

error[E0433]: failed to resolve: use of undeclared type `Duration`
   --> tests/integration/derives.rs:116:29
    |
116 |     let _ = format!("{:?}", Duration::ZERO);
    |                             ^^^^^^^^ use of undeclared type `Duration`

error[E0433]: failed to resolve: use of undeclared type `TryFromParsed`
   --> tests/integration/derives.rs:119:29
    |
119 |     let _ = format!("{:?}", TryFromParsed::InsufficientInformation);
    |                             ^^^^^^^^^^^^^ use of undeclared type `TryFromParsed`

error[E0433]: failed to resolve: use of undeclared type `Parsed`
   --> tests/integration/derives.rs:120:29
    |
120 |     let _ = format!("{:?}", Parsed::new());
    |                             ^^^^^^ use of undeclared type `Parsed`

error[E0433]: failed to resolve: use of undeclared crate or module `error`
   --> tests/integration/derives.rs:122:29
    |
122 |     let _ = format!("{:?}", error::ParseFromDescription::InvalidComponent("foo"));
    |                             ^^^^^ use of undeclared crate or module `error`

error[E0433]: failed to resolve: use of undeclared crate or module `well_known`
   --> tests/integration/derives.rs:123:29
    |
123 |     let _ = format!("{:?}", well_known::Rfc3339);
    |                             ^^^^^^^^^^ use of undeclared crate or module `well_known`

error[E0433]: failed to resolve: use of undeclared crate or module `modifier`
   --> tests/integration/derives.rs:126:29
    |
126 |     let _ = format!("{:?}", modifier::Day::default());
    |                             ^^^^^^^^ use of undeclared crate or module `modifier`

error[E0433]: failed to resolve: use of undeclared crate or module `modifier`
   --> tests/integration/derives.rs:127:29
    |
127 |     let _ = format!("{:?}", modifier::MonthRepr::default());
    |                             ^^^^^^^^ use of undeclared crate or module `modifier`

error[E0433]: failed to resolve: use of undeclared crate or module `modifier`
   --> tests/integration/derives.rs:129:29
    |
129 |     let _ = format!("{:?}", modifier::Ordinal::default());
    |                             ^^^^^^^^ use of undeclared crate or module `modifier`

error[E0433]: failed to resolve: use of undeclared crate or module `modifier`
   --> tests/integration/derives.rs:130:29
    |
130 |     let _ = format!("{:?}", modifier::WeekdayRepr::default());
    |                             ^^^^^^^^ use of undeclared crate or module `modifier`

error[E0433]: failed to resolve: use of undeclared crate or module `modifier`
   --> tests/integration/derives.rs:132:29
    |
132 |     let _ = format!("{:?}", modifier::WeekNumberRepr::default());
    |                             ^^^^^^^^ use of undeclared crate or module `modifier`

error[E0433]: failed to resolve: use of undeclared crate or module `modifier`
   --> tests/integration/derives.rs:133:29
    |
133 |     let _ = format!("{:?}", modifier::WeekNumber::default());
    |                             ^^^^^^^^ use of undeclared crate or module `modifier`

error[E0433]: failed to resolve: use of undeclared crate or module `modifier`
   --> tests/integration/derives.rs:134:29
    |
134 |     let _ = format!("{:?}", modifier::YearRepr::default());
    |                             ^^^^^^^^ use of undeclared crate or module `modifier`

error[E0433]: failed to resolve: use of undeclared crate or module `modifier`
   --> tests/integration/derives.rs:135:29
    |
135 |     let _ = format!("{:?}", modifier::Year::default());
    |                             ^^^^^^^^ use of undeclared crate or module `modifier`

error[E0433]: failed to resolve: use of undeclared crate or module `modifier`
   --> tests/integration/derives.rs:136:29
    |
136 |     let _ = format!("{:?}", modifier::Hour::default());
    |                             ^^^^^^^^ use of undeclared crate or module `modifier`

error[E0433]: failed to resolve: use of undeclared crate or module `modifier`
   --> tests/integration/derives.rs:137:29
    |
137 |     let _ = format!("{:?}", modifier::Minute::default());
    |                             ^^^^^^^^ use of undeclared crate or module `modifier`

error[E0433]: failed to resolve: use of undeclared crate or module `modifier`
   --> tests/integration/derives.rs:138:29
    |
138 |     let _ = format!("{:?}", modifier::Period::default());
    |                             ^^^^^^^^ use of undeclared crate or module `modifier`

error[E0433]: failed to resolve: use of undeclared crate or module `modifier`
   --> tests/integration/derives.rs:139:29
    |
139 |     let _ = format!("{:?}", modifier::Second::default());
    |                             ^^^^^^^^ use of undeclared crate or module `modifier`

error[E0433]: failed to resolve: use of undeclared crate or module `modifier`
   --> tests/integration/derives.rs:140:29
    |
140 |     let _ = format!("{:?}", modifier::SubsecondDigits::default());
    |                             ^^^^^^^^ use of undeclared crate or module `modifier`

error[E0433]: failed to resolve: use of undeclared crate or module `modifier`
   --> tests/integration/derives.rs:141:29
    |
141 |     let _ = format!("{:?}", modifier::Subsecond::default());
    |                             ^^^^^^^^ use of undeclared crate or module `modifier`

error[E0433]: failed to resolve: use of undeclared crate or module `modifier`
   --> tests/integration/derives.rs:142:29
    |
142 |     let _ = format!("{:?}", modifier::OffsetHour::default());
    |                             ^^^^^^^^ use of undeclared crate or module `modifier`

error[E0433]: failed to resolve: use of undeclared crate or module `modifier`
   --> tests/integration/derives.rs:143:29
    |
143 |     let _ = format!("{:?}", modifier::OffsetMinute::default());
    |                             ^^^^^^^^ use of undeclared crate or module `modifier`

error[E0433]: failed to resolve: use of undeclared crate or module `modifier`
   --> tests/integration/derives.rs:144:29
    |
144 |     let _ = format!("{:?}", modifier::OffsetSecond::default());
    |                             ^^^^^^^^ use of undeclared crate or module `modifier`

error[E0433]: failed to resolve: use of undeclared crate or module `modifier`
   --> tests/integration/derives.rs:145:29
    |
145 |     let _ = format!("{:?}", modifier::Padding::default());
    |                             ^^^^^^^^ use of undeclared crate or module `modifier`

error[E0433]: failed to resolve: could not find `format_description` in `time`
  --> tests/integration/error.rs:34:24
   |
34 |         .format(&time::format_description::well_known::Rfc3339)
   |                        ^^^^^^^^^^^^^^^^^^ could not find `format_description` in `time`

error[E0433]: failed to resolve: use of undeclared type `Padding`
  --> tests/integration/error.rs:53:26
   |
53 |                 padding: Padding::Zero
   |                          ^^^^^^^ use of undeclared type `Padding`

error[E0433]: failed to resolve: use of undeclared type `Padding`
  --> tests/integration/error.rs:59:26
   |
59 |                 padding: Padding::Zero
   |                          ^^^^^^^ use of undeclared type `Padding`

error[E0433]: failed to resolve: use of undeclared type `Time`
   --> tests/integration/formatting.rs:119:9
    |
119 |         Time::MIDNIGHT.format(&fd!("[hour repr:12][period case:lower]"))?,
    |         ^^^^ use of undeclared type `Time`

error[E0433]: failed to resolve: use of undeclared type `Time`
   --> tests/integration/formatting.rs:122:16
    |
122 |     assert_eq!(Time::MIDNIGHT.format(&fd!("[subsecond digits:1+]"))?, "0");
    |                ^^^^ use of undeclared type `Time`

error[E0433]: failed to resolve: use of undeclared crate or module `format_description`
   --> tests/integration/formatting.rs:307:30
    |
307 |     let format_description = format_description::parse(
    |                              ^^^^^^^^^^^^^^^^^^ use of undeclared crate or module `format_description`

error[E0433]: failed to resolve: use of undeclared type `Time`
   --> tests/integration/formatting.rs:336:9
    |
336 |         Time::MIDNIGHT.format(&fd!("[year]")),
    |         ^^^^ use of undeclared type `Time`

error[E0433]: failed to resolve: use of undeclared type `Padding`
  --> tests/integration/macros.rs:14:26
   |
14 |                 padding: Padding::Space,
   |                          ^^^^^^^ use of undeclared type `Padding`

error[E0433]: failed to resolve: use of undeclared type `Padding`
  --> tests/integration/macros.rs:17:26
   |
17 |                 padding: Padding::Zero,
   |                          ^^^^^^^ use of undeclared type `Padding`

error[E0433]: failed to resolve: use of undeclared type `Padding`
  --> tests/integration/macros.rs:20:26
   |
20 |                 padding: Padding::None,
   |                          ^^^^^^^ use of undeclared type `Padding`

error[E0433]: failed to resolve: use of undeclared type `Padding`
  --> tests/integration/macros.rs:30:26
   |
30 |                 padding: Padding::Space,
   |                          ^^^^^^^ use of undeclared type `Padding`

error[E0433]: failed to resolve: use of undeclared type `Padding`
  --> tests/integration/macros.rs:33:26
   |
33 |                 padding: Padding::Zero,
   |                          ^^^^^^^ use of undeclared type `Padding`

error[E0433]: failed to resolve: use of undeclared type `Padding`
  --> tests/integration/macros.rs:36:26
   |
36 |                 padding: Padding::None,
   |                          ^^^^^^^ use of undeclared type `Padding`

error[E0433]: failed to resolve: use of undeclared type `Padding`
  --> tests/integration/macros.rs:46:26
   |
46 |                 padding: Padding::Space,
   |                          ^^^^^^^ use of undeclared type `Padding`

error[E0433]: failed to resolve: use of undeclared type `Padding`
  --> tests/integration/macros.rs:49:26
   |
49 |                 padding: Padding::Zero,
   |                          ^^^^^^^ use of undeclared type `Padding`

error[E0433]: failed to resolve: use of undeclared type `Padding`
  --> tests/integration/macros.rs:52:26
   |
52 |                 padding: Padding::None,
   |                          ^^^^^^^ use of undeclared type `Padding`

error[E0433]: failed to resolve: use of undeclared type `Padding`
  --> tests/integration/macros.rs:60:26
   |
60 |                 padding: Padding::Space,
   |                          ^^^^^^^ use of undeclared type `Padding`

error[E0433]: failed to resolve: use of undeclared type `Padding`
  --> tests/integration/macros.rs:63:26
   |
63 |                 padding: Padding::Zero,
   |                          ^^^^^^^ use of undeclared type `Padding`

error[E0433]: failed to resolve: use of undeclared type `Padding`
  --> tests/integration/macros.rs:66:26
   |
66 |                 padding: Padding::None,
   |                          ^^^^^^^ use of undeclared type `Padding`

error[E0433]: failed to resolve: use of undeclared type `MonthRepr`
  --> tests/integration/macros.rs:73:19
   |
73 |             repr: MonthRepr::Numerical,
   |                   ^^^^^^^^^ use of undeclared type `MonthRepr`

error[E0433]: failed to resolve: use of undeclared type `Padding`
  --> tests/integration/macros.rs:74:22
   |
74 |             padding: Padding::Zero,
   |                      ^^^^^^^ use of undeclared type `Padding`

error[E0433]: failed to resolve: use of undeclared type `Padding`
  --> tests/integration/macros.rs:81:26
   |
81 |                 padding: Padding::Zero,
   |                          ^^^^^^^ use of undeclared type `Padding`

error[E0433]: failed to resolve: use of undeclared type `WeekNumberRepr`
  --> tests/integration/macros.rs:82:23
   |
82 |                 repr: WeekNumberRepr::Iso,
   |                       ^^^^^^^^^^^^^^ use of undeclared type `WeekNumberRepr`

error[E0433]: failed to resolve: use of undeclared type `WeekdayRepr`
  --> tests/integration/macros.rs:90:23
   |
90 |                 repr: WeekdayRepr::Long,
   |                       ^^^^^^^^^^^ use of undeclared type `WeekdayRepr`

error[E0433]: failed to resolve: use of undeclared type `YearRepr`
  --> tests/integration/macros.rs:98:19
   |
98 |             repr: YearRepr::Full,
   |                   ^^^^^^^^ use of undeclared type `YearRepr`

error[E0433]: failed to resolve: use of undeclared type `Padding`
   --> tests/integration/macros.rs:100:22
    |
100 |             padding: Padding::Zero,
    |                      ^^^^^^^ use of undeclared type `Padding`

error[E0433]: failed to resolve: use of undeclared type `OffsetDateTime`
  --> tests/integration/offset_date_time.rs:46:12
   |
46 |         Ok(OffsetDateTime::UNIX_EPOCH),
   |            ^^^^^^^^^^^^^^ use of undeclared type `OffsetDateTime`

error[E0433]: failed to resolve: use of undeclared type `OffsetDateTime`
  --> tests/integration/offset_date_time.rs:58:12
   |
58 |         Ok(OffsetDateTime::UNIX_EPOCH),
   |            ^^^^^^^^^^^^^^ use of undeclared type `OffsetDateTime`

error[E0433]: failed to resolve: use of undeclared type `OffsetDateTime`
  --> tests/integration/offset_date_time.rs:80:16
   |
80 |     assert_eq!(OffsetDateTime::UNIX_EPOCH.unix_timestamp(), 0);
   |                ^^^^^^^^^^^^^^ use of undeclared type `OffsetDateTime`

error[E0433]: failed to resolve: use of undeclared type `OffsetDateTime`
  --> tests/integration/offset_date_time.rs:82:9
   |
82 |         OffsetDateTime::UNIX_EPOCH
   |         ^^^^^^^^^^^^^^ use of undeclared type `OffsetDateTime`

error[E0433]: failed to resolve: use of undeclared type `Month`
   --> tests/integration/offset_date_time.rs:133:56
    |
133 |     assert_eq!(datetime!(2019-01-01 0:00 UTC).month(), Month::January);
    |                                                        ^^^^^ use of undeclared type `Month`

error[E0433]: failed to resolve: use of undeclared type `Month`
   --> tests/integration/offset_date_time.rs:138:9
    |
138 |         Month::January,
    |         ^^^^^ use of undeclared type `Month`

error[E0433]: failed to resolve: use of undeclared type `Month`
   --> tests/integration/offset_date_time.rs:190:16
    |
190 |         (2019, Month::January, 2)
    |                ^^^^^ use of undeclared type `Month`

error[E0433]: failed to resolve: use of undeclared type `Date`
   --> tests/integration/offset_date_time.rs:442:15
    |
442 |     let val = Date::MIN
    |               ^^^^ use of undeclared type `Date`

error[E0433]: failed to resolve: use of undeclared type `Duration`
   --> tests/integration/offset_date_time.rs:448:22
    |
448 |     assert_eq!(val + Duration::ZERO, val);
    |                      ^^^^^^^^ use of undeclared type `Duration`

error[E0433]: failed to resolve: use of undeclared type `Duration`
   --> tests/integration/offset_date_time.rs:449:22
    |
449 |     assert_eq!(val - Duration::ZERO, val);
    |                      ^^^^^^^^ use of undeclared type `Duration`

error[E0433]: failed to resolve: use of undeclared type `OffsetDateTime`
   --> tests/integration/offset_date_time.rs:843:9
    |
843 |         OffsetDateTime::UNIX_EPOCH
    |         ^^^^^^^^^^^^^^ use of undeclared type `OffsetDateTime`

error[E0433]: failed to resolve: use of undeclared type `OffsetDateTime`
   --> tests/integration/offset_date_time.rs:847:9
    |
847 |         OffsetDateTime::UNIX_EPOCH - 1.days()
    |         ^^^^^^^^^^^^^^ use of undeclared type `OffsetDateTime`

error[E0433]: failed to resolve: use of undeclared type `OffsetDateTime`
   --> tests/integration/offset_date_time.rs:851:9
    |
851 |         OffsetDateTime::UNIX_EPOCH + 1.days()
    |         ^^^^^^^^^^^^^^ use of undeclared type `OffsetDateTime`

error[E0433]: failed to resolve: use of undeclared type `OffsetDateTime`
   --> tests/integration/offset_date_time.rs:858:26
    |
858 |         SystemTime::from(OffsetDateTime::UNIX_EPOCH),
    |                          ^^^^^^^^^^^^^^ use of undeclared type `OffsetDateTime`

error[E0433]: failed to resolve: use of undeclared type `OffsetDateTime`
   --> tests/integration/offset_date_time.rs:862:26
    |
862 |         SystemTime::from(OffsetDateTime::UNIX_EPOCH + 1.days()),
    |                          ^^^^^^^^^^^^^^ use of undeclared type `OffsetDateTime`

error[E0433]: failed to resolve: use of undeclared type `OffsetDateTime`
   --> tests/integration/offset_date_time.rs:866:26
    |
866 |         SystemTime::from(OffsetDateTime::UNIX_EPOCH - 1.days()),
    |                          ^^^^^^^^^^^^^^ use of undeclared type `OffsetDateTime`

error[E0433]: failed to resolve: use of undeclared type `Padding`
 --> tests/integration/parse_format_description.rs:8:14
  |
8 |             (Padding::Space, "padding:space"),
  |              ^^^^^^^ use of undeclared type `Padding`

error[E0433]: failed to resolve: use of undeclared type `Padding`
 --> tests/integration/parse_format_description.rs:9:14
  |
9 |             (Padding::Zero, "padding:zero"),
  |              ^^^^^^^ use of undeclared type `Padding`

error[E0433]: failed to resolve: use of undeclared type `Padding`
  --> tests/integration/parse_format_description.rs:10:14
   |
10 |             (Padding::None, "padding:none"),
   |              ^^^^^^^ use of undeclared type `Padding`

error[E0433]: failed to resolve: use of undeclared type `MonthRepr`
  --> tests/integration/parse_format_description.rs:24:14
   |
24 |             (MonthRepr::Numerical, "repr:numerical"),
   |              ^^^^^^^^^ use of undeclared type `MonthRepr`

error[E0433]: failed to resolve: use of undeclared type `MonthRepr`
  --> tests/integration/parse_format_description.rs:25:14
   |
25 |             (MonthRepr::Long, "repr:long"),
   |              ^^^^^^^^^ use of undeclared type `MonthRepr`

error[E0433]: failed to resolve: use of undeclared type `MonthRepr`
  --> tests/integration/parse_format_description.rs:26:14
   |
26 |             (MonthRepr::Short, "repr:short"),
   |              ^^^^^^^^^ use of undeclared type `MonthRepr`

error[E0433]: failed to resolve: use of undeclared type `SubsecondDigits`
  --> tests/integration/parse_format_description.rs:32:14
   |
32 |             (SubsecondDigits::One, "digits:1"),
   |              ^^^^^^^^^^^^^^^ use of undeclared type `SubsecondDigits`

error[E0433]: failed to resolve: use of undeclared type `SubsecondDigits`
  --> tests/integration/parse_format_description.rs:33:14
   |
33 |             (SubsecondDigits::Two, "digits:2"),
   |              ^^^^^^^^^^^^^^^ use of undeclared type `SubsecondDigits`

error[E0433]: failed to resolve: use of undeclared type `SubsecondDigits`
  --> tests/integration/parse_format_description.rs:34:14
   |
34 |             (SubsecondDigits::Three, "digits:3"),
   |              ^^^^^^^^^^^^^^^ use of undeclared type `SubsecondDigits`

error[E0433]: failed to resolve: use of undeclared type `SubsecondDigits`
  --> tests/integration/parse_format_description.rs:35:14
   |
35 |             (SubsecondDigits::Four, "digits:4"),
   |              ^^^^^^^^^^^^^^^ use of undeclared type `SubsecondDigits`

error[E0433]: failed to resolve: use of undeclared type `SubsecondDigits`
  --> tests/integration/parse_format_description.rs:36:14
   |
36 |             (SubsecondDigits::Five, "digits:5"),
   |              ^^^^^^^^^^^^^^^ use of undeclared type `SubsecondDigits`

error[E0433]: failed to resolve: use of undeclared type `SubsecondDigits`
  --> tests/integration/parse_format_description.rs:37:14
   |
37 |             (SubsecondDigits::Six, "digits:6"),
   |              ^^^^^^^^^^^^^^^ use of undeclared type `SubsecondDigits`

error[E0433]: failed to resolve: use of undeclared type `SubsecondDigits`
  --> tests/integration/parse_format_description.rs:38:14
   |
38 |             (SubsecondDigits::Seven, "digits:7"),
   |              ^^^^^^^^^^^^^^^ use of undeclared type `SubsecondDigits`

error[E0433]: failed to resolve: use of undeclared type `SubsecondDigits`
  --> tests/integration/parse_format_description.rs:39:14
   |
39 |             (SubsecondDigits::Eight, "digits:8"),
   |              ^^^^^^^^^^^^^^^ use of undeclared type `SubsecondDigits`

error[E0433]: failed to resolve: use of undeclared type `SubsecondDigits`
  --> tests/integration/parse_format_description.rs:40:14
   |
40 |             (SubsecondDigits::Nine, "digits:9"),
   |              ^^^^^^^^^^^^^^^ use of undeclared type `SubsecondDigits`

error[E0433]: failed to resolve: use of undeclared type `SubsecondDigits`
  --> tests/integration/parse_format_description.rs:41:14
   |
41 |             (SubsecondDigits::OneOrMore, "digits:1+"),
   |              ^^^^^^^^^^^^^^^ use of undeclared type `SubsecondDigits`

error[E0433]: failed to resolve: use of undeclared type `WeekdayRepr`
  --> tests/integration/parse_format_description.rs:47:14
   |
47 |             (WeekdayRepr::Short, "repr:short"),
   |              ^^^^^^^^^^^ use of undeclared type `WeekdayRepr`

error[E0433]: failed to resolve: use of undeclared type `WeekdayRepr`
  --> tests/integration/parse_format_description.rs:48:14
   |
48 |             (WeekdayRepr::Long, "repr:long"),
   |              ^^^^^^^^^^^ use of undeclared type `WeekdayRepr`

error[E0433]: failed to resolve: use of undeclared type `WeekdayRepr`
  --> tests/integration/parse_format_description.rs:49:14
   |
49 |             (WeekdayRepr::Sunday, "repr:sunday"),
   |              ^^^^^^^^^^^ use of undeclared type `WeekdayRepr`

error[E0433]: failed to resolve: use of undeclared type `WeekdayRepr`
  --> tests/integration/parse_format_description.rs:50:14
   |
50 |             (WeekdayRepr::Monday, "repr:monday"),
   |              ^^^^^^^^^^^ use of undeclared type `WeekdayRepr`

error[E0433]: failed to resolve: use of undeclared type `WeekNumberRepr`
  --> tests/integration/parse_format_description.rs:56:14
   |
56 |             (WeekNumberRepr::Iso, "repr:iso"),
   |              ^^^^^^^^^^^^^^ use of undeclared type `WeekNumberRepr`

error[E0433]: failed to resolve: use of undeclared type `WeekNumberRepr`
  --> tests/integration/parse_format_description.rs:57:14
   |
57 |             (WeekNumberRepr::Sunday, "repr:sunday"),
   |              ^^^^^^^^^^^^^^ use of undeclared type `WeekNumberRepr`

error[E0433]: failed to resolve: use of undeclared type `WeekNumberRepr`
  --> tests/integration/parse_format_description.rs:58:14
   |
58 |             (WeekNumberRepr::Monday, "repr:monday"),
   |              ^^^^^^^^^^^^^^ use of undeclared type `WeekNumberRepr`

error[E0433]: failed to resolve: use of undeclared type `YearRepr`
  --> tests/integration/parse_format_description.rs:64:14
   |
64 |             (YearRepr::Full, "repr:full"),
   |              ^^^^^^^^ use of undeclared type `YearRepr`

error[E0433]: failed to resolve: use of undeclared type `YearRepr`
  --> tests/integration/parse_format_description.rs:65:14
   |
65 |             (YearRepr::LastTwo, "repr:last_two"),
   |              ^^^^^^^^ use of undeclared type `YearRepr`

error[E0433]: failed to resolve: use of undeclared type `Padding`
   --> tests/integration/parse_format_description.rs:130:22
    |
130 |             padding: Padding::Zero
    |                      ^^^^^^^ use of undeclared type `Padding`

error[E0433]: failed to resolve: use of undeclared type `Padding`
   --> tests/integration/parse_format_description.rs:137:26
    |
137 |                 padding: Padding::Zero,
    |                          ^^^^^^^ use of undeclared type `Padding`

error[E0433]: failed to resolve: use of undeclared type `Padding`
   --> tests/integration/parse_format_description.rs:146:26
    |
146 |                 padding: Padding::Zero
    |                          ^^^^^^^ use of undeclared type `Padding`

error[E0433]: failed to resolve: use of undeclared type `Padding`
   --> tests/integration/parse_format_description.rs:154:26
    |
154 |                 padding: Padding::Zero,
    |                          ^^^^^^^ use of undeclared type `Padding`

error[E0433]: failed to resolve: use of undeclared type `MonthRepr`
   --> tests/integration/parse_format_description.rs:155:23
    |
155 |                 repr: MonthRepr::Numerical
    |                       ^^^^^^^^^ use of undeclared type `MonthRepr`

error[E0433]: failed to resolve: use of undeclared type `Padding`
   --> tests/integration/parse_format_description.rs:164:26
    |
164 |                 padding: Padding::Zero
    |                          ^^^^^^^ use of undeclared type `Padding`

error[E0433]: failed to resolve: use of undeclared type `Padding`
   --> tests/integration/parse_format_description.rs:172:26
    |
172 |                 padding: Padding::Zero
    |                          ^^^^^^^ use of undeclared type `Padding`

error[E0433]: failed to resolve: use of undeclared type `Padding`
   --> tests/integration/parse_format_description.rs:180:26
    |
180 |                 padding: Padding::Zero
    |                          ^^^^^^^ use of undeclared type `Padding`

error[E0433]: failed to resolve: use of undeclared type `Padding`
   --> tests/integration/parse_format_description.rs:188:26
    |
188 |                 padding: Padding::Zero
    |                          ^^^^^^^ use of undeclared type `Padding`

error[E0433]: failed to resolve: use of undeclared type `Padding`
   --> tests/integration/parse_format_description.rs:202:26
    |
202 |                 padding: Padding::Zero
    |                          ^^^^^^^ use of undeclared type `Padding`

error[E0433]: failed to resolve: use of undeclared type `SubsecondDigits`
   --> tests/integration/parse_format_description.rs:210:25
    |
210 |                 digits: SubsecondDigits::OneOrMore
    |                         ^^^^^^^^^^^^^^^ use of undeclared type `SubsecondDigits`

error[E0433]: failed to resolve: use of undeclared type `WeekdayRepr`
   --> tests/integration/parse_format_description.rs:218:23
    |
218 |                 repr: WeekdayRepr::Long,
    |                       ^^^^^^^^^^^ use of undeclared type `WeekdayRepr`

error[E0433]: failed to resolve: use of undeclared type `Padding`
   --> tests/integration/parse_format_description.rs:227:26
    |
227 |                 padding: Padding::Zero,
    |                          ^^^^^^^ use of undeclared type `Padding`

error[E0433]: failed to resolve: use of undeclared type `WeekNumberRepr`
   --> tests/integration/parse_format_description.rs:228:23
    |
228 |                 repr: WeekNumberRepr::Iso
    |                       ^^^^^^^^^^^^^^ use of undeclared type `WeekNumberRepr`

error[E0433]: failed to resolve: use of undeclared type `Padding`
   --> tests/integration/parse_format_description.rs:236:26
    |
236 |                 padding: Padding::Zero,
    |                          ^^^^^^^ use of undeclared type `Padding`

error[E0433]: failed to resolve: use of undeclared type `YearRepr`
   --> tests/integration/parse_format_description.rs:237:23
    |
237 |                 repr: YearRepr::Full,
    |                       ^^^^^^^^ use of undeclared type `YearRepr`

error[E0433]: failed to resolve: use of undeclared type `Padding`
   --> tests/integration/parse_format_description.rs:442:26
    |
442 |                 padding: Padding::Zero,
    |                          ^^^^^^^ use of undeclared type `Padding`

error[E0433]: failed to resolve: use of undeclared type `YearRepr`
   --> tests/integration/parse_format_description.rs:443:23
    |
443 |                 repr: YearRepr::Full,
    |                       ^^^^^^^^ use of undeclared type `YearRepr`

error[E0433]: failed to resolve: use of undeclared type `Padding`
   --> tests/integration/parse_format_description.rs:449:26
    |
449 |                 padding: Padding::Zero,
    |                          ^^^^^^^ use of undeclared type `Padding`

error[E0433]: failed to resolve: use of undeclared type `MonthRepr`
   --> tests/integration/parse_format_description.rs:450:23
    |
450 |                 repr: MonthRepr::Numerical
    |                       ^^^^^^^^^ use of undeclared type `MonthRepr`

error[E0433]: failed to resolve: use of undeclared type `Padding`
   --> tests/integration/parse_format_description.rs:454:26
    |
454 |                 padding: Padding::Zero
    |                          ^^^^^^^ use of undeclared type `Padding`

error[E0433]: failed to resolve: use of undeclared type `Padding`
   --> tests/integration/parse_format_description.rs:458:26
    |
458 |                 padding: Padding::Zero,
    |                          ^^^^^^^ use of undeclared type `Padding`

error[E0433]: failed to resolve: use of undeclared type `Padding`
   --> tests/integration/parse_format_description.rs:463:26
    |
463 |                 padding: Padding::Zero
    |                          ^^^^^^^ use of undeclared type `Padding`

error[E0433]: failed to resolve: use of undeclared type `Padding`
   --> tests/integration/parse_format_description.rs:467:26
    |
467 |                 padding: Padding::Zero
    |                          ^^^^^^^ use of undeclared type `Padding`

error[E0433]: failed to resolve: use of undeclared type `SubsecondDigits`
   --> tests/integration/parse_format_description.rs:471:25
    |
471 |                 digits: SubsecondDigits::OneOrMore
    |                         ^^^^^^^^^^^^^^^ use of undeclared type `SubsecondDigits`

error[E0433]: failed to resolve: use of undeclared type `Padding`
   --> tests/integration/parse_format_description.rs:474:26
    |
474 |                 padding: Padding::Zero,
    |                          ^^^^^^^ use of undeclared type `Padding`

error[E0433]: failed to resolve: use of undeclared type `Padding`
   --> tests/integration/parse_format_description.rs:479:26
    |
479 |                 padding: Padding::Zero
    |                          ^^^^^^^ use of undeclared type `Padding`

error[E0433]: failed to resolve: use of undeclared crate or module `fd`
  --> tests/integration/parsing.rs:84:13
   |
84 |             fd::parse("[hour]:[minute]:[second]")?,
   |             ^^ use of undeclared crate or module `fd`

error[E0433]: failed to resolve: use of undeclared crate or module `fd`
  --> tests/integration/parsing.rs:89:13
   |
89 |             fd::parse("[hour repr:12]:[minute] [period]")?,
   |             ^^ use of undeclared crate or module `fd`

error[E0433]: failed to resolve: use of undeclared crate or module `fd`
  --> tests/integration/parsing.rs:93:10
   |
93 |         (fd::parse("[hour]:[minute]")?, "01:02", time!(1:02)),
   |          ^^ use of undeclared crate or module `fd`

error[E0433]: failed to resolve: use of undeclared crate or module `fd`
  --> tests/integration/parsing.rs:95:13
   |
95 |             fd::parse("[hour repr:12]:[minute] [period]")?,
   |             ^^ use of undeclared crate or module `fd`

error[E0433]: failed to resolve: use of undeclared crate or module `fd`
  --> tests/integration/parsing.rs:99:10
   |
99 |         (fd::parse("[hour]:[minute]")?, "01:02", time!(1:02)),
   |          ^^ use of undeclared crate or module `fd`

error[E0433]: failed to resolve: use of undeclared type `Parsed`
   --> tests/integration/parsing.rs:107:24
    |
107 |         Time::try_from(Parsed::new()),
    |                        ^^^^^^ use of undeclared type `Parsed`

error[E0433]: failed to resolve: use of undeclared crate or module `fd`
   --> tests/integration/parsing.rs:111:28
    |
111 |         Time::parse("12", &fd::parse("[hour]")?),
    |                            ^^ use of undeclared crate or module `fd`

error[E0433]: failed to resolve: use of undeclared crate or module `fd`
   --> tests/integration/parsing.rs:117:27
    |
117 |         Time::parse(" ", &fd::parse("")?),
    |                           ^^ use of undeclared crate or module `fd`

error[E0433]: failed to resolve: use of undeclared crate or module `fd`
   --> tests/integration/parsing.rs:128:13
    |
128 |             fd::parse("[year]-[month]-[day]")?,
    |             ^^ use of undeclared crate or module `fd`

error[E0433]: failed to resolve: use of undeclared crate or module `fd`
   --> tests/integration/parsing.rs:133:13
    |
133 |             fd::parse("[year]-[ordinal]")?,
    |             ^^ use of undeclared crate or module `fd`

error[E0433]: failed to resolve: use of undeclared crate or module `fd`
   --> tests/integration/parsing.rs:138:13
    |
138 |             fd::parse("[year base:iso_week]-W[week_number]-[weekday repr:monday]")?,
    |             ^^ use of undeclared crate or module `fd`

error[E0433]: failed to resolve: use of undeclared crate or module `fd`
   --> tests/integration/parsing.rs:143:13
    |
143 |             fd::parse("[year]-W[week_number repr:monday]-[weekday repr:monday]")?,
    |             ^^ use of undeclared crate or module `fd`

error[E0433]: failed to resolve: use of undeclared crate or module `fd`
   --> tests/integration/parsing.rs:148:13
    |
148 |             fd::parse("[year]-W[week_number repr:sunday]-[weekday repr:sunday]")?,
    |             ^^ use of undeclared crate or module `fd`

error[E0433]: failed to resolve: use of undeclared crate or module `fd`
   --> tests/integration/parsing.rs:153:13
    |
153 |             fd::parse("[year]-W[week_number repr:sunday]-[weekday repr:sunday]")?,
    |             ^^ use of undeclared crate or module `fd`

error[E0433]: failed to resolve: use of undeclared crate or module `fd`
   --> tests/integration/parsing.rs:158:13
    |
158 |             fd::parse("[year]-W[week_number repr:sunday]-[weekday repr:sunday]")?,
    |             ^^ use of undeclared crate or module `fd`

error[E0433]: failed to resolve: use of undeclared crate or module `fd`
   --> tests/integration/parsing.rs:163:13
    |
163 |             fd::parse("[year]-W[week_number repr:sunday]-[weekday repr:sunday]")?,
    |             ^^ use of undeclared crate or module `fd`

error[E0433]: failed to resolve: use of undeclared crate or module `fd`
   --> tests/integration/parsing.rs:168:13
    |
168 |             fd::parse("[year]-W[week_number repr:sunday]-[weekday repr:sunday]")?,
    |             ^^ use of undeclared crate or module `fd`

error[E0433]: failed to resolve: use of undeclared crate or module `fd`
   --> tests/integration/parsing.rs:173:13
    |
173 |             fd::parse("[year]-W[week_number repr:sunday]-[weekday repr:sunday]")?,
    |             ^^ use of undeclared crate or module `fd`

error[E0433]: failed to resolve: use of undeclared crate or module `fd`
   --> tests/integration/parsing.rs:178:13
    |
178 |             fd::parse("[year]-W[week_number repr:sunday]-[weekday repr:sunday]")?,
    |             ^^ use of undeclared crate or module `fd`

error[E0433]: failed to resolve: use of undeclared type `Parsed`
   --> tests/integration/parsing.rs:189:24
    |
189 |         Date::try_from(Parsed::new()),
    |                        ^^^^^^ use of undeclared type `Parsed`

error[E0433]: failed to resolve: use of undeclared crate or module `fd`
   --> tests/integration/parsing.rs:199:33
    |
199 |         UtcOffset::parse("01", &fd::parse("[offset_hour sign:mandatory]")?),
    |                                 ^^ use of undeclared crate or module `fd`

error[E0433]: failed to resolve: use of undeclared type `Parsed`
   --> tests/integration/parsing.rs:212:30
    |
212 |               let mut parsed = Parsed::new();
    |                                ^^^^^^ use of undeclared type `Parsed`
...
218 | /     parse_component!(
219 | |         Component::Year(modifier::Year {
220 | |             padding: modifier::Padding::Zero,
221 | |             repr: modifier::YearRepr::Full,
...   |
226 | |         _.year == Some(2021)
227 | |     );
    | |______- in this macro invocation
    |
    = note: this error originates in a macro (in Nightly builds, run with -Z macro-backtrace for more info)

error[E0433]: failed to resolve: use of undeclared crate or module `modifier`
   --> tests/integration/parsing.rs:219:25
    |
219 |         Component::Year(modifier::Year {
    |                         ^^^^^^^^ use of undeclared crate or module `modifier`

error[E0433]: failed to resolve: use of undeclared crate or module `modifier`
   --> tests/integration/parsing.rs:220:22
    |
220 |             padding: modifier::Padding::Zero,
    |                      ^^^^^^^^ use of undeclared crate or module `modifier`

error[E0433]: failed to resolve: use of undeclared crate or module `modifier`
   --> tests/integration/parsing.rs:221:19
    |
221 |             repr: modifier::YearRepr::Full,
    |                   ^^^^^^^^ use of undeclared crate or module `modifier`

error[E0433]: failed to resolve: use of undeclared type `Parsed`
   --> tests/integration/parsing.rs:212:30
    |
212 |               let mut parsed = Parsed::new();
    |                                ^^^^^^ use of undeclared type `Parsed`
...
228 | /     parse_component!(
229 | |         Component::Year(modifier::Year {
230 | |             padding: modifier::Padding::Zero,
231 | |             repr: modifier::YearRepr::LastTwo,
...   |
236 | |         _.year_last_two == Some(21)
237 | |     );
    | |______- in this macro invocation
    |
    = note: this error originates in a macro (in Nightly builds, run with -Z macro-backtrace for more info)

error[E0433]: failed to resolve: use of undeclared crate or module `modifier`
   --> tests/integration/parsing.rs:229:25
    |
229 |         Component::Year(modifier::Year {
    |                         ^^^^^^^^ use of undeclared crate or module `modifier`

error[E0433]: failed to resolve: use of undeclared crate or module `modifier`
   --> tests/integration/parsing.rs:230:22
    |
230 |             padding: modifier::Padding::Zero,
    |                      ^^^^^^^^ use of undeclared crate or module `modifier`

error[E0433]: failed to resolve: use of undeclared crate or module `modifier`
   --> tests/integration/parsing.rs:231:19
    |
231 |             repr: modifier::YearRepr::LastTwo,
    |                   ^^^^^^^^ use of undeclared crate or module `modifier`

error[E0433]: failed to resolve: use of undeclared type `Parsed`
   --> tests/integration/parsing.rs:212:30
    |
212 |               let mut parsed = Parsed::new();
    |                                ^^^^^^ use of undeclared type `Parsed`
...
238 | /     parse_component!(
239 | |         Component::Year(modifier::Year {
240 | |             padding: modifier::Padding::Zero,
241 | |             repr: modifier::YearRepr::Full,
...   |
246 | |         _.iso_year == Some(2021)
247 | |     );
    | |______- in this macro invocation
    |
    = note: this error originates in a macro (in Nightly builds, run with -Z macro-backtrace for more info)

error[E0433]: failed to resolve: use of undeclared crate or module `modifier`
   --> tests/integration/parsing.rs:239:25
    |
239 |         Component::Year(modifier::Year {
    |                         ^^^^^^^^ use of undeclared crate or module `modifier`

error[E0433]: failed to resolve: use of undeclared crate or module `modifier`
   --> tests/integration/parsing.rs:240:22
    |
240 |             padding: modifier::Padding::Zero,
    |                      ^^^^^^^^ use of undeclared crate or module `modifier`

error[E0433]: failed to resolve: use of undeclared crate or module `modifier`
   --> tests/integration/parsing.rs:241:19
    |
241 |             repr: modifier::YearRepr::Full,
    |                   ^^^^^^^^ use of undeclared crate or module `modifier`

error[E0433]: failed to resolve: use of undeclared type `Parsed`
   --> tests/integration/parsing.rs:212:30
    |
212 |               let mut parsed = Parsed::new();
    |                                ^^^^^^ use of undeclared type `Parsed`
...
248 | /     parse_component!(
249 | |         Component::Year(modifier::Year {
250 | |             padding: modifier::Padding::Zero,
251 | |             repr: modifier::YearRepr::LastTwo,
...   |
256 | |         _.iso_year_last_two == Some(21)
257 | |     );
    | |______- in this macro invocation
    |
    = note: this error originates in a macro (in Nightly builds, run with -Z macro-backtrace for more info)

error[E0433]: failed to resolve: use of undeclared crate or module `modifier`
   --> tests/integration/parsing.rs:249:25
    |
249 |         Component::Year(modifier::Year {
    |                         ^^^^^^^^ use of undeclared crate or module `modifier`

error[E0433]: failed to resolve: use of undeclared crate or module `modifier`
   --> tests/integration/parsing.rs:250:22
    |
250 |             padding: modifier::Padding::Zero,
    |                      ^^^^^^^^ use of undeclared crate or module `modifier`

error[E0433]: failed to resolve: use of undeclared crate or module `modifier`
   --> tests/integration/parsing.rs:251:19
    |
251 |             repr: modifier::YearRepr::LastTwo,
    |                   ^^^^^^^^ use of undeclared crate or module `modifier`

error[E0433]: failed to resolve: use of undeclared type `Parsed`
   --> tests/integration/parsing.rs:212:30
    |
212 |               let mut parsed = Parsed::new();
    |                                ^^^^^^ use of undeclared type `Parsed`
...
258 | /     parse_component!(
259 | |         Component::Month(modifier::Month {
260 | |             padding: modifier::Padding::Space,
261 | |             repr: modifier::MonthRepr::Numerical,
...   |
264 | |         _.month == Some(Month::January)
265 | |     );
    | |______- in this macro invocation
    |
    = note: this error originates in a macro (in Nightly builds, run with -Z macro-backtrace for more info)

error[E0433]: failed to resolve: use of undeclared crate or module `modifier`
   --> tests/integration/parsing.rs:259:26
    |
259 |         Component::Month(modifier::Month {
    |                          ^^^^^^^^ use of undeclared crate or module `modifier`

error[E0433]: failed to resolve: use of undeclared crate or module `modifier`
   --> tests/integration/parsing.rs:260:22
    |
260 |             padding: modifier::Padding::Space,
    |                      ^^^^^^^^ use of undeclared crate or module `modifier`

error[E0433]: failed to resolve: use of undeclared crate or module `modifier`
   --> tests/integration/parsing.rs:261:19
    |
261 |             repr: modifier::MonthRepr::Numerical,
    |                   ^^^^^^^^ use of undeclared crate or module `modifier`

error[E0433]: failed to resolve: use of undeclared type `Month`
   --> tests/integration/parsing.rs:264:25
    |
264 |         _.month == Some(Month::January)
    |                         ^^^^^ use of undeclared type `Month`

error[E0433]: failed to resolve: use of undeclared type `Parsed`
   --> tests/integration/parsing.rs:212:30
    |
212 |               let mut parsed = Parsed::new();
    |                                ^^^^^^ use of undeclared type `Parsed`
...
266 | /     parse_component!(
267 | |         Component::Month(modifier::Month {
268 | |             padding: modifier::Padding::None,
269 | |             repr: modifier::MonthRepr::Short,
...   |
272 | |         _.month == Some(Month::January)
273 | |     );
    | |______- in this macro invocation
    |
    = note: this error originates in a macro (in Nightly builds, run with -Z macro-backtrace for more info)

error[E0433]: failed to resolve: use of undeclared crate or module `modifier`
   --> tests/integration/parsing.rs:267:26
    |
267 |         Component::Month(modifier::Month {
    |                          ^^^^^^^^ use of undeclared crate or module `modifier`

error[E0433]: failed to resolve: use of undeclared crate or module `modifier`
   --> tests/integration/parsing.rs:268:22
    |
268 |             padding: modifier::Padding::None,
    |                      ^^^^^^^^ use of undeclared crate or module `modifier`

error[E0433]: failed to resolve: use of undeclared crate or module `modifier`
   --> tests/integration/parsing.rs:269:19
    |
269 |             repr: modifier::MonthRepr::Short,
    |                   ^^^^^^^^ use of undeclared crate or module `modifier`

error[E0433]: failed to resolve: use of undeclared type `Month`
   --> tests/integration/parsing.rs:272:25
    |
272 |         _.month == Some(Month::January)
    |                         ^^^^^ use of undeclared type `Month`

error[E0433]: failed to resolve: use of undeclared type `Parsed`
   --> tests/integration/parsing.rs:212:30
    |
212 |               let mut parsed = Parsed::new();
    |                                ^^^^^^ use of undeclared type `Parsed`
...
274 | /     parse_component!(
275 | |         Component::Month(modifier::Month {
276 | |             padding: modifier::Padding::None,
277 | |             repr: modifier::MonthRepr::Long,
...   |
280 | |         _.month == Some(Month::January)
281 | |     );
    | |______- in this macro invocation
    |
    = note: this error originates in a macro (in Nightly builds, run with -Z macro-backtrace for more info)

error[E0433]: failed to resolve: use of undeclared crate or module `modifier`
   --> tests/integration/parsing.rs:275:26
    |
275 |         Component::Month(modifier::Month {
    |                          ^^^^^^^^ use of undeclared crate or module `modifier`

error[E0433]: failed to resolve: use of undeclared crate or module `modifier`
   --> tests/integration/parsing.rs:276:22
    |
276 |             padding: modifier::Padding::None,
    |                      ^^^^^^^^ use of undeclared crate or module `modifier`

error[E0433]: failed to resolve: use of undeclared crate or module `modifier`
   --> tests/integration/parsing.rs:277:19
    |
277 |             repr: modifier::MonthRepr::Long,
    |                   ^^^^^^^^ use of undeclared crate or module `modifier`

error[E0433]: failed to resolve: use of undeclared type `Month`
   --> tests/integration/parsing.rs:280:25
    |
280 |         _.month == Some(Month::January)
    |                         ^^^^^ use of undeclared type `Month`

error[E0433]: failed to resolve: use of undeclared type `Parsed`
   --> tests/integration/parsing.rs:212:30
    |
212 |               let mut parsed = Parsed::new();
    |                                ^^^^^^ use of undeclared type `Parsed`
...
282 | /     parse_component!(
283 | |         Component::Ordinal(modifier::Ordinal {
284 | |             padding: modifier::Padding::Zero,
285 | |         }),
286 | |         b"012",
287 | |         _.ordinal == 12.try_into().ok()
288 | |     );
    | |______- in this macro invocation
    |
    = note: this error originates in a macro (in Nightly builds, run with -Z macro-backtrace for more info)

error[E0433]: failed to resolve: use of undeclared crate or module `modifier`
   --> tests/integration/parsing.rs:283:28
    |
283 |         Component::Ordinal(modifier::Ordinal {
    |                            ^^^^^^^^ use of undeclared crate or module `modifier`

error[E0433]: failed to resolve: use of undeclared crate or module `modifier`
   --> tests/integration/parsing.rs:284:22
    |
284 |             padding: modifier::Padding::Zero,
    |                      ^^^^^^^^ use of undeclared crate or module `modifier`

error[E0433]: failed to resolve: use of undeclared type `Parsed`
   --> tests/integration/parsing.rs:212:30
    |
212 |               let mut parsed = Parsed::new();
    |                                ^^^^^^ use of undeclared type `Parsed`
...
289 | /     parse_component!(
290 | |         Component::Weekday(modifier::Weekday {
291 | |             repr: modifier::WeekdayRepr::Short,
292 | |             one_indexed: false,
...   |
295 | |         _.weekday == Some(Weekday::Sunday)
296 | |     );
    | |______- in this macro invocation
    |
    = note: this error originates in a macro (in Nightly builds, run with -Z macro-backtrace for more info)

error[E0433]: failed to resolve: use of undeclared crate or module `modifier`
   --> tests/integration/parsing.rs:290:28
    |
290 |         Component::Weekday(modifier::Weekday {
    |                            ^^^^^^^^ use of undeclared crate or module `modifier`

error[E0433]: failed to resolve: use of undeclared crate or module `modifier`
   --> tests/integration/parsing.rs:291:19
    |
291 |             repr: modifier::WeekdayRepr::Short,
    |                   ^^^^^^^^ use of undeclared crate or module `modifier`

error[E0433]: failed to resolve: use of undeclared type `Weekday`
   --> tests/integration/parsing.rs:295:27
    |
295 |         _.weekday == Some(Weekday::Sunday)
    |                           ^^^^^^^ use of undeclared type `Weekday`

error[E0433]: failed to resolve: use of undeclared type `Parsed`
   --> tests/integration/parsing.rs:212:30
    |
212 |               let mut parsed = Parsed::new();
    |                                ^^^^^^ use of undeclared type `Parsed`
...
297 | /     parse_component!(
298 | |         Component::Weekday(modifier::Weekday {
299 | |             repr: modifier::WeekdayRepr::Long,
300 | |             one_indexed: false,
...   |
303 | |         _.weekday == Some(Weekday::Sunday)
304 | |     );
    | |______- in this macro invocation
    |
    = note: this error originates in a macro (in Nightly builds, run with -Z macro-backtrace for more info)

error[E0433]: failed to resolve: use of undeclared crate or module `modifier`
   --> tests/integration/parsing.rs:298:28
    |
298 |         Component::Weekday(modifier::Weekday {
    |                            ^^^^^^^^ use of undeclared crate or module `modifier`

error[E0433]: failed to resolve: use of undeclared crate or module `modifier`
   --> tests/integration/parsing.rs:299:19
    |
299 |             repr: modifier::WeekdayRepr::Long,
    |                   ^^^^^^^^ use of undeclared crate or module `modifier`

error[E0433]: failed to resolve: use of undeclared type `Weekday`
   --> tests/integration/parsing.rs:303:27
    |
303 |         _.weekday == Some(Weekday::Sunday)
    |                           ^^^^^^^ use of undeclared type `Weekday`

error[E0433]: failed to resolve: use of undeclared type `Parsed`
   --> tests/integration/parsing.rs:212:30
    |
212 |               let mut parsed = Parsed::new();
    |                                ^^^^^^ use of undeclared type `Parsed`
...
305 | /     parse_component!(
306 | |         Component::Weekday(modifier::Weekday {
307 | |             repr: modifier::WeekdayRepr::Sunday,
308 | |             one_indexed: false,
...   |
311 | |         _.weekday == Some(Weekday::Sunday)
312 | |     );
    | |______- in this macro invocation
    |
    = note: this error originates in a macro (in Nightly builds, run with -Z macro-backtrace for more info)

error[E0433]: failed to resolve: use of undeclared crate or module `modifier`
   --> tests/integration/parsing.rs:306:28
    |
306 |         Component::Weekday(modifier::Weekday {
    |                            ^^^^^^^^ use of undeclared crate or module `modifier`

error[E0433]: failed to resolve: use of undeclared crate or module `modifier`
   --> tests/integration/parsing.rs:307:19
    |
307 |             repr: modifier::WeekdayRepr::Sunday,
    |                   ^^^^^^^^ use of undeclared crate or module `modifier`

error[E0433]: failed to resolve: use of undeclared type `Weekday`
   --> tests/integration/parsing.rs:311:27
    |
311 |         _.weekday == Some(Weekday::Sunday)
    |                           ^^^^^^^ use of undeclared type `Weekday`

error[E0433]: failed to resolve: use of undeclared type `Parsed`
   --> tests/integration/parsing.rs:212:30
    |
212 |               let mut parsed = Parsed::new();
    |                                ^^^^^^ use of undeclared type `Parsed`
...
313 | /     parse_component!(
314 | |         Component::Weekday(modifier::Weekday {
315 | |             repr: modifier::WeekdayRepr::Sunday,
316 | |             one_indexed: true,
...   |
319 | |         _.weekday == Some(Weekday::Sunday)
320 | |     );
    | |______- in this macro invocation
    |
    = note: this error originates in a macro (in Nightly builds, run with -Z macro-backtrace for more info)

error[E0433]: failed to resolve: use of undeclared crate or module `modifier`
   --> tests/integration/parsing.rs:314:28
    |
314 |         Component::Weekday(modifier::Weekday {
    |                            ^^^^^^^^ use of undeclared crate or module `modifier`

error[E0433]: failed to resolve: use of undeclared crate or module `modifier`
   --> tests/integration/parsing.rs:315:19
    |
315 |             repr: modifier::WeekdayRepr::Sunday,
    |                   ^^^^^^^^ use of undeclared crate or module `modifier`

error[E0433]: failed to resolve: use of undeclared type `Weekday`
   --> tests/integration/parsing.rs:319:27
    |
319 |         _.weekday == Some(Weekday::Sunday)
    |                           ^^^^^^^ use of undeclared type `Weekday`

error[E0433]: failed to resolve: use of undeclared type `Parsed`
   --> tests/integration/parsing.rs:212:30
    |
212 |               let mut parsed = Parsed::new();
    |                                ^^^^^^ use of undeclared type `Parsed`
...
321 | /     parse_component!(
322 | |         Component::Weekday(modifier::Weekday {
323 | |             repr: modifier::WeekdayRepr::Monday,
324 | |             one_indexed: false,
...   |
327 | |         _.weekday == Some(Weekday::Sunday)
328 | |     );
    | |______- in this macro invocation
    |
    = note: this error originates in a macro (in Nightly builds, run with -Z macro-backtrace for more info)

error[E0433]: failed to resolve: use of undeclared crate or module `modifier`
   --> tests/integration/parsing.rs:322:28
    |
322 |         Component::Weekday(modifier::Weekday {
    |                            ^^^^^^^^ use of undeclared crate or module `modifier`

error[E0433]: failed to resolve: use of undeclared crate or module `modifier`
   --> tests/integration/parsing.rs:323:19
    |
323 |             repr: modifier::WeekdayRepr::Monday,
    |                   ^^^^^^^^ use of undeclared crate or module `modifier`

error[E0433]: failed to resolve: use of undeclared type `Weekday`
   --> tests/integration/parsing.rs:327:27
    |
327 |         _.weekday == Some(Weekday::Sunday)
    |                           ^^^^^^^ use of undeclared type `Weekday`

error[E0433]: failed to resolve: use of undeclared type `Parsed`
   --> tests/integration/parsing.rs:212:30
    |
212 |               let mut parsed = Parsed::new();
    |                                ^^^^^^ use of undeclared type `Parsed`
...
329 | /     parse_component!(
330 | |         Component::Weekday(modifier::Weekday {
331 | |             repr: modifier::WeekdayRepr::Monday,
332 | |             one_indexed: true,
...   |
335 | |         _.weekday == Some(Weekday::Sunday)
336 | |     );
    | |______- in this macro invocation
    |
    = note: this error originates in a macro (in Nightly builds, run with -Z macro-backtrace for more info)

error[E0433]: failed to resolve: use of undeclared crate or module `modifier`
   --> tests/integration/parsing.rs:330:28
    |
330 |         Component::Weekday(modifier::Weekday {
    |                            ^^^^^^^^ use of undeclared crate or module `modifier`

error[E0433]: failed to resolve: use of undeclared crate or module `modifier`
   --> tests/integration/parsing.rs:331:19
    |
331 |             repr: modifier::WeekdayRepr::Monday,
    |                   ^^^^^^^^ use of undeclared crate or module `modifier`

error[E0433]: failed to resolve: use of undeclared type `Weekday`
   --> tests/integration/parsing.rs:335:27
    |
335 |         _.weekday == Some(Weekday::Sunday)
    |                           ^^^^^^^ use of undeclared type `Weekday`

error[E0433]: failed to resolve: use of undeclared type `Parsed`
   --> tests/integration/parsing.rs:212:30
    |
212 |               let mut parsed = Parsed::new();
    |                                ^^^^^^ use of undeclared type `Parsed`
...
337 | /     parse_component!(
338 | |         Component::WeekNumber(modifier::WeekNumber {
339 | |             padding: modifier::Padding::None,
340 | |             repr: modifier::WeekNumberRepr::Sunday,
...   |
343 | |         _.sunday_week_number == Some(2)
344 | |     );
    | |______- in this macro invocation
    |
    = note: this error originates in a macro (in Nightly builds, run with -Z macro-backtrace for more info)

error[E0433]: failed to resolve: use of undeclared crate or module `modifier`
   --> tests/integration/parsing.rs:338:31
    |
338 |         Component::WeekNumber(modifier::WeekNumber {
    |                               ^^^^^^^^ use of undeclared crate or module `modifier`

error[E0433]: failed to resolve: use of undeclared crate or module `modifier`
   --> tests/integration/parsing.rs:339:22
    |
339 |             padding: modifier::Padding::None,
    |                      ^^^^^^^^ use of undeclared crate or module `modifier`

error[E0433]: failed to resolve: use of undeclared crate or module `modifier`
   --> tests/integration/parsing.rs:340:19
    |
340 |             repr: modifier::WeekNumberRepr::Sunday,
    |                   ^^^^^^^^ use of undeclared crate or module `modifier`

error[E0433]: failed to resolve: use of undeclared type `Parsed`
   --> tests/integration/parsing.rs:212:30
    |
212 |               let mut parsed = Parsed::new();
    |                                ^^^^^^ use of undeclared type `Parsed`
...
345 | /     parse_component!(
346 | |         Component::WeekNumber(modifier::WeekNumber {
347 | |             padding: modifier::Padding::None,
348 | |             repr: modifier::WeekNumberRepr::Monday,
...   |
351 | |         _.monday_week_number == Some(2)
352 | |     );
    | |______- in this macro invocation
    |
    = note: this error originates in a macro (in Nightly builds, run with -Z macro-backtrace for more info)

error[E0433]: failed to resolve: use of undeclared crate or module `modifier`
   --> tests/integration/parsing.rs:346:31
    |
346 |         Component::WeekNumber(modifier::WeekNumber {
    |                               ^^^^^^^^ use of undeclared crate or module `modifier`

error[E0433]: failed to resolve: use of undeclared crate or module `modifier`
   --> tests/integration/parsing.rs:347:22
    |
347 |             padding: modifier::Padding::None,
    |                      ^^^^^^^^ use of undeclared crate or module `modifier`

error[E0433]: failed to resolve: use of undeclared crate or module `modifier`
   --> tests/integration/parsing.rs:348:19
    |
348 |             repr: modifier::WeekNumberRepr::Monday,
    |                   ^^^^^^^^ use of undeclared crate or module `modifier`

error[E0433]: failed to resolve: use of undeclared type `Parsed`
   --> tests/integration/parsing.rs:212:30
    |
212 |               let mut parsed = Parsed::new();
    |                                ^^^^^^ use of undeclared type `Parsed`
...
353 | /     parse_component!(
354 | |         Component::WeekNumber(modifier::WeekNumber {
355 | |             padding: modifier::Padding::None,
356 | |             repr: modifier::WeekNumberRepr::Iso,
...   |
359 | |         _.iso_week_number == 2.try_into().ok()
360 | |     );
    | |______- in this macro invocation
    |
    = note: this error originates in a macro (in Nightly builds, run with -Z macro-backtrace for more info)

error[E0433]: failed to resolve: use of undeclared crate or module `modifier`
   --> tests/integration/parsing.rs:354:31
    |
354 |         Component::WeekNumber(modifier::WeekNumber {
    |                               ^^^^^^^^ use of undeclared crate or module `modifier`

error[E0433]: failed to resolve: use of undeclared crate or module `modifier`
   --> tests/integration/parsing.rs:355:22
    |
355 |             padding: modifier::Padding::None,
    |                      ^^^^^^^^ use of undeclared crate or module `modifier`

error[E0433]: failed to resolve: use of undeclared crate or module `modifier`
   --> tests/integration/parsing.rs:356:19
    |
356 |             repr: modifier::WeekNumberRepr::Iso,
    |                   ^^^^^^^^ use of undeclared crate or module `modifier`

error[E0433]: failed to resolve: use of undeclared type `Parsed`
   --> tests/integration/parsing.rs:212:30
    |
212 |               let mut parsed = Parsed::new();
    |                                ^^^^^^ use of undeclared type `Parsed`
...
361 | /     parse_component!(
362 | |         Component::Subsecond(modifier::Subsecond {
363 | |             digits: modifier::SubsecondDigits::One
364 | |         }),
365 | |         b"1",
366 | |         _.subsecond == Some(100_000_000)
367 | |     );
    | |______- in this macro invocation
    |
    = note: this error originates in a macro (in Nightly builds, run with -Z macro-backtrace for more info)

error[E0433]: failed to resolve: use of undeclared crate or module `modifier`
   --> tests/integration/parsing.rs:362:30
    |
362 |         Component::Subsecond(modifier::Subsecond {
    |                              ^^^^^^^^ use of undeclared crate or module `modifier`

error[E0433]: failed to resolve: use of undeclared crate or module `modifier`
   --> tests/integration/parsing.rs:363:21
    |
363 |             digits: modifier::SubsecondDigits::One
    |                     ^^^^^^^^ use of undeclared crate or module `modifier`

error[E0433]: failed to resolve: use of undeclared type `Parsed`
   --> tests/integration/parsing.rs:212:30
    |
212 |               let mut parsed = Parsed::new();
    |                                ^^^^^^ use of undeclared type `Parsed`
...
368 | /     parse_component!(
369 | |         Component::Subsecond(modifier::Subsecond {
370 | |             digits: modifier::SubsecondDigits::Two
371 | |         }),
372 | |         b"12",
373 | |         _.subsecond == Some(120_000_000)
374 | |     );
    | |______- in this macro invocation
    |
    = note: this error originates in a macro (in Nightly builds, run with -Z macro-backtrace for more info)

error[E0433]: failed to resolve: use of undeclared crate or module `modifier`
   --> tests/integration/parsing.rs:369:30
    |
369 |         Component::Subsecond(modifier::Subsecond {
    |                              ^^^^^^^^ use of undeclared crate or module `modifier`

error[E0433]: failed to resolve: use of undeclared crate or module `modifier`
   --> tests/integration/parsing.rs:370:21
    |
370 |             digits: modifier::SubsecondDigits::Two
    |                     ^^^^^^^^ use of undeclared crate or module `modifier`

error[E0433]: failed to resolve: use of undeclared type `Parsed`
   --> tests/integration/parsing.rs:212:30
    |
212 |               let mut parsed = Parsed::new();
    |                                ^^^^^^ use of undeclared type `Parsed`
...
375 | /     parse_component!(
376 | |         Component::Subsecond(modifier::Subsecond {
377 | |             digits: modifier::SubsecondDigits::Three
378 | |         }),
379 | |         b"123",
380 | |         _.subsecond == Some(123_000_000)
381 | |     );
    | |______- in this macro invocation
    |
    = note: this error originates in a macro (in Nightly builds, run with -Z macro-backtrace for more info)

error[E0433]: failed to resolve: use of undeclared crate or module `modifier`
   --> tests/integration/parsing.rs:376:30
    |
376 |         Component::Subsecond(modifier::Subsecond {
    |                              ^^^^^^^^ use of undeclared crate or module `modifier`

error[E0433]: failed to resolve: use of undeclared crate or module `modifier`
   --> tests/integration/parsing.rs:377:21
    |
377 |             digits: modifier::SubsecondDigits::Three
    |                     ^^^^^^^^ use of undeclared crate or module `modifier`

error[E0433]: failed to resolve: use of undeclared type `Parsed`
   --> tests/integration/parsing.rs:212:30
    |
212 |               let mut parsed = Parsed::new();
    |                                ^^^^^^ use of undeclared type `Parsed`
...
382 | /     parse_component!(
383 | |         Component::Subsecond(modifier::Subsecond {
384 | |             digits: modifier::SubsecondDigits::Four
385 | |         }),
386 | |         b"1234",
387 | |         _.subsecond == Some(123_400_000)
388 | |     );
    | |______- in this macro invocation
    |
    = note: this error originates in a macro (in Nightly builds, run with -Z macro-backtrace for more info)

error[E0433]: failed to resolve: use of undeclared crate or module `modifier`
   --> tests/integration/parsing.rs:383:30
    |
383 |         Component::Subsecond(modifier::Subsecond {
    |                              ^^^^^^^^ use of undeclared crate or module `modifier`

error[E0433]: failed to resolve: use of undeclared crate or module `modifier`
   --> tests/integration/parsing.rs:384:21
    |
384 |             digits: modifier::SubsecondDigits::Four
    |                     ^^^^^^^^ use of undeclared crate or module `modifier`

error[E0433]: failed to resolve: use of undeclared type `Parsed`
   --> tests/integration/parsing.rs:212:30
    |
212 |               let mut parsed = Parsed::new();
    |                                ^^^^^^ use of undeclared type `Parsed`
...
389 | /     parse_component!(
390 | |         Component::Subsecond(modifier::Subsecond {
391 | |             digits: modifier::SubsecondDigits::Five
392 | |         }),
393 | |         b"12345",
394 | |         _.subsecond == Some(123_450_000)
395 | |     );
    | |______- in this macro invocation
    |
    = note: this error originates in a macro (in Nightly builds, run with -Z macro-backtrace for more info)

error[E0433]: failed to resolve: use of undeclared crate or module `modifier`
   --> tests/integration/parsing.rs:390:30
    |
390 |         Component::Subsecond(modifier::Subsecond {
    |                              ^^^^^^^^ use of undeclared crate or module `modifier`

error[E0433]: failed to resolve: use of undeclared crate or module `modifier`
   --> tests/integration/parsing.rs:391:21
    |
391 |             digits: modifier::SubsecondDigits::Five
    |                     ^^^^^^^^ use of undeclared crate or module `modifier`

error[E0433]: failed to resolve: use of undeclared type `Parsed`
   --> tests/integration/parsing.rs:212:30
    |
212 |               let mut parsed = Parsed::new();
    |                                ^^^^^^ use of undeclared type `Parsed`
...
396 | /     parse_component!(
397 | |         Component::Subsecond(modifier::Subsecond {
398 | |             digits: modifier::SubsecondDigits::Six
399 | |         }),
400 | |         b"123456",
401 | |         _.subsecond == Some(123_456_000)
402 | |     );
    | |______- in this macro invocation
    |
    = note: this error originates in a macro (in Nightly builds, run with -Z macro-backtrace for more info)

error[E0433]: failed to resolve: use of undeclared crate or module `modifier`
   --> tests/integration/parsing.rs:397:30
    |
397 |         Component::Subsecond(modifier::Subsecond {
    |                              ^^^^^^^^ use of undeclared crate or module `modifier`

error[E0433]: failed to resolve: use of undeclared crate or module `modifier`
   --> tests/integration/parsing.rs:398:21
    |
398 |             digits: modifier::SubsecondDigits::Six
    |                     ^^^^^^^^ use of undeclared crate or module `modifier`

error[E0433]: failed to resolve: use of undeclared type `Parsed`
   --> tests/integration/parsing.rs:212:30
    |
212 |               let mut parsed = Parsed::new();
    |                                ^^^^^^ use of undeclared type `Parsed`
...
403 | /     parse_component!(
404 | |         Component::Subsecond(modifier::Subsecond {
405 | |             digits: modifier::SubsecondDigits::Seven
406 | |         }),
407 | |         b"1234567",
408 | |         _.subsecond == Some(123_456_700)
409 | |     );
    | |______- in this macro invocation
    |
    = note: this error originates in a macro (in Nightly builds, run with -Z macro-backtrace for more info)

error[E0433]: failed to resolve: use of undeclared crate or module `modifier`
   --> tests/integration/parsing.rs:404:30
    |
404 |         Component::Subsecond(modifier::Subsecond {
    |                              ^^^^^^^^ use of undeclared crate or module `modifier`

error[E0433]: failed to resolve: use of undeclared crate or module `modifier`
   --> tests/integration/parsing.rs:405:21
    |
405 |             digits: modifier::SubsecondDigits::Seven
    |                     ^^^^^^^^ use of undeclared crate or module `modifier`

error[E0433]: failed to resolve: use of undeclared type `Parsed`
   --> tests/integration/parsing.rs:212:30
    |
212 |               let mut parsed = Parsed::new();
    |                                ^^^^^^ use of undeclared type `Parsed`
...
410 | /     parse_component!(
411 | |         Component::Subsecond(modifier::Subsecond {
412 | |             digits: modifier::SubsecondDigits::Eight
413 | |         }),
414 | |         b"12345678",
415 | |         _.subsecond == Some(123_456_780)
416 | |     );
    | |______- in this macro invocation
    |
    = note: this error originates in a macro (in Nightly builds, run with -Z macro-backtrace for more info)

error[E0433]: failed to resolve: use of undeclared crate or module `modifier`
   --> tests/integration/parsing.rs:411:30
    |
411 |         Component::Subsecond(modifier::Subsecond {
    |                              ^^^^^^^^ use of undeclared crate or module `modifier`

error[E0433]: failed to resolve: use of undeclared crate or module `modifier`
   --> tests/integration/parsing.rs:412:21
    |
412 |             digits: modifier::SubsecondDigits::Eight
    |                     ^^^^^^^^ use of undeclared crate or module `modifier`

error[E0433]: failed to resolve: use of undeclared type `Parsed`
   --> tests/integration/parsing.rs:212:30
    |
212 |               let mut parsed = Parsed::new();
    |                                ^^^^^^ use of undeclared type `Parsed`
...
417 | /     parse_component!(
418 | |         Component::Subsecond(modifier::Subsecond {
419 | |             digits: modifier::SubsecondDigits::Nine
420 | |         }),
421 | |         b"123456789",
422 | |         _.subsecond == Some(123_456_789)
423 | |     );
    | |______- in this macro invocation
    |
    = note: this error originates in a macro (in Nightly builds, run with -Z macro-backtrace for more info)

error[E0433]: failed to resolve: use of undeclared crate or module `modifier`
   --> tests/integration/parsing.rs:418:30
    |
418 |         Component::Subsecond(modifier::Subsecond {
    |                              ^^^^^^^^ use of undeclared crate or module `modifier`

error[E0433]: failed to resolve: use of undeclared crate or module `modifier`
   --> tests/integration/parsing.rs:419:21
    |
419 |             digits: modifier::SubsecondDigits::Nine
    |                     ^^^^^^^^ use of undeclared crate or module `modifier`

error[E0433]: failed to resolve: use of undeclared type `Parsed`
   --> tests/integration/parsing.rs:212:30
    |
212 |               let mut parsed = Parsed::new();
    |                                ^^^^^^ use of undeclared type `Parsed`
...
424 | /     parse_component!(
425 | |         Component::Subsecond(modifier::Subsecond {
426 | |             digits: modifier::SubsecondDigits::OneOrMore
427 | |         }),
428 | |         b"123456789",
429 | |         _.subsecond == Some(123_456_789)
430 | |     );
    | |______- in this macro invocation
    |
    = note: this error originates in a macro (in Nightly builds, run with -Z macro-backtrace for more info)

error[E0433]: failed to resolve: use of undeclared crate or module `modifier`
   --> tests/integration/parsing.rs:425:30
    |
425 |         Component::Subsecond(modifier::Subsecond {
    |                              ^^^^^^^^ use of undeclared crate or module `modifier`

error[E0433]: failed to resolve: use of undeclared crate or module `modifier`
   --> tests/integration/parsing.rs:426:21
    |
426 |             digits: modifier::SubsecondDigits::OneOrMore
    |                     ^^^^^^^^ use of undeclared crate or module `modifier`

error[E0433]: failed to resolve: use of undeclared type `Parsed`
   --> tests/integration/parsing.rs:212:30
    |
212 |               let mut parsed = Parsed::new();
    |                                ^^^^^^ use of undeclared type `Parsed`
...
431 | /     parse_component!(
432 | |         Component::Period(modifier::Period {
433 | |             is_uppercase: false
434 | |         }),
435 | |         b"am",
436 | |         _.hour_12_is_pm == Some(false)
437 | |     );
    | |______- in this macro invocation
    |
    = note: this error originates in a macro (in Nightly builds, run with -Z macro-backtrace for more info)

error[E0433]: failed to resolve: use of undeclared crate or module `modifier`
   --> tests/integration/parsing.rs:432:27
    |
432 |         Component::Period(modifier::Period {
    |                           ^^^^^^^^ use of undeclared crate or module `modifier`

error[E0433]: failed to resolve: use of undeclared type `Month`
  --> tests/integration/primitive_date_time.rs:34:52
   |
34 |     assert_eq!(datetime!(2019-01-01 0:00).month(), Month::January);
   |                                                    ^^^^^ use of undeclared type `Month`

error[E0433]: failed to resolve: use of undeclared type `Month`
  --> tests/integration/primitive_date_time.rs:35:52
   |
35 |     assert_eq!(datetime!(2019-12-31 0:00).month(), Month::December);
   |                                                    ^^^^^ use of undeclared type `Month`

error[E0433]: failed to resolve: use of undeclared type `Month`
  --> tests/integration/primitive_date_time.rs:79:16
   |
79 |         (2019, Month::January, 2)
   |                ^^^^^ use of undeclared type `Month`

error[E0433]: failed to resolve: use of undeclared type `Time`
 --> tests/integration/serde.rs:8:10
  |
8 |         &Time::MIDNIGHT.compact(),
  |          ^^^^ use of undeclared type `Time`

error[E0433]: failed to resolve: use of undeclared type `Time`
  --> tests/integration/serde.rs:42:10
   |
42 |         &Time::MIDNIGHT.readable(),
   |          ^^^^ use of undeclared type `Time`

error[E0433]: failed to resolve: use of undeclared type `Duration`
   --> tests/integration/serde.rs:350:10
    |
350 |         &Duration::MIN.compact(),
    |          ^^^^^^^^ use of undeclared type `Duration`

error[E0433]: failed to resolve: use of undeclared type `Duration`
   --> tests/integration/serde.rs:359:10
    |
359 |         &Duration::MAX.compact(),
    |          ^^^^^^^^ use of undeclared type `Duration`

error[E0433]: failed to resolve: use of undeclared type `Duration`
   --> tests/integration/serde.rs:369:10
    |
369 |         &Duration::MIN.readable(),
    |          ^^^^^^^^ use of undeclared type `Duration`

error[E0433]: failed to resolve: use of undeclared type `Duration`
   --> tests/integration/serde.rs:373:10
    |
373 |         &Duration::MAX.readable(),
    |          ^^^^^^^^ use of undeclared type `Duration`

error[E0433]: failed to resolve: use of undeclared type `Duration`
   --> tests/integration/serde.rs:377:10
    |
377 |         &Duration::ZERO.readable(),
    |          ^^^^^^^^ use of undeclared type `Duration`

error[E0433]: failed to resolve: use of undeclared type `Weekday`
   --> tests/integration/serde.rs:404:20
    |
404 |     assert_tokens(&Weekday::Monday.compact(), &[Token::U8(1)]);
    |                    ^^^^^^^ use of undeclared type `Weekday`

error[E0433]: failed to resolve: use of undeclared type `Weekday`
   --> tests/integration/serde.rs:405:20
    |
405 |     assert_tokens(&Weekday::Tuesday.compact(), &[Token::U8(2)]);
    |                    ^^^^^^^ use of undeclared type `Weekday`

error[E0433]: failed to resolve: use of undeclared type `Weekday`
   --> tests/integration/serde.rs:406:20
    |
406 |     assert_tokens(&Weekday::Wednesday.compact(), &[Token::U8(3)]);
    |                    ^^^^^^^ use of undeclared type `Weekday`

error[E0433]: failed to resolve: use of undeclared type `Weekday`
   --> tests/integration/serde.rs:407:20
    |
407 |     assert_tokens(&Weekday::Thursday.compact(), &[Token::U8(4)]);
    |                    ^^^^^^^ use of undeclared type `Weekday`

error[E0433]: failed to resolve: use of undeclared type `Weekday`
   --> tests/integration/serde.rs:408:20
    |
408 |     assert_tokens(&Weekday::Friday.compact(), &[Token::U8(5)]);
    |                    ^^^^^^^ use of undeclared type `Weekday`

error[E0433]: failed to resolve: use of undeclared type `Weekday`
   --> tests/integration/serde.rs:409:20
    |
409 |     assert_tokens(&Weekday::Saturday.compact(), &[Token::U8(6)]);
    |                    ^^^^^^^ use of undeclared type `Weekday`

error[E0433]: failed to resolve: use of undeclared type `Weekday`
   --> tests/integration/serde.rs:410:20
    |
410 |     assert_tokens(&Weekday::Sunday.compact(), &[Token::U8(7)]);
    |                    ^^^^^^^ use of undeclared type `Weekday`

error[E0433]: failed to resolve: use of undeclared type `Weekday`
   --> tests/integration/serde.rs:416:20
    |
416 |     assert_tokens(&Weekday::Monday.readable(), &[Token::BorrowedStr("Monday")]);
    |                    ^^^^^^^ use of undeclared type `Weekday`

error[E0433]: failed to resolve: use of undeclared type `Weekday`
   --> tests/integration/serde.rs:418:10
    |
418 |         &Weekday::Tuesday.readable(),
    |          ^^^^^^^ use of undeclared type `Weekday`

error[E0433]: failed to resolve: use of undeclared type `Weekday`
   --> tests/integration/serde.rs:422:10
    |
422 |         &Weekday::Wednesday.readable(),
    |          ^^^^^^^ use of undeclared type `Weekday`

error[E0433]: failed to resolve: use of undeclared type `Weekday`
   --> tests/integration/serde.rs:426:10
    |
426 |         &Weekday::Thursday.readable(),
    |          ^^^^^^^ use of undeclared type `Weekday`

error[E0433]: failed to resolve: use of undeclared type `Weekday`
   --> tests/integration/serde.rs:429:20
    |
429 |     assert_tokens(&Weekday::Friday.readable(), &[Token::BorrowedStr("Friday")]);
    |                    ^^^^^^^ use of undeclared type `Weekday`

error[E0433]: failed to resolve: use of undeclared type `Weekday`
   --> tests/integration/serde.rs:431:10
    |
431 |         &Weekday::Saturday.readable(),
    |          ^^^^^^^ use of undeclared type `Weekday`

error[E0433]: failed to resolve: use of undeclared type `Weekday`
   --> tests/integration/serde.rs:434:20
    |
434 |     assert_tokens(&Weekday::Sunday.readable(), &[Token::BorrowedStr("Sunday")]);
    |                    ^^^^^^^ use of undeclared type `Weekday`

error[E0433]: failed to resolve: use of undeclared type `Date`
   --> tests/integration/date.rs:431:13
    |
431 |     assert!(Date::from_iso_week_date(2019, 1, Monday).is_ok());
    |             ^^^^ not found in this scope
    |
help: consider importing one of these items
    |
1   | use crate::rand::Date;
    |
1   | use time::Date;
    |

error[E0425]: cannot find value `Monday` in this scope
   --> tests/integration/date.rs:431:47
    |
431 |     assert!(Date::from_iso_week_date(2019, 1, Monday).is_ok());
    |                                               ^^^^^^ not found in this scope
    |
help: consider importing this unit variant
    |
1   | use time::Weekday::Monday;
    |

error[E0433]: failed to resolve: use of undeclared type `Date`
   --> tests/integration/date.rs:432:13
    |
432 |     assert!(Date::from_iso_week_date(2019, 1, Tuesday).is_ok());
    |             ^^^^ not found in this scope
    |
help: consider importing one of these items
    |
1   | use crate::rand::Date;
    |
1   | use time::Date;
    |

error[E0425]: cannot find value `Tuesday` in this scope
   --> tests/integration/date.rs:432:47
    |
432 |     assert!(Date::from_iso_week_date(2019, 1, Tuesday).is_ok());
    |                                               ^^^^^^^ not found in this scope
    |
help: consider importing this unit variant
    |
1   | use time::Weekday::Tuesday;
    |

error[E0433]: failed to resolve: use of undeclared type `Date`
   --> tests/integration/date.rs:433:13
    |
433 |     assert!(Date::from_iso_week_date(2020, 53, Friday).is_ok());
    |             ^^^^ not found in this scope
    |
help: consider importing one of these items
    |
1   | use crate::rand::Date;
    |
1   | use time::Date;
    |

error[E0425]: cannot find value `Friday` in this scope
   --> tests/integration/date.rs:433:48
    |
433 |     assert!(Date::from_iso_week_date(2020, 53, Friday).is_ok());
    |                                                ^^^^^^ not found in this scope
    |
help: consider importing this unit variant
    |
1   | use time::Weekday::Friday;
    |

error[E0433]: failed to resolve: use of undeclared type `Date`
   --> tests/integration/date.rs:434:13
    |
434 |     assert!(Date::from_iso_week_date(-9999, 1, Monday).is_ok());
    |             ^^^^ not found in this scope
    |
help: consider importing one of these items
    |
1   | use crate::rand::Date;
    |
1   | use time::Date;
    |

error[E0425]: cannot find value `Monday` in this scope
   --> tests/integration/date.rs:434:48
    |
434 |     assert!(Date::from_iso_week_date(-9999, 1, Monday).is_ok());
    |                                                ^^^^^^ not found in this scope
    |
help: consider importing this unit variant
    |
1   | use time::Weekday::Monday;
    |

error[E0433]: failed to resolve: use of undeclared type `Date`
   --> tests/integration/date.rs:436:13
    |
436 |     assert!(Date::from_iso_week_date(2019, 53, Monday).is_err());
    |             ^^^^ not found in this scope
    |
help: consider importing one of these items
    |
1   | use crate::rand::Date;
    |
1   | use time::Date;
    |

error[E0425]: cannot find value `Monday` in this scope
   --> tests/integration/date.rs:436:48
    |
436 |     assert!(Date::from_iso_week_date(2019, 53, Monday).is_err());
    |                                                ^^^^^^ not found in this scope
    |
help: consider importing this unit variant
    |
1   | use time::Weekday::Monday;
    |

error[E0425]: cannot find value `Tuesday` in this scope
   --> tests/integration/date.rs:530:68
    |
530 |     assert_eq!(date!(2019 - 01 - 01).to_iso_week_date(), (2019, 1, Tuesday));
    |                                                                    ^^^^^^^ not found in this scope
    |
help: consider importing this unit variant
    |
1   | use time::Weekday::Tuesday;
    |

error[E0425]: cannot find value `Friday` in this scope
   --> tests/integration/date.rs:531:69
    |
531 |     assert_eq!(date!(2019 - 10 - 04).to_iso_week_date(), (2019, 40, Friday));
    |                                                                     ^^^^^^ not found in this scope
    |
help: consider importing this unit variant
    |
1   | use time::Weekday::Friday;
    |

error[E0425]: cannot find value `Wednesday` in this scope
   --> tests/integration/date.rs:534:19
    |
534 |         (2020, 1, Wednesday)
    |                   ^^^^^^^^^ not found in this scope
    |
help: consider importing this unit variant
    |
1   | use time::Weekday::Wednesday;
    |

error[E0425]: cannot find value `Thursday` in this scope
   --> tests/integration/date.rs:538:20
    |
538 |         (2020, 53, Thursday)
    |                    ^^^^^^^^ not found in this scope
    |
help: consider importing this unit variant
    |
1   | use time::Weekday::Thursday;
    |

error[E0425]: cannot find value `Friday` in this scope
   --> tests/integration/date.rs:540:69
    |
540 |     assert_eq!(date!(2021 - 01 - 01).to_iso_week_date(), (2020, 53, Friday));
    |                                                                     ^^^^^^ not found in this scope
    |
help: consider importing this unit variant
    |
1   | use time::Weekday::Friday;
    |

error[E0425]: cannot find value `Tuesday` in this scope
   --> tests/integration/date.rs:546:49
    |
546 |     assert_eq!(date!(2019 - 01 - 01).weekday(), Tuesday);
    |                                                 ^^^^^^^ not found in this scope
    |
help: consider importing this unit variant
    |
1   | use time::Weekday::Tuesday;
    |

error[E0425]: cannot find value `Friday` in this scope
   --> tests/integration/date.rs:547:49
    |
547 |     assert_eq!(date!(2019 - 02 - 01).weekday(), Friday);
    |                                                 ^^^^^^ not found in this scope
    |
help: consider importing this unit variant
    |
1   | use time::Weekday::Friday;
    |

error[E0425]: cannot find value `Friday` in this scope
   --> tests/integration/date.rs:548:49
    |
548 |     assert_eq!(date!(2019 - 03 - 01).weekday(), Friday);
    |                                                 ^^^^^^ not found in this scope
    |
help: consider importing this unit variant
    |
1   | use time::Weekday::Friday;
    |

error[E0425]: cannot find value `Monday` in this scope
   --> tests/integration/date.rs:549:49
    |
549 |     assert_eq!(date!(2019 - 04 - 01).weekday(), Monday);
    |                                                 ^^^^^^ not found in this scope
    |
help: consider importing this unit variant
    |
1   | use time::Weekday::Monday;
    |

error[E0425]: cannot find value `Wednesday` in this scope
   --> tests/integration/date.rs:550:49
    |
550 |     assert_eq!(date!(2019 - 05 - 01).weekday(), Wednesday);
    |                                                 ^^^^^^^^^ not found in this scope
    |
help: consider importing this unit variant
    |
1   | use time::Weekday::Wednesday;
    |

error[E0425]: cannot find value `Saturday` in this scope
   --> tests/integration/date.rs:551:49
    |
551 |     assert_eq!(date!(2019 - 06 - 01).weekday(), Saturday);
    |                                                 ^^^^^^^^ not found in this scope
    |
help: consider importing this unit variant
    |
1   | use time::Weekday::Saturday;
    |

error[E0425]: cannot find value `Monday` in this scope
   --> tests/integration/date.rs:552:49
    |
552 |     assert_eq!(date!(2019 - 07 - 01).weekday(), Monday);
    |                                                 ^^^^^^ not found in this scope
    |
help: consider importing this unit variant
    |
1   | use time::Weekday::Monday;
    |

error[E0425]: cannot find value `Thursday` in this scope
   --> tests/integration/date.rs:553:49
    |
553 |     assert_eq!(date!(2019 - 08 - 01).weekday(), Thursday);
    |                                                 ^^^^^^^^ not found in this scope
    |
help: consider importing this unit variant
    |
1   | use time::Weekday::Thursday;
    |

error[E0425]: cannot find value `Sunday` in this scope
   --> tests/integration/date.rs:554:49
    |
554 |     assert_eq!(date!(2019 - 09 - 01).weekday(), Sunday);
    |                                                 ^^^^^^ not found in this scope
    |
help: consider importing this unit variant
    |
1   | use time::Weekday::Sunday;
    |

error[E0425]: cannot find value `Tuesday` in this scope
   --> tests/integration/date.rs:555:49
    |
555 |     assert_eq!(date!(2019 - 10 - 01).weekday(), Tuesday);
    |                                                 ^^^^^^^ not found in this scope
    |
help: consider importing this unit variant
    |
1   | use time::Weekday::Tuesday;
    |

error[E0425]: cannot find value `Friday` in this scope
   --> tests/integration/date.rs:556:49
    |
556 |     assert_eq!(date!(2019 - 11 - 01).weekday(), Friday);
    |                                                 ^^^^^^ not found in this scope
    |
help: consider importing this unit variant
    |
1   | use time::Weekday::Friday;
    |

error[E0425]: cannot find value `Sunday` in this scope
   --> tests/integration/date.rs:557:49
    |
557 |     assert_eq!(date!(2019 - 12 - 01).weekday(), Sunday);
    |                                                 ^^^^^^ not found in this scope
    |
help: consider importing this unit variant
    |
1   | use time::Weekday::Sunday;
    |

error[E0433]: failed to resolve: use of undeclared type `Date`
   --> tests/integration/date.rs:615:9
    |
615 |         Date::from_julian_day(-363_521_074),
    |         ^^^^ not found in this scope
    |
help: consider importing one of these items
    |
1   | use crate::rand::Date;
    |
1   | use time::Date;
    |

error[E0433]: failed to resolve: use of undeclared type `Date`
   --> tests/integration/date.rs:619:9
    |
619 |         Date::from_julian_day(-1_930_999),
    |         ^^^^ not found in this scope
    |
help: consider importing one of these items
    |
1   | use crate::rand::Date;
    |
1   | use time::Date;
    |

error[E0433]: failed to resolve: use of undeclared type `Date`
   --> tests/integration/date.rs:622:16
    |
622 |     assert_eq!(Date::from_julian_day(0), Ok(date!(-4713 - 11 - 24)));
    |                ^^^^ not found in this scope
    |
help: consider importing one of these items
    |
1   | use crate::rand::Date;
    |
1   | use time::Date;
    |

error[E0433]: failed to resolve: use of undeclared type `Date`
   --> tests/integration/date.rs:623:16
    |
623 |     assert_eq!(Date::from_julian_day(2_451_545), Ok(date!(2000 - 01 - 01)));
    |                ^^^^ not found in this scope
    |
help: consider importing one of these items
    |
1   | use crate::rand::Date;
    |
1   | use time::Date;
    |

error[E0433]: failed to resolve: use of undeclared type `Date`
   --> tests/integration/date.rs:624:16
    |
624 |     assert_eq!(Date::from_julian_day(2_458_485), Ok(date!(2019 - 01 - 01)));
    |                ^^^^ not found in this scope
    |
help: consider importing one of these items
    |
1   | use crate::rand::Date;
    |
1   | use time::Date;
    |

error[E0433]: failed to resolve: use of undeclared type `Date`
   --> tests/integration/date.rs:625:16
    |
625 |     assert_eq!(Date::from_julian_day(2_458_849), Ok(date!(2019 - 12 - 31)));
    |                ^^^^ not found in this scope
    |
help: consider importing one of these items
    |
1   | use crate::rand::Date;
    |
1   | use time::Date;
    |

error[E0433]: failed to resolve: use of undeclared type `Date`
   --> tests/integration/date.rs:626:13
    |
626 |     assert!(Date::from_julian_day(i32::MAX).is_err());
    |             ^^^^ not found in this scope
    |
help: consider importing one of these items
    |
1   | use crate::rand::Date;
    |
1   | use time::Date;
    |

error[E0433]: failed to resolve: use of undeclared type `Time`
  --> tests/integration/derives.rs:22:5
   |
22 |     Time::from_hms(24, 0, 0).unwrap_err()
   |     ^^^^ not found in this scope
   |
help: consider importing one of these items
   |
1  | use crate::rand::Time;
   |
1  | use time::Time;
   |

error[E0433]: failed to resolve: use of undeclared type `Instant`
  --> tests/integration/derives.rs:27:19
   |
27 |     let instant = Instant::now();
   |                   ^^^^^^^ not found in this scope
   |
help: consider importing one of these items
   |
1  | use crate::instant::Instant;
   |
1  | use std::time::Instant;
   |
1  | use time::Instant;
   |

error[E0425]: cannot find value `IndeterminateOffset` in this scope
  --> tests/integration/derives.rs:37:23
   |
37 |     assert_cloned_eq!(IndeterminateOffset);
   |                       ^^^^^^^^^^^^^^^^^^^ not found in this scope

error[E0425]: cannot find value `ConversionRange` in this scope
  --> tests/integration/derives.rs:38:23
   |
38 |     assert_cloned_eq!(ConversionRange);
   |                       ^^^^^^^^^^^^^^^ not found in this scope
   |
help: consider importing one of these items
   |
1  | use crate::error::ConversionRange;
   |
1  | use time::Error::ConversionRange;
   |
1  | use time::error::ConversionRange;
   |

error[E0433]: failed to resolve: use of undeclared type `Component`
  --> tests/integration/derives.rs:46:23
   |
46 |     assert_cloned_eq!(Component::OffsetSecond(modifier::OffsetSecond {
   |                       ^^^^^^^^^ not found in this scope
   |
help: consider importing this enum
   |
1  | use std::path::Component;
   |

error[E0433]: failed to resolve: use of undeclared crate or module `modifier`
  --> tests/integration/derives.rs:54:33
   |
54 |     assert_cloned_eq!(modifier::Month::default());
   |                                 ^^^^^ not found in `modifier`
   |
help: consider importing one of these items
   |
1  | use crate::util::Month;
   |
1  | use time::Month;
   |

error[E0433]: failed to resolve: use of undeclared crate or module `modifier`
  --> tests/integration/derives.rs:57:33
   |
57 |     assert_cloned_eq!(modifier::Weekday::default());
   |                                 ^^^^^^^ not found in `modifier`
   |
help: consider importing one of these items
   |
1  | use crate::rand::Weekday;
   |
1  | use time::Weekday;
   |

error[E0433]: failed to resolve: use of undeclared type `Instant`
  --> tests/integration/derives.rs:84:5
   |
84 |     Instant::now().hash(&mut hasher);
   |     ^^^^^^^ not found in this scope
   |
help: consider importing one of these items
   |
1  | use crate::instant::Instant;
   |
1  | use std::time::Instant;
   |
1  | use time::Instant;
   |

error[E0433]: failed to resolve: use of undeclared type `Instant`
  --> tests/integration/derives.rs:91:19
   |
91 |     let instant = Instant::now();
   |                   ^^^^^^^ not found in this scope
   |
help: consider importing one of these items
   |
1  | use crate::instant::Instant;
   |
1  | use std::time::Instant;
   |
1  | use time::Instant;
   |

error[E0425]: cannot find value `IndeterminateOffset` in this scope
   --> tests/integration/derives.rs:117:29
    |
117 |     let _ = format!("{:?}", IndeterminateOffset);
    |                             ^^^^^^^^^^^^^^^^^^^ not found in this scope

error[E0425]: cannot find value `ConversionRange` in this scope
   --> tests/integration/derives.rs:118:29
    |
118 |     let _ = format!("{:?}", ConversionRange);
    |                             ^^^^^^^^^^^^^^^ not found in this scope
    |
help: consider importing one of these items
    |
1   | use crate::error::ConversionRange;
    |
1   | use time::Error::ConversionRange;
    |
1   | use time::error::ConversionRange;
    |

error[E0433]: failed to resolve: use of undeclared type `Instant`
   --> tests/integration/derives.rs:121:29
    |
121 |     let _ = format!("{:?}", Instant::now());
    |                             ^^^^^^^ not found in this scope
    |
help: consider importing one of these items
    |
1   | use crate::instant::Instant;
    |
1   | use std::time::Instant;
    |
1   | use time::Instant;
    |

error[E0433]: failed to resolve: use of undeclared crate or module `modifier`
   --> tests/integration/derives.rs:128:39
    |
128 |     let _ = format!("{:?}", modifier::Month::default());
    |                                       ^^^^^ not found in `modifier`
    |
help: consider importing one of these items
    |
1   | use crate::util::Month;
    |
1   | use time::Month;
    |

error[E0433]: failed to resolve: use of undeclared crate or module `modifier`
   --> tests/integration/derives.rs:131:39
    |
131 |     let _ = format!("{:?}", modifier::Weekday::default());
    |                                       ^^^^^^^ not found in `modifier`
    |
help: consider importing one of these items
    |
1   | use crate::rand::Weekday;
    |
1   | use time::Weekday;
    |

error[E0425]: cannot find value `Rfc3339` in this scope
  --> tests/integration/formatting.rs:10:52
   |
10 |         datetime!(2021-01-02 03:04:05 UTC).format(&Rfc3339)?,
   |                                                    ^^^^^^^ not found in this scope

error[E0425]: cannot find value `Rfc3339` in this scope
  --> tests/integration/formatting.rs:14:54
   |
14 |         datetime!(2021-01-02 03:04:05.1 UTC).format(&Rfc3339)?,
   |                                                      ^^^^^^^ not found in this scope

error[E0425]: cannot find value `Rfc3339` in this scope
  --> tests/integration/formatting.rs:18:55
   |
18 |         datetime!(2021-01-02 03:04:05.12 UTC).format(&Rfc3339)?,
   |                                                       ^^^^^^^ not found in this scope

error[E0425]: cannot find value `Rfc3339` in this scope
  --> tests/integration/formatting.rs:22:56
   |
22 |         datetime!(2021-01-02 03:04:05.123 UTC).format(&Rfc3339)?,
   |                                                        ^^^^^^^ not found in this scope

error[E0425]: cannot find value `Rfc3339` in this scope
  --> tests/integration/formatting.rs:26:58
   |
26 |         datetime!(2021-01-02 03:04:05.123_4 UTC).format(&Rfc3339)?,
   |                                                          ^^^^^^^ not found in this scope

error[E0425]: cannot find value `Rfc3339` in this scope
  --> tests/integration/formatting.rs:30:59
   |
30 |         datetime!(2021-01-02 03:04:05.123_45 UTC).format(&Rfc3339)?,
   |                                                           ^^^^^^^ not found in this scope

error[E0425]: cannot find value `Rfc3339` in this scope
  --> tests/integration/formatting.rs:34:60
   |
34 |         datetime!(2021-01-02 03:04:05.123_456 UTC).format(&Rfc3339)?,
   |                                                            ^^^^^^^ not found in this scope

error[E0425]: cannot find value `Rfc3339` in this scope
  --> tests/integration/formatting.rs:38:62
   |
38 |         datetime!(2021-01-02 03:04:05.123_456_7 UTC).format(&Rfc3339)?,
   |                                                              ^^^^^^^ not found in this scope

error[E0425]: cannot find value `Rfc3339` in this scope
  --> tests/integration/formatting.rs:42:63
   |
42 |         datetime!(2021-01-02 03:04:05.123_456_78 UTC).format(&Rfc3339)?,
   |                                                               ^^^^^^^ not found in this scope

error[E0425]: cannot find value `Rfc3339` in this scope
  --> tests/integration/formatting.rs:46:64
   |
46 |         datetime!(2021-01-02 03:04:05.123_456_789 UTC).format(&Rfc3339)?,
   |                                                                ^^^^^^^ not found in this scope

error[E0425]: cannot find value `Rfc3339` in this scope
  --> tests/integration/formatting.rs:50:67
   |
50 |         datetime!(2021-01-02 03:04:05.123_456_789 -01:02).format(&Rfc3339)?,
   |                                                                   ^^^^^^^ not found in this scope

error[E0425]: cannot find value `Rfc3339` in this scope
  --> tests/integration/formatting.rs:54:67
   |
54 |         datetime!(2021-01-02 03:04:05.123_456_789 +01:02).format(&Rfc3339)?,
   |                                                                   ^^^^^^^ not found in this scope

error[E0425]: cannot find value `Rfc3339` in this scope
  --> tests/integration/formatting.rs:59:49
   |
59 |         datetime!(-0001-01-01 0:00 UTC).format(&Rfc3339),
   |                                                 ^^^^^^^ not found in this scope

error[E0425]: cannot find value `Rfc3339` in this scope
  --> tests/integration/formatting.rs:63:54
   |
63 |         datetime!(0000-01-01 0:00 +00:00:01).format(&Rfc3339),
   |                                                      ^^^^^^^ not found in this scope

error[E0433]: failed to resolve: use of undeclared type `OffsetDateTime`
  --> tests/integration/offset_date_time.rs:10:13
   |
10 |     assert!(OffsetDateTime::now_utc().year() >= 2019);
   |             ^^^^^^^^^^^^^^ not found in this scope
   |
help: consider importing one of these items
   |
1  | use crate::utc_offset::OffsetDateTime;
   |
1  | use time::OffsetDateTime;
   |

error[E0433]: failed to resolve: use of undeclared type `OffsetDateTime`
  --> tests/integration/offset_date_time.rs:11:16
   |
11 |     assert_eq!(OffsetDateTime::now_utc().offset(), offset!(UTC));
   |                ^^^^^^^^^^^^^^ not found in this scope
   |
help: consider importing one of these items
   |
1  | use crate::utc_offset::OffsetDateTime;
   |
1  | use time::OffsetDateTime;
   |

error[E0433]: failed to resolve: use of undeclared type `OffsetDateTime`
  --> tests/integration/offset_date_time.rs:21:13
   |
21 |     let _ = OffsetDateTime::now_local();
   |             ^^^^^^^^^^^^^^ not found in this scope
   |
help: consider importing one of these items
   |
1  | use crate::utc_offset::OffsetDateTime;
   |
1  | use time::OffsetDateTime;
   |

error[E0433]: failed to resolve: use of undeclared type `OffsetDateTime`
  --> tests/integration/offset_date_time.rs:45:9
   |
45 |         OffsetDateTime::from_unix_timestamp(0),
   |         ^^^^^^^^^^^^^^ not found in this scope
   |
help: consider importing one of these items
   |
1  | use crate::utc_offset::OffsetDateTime;
   |
1  | use time::OffsetDateTime;
   |

error[E0433]: failed to resolve: use of undeclared type `OffsetDateTime`
  --> tests/integration/offset_date_time.rs:49:9
   |
49 |         OffsetDateTime::from_unix_timestamp(1_546_300_800),
   |         ^^^^^^^^^^^^^^ not found in this scope
   |
help: consider importing one of these items
   |
1  | use crate::utc_offset::OffsetDateTime;
   |
1  | use time::OffsetDateTime;
   |

error[E0433]: failed to resolve: use of undeclared type `OffsetDateTime`
  --> tests/integration/offset_date_time.rs:57:9
   |
57 |         OffsetDateTime::from_unix_timestamp_nanos(0),
   |         ^^^^^^^^^^^^^^ not found in this scope
   |
help: consider importing one of these items
   |
1  | use crate::utc_offset::OffsetDateTime;
   |
1  | use time::OffsetDateTime;
   |

error[E0433]: failed to resolve: use of undeclared type `OffsetDateTime`
  --> tests/integration/offset_date_time.rs:61:9
   |
61 |         OffsetDateTime::from_unix_timestamp_nanos(1_546_300_800_000_000_000),
   |         ^^^^^^^^^^^^^^ not found in this scope
   |
help: consider importing one of these items
   |
1  | use crate::utc_offset::OffsetDateTime;
   |
1  | use time::OffsetDateTime;
   |

error[E0425]: cannot find value `Tuesday` in this scope
   --> tests/integration/offset_date_time.rs:204:19
    |
204 |         (2019, 1, Tuesday)
    |                   ^^^^^^^ not found in this scope
    |
help: consider importing this unit variant
    |
1   | use time::Weekday::Tuesday;
    |

error[E0425]: cannot find value `Friday` in this scope
   --> tests/integration/offset_date_time.rs:208:20
    |
208 |         (2019, 40, Friday)
    |                    ^^^^^^ not found in this scope
    |
help: consider importing this unit variant
    |
1   | use time::Weekday::Friday;
    |

error[E0425]: cannot find value `Wednesday` in this scope
   --> tests/integration/offset_date_time.rs:212:19
    |
212 |         (2020, 1, Wednesday)
    |                   ^^^^^^^^^ not found in this scope
    |
help: consider importing this unit variant
    |
1   | use time::Weekday::Wednesday;
    |

error[E0425]: cannot find value `Thursday` in this scope
   --> tests/integration/offset_date_time.rs:216:20
    |
216 |         (2020, 53, Thursday)
    |                    ^^^^^^^^ not found in this scope
    |
help: consider importing this unit variant
    |
1   | use time::Weekday::Thursday;
    |

error[E0425]: cannot find value `Friday` in this scope
   --> tests/integration/offset_date_time.rs:220:20
    |
220 |         (2020, 53, Friday)
    |                    ^^^^^^ not found in this scope
    |
help: consider importing this unit variant
    |
1   | use time::Weekday::Friday;
    |

error[E0425]: cannot find value `Tuesday` in this scope
   --> tests/integration/offset_date_time.rs:227:58
    |
227 |     assert_eq!(datetime!(2019-01-01 0:00 UTC).weekday(), Tuesday);
    |                                                          ^^^^^^^ not found in this scope
    |
help: consider importing this unit variant
    |
1   | use time::Weekday::Tuesday;
    |

error[E0425]: cannot find value `Friday` in this scope
   --> tests/integration/offset_date_time.rs:228:58
    |
228 |     assert_eq!(datetime!(2019-02-01 0:00 UTC).weekday(), Friday);
    |                                                          ^^^^^^ not found in this scope
    |
help: consider importing this unit variant
    |
1   | use time::Weekday::Friday;
    |

error[E0425]: cannot find value `Friday` in this scope
   --> tests/integration/offset_date_time.rs:229:58
    |
229 |     assert_eq!(datetime!(2019-03-01 0:00 UTC).weekday(), Friday);
    |                                                          ^^^^^^ not found in this scope
    |
help: consider importing this unit variant
    |
1   | use time::Weekday::Friday;
    |

error[E0433]: failed to resolve: use of undeclared type `OffsetDateTime`
   --> tests/integration/offset_date_time.rs:773:24
    |
773 |     let now_datetime = OffsetDateTime::now_utc();
    |                        ^^^^^^^^^^^^^^ not found in this scope
    |
help: consider importing one of these items
    |
1   | use crate::utc_offset::OffsetDateTime;
    |
1   | use time::OffsetDateTime;
    |

error[E0433]: failed to resolve: use of undeclared type `OffsetDateTime`
   --> tests/integration/offset_date_time.rs:780:24
    |
780 |     let now_datetime = OffsetDateTime::now_utc();
    |                        ^^^^^^^^^^^^^^ not found in this scope
    |
help: consider importing one of these items
    |
1   | use crate::utc_offset::OffsetDateTime;
    |
1   | use time::OffsetDateTime;
    |

error[E0433]: failed to resolve: use of undeclared type `OffsetDateTime`
   --> tests/integration/offset_date_time.rs:842:9
    |
842 |         OffsetDateTime::from(SystemTime::UNIX_EPOCH),
    |         ^^^^^^^^^^^^^^ not found in this scope
    |
help: consider importing one of these items
    |
1   | use crate::utc_offset::OffsetDateTime;
    |
1   | use time::OffsetDateTime;
    |

error[E0433]: failed to resolve: use of undeclared type `OffsetDateTime`
   --> tests/integration/offset_date_time.rs:846:9
    |
846 |         OffsetDateTime::from(SystemTime::UNIX_EPOCH - 1.std_days()),
    |         ^^^^^^^^^^^^^^ not found in this scope
    |
help: consider importing one of these items
    |
1   | use crate::utc_offset::OffsetDateTime;
    |
1   | use time::OffsetDateTime;
    |

error[E0433]: failed to resolve: use of undeclared type `OffsetDateTime`
   --> tests/integration/offset_date_time.rs:850:9
    |
850 |         OffsetDateTime::from(SystemTime::UNIX_EPOCH + 1.std_days()),
    |         ^^^^^^^^^^^^^^ not found in this scope
    |
help: consider importing one of these items
    |
1   | use crate::utc_offset::OffsetDateTime;
    |
1   | use time::OffsetDateTime;
    |

error[E0412]: cannot find type `Padding` in this scope
 --> tests/integration/parse_format_description.rs:6:37
  |
6 |     pub(super) fn padding() -> Vec<(Padding, &'static str)> {
  |                          -          ^^^^^^^ not found in this scope
  |                          |
  |                          help: you might be missing a type parameter: `<Padding>`

error[E0412]: cannot find type `MonthRepr` in this scope
  --> tests/integration/parse_format_description.rs:22:40
   |
22 |     pub(super) fn month_repr() -> Vec<(MonthRepr, &'static str)> {
   |                             -          ^^^^^^^^^ not found in this scope
   |                             |
   |                             help: you might be missing a type parameter: `<MonthRepr>`

error[E0412]: cannot find type `SubsecondDigits` in this scope
  --> tests/integration/parse_format_description.rs:30:46
   |
30 |     pub(super) fn subsecond_digits() -> Vec<(SubsecondDigits, &'static str)> {
   |                                   -          ^^^^^^^^^^^^^^^ not found in this scope
   |                                   |
   |                                   help: you might be missing a type parameter: `<SubsecondDigits>`

error[E0412]: cannot find type `WeekdayRepr` in this scope
  --> tests/integration/parse_format_description.rs:45:42
   |
45 |     pub(super) fn weekday_repr() -> Vec<(WeekdayRepr, &'static str)> {
   |                               -          ^^^^^^^^^^^ not found in this scope
   |                               |
   |                               help: you might be missing a type parameter: `<WeekdayRepr>`

error[E0412]: cannot find type `WeekNumberRepr` in this scope
  --> tests/integration/parse_format_description.rs:54:46
   |
54 |     pub(super) fn week_number_repr() -> Vec<(WeekNumberRepr, &'static str)> {
   |                                   -          ^^^^^^^^^^^^^^ not found in this scope
   |                                   |
   |                                   help: you might be missing a type parameter: `<WeekNumberRepr>`

error[E0412]: cannot find type `YearRepr` in this scope
  --> tests/integration/parse_format_description.rs:62:39
   |
62 |     pub(super) fn year_repr() -> Vec<(YearRepr, &'static str)> {
   |                            -          ^^^^^^^^ not found in this scope
   |                            |
   |                            help: you might be missing a type parameter: `<YearRepr>`

error[E0433]: failed to resolve: use of undeclared type `OffsetDateTime`
  --> tests/integration/parsing.rs:12:9
   |
12 |         OffsetDateTime::parse("2021-01-02T03:04:05Z", &Rfc3339)?,
   |         ^^^^^^^^^^^^^^ not found in this scope
   |
help: consider importing one of these items
   |
1  | use crate::utc_offset::OffsetDateTime;
   |
1  | use time::OffsetDateTime;
   |

error[E0425]: cannot find value `Rfc3339` in this scope
  --> tests/integration/parsing.rs:12:56
   |
12 |         OffsetDateTime::parse("2021-01-02T03:04:05Z", &Rfc3339)?,
   |                                                        ^^^^^^^ not found in this scope

error[E0433]: failed to resolve: use of undeclared type `OffsetDateTime`
  --> tests/integration/parsing.rs:16:9
   |
16 |         OffsetDateTime::parse("2021-01-02T03:04:05.1Z", &Rfc3339)?,
   |         ^^^^^^^^^^^^^^ not found in this scope
   |
help: consider importing one of these items
   |
1  | use crate::utc_offset::OffsetDateTime;
   |
1  | use time::OffsetDateTime;
   |

error[E0425]: cannot find value `Rfc3339` in this scope
  --> tests/integration/parsing.rs:16:58
   |
16 |         OffsetDateTime::parse("2021-01-02T03:04:05.1Z", &Rfc3339)?,
   |                                                          ^^^^^^^ not found in this scope

error[E0433]: failed to resolve: use of undeclared type `OffsetDateTime`
  --> tests/integration/parsing.rs:20:9
   |
20 |         OffsetDateTime::parse("2021-01-02T03:04:05.12Z", &Rfc3339)?,
   |         ^^^^^^^^^^^^^^ not found in this scope
   |
help: consider importing one of these items
   |
1  | use crate::utc_offset::OffsetDateTime;
   |
1  | use time::OffsetDateTime;
   |

error[E0425]: cannot find value `Rfc3339` in this scope
  --> tests/integration/parsing.rs:20:59
   |
20 |         OffsetDateTime::parse("2021-01-02T03:04:05.12Z", &Rfc3339)?,
   |                                                           ^^^^^^^ not found in this scope

error[E0433]: failed to resolve: use of undeclared type `OffsetDateTime`
  --> tests/integration/parsing.rs:24:9
   |
24 |         OffsetDateTime::parse("2021-01-02T03:04:05.123Z", &Rfc3339)?,
   |         ^^^^^^^^^^^^^^ not found in this scope
   |
help: consider importing one of these items
   |
1  | use crate::utc_offset::OffsetDateTime;
   |
1  | use time::OffsetDateTime;
   |

error[E0425]: cannot find value `Rfc3339` in this scope
  --> tests/integration/parsing.rs:24:60
   |
24 |         OffsetDateTime::parse("2021-01-02T03:04:05.123Z", &Rfc3339)?,
   |                                                            ^^^^^^^ not found in this scope

error[E0433]: failed to resolve: use of undeclared type `OffsetDateTime`
  --> tests/integration/parsing.rs:28:9
   |
28 |         OffsetDateTime::parse("2021-01-02T03:04:05.1234Z", &Rfc3339)?,
   |         ^^^^^^^^^^^^^^ not found in this scope
   |
help: consider importing one of these items
   |
1  | use crate::utc_offset::OffsetDateTime;
   |
1  | use time::OffsetDateTime;
   |

error[E0425]: cannot find value `Rfc3339` in this scope
  --> tests/integration/parsing.rs:28:61
   |
28 |         OffsetDateTime::parse("2021-01-02T03:04:05.1234Z", &Rfc3339)?,
   |                                                             ^^^^^^^ not found in this scope

error[E0433]: failed to resolve: use of undeclared type `OffsetDateTime`
  --> tests/integration/parsing.rs:32:9
   |
32 |         OffsetDateTime::parse("2021-01-02T03:04:05.12345Z", &Rfc3339)?,
   |         ^^^^^^^^^^^^^^ not found in this scope
   |
help: consider importing one of these items
   |
1  | use crate::utc_offset::OffsetDateTime;
   |
1  | use time::OffsetDateTime;
   |

error[E0425]: cannot find value `Rfc3339` in this scope
  --> tests/integration/parsing.rs:32:62
   |
32 |         OffsetDateTime::parse("2021-01-02T03:04:05.12345Z", &Rfc3339)?,
   |                                                              ^^^^^^^ not found in this scope

error[E0433]: failed to resolve: use of undeclared type `OffsetDateTime`
  --> tests/integration/parsing.rs:36:9
   |
36 |         OffsetDateTime::parse("2021-01-02T03:04:05.123456Z", &Rfc3339)?,
   |         ^^^^^^^^^^^^^^ not found in this scope
   |
help: consider importing one of these items
   |
1  | use crate::utc_offset::OffsetDateTime;
   |
1  | use time::OffsetDateTime;
   |

error[E0425]: cannot find value `Rfc3339` in this scope
  --> tests/integration/parsing.rs:36:63
   |
36 |         OffsetDateTime::parse("2021-01-02T03:04:05.123456Z", &Rfc3339)?,
   |                                                               ^^^^^^^ not found in this scope

error[E0433]: failed to resolve: use of undeclared type `OffsetDateTime`
  --> tests/integration/parsing.rs:40:9
   |
40 |         OffsetDateTime::parse("2021-01-02T03:04:05.1234567Z", &Rfc3339)?,
   |         ^^^^^^^^^^^^^^ not found in this scope
   |
help: consider importing one of these items
   |
1  | use crate::utc_offset::OffsetDateTime;
   |
1  | use time::OffsetDateTime;
   |

error[E0425]: cannot find value `Rfc3339` in this scope
  --> tests/integration/parsing.rs:40:64
   |
40 |         OffsetDateTime::parse("2021-01-02T03:04:05.1234567Z", &Rfc3339)?,
   |                                                                ^^^^^^^ not found in this scope

error[E0433]: failed to resolve: use of undeclared type `OffsetDateTime`
  --> tests/integration/parsing.rs:44:9
   |
44 |         OffsetDateTime::parse("2021-01-02T03:04:05.12345678Z", &Rfc3339)?,
   |         ^^^^^^^^^^^^^^ not found in this scope
   |
help: consider importing one of these items
   |
1  | use crate::utc_offset::OffsetDateTime;
   |
1  | use time::OffsetDateTime;
   |

error[E0425]: cannot find value `Rfc3339` in this scope
  --> tests/integration/parsing.rs:44:65
   |
44 |         OffsetDateTime::parse("2021-01-02T03:04:05.12345678Z", &Rfc3339)?,
   |                                                                 ^^^^^^^ not found in this scope

error[E0433]: failed to resolve: use of undeclared type `OffsetDateTime`
  --> tests/integration/parsing.rs:48:9
   |
48 |         OffsetDateTime::parse("2021-01-02T03:04:05.123456789Z", &Rfc3339)?,
   |         ^^^^^^^^^^^^^^ not found in this scope
   |
help: consider importing one of these items
   |
1  | use crate::utc_offset::OffsetDateTime;
   |
1  | use time::OffsetDateTime;
   |

error[E0425]: cannot find value `Rfc3339` in this scope
  --> tests/integration/parsing.rs:48:66
   |
48 |         OffsetDateTime::parse("2021-01-02T03:04:05.123456789Z", &Rfc3339)?,
   |                                                                  ^^^^^^^ not found in this scope

error[E0433]: failed to resolve: use of undeclared type `OffsetDateTime`
  --> tests/integration/parsing.rs:52:9
   |
52 |         OffsetDateTime::parse("2021-01-02T03:04:05.123456789-01:02", &Rfc3339)?,
   |         ^^^^^^^^^^^^^^ not found in this scope
   |
help: consider importing one of these items
   |
1  | use crate::utc_offset::OffsetDateTime;
   |
1  | use time::OffsetDateTime;
   |

error[E0425]: cannot find value `Rfc3339` in this scope
  --> tests/integration/parsing.rs:52:71
   |
52 |         OffsetDateTime::parse("2021-01-02T03:04:05.123456789-01:02", &Rfc3339)?,
   |                                                                       ^^^^^^^ not found in this scope

error[E0433]: failed to resolve: use of undeclared type `OffsetDateTime`
  --> tests/integration/parsing.rs:56:9
   |
56 |         OffsetDateTime::parse("2021-01-02T03:04:05.123456789+01:02", &Rfc3339)?,
   |         ^^^^^^^^^^^^^^ not found in this scope
   |
help: consider importing one of these items
   |
1  | use crate::utc_offset::OffsetDateTime;
   |
1  | use time::OffsetDateTime;
   |

error[E0425]: cannot find value `Rfc3339` in this scope
  --> tests/integration/parsing.rs:56:71
   |
56 |         OffsetDateTime::parse("2021-01-02T03:04:05.123456789+01:02", &Rfc3339)?,
   |                                                                       ^^^^^^^ not found in this scope

error[E0433]: failed to resolve: use of undeclared type `Date`
  --> tests/integration/parsing.rs:61:9
   |
61 |         Date::parse("2021-01-02T03:04:05Z", &Rfc3339)?,
   |         ^^^^ not found in this scope
   |
help: consider importing one of these items
   |
1  | use crate::rand::Date;
   |
1  | use time::Date;
   |

error[E0425]: cannot find value `Rfc3339` in this scope
  --> tests/integration/parsing.rs:61:46
   |
61 |         Date::parse("2021-01-02T03:04:05Z", &Rfc3339)?,
   |                                              ^^^^^^^ not found in this scope

error[E0433]: failed to resolve: use of undeclared type `Date`
  --> tests/integration/parsing.rs:65:9
   |
65 |         Date::parse("2021-01-02T03:04:05.123+01:02", &Rfc3339)?,
   |         ^^^^ not found in this scope
   |
help: consider importing one of these items
   |
1  | use crate::rand::Date;
   |
1  | use time::Date;
   |

error[E0425]: cannot find value `Rfc3339` in this scope
  --> tests/integration/parsing.rs:65:55
   |
65 |         Date::parse("2021-01-02T03:04:05.123+01:02", &Rfc3339)?,
   |                                                       ^^^^^^^ not found in this scope

error[E0433]: failed to resolve: use of undeclared type `Date`
  --> tests/integration/parsing.rs:69:9
   |
69 |         Date::parse("2021-01-02T03:04:05.123-01:02", &Rfc3339)?,
   |         ^^^^ not found in this scope
   |
help: consider importing one of these items
   |
1  | use crate::rand::Date;
   |
1  | use time::Date;
   |

error[E0425]: cannot find value `Rfc3339` in this scope
  --> tests/integration/parsing.rs:69:55
   |
69 |         Date::parse("2021-01-02T03:04:05.123-01:02", &Rfc3339)?,
   |                                                       ^^^^^^^ not found in this scope

error[E0433]: failed to resolve: use of undeclared type `OffsetDateTime`
  --> tests/integration/parsing.rs:73:9
   |
73 |         OffsetDateTime::parse("2021-01-02T03:04:05Z ", &Rfc3339),
   |         ^^^^^^^^^^^^^^ not found in this scope
   |
help: consider importing one of these items
   |
1  | use crate::utc_offset::OffsetDateTime;
   |
1  | use time::OffsetDateTime;
   |

error[E0425]: cannot find value `Rfc3339` in this scope
  --> tests/integration/parsing.rs:73:57
   |
73 |         OffsetDateTime::parse("2021-01-02T03:04:05Z ", &Rfc3339),
   |                                                         ^^^^^^^ not found in this scope

error[E0433]: failed to resolve: use of undeclared type `Time`
   --> tests/integration/parsing.rs:103:21
    |
103 |         assert_eq!(&Time::parse(input, format_description)?, output);
    |                     ^^^^ not found in this scope
    |
help: consider importing one of these items
    |
1   | use crate::rand::Time;
    |
1   | use time::Time;
    |

error[E0433]: failed to resolve: use of undeclared type `Time`
   --> tests/integration/parsing.rs:107:9
    |
107 |         Time::try_from(Parsed::new()),
    |         ^^^^ not found in this scope
    |
help: consider importing one of these items
    |
1   | use crate::rand::Time;
    |
1   | use time::Time;
    |

error[E0433]: failed to resolve: use of undeclared type `Time`
   --> tests/integration/parsing.rs:111:9
    |
111 |         Time::parse("12", &fd::parse("[hour]")?),
    |         ^^^^ not found in this scope
    |
help: consider importing one of these items
    |
1   | use crate::rand::Time;
    |
1   | use time::Time;
    |

error[E0433]: failed to resolve: use of undeclared type `Time`
   --> tests/integration/parsing.rs:117:9
    |
117 |         Time::parse(" ", &fd::parse("")?),
    |         ^^^^ not found in this scope
    |
help: consider importing one of these items
    |
1   | use crate::rand::Time;
    |
1   | use time::Time;
    |

error[E0433]: failed to resolve: use of undeclared type `Date`
   --> tests/integration/parsing.rs:185:21
    |
185 |         assert_eq!(&Date::parse(input, format_description)?, output);
    |                     ^^^^ not found in this scope
    |
help: consider importing one of these items
    |
1   | use crate::rand::Date;
    |
1   | use time::Date;
    |

error[E0433]: failed to resolve: use of undeclared type `Date`
   --> tests/integration/parsing.rs:189:9
    |
189 |         Date::try_from(Parsed::new()),
    |         ^^^^ not found in this scope
    |
help: consider importing one of these items
    |
1   | use crate::rand::Date;
    |
1   | use time::Date;
    |

error[E0433]: failed to resolve: use of undeclared type `UtcOffset`
   --> tests/integration/parsing.rs:199:9
    |
199 |         UtcOffset::parse("01", &fd::parse("[offset_hour sign:mandatory]")?),
    |         ^^^^^^^^^ not found in this scope
    |
help: consider importing one of these items
    |
1   | use crate::utc_offset::UtcOffset;
    |
1   | use time::UtcOffset;
    |

error[E0433]: failed to resolve: use of undeclared type `Component`
   --> tests/integration/parsing.rs:219:9
    |
219 |         Component::Year(modifier::Year {
    |         ^^^^^^^^^ not found in this scope
    |
help: consider importing this enum
    |
1   | use std::path::Component;
    |

error[E0433]: failed to resolve: use of undeclared type `Component`
   --> tests/integration/parsing.rs:229:9
    |
229 |         Component::Year(modifier::Year {
    |         ^^^^^^^^^ not found in this scope
    |
help: consider importing this enum
    |
1   | use std::path::Component;
    |

error[E0433]: failed to resolve: use of undeclared type `Component`
   --> tests/integration/parsing.rs:239:9
    |
239 |         Component::Year(modifier::Year {
    |         ^^^^^^^^^ not found in this scope
    |
help: consider importing this enum
    |
1   | use std::path::Component;
    |

error[E0433]: failed to resolve: use of undeclared type `Component`
   --> tests/integration/parsing.rs:249:9
    |
249 |         Component::Year(modifier::Year {
    |         ^^^^^^^^^ not found in this scope
    |
help: consider importing this enum
    |
1   | use std::path::Component;
    |

error[E0433]: failed to resolve: use of undeclared type `Component`
   --> tests/integration/parsing.rs:259:9
    |
259 |         Component::Month(modifier::Month {
    |         ^^^^^^^^^ not found in this scope
    |
help: consider importing this enum
    |
1   | use std::path::Component;
    |

error[E0433]: failed to resolve: use of undeclared type `Component`
   --> tests/integration/parsing.rs:267:9
    |
267 |         Component::Month(modifier::Month {
    |         ^^^^^^^^^ not found in this scope
    |
help: consider importing this enum
    |
1   | use std::path::Component;
    |

error[E0433]: failed to resolve: use of undeclared type `Component`
   --> tests/integration/parsing.rs:275:9
    |
275 |         Component::Month(modifier::Month {
    |         ^^^^^^^^^ not found in this scope
    |
help: consider importing this enum
    |
1   | use std::path::Component;
    |

error[E0433]: failed to resolve: use of undeclared type `Component`
   --> tests/integration/parsing.rs:283:9
    |
283 |         Component::Ordinal(modifier::Ordinal {
    |         ^^^^^^^^^ not found in this scope
    |
help: consider importing this enum
    |
1   | use std::path::Component;
    |

error[E0433]: failed to resolve: use of undeclared type `Component`
   --> tests/integration/parsing.rs:290:9
    |
290 |         Component::Weekday(modifier::Weekday {
    |         ^^^^^^^^^ not found in this scope
    |
help: consider importing this enum
    |
1   | use std::path::Component;
    |

error[E0433]: failed to resolve: use of undeclared type `Component`
   --> tests/integration/parsing.rs:298:9
    |
298 |         Component::Weekday(modifier::Weekday {
    |         ^^^^^^^^^ not found in this scope
    |
help: consider importing this enum
    |
1   | use std::path::Component;
    |

error[E0433]: failed to resolve: use of undeclared type `Component`
   --> tests/integration/parsing.rs:306:9
    |
306 |         Component::Weekday(modifier::Weekday {
    |         ^^^^^^^^^ not found in this scope
    |
help: consider importing this enum
    |
1   | use std::path::Component;
    |

error[E0433]: failed to resolve: use of undeclared type `Component`
   --> tests/integration/parsing.rs:314:9
    |
314 |         Component::Weekday(modifier::Weekday {
    |         ^^^^^^^^^ not found in this scope
    |
help: consider importing this enum
    |
1   | use std::path::Component;
    |

error[E0433]: failed to resolve: use of undeclared type `Component`
   --> tests/integration/parsing.rs:322:9
    |
322 |         Component::Weekday(modifier::Weekday {
    |         ^^^^^^^^^ not found in this scope
    |
help: consider importing this enum
    |
1   | use std::path::Component;
    |

error[E0433]: failed to resolve: use of undeclared type `Component`
   --> tests/integration/parsing.rs:330:9
    |
330 |         Component::Weekday(modifier::Weekday {
    |         ^^^^^^^^^ not found in this scope
    |
help: consider importing this enum
    |
1   | use std::path::Component;
    |

error[E0433]: failed to resolve: use of undeclared type `Component`
   --> tests/integration/parsing.rs:338:9
    |
338 |         Component::WeekNumber(modifier::WeekNumber {
    |         ^^^^^^^^^ not found in this scope
    |
help: consider importing this enum
    |
1   | use std::path::Component;
    |

error[E0433]: failed to resolve: use of undeclared type `Component`
   --> tests/integration/parsing.rs:346:9
    |
346 |         Component::WeekNumber(modifier::WeekNumber {
    |         ^^^^^^^^^ not found in this scope
    |
help: consider importing this enum
    |
1   | use std::path::Component;
    |

error[E0433]: failed to resolve: use of undeclared type `Component`
   --> tests/integration/parsing.rs:354:9
    |
354 |         Component::WeekNumber(modifier::WeekNumber {
    |         ^^^^^^^^^ not found in this scope
    |
help: consider importing this enum
    |
1   | use std::path::Component;
    |

error[E0433]: failed to resolve: use of undeclared type `Component`
   --> tests/integration/parsing.rs:362:9
    |
362 |         Component::Subsecond(modifier::Subsecond {
    |         ^^^^^^^^^ not found in this scope
    |
help: consider importing this enum
    |
1   | use std::path::Component;
    |

error[E0433]: failed to resolve: use of undeclared type `Component`
   --> tests/integration/parsing.rs:369:9
    |
369 |         Component::Subsecond(modifier::Subsecond {
    |         ^^^^^^^^^ not found in this scope
    |
help: consider importing this enum
    |
1   | use std::path::Component;
    |

error[E0433]: failed to resolve: use of undeclared type `Component`
   --> tests/integration/parsing.rs:376:9
    |
376 |         Component::Subsecond(modifier::Subsecond {
    |         ^^^^^^^^^ not found in this scope
    |
help: consider importing this enum
    |
1   | use std::path::Component;
    |

error[E0433]: failed to resolve: use of undeclared type `Component`
   --> tests/integration/parsing.rs:383:9
    |
383 |         Component::Subsecond(modifier::Subsecond {
    |         ^^^^^^^^^ not found in this scope
    |
help: consider importing this enum
    |
1   | use std::path::Component;
    |

error[E0433]: failed to resolve: use of undeclared type `Component`
   --> tests/integration/parsing.rs:390:9
    |
390 |         Component::Subsecond(modifier::Subsecond {
    |         ^^^^^^^^^ not found in this scope
    |
help: consider importing this enum
    |
1   | use std::path::Component;
    |

error[E0433]: failed to resolve: use of undeclared type `Component`
   --> tests/integration/parsing.rs:397:9
    |
397 |         Component::Subsecond(modifier::Subsecond {
    |         ^^^^^^^^^ not found in this scope
    |
help: consider importing this enum
    |
1   | use std::path::Component;
    |

error[E0433]: failed to resolve: use of undeclared type `Component`
   --> tests/integration/parsing.rs:404:9
    |
404 |         Component::Subsecond(modifier::Subsecond {
    |         ^^^^^^^^^ not found in this scope
    |
help: consider importing this enum
    |
1   | use std::path::Component;
    |

error[E0433]: failed to resolve: use of undeclared type `Component`
   --> tests/integration/parsing.rs:411:9
    |
411 |         Component::Subsecond(modifier::Subsecond {
    |         ^^^^^^^^^ not found in this scope
    |
help: consider importing this enum
    |
1   | use std::path::Component;
    |

error[E0433]: failed to resolve: use of undeclared type `Component`
   --> tests/integration/parsing.rs:418:9
    |
418 |         Component::Subsecond(modifier::Subsecond {
    |         ^^^^^^^^^ not found in this scope
    |
help: consider importing this enum
    |
1   | use std::path::Component;
    |

error[E0433]: failed to resolve: use of undeclared type `Component`
   --> tests/integration/parsing.rs:425:9
    |
425 |         Component::Subsecond(modifier::Subsecond {
    |         ^^^^^^^^^ not found in this scope
    |
help: consider importing this enum
    |
1   | use std::path::Component;
    |

error[E0433]: failed to resolve: use of undeclared type `Component`
   --> tests/integration/parsing.rs:432:9
    |
432 |         Component::Period(modifier::Period {
    |         ^^^^^^^^^ not found in this scope
    |
help: consider importing this enum
    |
1   | use std::path::Component;
    |

error[E0433]: failed to resolve: use of undeclared type `PrimitiveDateTime`
  --> tests/integration/primitive_date_time.rs:10:9
   |
10 |         PrimitiveDateTime::new(date!(2019 - 01 - 01), time!(0:00)),
   |         ^^^^^^^^^^^^^^^^^ not found in this scope
   |
help: consider importing one of these items
   |
1  | use crate::rand::PrimitiveDateTime;
   |
1  | use time::PrimitiveDateTime;
   |

error[E0425]: cannot find value `Tuesday` in this scope
  --> tests/integration/primitive_date_time.rs:93:19
   |
93 |         (2019, 1, Tuesday)
   |                   ^^^^^^^ not found in this scope
   |
help: consider importing this unit variant
   |
1  | use time::Weekday::Tuesday;
   |

error[E0425]: cannot find value `Friday` in this scope
  --> tests/integration/primitive_date_time.rs:97:20
   |
97 |         (2019, 40, Friday)
   |                    ^^^^^^ not found in this scope
   |
help: consider importing this unit variant
   |
1  | use time::Weekday::Friday;
   |

error[E0425]: cannot find value `Wednesday` in this scope
   --> tests/integration/primitive_date_time.rs:101:19
    |
101 |         (2020, 1, Wednesday)
    |                   ^^^^^^^^^ not found in this scope
    |
help: consider importing this unit variant
    |
1   | use time::Weekday::Wednesday;
    |

error[E0425]: cannot find value `Thursday` in this scope
   --> tests/integration/primitive_date_time.rs:105:20
    |
105 |         (2020, 53, Thursday)
    |                    ^^^^^^^^ not found in this scope
    |
help: consider importing this unit variant
    |
1   | use time::Weekday::Thursday;
    |

error[E0425]: cannot find value `Friday` in this scope
   --> tests/integration/primitive_date_time.rs:109:20
    |
109 |         (2020, 53, Friday)
    |                    ^^^^^^ not found in this scope
    |
help: consider importing this unit variant
    |
1   | use time::Weekday::Friday;
    |

error[E0425]: cannot find value `Tuesday` in this scope
   --> tests/integration/primitive_date_time.rs:116:54
    |
116 |     assert_eq!(datetime!(2019-01-01 0:00).weekday(), Tuesday);
    |                                                      ^^^^^^^ not found in this scope
    |
help: consider importing this unit variant
    |
1   | use time::Weekday::Tuesday;
    |

error[E0425]: cannot find value `Friday` in this scope
   --> tests/integration/primitive_date_time.rs:117:54
    |
117 |     assert_eq!(datetime!(2019-02-01 0:00).weekday(), Friday);
    |                                                      ^^^^^^ not found in this scope
    |
help: consider importing this unit variant
    |
1   | use time::Weekday::Friday;
    |

error[E0425]: cannot find value `Friday` in this scope
   --> tests/integration/primitive_date_time.rs:118:54
    |
118 |     assert_eq!(datetime!(2019-03-01 0:00).weekday(), Friday);
    |                                                      ^^^^^^ not found in this scope
    |
help: consider importing this unit variant
    |
1   | use time::Weekday::Friday;
    |

error[E0425]: cannot find value `Monday` in this scope
   --> tests/integration/primitive_date_time.rs:119:54
    |
119 |     assert_eq!(datetime!(2019-04-01 0:00).weekday(), Monday);
    |                                                      ^^^^^^ not found in this scope
    |
help: consider importing this unit variant
    |
1   | use time::Weekday::Monday;
    |

error[E0425]: cannot find value `Wednesday` in this scope
   --> tests/integration/primitive_date_time.rs:120:54
    |
120 |     assert_eq!(datetime!(2019-05-01 0:00).weekday(), Wednesday);
    |                                                      ^^^^^^^^^ not found in this scope
    |
help: consider importing this unit variant
    |
1   | use time::Weekday::Wednesday;
    |

error[E0425]: cannot find value `Saturday` in this scope
   --> tests/integration/primitive_date_time.rs:121:54
    |
121 |     assert_eq!(datetime!(2019-06-01 0:00).weekday(), Saturday);
    |                                                      ^^^^^^^^ not found in this scope
    |
help: consider importing this unit variant
    |
1   | use time::Weekday::Saturday;
    |

error[E0425]: cannot find value `Monday` in this scope
   --> tests/integration/primitive_date_time.rs:122:54
    |
122 |     assert_eq!(datetime!(2019-07-01 0:00).weekday(), Monday);
    |                                                      ^^^^^^ not found in this scope
    |
help: consider importing this unit variant
    |
1   | use time::Weekday::Monday;
    |

error[E0425]: cannot find value `Thursday` in this scope
   --> tests/integration/primitive_date_time.rs:123:54
    |
123 |     assert_eq!(datetime!(2019-08-01 0:00).weekday(), Thursday);
    |                                                      ^^^^^^^^ not found in this scope
    |
help: consider importing this unit variant
    |
1   | use time::Weekday::Thursday;
    |

error[E0425]: cannot find value `Sunday` in this scope
   --> tests/integration/primitive_date_time.rs:124:54
    |
124 |     assert_eq!(datetime!(2019-09-01 0:00).weekday(), Sunday);
    |                                                      ^^^^^^ not found in this scope
    |
help: consider importing this unit variant
    |
1   | use time::Weekday::Sunday;
    |

error[E0425]: cannot find value `Tuesday` in this scope
   --> tests/integration/primitive_date_time.rs:125:54
    |
125 |     assert_eq!(datetime!(2019-10-01 0:00).weekday(), Tuesday);
    |                                                      ^^^^^^^ not found in this scope
    |
help: consider importing this unit variant
    |
1   | use time::Weekday::Tuesday;
    |

error[E0425]: cannot find value `Friday` in this scope
   --> tests/integration/primitive_date_time.rs:126:54
    |
126 |     assert_eq!(datetime!(2019-11-01 0:00).weekday(), Friday);
    |                                                      ^^^^^^ not found in this scope
    |
help: consider importing this unit variant
    |
1   | use time::Weekday::Friday;
    |

error[E0425]: cannot find value `Sunday` in this scope
   --> tests/integration/primitive_date_time.rs:127:54
    |
127 |     assert_eq!(datetime!(2019-12-01 0:00).weekday(), Sunday);
    |                                                      ^^^^^^ not found in this scope
    |
help: consider importing this unit variant
    |
1   | use time::Weekday::Sunday;
    |

error[E0412]: cannot find type `Time` in this scope
  --> tests/integration/serde.rs:29:38
   |
29 |     assert_de_tokens_error::<Compact<Time>>(
   |                                      ^^^^ not found in this scope
   |
help: consider importing one of these items
   |
1  | use crate::rand::Time;
   |
1  | use time::Time;
   |

error[E0412]: cannot find type `Time` in this scope
  --> tests/integration/serde.rs:49:39
   |
49 |     assert_de_tokens_error::<Readable<Time>>(
   |                                       ^^^^ not found in this scope
   |
help: consider importing one of these items
   |
1  | use crate::rand::Time;
   |
1  | use time::Time;
   |

error[E0412]: cannot find type `Time` in this scope
  --> tests/integration/serde.rs:53:39
   |
53 |     assert_de_tokens_error::<Readable<Time>>(
   |                                       ^^^^ not found in this scope
   |
help: consider importing one of these items
   |
1  | use crate::rand::Time;
   |
1  | use time::Time;
   |

error[E0412]: cannot find type `Time` in this scope
  --> tests/integration/serde.rs:57:39
   |
57 |     assert_de_tokens_error::<Readable<Time>>(
   |                                       ^^^^ not found in this scope
   |
help: consider importing one of these items
   |
1  | use crate::rand::Time;
   |
1  | use time::Time;
   |

error[E0412]: cannot find type `Time` in this scope
  --> tests/integration/serde.rs:61:39
   |
61 |     assert_de_tokens_error::<Readable<Time>>(
   |                                       ^^^^ not found in this scope
   |
help: consider importing one of these items
   |
1  | use crate::rand::Time;
   |
1  | use time::Time;
   |

error[E0412]: cannot find type `Time` in this scope
  --> tests/integration/serde.rs:65:39
   |
65 |     assert_de_tokens_error::<Readable<Time>>(
   |                                       ^^^^ not found in this scope
   |
help: consider importing one of these items
   |
1  | use crate::rand::Time;
   |
1  | use time::Time;
   |

error[E0412]: cannot find type `Time` in this scope
  --> tests/integration/serde.rs:69:38
   |
69 |     assert_de_tokens_error::<Compact<Time>>(
   |                                      ^^^^ not found in this scope
   |
help: consider importing one of these items
   |
1  | use crate::rand::Time;
   |
1  | use time::Time;
   |

error[E0412]: cannot find type `Date` in this scope
   --> tests/integration/serde.rs:103:39
    |
103 |     assert_de_tokens_error::<Readable<Date>>(
    |                                       ^^^^ not found in this scope
    |
help: consider importing one of these items
    |
1   | use crate::rand::Date;
    |
1   | use time::Date;
    |

error[E0412]: cannot find type `Date` in this scope
   --> tests/integration/serde.rs:107:38
    |
107 |     assert_de_tokens_error::<Compact<Date>>(
    |                                      ^^^^ not found in this scope
    |
help: consider importing one of these items
    |
1   | use crate::rand::Date;
    |
1   | use time::Date;
    |

error[E0412]: cannot find type `PrimitiveDateTime` in this scope
   --> tests/integration/serde.rs:149:39
    |
149 |     assert_de_tokens_error::<Readable<PrimitiveDateTime>>(
    |                                       ^^^^^^^^^^^^^^^^^ not found in this scope
    |
help: consider importing one of these items
    |
1   | use crate::rand::PrimitiveDateTime;
    |
1   | use time::PrimitiveDateTime;
    |

error[E0412]: cannot find type `PrimitiveDateTime` in this scope
   --> tests/integration/serde.rs:153:38
    |
153 |     assert_de_tokens_error::<Compact<PrimitiveDateTime>>(
    |                                      ^^^^^^^^^^^^^^^^^ not found in this scope
    |
help: consider importing one of these items
    |
1   | use crate::rand::PrimitiveDateTime;
    |
1   | use time::PrimitiveDateTime;
    |

error[E0412]: cannot find type `PrimitiveDateTime` in this scope
   --> tests/integration/serde.rs:157:38
    |
157 |     assert_de_tokens_error::<Compact<PrimitiveDateTime>>(
    |                                      ^^^^^^^^^^^^^^^^^ not found in this scope
    |
help: consider importing one of these items
    |
1   | use crate::rand::PrimitiveDateTime;
    |
1   | use time::PrimitiveDateTime;
    |

error[E0412]: cannot find type `PrimitiveDateTime` in this scope
   --> tests/integration/serde.rs:170:38
    |
170 |     assert_de_tokens_error::<Compact<PrimitiveDateTime>>(
    |                                      ^^^^^^^^^^^^^^^^^ not found in this scope
    |
help: consider importing one of these items
    |
1   | use crate::rand::PrimitiveDateTime;
    |
1   | use time::PrimitiveDateTime;
    |

error[E0412]: cannot find type `OffsetDateTime` in this scope
   --> tests/integration/serde.rs:238:39
    |
238 |     assert_de_tokens_error::<Readable<OffsetDateTime>>(
    |                                       ^^^^^^^^^^^^^^ not found in this scope
    |
help: consider importing one of these items
    |
1   | use crate::utc_offset::OffsetDateTime;
    |
1   | use time::OffsetDateTime;
    |

error[E0412]: cannot find type `OffsetDateTime` in this scope
   --> tests/integration/serde.rs:242:38
    |
242 |     assert_de_tokens_error::<Compact<OffsetDateTime>>(
    |                                      ^^^^^^^^^^^^^^ not found in this scope
    |
help: consider importing one of these items
    |
1   | use crate::utc_offset::OffsetDateTime;
    |
1   | use time::OffsetDateTime;
    |

error[E0412]: cannot find type `OffsetDateTime` in this scope
   --> tests/integration/serde.rs:246:38
    |
246 |     assert_de_tokens_error::<Compact<OffsetDateTime>>(
    |                                      ^^^^^^^^^^^^^^ not found in this scope
    |
help: consider importing one of these items
    |
1   | use crate::utc_offset::OffsetDateTime;
    |
1   | use time::OffsetDateTime;
    |

error[E0412]: cannot find type `OffsetDateTime` in this scope
   --> tests/integration/serde.rs:262:38
    |
262 |     assert_de_tokens_error::<Compact<OffsetDateTime>>(
    |                                      ^^^^^^^^^^^^^^ not found in this scope
    |
help: consider importing one of these items
    |
1   | use crate::utc_offset::OffsetDateTime;
    |
1   | use time::OffsetDateTime;
    |

error[E0412]: cannot find type `OffsetDateTime` in this scope
   --> tests/integration/serde.rs:278:38
    |
278 |     assert_de_tokens_error::<Compact<OffsetDateTime>>(
    |                                      ^^^^^^^^^^^^^^ not found in this scope
    |
help: consider importing one of these items
    |
1   | use crate::utc_offset::OffsetDateTime;
    |
1   | use time::OffsetDateTime;
    |

error[E0412]: cannot find type `UtcOffset` in this scope
   --> tests/integration/serde.rs:327:39
    |
327 |     assert_de_tokens_error::<Readable<UtcOffset>>(
    |                                       ^^^^^^^^^ not found in this scope
    |
help: consider importing one of these items
    |
1   | use crate::utc_offset::UtcOffset;
    |
1   | use time::UtcOffset;
    |

error[E0412]: cannot find type `UtcOffset` in this scope
   --> tests/integration/serde.rs:331:38
    |
331 |     assert_de_tokens_error::<Compact<UtcOffset>>(
    |                                      ^^^^^^^^^ not found in this scope
    |
help: consider importing one of these items
    |
1   | use crate::utc_offset::UtcOffset;
    |
1   | use time::UtcOffset;
    |

error[E0412]: cannot find type `UtcOffset` in this scope
   --> tests/integration/serde.rs:335:38
    |
335 |     assert_de_tokens_error::<Compact<UtcOffset>>(
    |                                      ^^^^^^^^^ not found in this scope
    |
help: consider importing one of these items
    |
1   | use crate::utc_offset::UtcOffset;
    |
1   | use time::UtcOffset;
    |

error[E0412]: cannot find type `Duration` in this scope
   --> tests/integration/serde.rs:380:39
    |
380 |     assert_de_tokens_error::<Readable<Duration>>(
    |                                       ^^^^^^^^ not found in this scope
    |
help: consider importing one of these items
    |
1   | use core::time::Duration;
    |
1   | use crate::ext::numerical_std_duration::Duration;
    |
1   | use crate::rand::Duration;
    |
1   | use std::time::Duration;
    |
      and 1 other candidate

error[E0412]: cannot find type `Duration` in this scope
   --> tests/integration/serde.rs:384:39
    |
384 |     assert_de_tokens_error::<Readable<Duration>>(
    |                                       ^^^^^^^^ not found in this scope
    |
help: consider importing one of these items
    |
1   | use core::time::Duration;
    |
1   | use crate::ext::numerical_std_duration::Duration;
    |
1   | use crate::rand::Duration;
    |
1   | use std::time::Duration;
    |
      and 1 other candidate

error[E0412]: cannot find type `Duration` in this scope
   --> tests/integration/serde.rs:388:39
    |
388 |     assert_de_tokens_error::<Readable<Duration>>(
    |                                       ^^^^^^^^ not found in this scope
    |
help: consider importing one of these items
    |
1   | use core::time::Duration;
    |
1   | use crate::ext::numerical_std_duration::Duration;
    |
1   | use crate::rand::Duration;
    |
1   | use std::time::Duration;
    |
      and 1 other candidate

error[E0412]: cannot find type `Duration` in this scope
   --> tests/integration/serde.rs:392:39
    |
392 |     assert_de_tokens_error::<Readable<Duration>>(
    |                                       ^^^^^^^^ not found in this scope
    |
help: consider importing one of these items
    |
1   | use core::time::Duration;
    |
1   | use crate::ext::numerical_std_duration::Duration;
    |
1   | use crate::rand::Duration;
    |
1   | use std::time::Duration;
    |
      and 1 other candidate

error[E0412]: cannot find type `Duration` in this scope
   --> tests/integration/serde.rs:396:38
    |
396 |     assert_de_tokens_error::<Compact<Duration>>(
    |                                      ^^^^^^^^ not found in this scope
    |
help: consider importing one of these items
    |
1   | use core::time::Duration;
    |
1   | use crate::ext::numerical_std_duration::Duration;
    |
1   | use crate::rand::Duration;
    |
1   | use std::time::Duration;
    |
      and 1 other candidate

error[E0412]: cannot find type `Weekday` in this scope
   --> tests/integration/serde.rs:411:38
    |
411 |     assert_de_tokens_error::<Compact<Weekday>>(
    |                                      ^^^^^^^ not found in this scope
    |
help: consider importing one of these items
    |
1   | use crate::rand::Weekday;
    |
1   | use time::Weekday;
    |

error[E0412]: cannot find type `Weekday` in this scope
   --> tests/integration/serde.rs:435:39
    |
435 |     assert_de_tokens_error::<Readable<Weekday>>(
    |                                       ^^^^^^^ not found in this scope
    |
help: consider importing one of these items
    |
1   | use crate::rand::Weekday;
    |
1   | use time::Weekday;
    |

error[E0412]: cannot find type `Weekday` in this scope
   --> tests/integration/serde.rs:439:39
    |
439 |     assert_de_tokens_error::<Readable<Weekday>>(
    |                                       ^^^^^^^ not found in this scope
    |
help: consider importing one of these items
    |
1   | use crate::rand::Weekday;
    |
1   | use time::Weekday;
    |

error[E0412]: cannot find type `Weekday` in this scope
   --> tests/integration/serde.rs:443:38
    |
443 |     assert_de_tokens_error::<Compact<Weekday>>(
    |                                      ^^^^^^^ not found in this scope
    |
help: consider importing one of these items
    |
1   | use crate::rand::Weekday;
    |
1   | use time::Weekday;
    |

error[E0425]: cannot find value `January` in this scope
   --> tests/integration/serde.rs:452:20
    |
452 |     assert_tokens(&January.compact(), &[Token::U8(1)]);
    |                    ^^^^^^^ not found in this scope
    |
help: consider importing this unit variant
    |
1   | use time::Month::January;
    |

error[E0425]: cannot find value `February` in this scope
   --> tests/integration/serde.rs:453:20
    |
453 |     assert_tokens(&February.compact(), &[Token::U8(2)]);
    |                    ^^^^^^^^ not found in this scope
    |
help: consider importing this unit variant
    |
1   | use time::Month::February;
    |

error[E0425]: cannot find value `March` in this scope
   --> tests/integration/serde.rs:454:20
    |
454 |     assert_tokens(&March.compact(), &[Token::U8(3)]);
    |                    ^^^^^ not found in this scope
    |
help: consider importing this unit variant
    |
1   | use time::Month::March;
    |

error[E0425]: cannot find value `April` in this scope
   --> tests/integration/serde.rs:455:20
    |
455 |     assert_tokens(&April.compact(), &[Token::U8(4)]);
    |                    ^^^^^ not found in this scope
    |
help: consider importing this unit variant
    |
1   | use time::Month::April;
    |

error[E0425]: cannot find value `May` in this scope
   --> tests/integration/serde.rs:456:20
    |
456 |     assert_tokens(&May.compact(), &[Token::U8(5)]);
    |                    ^^^ not found in this scope
    |
help: consider importing this unit variant
    |
1   | use time::Month::May;
    |

error[E0425]: cannot find value `June` in this scope
   --> tests/integration/serde.rs:457:20
    |
457 |     assert_tokens(&June.compact(), &[Token::U8(6)]);
    |                    ^^^^ not found in this scope
    |
help: consider importing this unit variant
    |
1   | use time::Month::June;
    |

error[E0425]: cannot find value `July` in this scope
   --> tests/integration/serde.rs:458:20
    |
458 |     assert_tokens(&July.compact(), &[Token::U8(7)]);
    |                    ^^^^ not found in this scope
    |
help: consider importing this unit variant
    |
1   | use time::Month::July;
    |

error[E0425]: cannot find value `August` in this scope
   --> tests/integration/serde.rs:459:20
    |
459 |     assert_tokens(&August.compact(), &[Token::U8(8)]);
    |                    ^^^^^^ not found in this scope
    |
help: consider importing this unit variant
    |
1   | use time::Month::August;
    |

error[E0425]: cannot find value `September` in this scope
   --> tests/integration/serde.rs:460:20
    |
460 |     assert_tokens(&September.compact(), &[Token::U8(9)]);
    |                    ^^^^^^^^^ not found in this scope
    |
help: consider importing this unit variant
    |
1   | use time::Month::September;
    |

error[E0425]: cannot find value `October` in this scope
   --> tests/integration/serde.rs:461:20
    |
461 |     assert_tokens(&October.compact(), &[Token::U8(10)]);
    |                    ^^^^^^^ not found in this scope
    |
help: consider importing this unit variant
    |
1   | use time::Month::October;
    |

error[E0425]: cannot find value `November` in this scope
   --> tests/integration/serde.rs:462:20
    |
462 |     assert_tokens(&November.compact(), &[Token::U8(11)]);
    |                    ^^^^^^^^ not found in this scope
    |
help: consider importing this unit variant
    |
1   | use time::Month::November;
    |

error[E0425]: cannot find value `December` in this scope
   --> tests/integration/serde.rs:463:20
    |
463 |     assert_tokens(&December.compact(), &[Token::U8(12)]);
    |                    ^^^^^^^^ not found in this scope
    |
help: consider importing this unit variant
    |
1   | use time::Month::December;
    |

error[E0412]: cannot find type `Month` in this scope
   --> tests/integration/serde.rs:464:38
    |
464 |     assert_de_tokens_error::<Compact<Month>>(
    |                                      ^^^^^ not found in this scope
    |
help: consider importing one of these items
    |
1   | use crate::util::Month;
    |
1   | use time::Month;
    |

error[E0425]: cannot find value `January` in this scope
   --> tests/integration/serde.rs:469:20
    |
469 |     assert_tokens(&January.readable(), &[Token::BorrowedStr("January")]);
    |                    ^^^^^^^ not found in this scope
    |
help: consider importing this unit variant
    |
1   | use time::Month::January;
    |

error[E0425]: cannot find value `February` in this scope
   --> tests/integration/serde.rs:470:20
    |
470 |     assert_tokens(&February.readable(), &[Token::BorrowedStr("February")]);
    |                    ^^^^^^^^ not found in this scope
    |
help: consider importing this unit variant
    |
1   | use time::Month::February;
    |

error[E0425]: cannot find value `March` in this scope
   --> tests/integration/serde.rs:471:20
    |
471 |     assert_tokens(&March.readable(), &[Token::BorrowedStr("March")]);
    |                    ^^^^^ not found in this scope
    |
help: consider importing this unit variant
    |
1   | use time::Month::March;
    |

error[E0425]: cannot find value `April` in this scope
   --> tests/integration/serde.rs:472:20
    |
472 |     assert_tokens(&April.readable(), &[Token::BorrowedStr("April")]);
    |                    ^^^^^ not found in this scope
    |
help: consider importing this unit variant
    |
1   | use time::Month::April;
    |

error[E0425]: cannot find value `May` in this scope
   --> tests/integration/serde.rs:473:20
    |
473 |     assert_tokens(&May.readable(), &[Token::BorrowedStr("May")]);
    |                    ^^^ not found in this scope
    |
help: consider importing this unit variant
    |
1   | use time::Month::May;
    |

error[E0425]: cannot find value `June` in this scope
   --> tests/integration/serde.rs:474:20
    |
474 |     assert_tokens(&June.readable(), &[Token::BorrowedStr("June")]);
    |                    ^^^^ not found in this scope
    |
help: consider importing this unit variant
    |
1   | use time::Month::June;
    |

error[E0425]: cannot find value `July` in this scope
   --> tests/integration/serde.rs:475:20
    |
475 |     assert_tokens(&July.readable(), &[Token::BorrowedStr("July")]);
    |                    ^^^^ not found in this scope
    |
help: consider importing this unit variant
    |
1   | use time::Month::July;
    |

error[E0425]: cannot find value `August` in this scope
   --> tests/integration/serde.rs:476:20
    |
476 |     assert_tokens(&August.readable(), &[Token::BorrowedStr("August")]);
    |                    ^^^^^^ not found in this scope
    |
help: consider importing this unit variant
    |
1   | use time::Month::August;
    |

error[E0425]: cannot find value `September` in this scope
   --> tests/integration/serde.rs:477:20
    |
477 |     assert_tokens(&September.readable(), &[Token::BorrowedStr("September")]);
    |                    ^^^^^^^^^ not found in this scope
    |
help: consider importing this unit variant
    |
1   | use time::Month::September;
    |

error[E0425]: cannot find value `October` in this scope
   --> tests/integration/serde.rs:478:20
    |
478 |     assert_tokens(&October.readable(), &[Token::BorrowedStr("October")]);
    |                    ^^^^^^^ not found in this scope
    |
help: consider importing this unit variant
    |
1   | use time::Month::October;
    |

error[E0425]: cannot find value `November` in this scope
   --> tests/integration/serde.rs:479:20
    |
479 |     assert_tokens(&November.readable(), &[Token::BorrowedStr("November")]);
    |                    ^^^^^^^^ not found in this scope
    |
help: consider importing this unit variant
    |
1   | use time::Month::November;
    |

error[E0425]: cannot find value `December` in this scope
   --> tests/integration/serde.rs:480:20
    |
480 |     assert_tokens(&December.readable(), &[Token::BorrowedStr("December")]);
    |                    ^^^^^^^^ not found in this scope
    |
help: consider importing this unit variant
    |
1   | use time::Month::December;
    |

error[E0412]: cannot find type `Month` in this scope
   --> tests/integration/serde.rs:481:39
    |
481 |     assert_de_tokens_error::<Readable<Month>>(
    |                                       ^^^^^ not found in this scope
    |
help: consider importing one of these items
    |
1   | use crate::util::Month;
    |
1   | use time::Month;
    |

error[E0412]: cannot find type `Month` in this scope
   --> tests/integration/serde.rs:485:39
    |
485 |     assert_de_tokens_error::<Readable<Month>>(
    |                                       ^^^^^ not found in this scope
    |
help: consider importing one of these items
    |
1   | use crate::util::Month;
    |
1   | use time::Month;
    |

error[E0412]: cannot find type `Month` in this scope
   --> tests/integration/serde.rs:489:38
    |
489 |     assert_de_tokens_error::<Compact<Month>>(
    |                                      ^^^^^ not found in this scope
    |
help: consider importing one of these items
    |
1   | use crate::util::Month;
    |
1   | use time::Month;
    |

error[E0433]: failed to resolve: use of undeclared type `Time`
 --> tests/integration/time.rs:7:16
  |
7 |     let time = Time::from_hms(1, 2, 3)?;
  |                ^^^^ not found in this scope
  |
help: consider importing one of these items
  |
1 | use crate::rand::Time;
  |
1 | use time::Time;
  |

error[E0433]: failed to resolve: use of undeclared type `Time`
  --> tests/integration/time.rs:13:13
   |
13 |     assert!(Time::from_hms(24, 0, 0).is_err());
   |             ^^^^ not found in this scope
   |
help: consider importing one of these items
   |
1  | use crate::rand::Time;
   |
1  | use time::Time;
   |

error[E0433]: failed to resolve: use of undeclared type `Time`
  --> tests/integration/time.rs:14:13
   |
14 |     assert!(Time::from_hms(0, 60, 0).is_err());
   |             ^^^^ not found in this scope
   |
help: consider importing one of these items
   |
1  | use crate::rand::Time;
   |
1  | use time::Time;
   |

error[E0433]: failed to resolve: use of undeclared type `Time`
  --> tests/integration/time.rs:15:13
   |
15 |     assert!(Time::from_hms(0, 0, 60).is_err());
   |             ^^^^ not found in this scope
   |
help: consider importing one of these items
   |
1  | use crate::rand::Time;
   |
1  | use time::Time;
   |

error[E0433]: failed to resolve: use of undeclared type `Time`
  --> tests/integration/time.rs:21:16
   |
21 |     let time = Time::from_hms_milli(1, 2, 3, 4)?;
   |                ^^^^ not found in this scope
   |
help: consider importing one of these items
   |
1  | use crate::rand::Time;
   |
1  | use time::Time;
   |

error[E0433]: failed to resolve: use of undeclared type `Time`
  --> tests/integration/time.rs:28:13
   |
28 |     assert!(Time::from_hms_milli(24, 0, 0, 0).is_err());
   |             ^^^^ not found in this scope
   |
help: consider importing one of these items
   |
1  | use crate::rand::Time;
   |
1  | use time::Time;
   |

error[E0433]: failed to resolve: use of undeclared type `Time`
  --> tests/integration/time.rs:29:13
   |
29 |     assert!(Time::from_hms_milli(0, 60, 0, 0).is_err());
   |             ^^^^ not found in this scope
   |
help: consider importing one of these items
   |
1  | use crate::rand::Time;
   |
1  | use time::Time;
   |

error[E0433]: failed to resolve: use of undeclared type `Time`
  --> tests/integration/time.rs:30:13
   |
30 |     assert!(Time::from_hms_milli(0, 0, 60, 0).is_err());
   |             ^^^^ not found in this scope
   |
help: consider importing one of these items
   |
1  | use crate::rand::Time;
   |
1  | use time::Time;
   |

error[E0433]: failed to resolve: use of undeclared type `Time`
  --> tests/integration/time.rs:31:13
   |
31 |     assert!(Time::from_hms_milli(0, 0, 0, 1_000).is_err());
   |             ^^^^ not found in this scope
   |
help: consider importing one of these items
   |
1  | use crate::rand::Time;
   |
1  | use time::Time;
   |

error[E0433]: failed to resolve: use of undeclared type `Time`
  --> tests/integration/time.rs:37:16
   |
37 |     let time = Time::from_hms_micro(1, 2, 3, 4)?;
   |                ^^^^ not found in this scope
   |
help: consider importing one of these items
   |
1  | use crate::rand::Time;
   |
1  | use time::Time;
   |

error[E0433]: failed to resolve: use of undeclared type `Time`
  --> tests/integration/time.rs:44:13
   |
44 |     assert!(Time::from_hms_micro(24, 0, 0, 0).is_err());
   |             ^^^^ not found in this scope
   |
help: consider importing one of these items
   |
1  | use crate::rand::Time;
   |
1  | use time::Time;
   |

error[E0433]: failed to resolve: use of undeclared type `Time`
  --> tests/integration/time.rs:45:13
   |
45 |     assert!(Time::from_hms_micro(0, 60, 0, 0).is_err());
   |             ^^^^ not found in this scope
   |
help: consider importing one of these items
   |
1  | use crate::rand::Time;
   |
1  | use time::Time;
   |

error[E0433]: failed to resolve: use of undeclared type `Time`
  --> tests/integration/time.rs:46:13
   |
46 |     assert!(Time::from_hms_micro(0, 0, 60, 0).is_err());
   |             ^^^^ not found in this scope
   |
help: consider importing one of these items
   |
1  | use crate::rand::Time;
   |
1  | use time::Time;
   |

error[E0433]: failed to resolve: use of undeclared type `Time`
  --> tests/integration/time.rs:47:13
   |
47 |     assert!(Time::from_hms_micro(0, 0, 0, 1_000_000).is_err());
   |             ^^^^ not found in this scope
   |
help: consider importing one of these items
   |
1  | use crate::rand::Time;
   |
1  | use time::Time;
   |

error[E0433]: failed to resolve: use of undeclared type `Time`
  --> tests/integration/time.rs:53:16
   |
53 |     let time = Time::from_hms_nano(1, 2, 3, 4)?;
   |                ^^^^ not found in this scope
   |
help: consider importing one of these items
   |
1  | use crate::rand::Time;
   |
1  | use time::Time;
   |

error[E0433]: failed to resolve: use of undeclared type `Time`
  --> tests/integration/time.rs:59:13
   |
59 |     assert!(Time::from_hms_nano(24, 0, 0, 0).is_err());
   |             ^^^^ not found in this scope
   |
help: consider importing one of these items
   |
1  | use crate::rand::Time;
   |
1  | use time::Time;
   |

error[E0433]: failed to resolve: use of undeclared type `Time`
  --> tests/integration/time.rs:60:13
   |
60 |     assert!(Time::from_hms_nano(0, 60, 0, 0).is_err());
   |             ^^^^ not found in this scope
   |
help: consider importing one of these items
   |
1  | use crate::rand::Time;
   |
1  | use time::Time;
   |

error[E0433]: failed to resolve: use of undeclared type `Time`
  --> tests/integration/time.rs:61:13
   |
61 |     assert!(Time::from_hms_nano(0, 0, 60, 0).is_err());
   |             ^^^^ not found in this scope
   |
help: consider importing one of these items
   |
1  | use crate::rand::Time;
   |
1  | use time::Time;
   |

error[E0433]: failed to resolve: use of undeclared type `Time`
  --> tests/integration/time.rs:62:13
   |
62 |     assert!(Time::from_hms_nano(0, 0, 0, 1_000_000_000).is_err());
   |             ^^^^ not found in this scope
   |
help: consider importing one of these items
   |
1  | use crate::rand::Time;
   |
1  | use time::Time;
   |

error[E0433]: failed to resolve: use of undeclared type `Time`
  --> tests/integration/time.rs:92:20
   |
92 |         assert_eq!(Time::from_hms(hour, 0, 0)?.hour(), hour);
   |                    ^^^^ not found in this scope
   |
help: consider importing one of these items
   |
1  | use crate::rand::Time;
   |
1  | use time::Time;
   |

error[E0433]: failed to resolve: use of undeclared type `Time`
  --> tests/integration/time.rs:93:20
   |
93 |         assert_eq!(Time::from_hms(hour, 59, 59)?.hour(), hour);
   |                    ^^^^ not found in this scope
   |
help: consider importing one of these items
   |
1  | use crate::rand::Time;
   |
1  | use time::Time;
   |

error[E0433]: failed to resolve: use of undeclared type `Time`
   --> tests/integration/time.rs:101:20
    |
101 |         assert_eq!(Time::from_hms(0, minute, 0)?.minute(), minute);
    |                    ^^^^ not found in this scope
    |
help: consider importing one of these items
    |
1   | use crate::rand::Time;
    |
1   | use time::Time;
    |

error[E0433]: failed to resolve: use of undeclared type `Time`
   --> tests/integration/time.rs:102:20
    |
102 |         assert_eq!(Time::from_hms(23, minute, 59)?.minute(), minute);
    |                    ^^^^ not found in this scope
    |
help: consider importing one of these items
    |
1   | use crate::rand::Time;
    |
1   | use time::Time;
    |

error[E0433]: failed to resolve: use of undeclared type `Time`
   --> tests/integration/time.rs:110:20
    |
110 |         assert_eq!(Time::from_hms(0, 0, second)?.second(), second);
    |                    ^^^^ not found in this scope
    |
help: consider importing one of these items
    |
1   | use crate::rand::Time;
    |
1   | use time::Time;
    |

error[E0433]: failed to resolve: use of undeclared type `Time`
   --> tests/integration/time.rs:111:20
    |
111 |         assert_eq!(Time::from_hms(23, 59, second)?.second(), second);
    |                    ^^^^ not found in this scope
    |
help: consider importing one of these items
    |
1   | use crate::rand::Time;
    |
1   | use time::Time;
    |

error[E0433]: failed to resolve: use of undeclared type `Time`
   --> tests/integration/time.rs:119:20
    |
119 |         assert_eq!(Time::from_hms_milli(0, 0, 0, milli)?.millisecond(), milli);
    |                    ^^^^ not found in this scope
    |
help: consider importing one of these items
    |
1   | use crate::rand::Time;
    |
1   | use time::Time;
    |

error[E0433]: failed to resolve: use of undeclared type `Time`
   --> tests/integration/time.rs:121:13
    |
121 |             Time::from_hms_milli(23, 59, 59, milli)?.millisecond(),
    |             ^^^^ not found in this scope
    |
help: consider importing one of these items
    |
1   | use crate::rand::Time;
    |
1   | use time::Time;
    |

error[E0433]: failed to resolve: use of undeclared type `Time`
   --> tests/integration/time.rs:131:20
    |
131 |         assert_eq!(Time::from_hms_micro(0, 0, 0, micro)?.microsecond(), micro);
    |                    ^^^^ not found in this scope
    |
help: consider importing one of these items
    |
1   | use crate::rand::Time;
    |
1   | use time::Time;
    |

error[E0433]: failed to resolve: use of undeclared type `Time`
   --> tests/integration/time.rs:133:13
    |
133 |             Time::from_hms_micro(23, 59, 59, micro)?.microsecond(),
    |             ^^^^ not found in this scope
    |
help: consider importing one of these items
    |
1   | use crate::rand::Time;
    |
1   | use time::Time;
    |

error[E0433]: failed to resolve: use of undeclared type `Time`
   --> tests/integration/time.rs:143:20
    |
143 |         assert_eq!(Time::from_hms_nano(0, 0, 0, nano)?.nanosecond(), nano);
    |                    ^^^^ not found in this scope
    |
help: consider importing one of these items
    |
1   | use crate::rand::Time;
    |
1   | use time::Time;
    |

error[E0433]: failed to resolve: use of undeclared type `Time`
   --> tests/integration/time.rs:144:20
    |
144 |         assert_eq!(Time::from_hms_nano(23, 59, 59, nano)?.nanosecond(), nano);
    |                    ^^^^ not found in this scope
    |
help: consider importing one of these items
    |
1   | use crate::rand::Time;
    |
1   | use time::Time;
    |

error[E0659]: `time` is ambiguous (name vs any other name during import resolution)
 --> tests/integration/date.rs:5:5
  |
5 | use time::ext::{NumericalDuration, NumericalStdDuration};
  |     ^^^^ ambiguous name
  |
  = note: `time` could refer to a crate passed with `--extern`
  = help: use `::time` to refer to this crate unambiguously
note: `time` could also refer to the unresolved item imported here
 --> tests/integration/date.rs:6:36
  |
6 | use time::macros::{date, datetime, time};
  |                                    ^^^^
  = help: use `self::time` to refer to this unresolved item unambiguously

error[E0659]: `time` is ambiguous (name vs any other name during import resolution)
 --> tests/integration/date.rs:6:5
  |
6 | use time::macros::{date, datetime, time};
  |     ^^^^ ambiguous name
  |
  = note: `time` could refer to a crate passed with `--extern`
  = help: use `::time` to refer to this crate unambiguously
note: `time` could also refer to the unresolved item imported here
 --> tests/integration/date.rs:6:36
  |
6 | use time::macros::{date, datetime, time};
  |                                    ^^^^
  = help: use `self::time` to refer to this unresolved item unambiguously

error[E0659]: `time` is ambiguous (name vs any other name during import resolution)
 --> tests/integration/date.rs:7:5
  |
7 | use time::{util, Date, Month, Weekday};
  |     ^^^^ ambiguous name
  |
  = note: `time` could refer to a crate passed with `--extern`
  = help: use `::time` to refer to this crate unambiguously
note: `time` could also refer to the unresolved item imported here
 --> tests/integration/date.rs:6:36
  |
6 | use time::macros::{date, datetime, time};
  |                                    ^^^^
  = help: use `self::time` to refer to this unresolved item unambiguously

error[E0659]: `time` is ambiguous (name vs any other name during import resolution)
  --> tests/integration/derives.rs:5:5
   |
5  | use time::error::{
   |     ^^^^ ambiguous name
   |
   = note: `time` could refer to a crate passed with `--extern`
   = help: use `::time` to refer to this crate unambiguously
note: `time` could also refer to the unresolved item imported here
  --> tests/integration/derives.rs:10:34
   |
10 | use time::macros::{date, offset, time};
   |                                  ^^^^
   = help: use `self::time` to refer to this unresolved item unambiguously

error[E0659]: `time` is ambiguous (name vs any other name during import resolution)
  --> tests/integration/derives.rs:8:5
   |
8  | use time::ext::NumericalDuration;
   |     ^^^^ ambiguous name
   |
   = note: `time` could refer to a crate passed with `--extern`
   = help: use `::time` to refer to this crate unambiguously
note: `time` could also refer to the unresolved item imported here
  --> tests/integration/derives.rs:10:34
   |
10 | use time::macros::{date, offset, time};
   |                                  ^^^^
   = help: use `self::time` to refer to this unresolved item unambiguously

error[E0659]: `time` is ambiguous (name vs any other name during import resolution)
  --> tests/integration/derives.rs:9:5
   |
9  | use time::format_description::{modifier, well_known, Component};
   |     ^^^^ ambiguous name
   |
   = note: `time` could refer to a crate passed with `--extern`
   = help: use `::time` to refer to this crate unambiguously
note: `time` could also refer to the unresolved item imported here
  --> tests/integration/derives.rs:10:34
   |
10 | use time::macros::{date, offset, time};
   |                                  ^^^^
   = help: use `self::time` to refer to this unresolved item unambiguously

error[E0659]: `time` is ambiguous (name vs any other name during import resolution)
  --> tests/integration/derives.rs:10:5
   |
10 | use time::macros::{date, offset, time};
   |     ^^^^ ambiguous name
   |
   = note: `time` could refer to a crate passed with `--extern`
   = help: use `::time` to refer to this crate unambiguously
note: `time` could also refer to the unresolved item imported here
  --> tests/integration/derives.rs:10:34
   |
10 | use time::macros::{date, offset, time};
   |                                  ^^^^
   = help: use `self::time` to refer to this unresolved item unambiguously

error[E0659]: `time` is ambiguous (name vs any other name during import resolution)
  --> tests/integration/derives.rs:11:5
   |
11 | use time::parsing::Parsed;
   |     ^^^^ ambiguous name
   |
   = note: `time` could refer to a crate passed with `--extern`
   = help: use `::time` to refer to this crate unambiguously
note: `time` could also refer to the unresolved item imported here
  --> tests/integration/derives.rs:10:34
   |
10 | use time::macros::{date, offset, time};
   |                                  ^^^^
   = help: use `self::time` to refer to this unresolved item unambiguously

error[E0659]: `time` is ambiguous (name vs any other name during import resolution)
  --> tests/integration/derives.rs:12:5
   |
12 | use time::{Duration, Instant, Month, Time, Weekday};
   |     ^^^^ ambiguous name
   |
   = note: `time` could refer to a crate passed with `--extern`
   = help: use `::time` to refer to this crate unambiguously
note: `time` could also refer to the unresolved item imported here
  --> tests/integration/derives.rs:10:34
   |
10 | use time::macros::{date, offset, time};
   |                                  ^^^^
   = help: use `self::time` to refer to this unresolved item unambiguously

error[E0659]: `time` is ambiguous (name vs any other name during import resolution)
 --> tests/integration/formatting.rs:3:5
  |
3 | use time::format_description::well_known::Rfc3339;
  |     ^^^^ ambiguous name
  |
  = note: `time` could refer to a crate passed with `--extern`
  = help: use `::time` to refer to this crate unambiguously
note: `time` could also refer to the unresolved item imported here
 --> tests/integration/formatting.rs:4:70
  |
4 | use time::macros::{date, datetime, format_description as fd, offset, time};
  |                                                                      ^^^^
  = help: use `self::time` to refer to this unresolved item unambiguously

error[E0659]: `time` is ambiguous (name vs any other name during import resolution)
 --> tests/integration/formatting.rs:4:5
  |
4 | use time::macros::{date, datetime, format_description as fd, offset, time};
  |     ^^^^ ambiguous name
  |
  = note: `time` could refer to a crate passed with `--extern`
  = help: use `::time` to refer to this crate unambiguously
note: `time` could also refer to the unresolved item imported here
 --> tests/integration/formatting.rs:4:70
  |
4 | use time::macros::{date, datetime, format_description as fd, offset, time};
  |                                                                      ^^^^
  = help: use `self::time` to refer to this unresolved item unambiguously

error[E0659]: `time` is ambiguous (name vs any other name during import resolution)
 --> tests/integration/formatting.rs:5:5
  |
5 | use time::{format_description, Time};
  |     ^^^^ ambiguous name
  |
  = note: `time` could refer to a crate passed with `--extern`
  = help: use `::time` to refer to this crate unambiguously
note: `time` could also refer to the unresolved item imported here
 --> tests/integration/formatting.rs:4:70
  |
4 | use time::macros::{date, datetime, format_description as fd, offset, time};
  |                                                                      ^^^^
  = help: use `self::time` to refer to this unresolved item unambiguously

error[E0659]: `time` is ambiguous (name vs any other name during import resolution)
 --> tests/integration/offset_date_time.rs:4:5
  |
4 | use time::ext::{NumericalDuration, NumericalStdDuration};
  |     ^^^^ ambiguous name
  |
  = note: `time` could refer to a crate passed with `--extern`
  = help: use `::time` to refer to this crate unambiguously
note: `time` could also refer to the unresolved item imported here
 --> tests/integration/offset_date_time.rs:5:44
  |
5 | use time::macros::{date, datetime, offset, time};
  |                                            ^^^^
  = help: use `self::time` to refer to this unresolved item unambiguously

error[E0659]: `time` is ambiguous (name vs any other name during import resolution)
 --> tests/integration/offset_date_time.rs:5:5
  |
5 | use time::macros::{date, datetime, offset, time};
  |     ^^^^ ambiguous name
  |
  = note: `time` could refer to a crate passed with `--extern`
  = help: use `::time` to refer to this crate unambiguously
note: `time` could also refer to the unresolved item imported here
 --> tests/integration/offset_date_time.rs:5:44
  |
5 | use time::macros::{date, datetime, offset, time};
  |                                            ^^^^
  = help: use `self::time` to refer to this unresolved item unambiguously

error[E0659]: `time` is ambiguous (name vs any other name during import resolution)
 --> tests/integration/offset_date_time.rs:6:5
  |
6 | use time::{Date, Duration, Month, OffsetDateTime, Weekday};
  |     ^^^^ ambiguous name
  |
  = note: `time` could refer to a crate passed with `--extern`
  = help: use `::time` to refer to this crate unambiguously
note: `time` could also refer to the unresolved item imported here
 --> tests/integration/offset_date_time.rs:5:44
  |
5 | use time::macros::{date, datetime, offset, time};
  |                                            ^^^^
  = help: use `self::time` to refer to this unresolved item unambiguously

error[E0659]: `time` is ambiguous (name vs any other name during import resolution)
 --> tests/integration/parsing.rs:3:5
  |
3 | use time::format_description::well_known::Rfc3339;
  |     ^^^^ ambiguous name
  |
  = note: `time` could refer to a crate passed with `--extern`
  = help: use `::time` to refer to this crate unambiguously
note: `time` could also refer to the unresolved item imported here
 --> tests/integration/parsing.rs:5:36
  |
5 | use time::macros::{date, datetime, time};
  |                                    ^^^^
  = help: use `self::time` to refer to this unresolved item unambiguously

error[E0659]: `time` is ambiguous (name vs any other name during import resolution)
 --> tests/integration/parsing.rs:4:5
  |
4 | use time::format_description::{modifier, Component};
  |     ^^^^ ambiguous name
  |
  = note: `time` could refer to a crate passed with `--extern`
  = help: use `::time` to refer to this crate unambiguously
note: `time` could also refer to the unresolved item imported here
 --> tests/integration/parsing.rs:5:36
  |
5 | use time::macros::{date, datetime, time};
  |                                    ^^^^
  = help: use `self::time` to refer to this unresolved item unambiguously

error[E0659]: `time` is ambiguous (name vs any other name during import resolution)
 --> tests/integration/parsing.rs:5:5
  |
5 | use time::macros::{date, datetime, time};
  |     ^^^^ ambiguous name
  |
  = note: `time` could refer to a crate passed with `--extern`
  = help: use `::time` to refer to this crate unambiguously
note: `time` could also refer to the unresolved item imported here
 --> tests/integration/parsing.rs:5:36
  |
5 | use time::macros::{date, datetime, time};
  |                                    ^^^^
  = help: use `self::time` to refer to this unresolved item unambiguously

error[E0659]: `time` is ambiguous (name vs any other name during import resolution)
 --> tests/integration/parsing.rs:6:5
  |
6 | use time::parsing::Parsed;
  |     ^^^^ ambiguous name
  |
  = note: `time` could refer to a crate passed with `--extern`
  = help: use `::time` to refer to this crate unambiguously
note: `time` could also refer to the unresolved item imported here
 --> tests/integration/parsing.rs:5:36
  |
5 | use time::macros::{date, datetime, time};
  |                                    ^^^^
  = help: use `self::time` to refer to this unresolved item unambiguously

error[E0659]: `time` is ambiguous (name vs any other name during import resolution)
 --> tests/integration/parsing.rs:7:5
  |
7 | use time::{format_description as fd, Date, Month, OffsetDateTime, Time, UtcOffset, Weekday};
  |     ^^^^ ambiguous name
  |
  = note: `time` could refer to a crate passed with `--extern`
  = help: use `::time` to refer to this crate unambiguously
note: `time` could also refer to the unresolved item imported here
 --> tests/integration/parsing.rs:5:36
  |
5 | use time::macros::{date, datetime, time};
  |                                    ^^^^
  = help: use `self::time` to refer to this unresolved item unambiguously

error[E0659]: `time` is ambiguous (name vs any other name during import resolution)
 --> tests/integration/primitive_date_time.rs:3:5
  |
3 | use time::ext::{NumericalDuration, NumericalStdDuration};
  |     ^^^^ ambiguous name
  |
  = note: `time` could refer to a crate passed with `--extern`
  = help: use `::time` to refer to this crate unambiguously
note: `time` could also refer to the unresolved item imported here
 --> tests/integration/primitive_date_time.rs:4:44
  |
4 | use time::macros::{date, datetime, offset, time};
  |                                            ^^^^
  = help: use `self::time` to refer to this unresolved item unambiguously

error[E0659]: `time` is ambiguous (name vs any other name during import resolution)
 --> tests/integration/primitive_date_time.rs:4:5
  |
4 | use time::macros::{date, datetime, offset, time};
  |     ^^^^ ambiguous name
  |
  = note: `time` could refer to a crate passed with `--extern`
  = help: use `::time` to refer to this crate unambiguously
note: `time` could also refer to the unresolved item imported here
 --> tests/integration/primitive_date_time.rs:4:44
  |
4 | use time::macros::{date, datetime, offset, time};
  |                                            ^^^^
  = help: use `self::time` to refer to this unresolved item unambiguously

error[E0659]: `time` is ambiguous (name vs any other name during import resolution)
 --> tests/integration/primitive_date_time.rs:5:5
  |
5 | use time::{Month, PrimitiveDateTime, Weekday};
  |     ^^^^ ambiguous name
  |
  = note: `time` could refer to a crate passed with `--extern`
  = help: use `::time` to refer to this crate unambiguously
note: `time` could also refer to the unresolved item imported here
 --> tests/integration/primitive_date_time.rs:4:44
  |
4 | use time::macros::{date, datetime, offset, time};
  |                                            ^^^^
  = help: use `self::time` to refer to this unresolved item unambiguously

error[E0659]: `time` is ambiguous (name vs any other name during import resolution)
 --> tests/integration/serde.rs:2:5
  |
2 | use time::macros::{date, datetime, offset, time};
  |     ^^^^ ambiguous name
  |
  = note: `time` could refer to a crate passed with `--extern`
  = help: use `::time` to refer to this crate unambiguously
note: `time` could also refer to the unresolved item imported here
 --> tests/integration/serde.rs:2:44
  |
2 | use time::macros::{date, datetime, offset, time};
  |                                            ^^^^
  = help: use `self::time` to refer to this unresolved item unambiguously

error[E0659]: `time` is ambiguous (name vs any other name during import resolution)
 --> tests/integration/serde.rs:3:5
  |
3 | use time::{Date, Duration, Month, OffsetDateTime, PrimitiveDateTime, Time, UtcOffset, Weekday};
  |     ^^^^ ambiguous name
  |
  = note: `time` could refer to a crate passed with `--extern`
  = help: use `::time` to refer to this crate unambiguously
note: `time` could also refer to the unresolved item imported here
 --> tests/integration/serde.rs:2:44
  |
2 | use time::macros::{date, datetime, offset, time};
  |                                            ^^^^
  = help: use `self::time` to refer to this unresolved item unambiguously

error[E0659]: `time` is ambiguous (name vs any other name during import resolution)
 --> tests/integration/time.rs:1:5
  |
1 | use time::ext::{NumericalDuration, NumericalStdDuration};
  |     ^^^^ ambiguous name
  |
  = note: `time` could refer to a crate passed with `--extern`
  = help: use `::time` to refer to this crate unambiguously
note: `time` could also refer to the unresolved item imported here
 --> tests/integration/time.rs:2:5
  |
2 | use time::macros::time;
  |     ^^^^^^^^^^^^^^^^^^
  = help: use `self::time` to refer to this unresolved item unambiguously

error[E0659]: `time` is ambiguous (name vs any other name during import resolution)
 --> tests/integration/time.rs:3:5
  |
3 | use time::{Result, Time};
  |     ^^^^ ambiguous name
  |
  = note: `time` could refer to a crate passed with `--extern`
  = help: use `::time` to refer to this crate unambiguously
note: `time` could also refer to the unresolved item imported here
 --> tests/integration/time.rs:2:5
  |
2 | use time::macros::time;
  |     ^^^^^^^^^^^^^^^^^^
  = help: use `self::time` to refer to this unresolved item unambiguously

warning: unused import: `TryFrom`
 --> tests/integration/parsing.rs:1:21
  |
1 | use core::convert::{TryFrom, TryInto};
  |                     ^^^^^^^
  |
  = note: `#[warn(unused_imports)]` on by default

warning: unused imports: `Date`, `Duration`, `Month`, `OffsetDateTime`, `PrimitiveDateTime`, `Time`, `UtcOffset`, `Weekday`
 --> tests/integration/quickcheck.rs:2:12
  |
2 | use time::{Date, Duration, Month, OffsetDateTime, PrimitiveDateTime, Time, UtcOffset, Weekday};
  |            ^^^^  ^^^^^^^^  ^^^^^  ^^^^^^^^^^^^^^  ^^^^^^^^^^^^^^^^^  ^^^^  ^^^^^^^^^  ^^^^^^^

error[E0107]: this enum takes 2 type arguments but only 1 type argument was supplied
   --> tests/integration/time.rs:6:18
    |
6   | fn from_hms() -> Result<()> {
    |                  ^^^^^^ -- supplied 1 type argument
    |                  |
    |                  expected 2 type arguments
    |
note: enum defined here, with 2 type parameters: `T`, `E`
help: add missing type argument
    |
6   | fn from_hms() -> Result<(), E> {
    |                           ^^^

error[E0107]: this enum takes 2 type arguments but only 1 type argument was supplied
   --> tests/integration/time.rs:20:24
    |
20  | fn from_hms_milli() -> Result<()> {
    |                        ^^^^^^ -- supplied 1 type argument
    |                        |
    |                        expected 2 type arguments
    |
note: enum defined here, with 2 type parameters: `T`, `E`
help: add missing type argument
    |
20  | fn from_hms_milli() -> Result<(), E> {
    |                                 ^^^

error[E0107]: this enum takes 2 type arguments but only 1 type argument was supplied
   --> tests/integration/time.rs:36:24
    |
36  | fn from_hms_micro() -> Result<()> {
    |                        ^^^^^^ -- supplied 1 type argument
    |                        |
    |                        expected 2 type arguments
    |
note: enum defined here, with 2 type parameters: `T`, `E`
help: add missing type argument
    |
36  | fn from_hms_micro() -> Result<(), E> {
    |                                 ^^^

error[E0107]: this enum takes 2 type arguments but only 1 type argument was supplied
   --> tests/integration/time.rs:52:23
    |
52  | fn from_hms_nano() -> Result<()> {
    |                       ^^^^^^ -- supplied 1 type argument
    |                       |
    |                       expected 2 type arguments
    |
note: enum defined here, with 2 type parameters: `T`, `E`
help: add missing type argument
    |
52  | fn from_hms_nano() -> Result<(), E> {
    |                                ^^^

error[E0107]: this enum takes 2 type arguments but only 1 type argument was supplied
   --> tests/integration/time.rs:90:14
    |
90  | fn hour() -> Result<()> {
    |              ^^^^^^ -- supplied 1 type argument
    |              |
    |              expected 2 type arguments
    |
note: enum defined here, with 2 type parameters: `T`, `E`
help: add missing type argument
    |
90  | fn hour() -> Result<(), E> {
    |                       ^^^

error[E0107]: this enum takes 2 type arguments but only 1 type argument was supplied
   --> tests/integration/time.rs:99:16
    |
99  | fn minute() -> Result<()> {
    |                ^^^^^^ -- supplied 1 type argument
    |                |
    |                expected 2 type arguments
    |
note: enum defined here, with 2 type parameters: `T`, `E`
help: add missing type argument
    |
99  | fn minute() -> Result<(), E> {
    |                         ^^^

error[E0107]: this enum takes 2 type arguments but only 1 type argument was supplied
   --> tests/integration/time.rs:108:16
    |
108 | fn second() -> Result<()> {
    |                ^^^^^^ -- supplied 1 type argument
    |                |
    |                expected 2 type arguments
    |
note: enum defined here, with 2 type parameters: `T`, `E`
help: add missing type argument
    |
108 | fn second() -> Result<(), E> {
    |                         ^^^

error[E0107]: this enum takes 2 type arguments but only 1 type argument was supplied
   --> tests/integration/time.rs:117:21
    |
117 | fn millisecond() -> Result<()> {
    |                     ^^^^^^ -- supplied 1 type argument
    |                     |
    |                     expected 2 type arguments
    |
note: enum defined here, with 2 type parameters: `T`, `E`
help: add missing type argument
    |
117 | fn millisecond() -> Result<(), E> {
    |                              ^^^

error[E0107]: this enum takes 2 type arguments but only 1 type argument was supplied
   --> tests/integration/time.rs:129:21
    |
129 | fn microsecond() -> Result<()> {
    |                     ^^^^^^ -- supplied 1 type argument
    |                     |
    |                     expected 2 type arguments
    |
note: enum defined here, with 2 type parameters: `T`, `E`
help: add missing type argument
    |
129 | fn microsecond() -> Result<(), E> {
    |                              ^^^

error[E0107]: this enum takes 2 type arguments but only 1 type argument was supplied
   --> tests/integration/time.rs:141:20
    |
141 | fn nanosecond() -> Result<()> {
    |                    ^^^^^^ -- supplied 1 type argument
    |                    |
    |                    expected 2 type arguments
    |
note: enum defined here, with 2 type parameters: `T`, `E`
help: add missing type argument
    |
141 | fn nanosecond() -> Result<(), E> {
    |                             ^^^

error: aborting due to 1992 previous errors; 2 warnings emitted

Some errors have detailed explanations: E0107, E0412, E0425, E0432, E0433, E0659.
For more information about an error, try `rustc --explain E0107`.
error: build failed

Exit: 101
Timed out: False
