Command: rustup run 1.64.0 cargo check --locked --offline --tests
Started: 2026-09-25T11:47:06.850017+00:00
STDOUT:

STDERR:
    Checking time v0.3.14 (/home/runner/work/_temp/upstream)
error[E0463]: can't find crate for `quickcheck_dep`
  --> tests/integration/main.rs:58:1
   |
58 | extern crate quickcheck_dep as quickcheck;
   | ^^^^^^^^^^^^^^^^^^^^^^^^^^^^^^^^^^^^^^^^^^ can't find crate

error: tests must be run with the `--all-features` flag
  --> tests/integration/main.rs:56:1
   |
56 | compile_error!("tests must be run with the `--all-features` flag");
   | ^^^^^^^^^^^^^^^^^^^^^^^^^^^^^^^^^^^^^^^^^^^^^^^^^^^^^^^^^^^^^^^^^^

error[E0433]: failed to resolve: could not find `format_description` in the crate root
  --> src/tests.rs:15:12
   |
15 | use crate::format_description::modifier::Modifiers;
   |            ^^^^^^^^^^^^^^^^^^ could not find `format_description` in the crate root

error[E0432]: unresolved import `crate::format_description`
  --> src/tests.rs:16:12
   |
16 | use crate::format_description::FormatItem;
   |            ^^^^^^^^^^^^^^^^^^ could not find `format_description` in the crate root

error[E0433]: failed to resolve: could not find `parsing` in the crate root
  --> src/tests.rs:18:12
   |
18 | use crate::parsing::combinator::rfc::iso8601;
   |            ^^^^^^^ could not find `parsing` in the crate root

error[E0433]: failed to resolve: could not find `parsing` in the crate root
  --> src/tests.rs:19:12
   |
19 | use crate::parsing::shim::Integer;
   |            ^^^^^^^ could not find `parsing` in the crate root

error[E0432]: unresolved import `crate::formatting`
  --> src/tests.rs:17:12
   |
17 | use crate::formatting::DigitCount;
   |            ^^^^^^^^^^ could not find `formatting` in the crate root

error[E0432]: unresolved import `crate::parsing`
  --> src/tests.rs:20:23
   |
20 | use crate::{duration, parsing};
   |                       ^^^^^^^ no `parsing` in the root

error[E0433]: failed to resolve: could not find `format_description` in the crate root
  --> src/tests.rs:75:16
   |
75 |         crate::format_description::parse::ParsedItem {
   |                ^^^^^^^^^^^^^^^^^^ could not find `format_description` in the crate root

error[E0599]: no method named `num_digits` found for type `u8` in the current scope
  --> src/tests.rs:24:21
   |
24 |     assert_eq!(1_u8.num_digits(), 1);
   |                     ^^^^^^^^^^ method not found in `u8`

error[E0599]: no method named `num_digits` found for type `u8` in the current scope
  --> src/tests.rs:25:21
   |
25 |     assert_eq!(9_u8.num_digits(), 1);
   |                     ^^^^^^^^^^ method not found in `u8`

error[E0599]: no method named `num_digits` found for type `u8` in the current scope
  --> src/tests.rs:26:22
   |
26 |     assert_eq!(10_u8.num_digits(), 2);
   |                      ^^^^^^^^^^ method not found in `u8`

error[E0599]: no method named `num_digits` found for type `u8` in the current scope
  --> src/tests.rs:27:22
   |
27 |     assert_eq!(99_u8.num_digits(), 2);
   |                      ^^^^^^^^^^ method not found in `u8`

error[E0599]: no method named `num_digits` found for type `u8` in the current scope
  --> src/tests.rs:28:23
   |
28 |     assert_eq!(100_u8.num_digits(), 3);
   |                       ^^^^^^^^^^ method not found in `u8`

error[E0599]: no method named `num_digits` found for type `u16` in the current scope
  --> src/tests.rs:30:22
   |
30 |     assert_eq!(1_u16.num_digits(), 1);
   |                      ^^^^^^^^^^ method not found in `u16`

error[E0599]: no method named `num_digits` found for type `u16` in the current scope
  --> src/tests.rs:31:22
   |
31 |     assert_eq!(9_u16.num_digits(), 1);
   |                      ^^^^^^^^^^ method not found in `u16`

error[E0599]: no method named `num_digits` found for type `u16` in the current scope
  --> src/tests.rs:32:23
   |
32 |     assert_eq!(10_u16.num_digits(), 2);
   |                       ^^^^^^^^^^ method not found in `u16`

error[E0432]: unresolved import `time::macros`
 --> tests/integration/date.rs:6:11
  |
6 | use time::macros::{date, datetime, time};
  |           ^^^^^^ could not find `macros` in `time`

error[E0432]: unresolved import `time::macros`
 --> tests/integration/derives.rs:8:11
  |
8 | use time::macros::{date, offset, time};
  |           ^^^^^^ could not find `macros` in `time`

error[E0432]: unresolved imports `time::error::Format`, `time::error::IndeterminateOffset`, `time::error::InvalidFormatDescription`, `time::error::Parse`, `time::error::ParseFromDescription`, `time::error::TryFromParsed`
 --> tests/integration/error.rs:5:63
  |
5 |     ComponentRange, ConversionRange, DifferentVariant, Error, Format, IndeterminateOffset,
  |                                                               ^^^^^^  ^^^^^^^^^^^^^^^^^^^ no `IndeterminateOffset` in `error`
  |                                                               |
  |                                                               no `Format` in `error`
6 |     InvalidFormatDescription, InvalidVariant, Parse, ParseFromDescription, TryFromParsed,
  |     ^^^^^^^^^^^^^^^^^^^^^^^^                  ^^^^^  ^^^^^^^^^^^^^^^^^^^^  ^^^^^^^^^^^^^ no `TryFromParsed` in `error`
  |     |                                         |      |
  |     |                                         |      no `ParseFromDescription` in `error`
  |     |                                         no `Parse` in `error`
  |     no `InvalidFormatDescription` in `error`

error[E0432]: unresolved import `time::macros`
 --> tests/integration/error.rs:8:11
  |
8 | use time::macros::format_description;
  |           ^^^^^^ could not find `macros` in `time`

error[E0432]: unresolved import `time::parsing`
 --> tests/integration/error.rs:9:11
  |
9 | use time::parsing::Parsed;
  |           ^^^^^^^ could not find `parsing` in `time`

error[E0432]: unresolved import `time::format_description`
  --> tests/integration/error.rs:10:12
   |
10 | use time::{format_description, Date, Time};
   |            ^^^^^^^^^^^^^^^^^^ no `format_description` in the root

error[E0432]: unresolved import `time::format_description`
 --> tests/integration/format_description.rs:1:11
  |
1 | use time::format_description::{modifier, Component, FormatItem};
  |           ^^^^^^^^^^^^^^^^^^ could not find `format_description` in `time`

error[E0432]: unresolved import `time::macros`
 --> tests/integration/formatting.rs:6:11
  |
6 | use time::macros::{date, datetime, format_description as fd, offset, time};
  |           ^^^^^^ could not find `macros` in `time`

error[E0433]: failed to resolve: could not find `format_description` in `time`
  --> tests/integration/meta.rs:16:11
   |
16 | use time::format_description::well_known::iso8601;
   |           ^^^^^^^^^^^^^^^^^^ could not find `format_description` in `time`

error[E0432]: unresolved import `time::macros`
 --> tests/integration/macros.rs:5:11
  |
5 | use time::macros::{date, format_description, time};
  |           ^^^^^^ could not find `macros` in `time`

error[E0432]: unresolved import `time::format_description`
  --> tests/integration/meta.rs:17:11
   |
17 | use time::format_description::{modifier, well_known, Component, FormatItem};
   |           ^^^^^^^^^^^^^^^^^^ could not find `format_description` in `time`

error[E0432]: unresolved import `time::formatting`
  --> tests/integration/meta.rs:18:11
   |
18 | use time::formatting::Formattable;
   |           ^^^^^^^^^^ could not find `formatting` in `time`

error[E0432]: unresolved import `time::parsing`
  --> tests/integration/meta.rs:19:11
   |
19 | use time::parsing::{Parsable, Parsed};
   |           ^^^^^^^ could not find `parsing` in `time`

error[E0433]: failed to resolve: could not find `format_description` in `time`
 --> tests/integration/parse_format_description.rs:2:15
  |
2 |     use time::format_description::modifier::{
  |               ^^^^^^^^^^^^^^^^^^ could not find `format_description` in `time`

error[E0432]: unresolved import `time::macros`
 --> tests/integration/offset_date_time.rs:5:11
  |
5 | use time::macros::{date, datetime, offset, time};
  |           ^^^^^^ could not find `macros` in `time`

error[E0433]: failed to resolve: could not find `format_description` in `time`
   --> tests/integration/parse_format_description.rs:112:11
    |
112 | use time::format_description::modifier::{
    |           ^^^^^^^^^^^^^^^^^^ could not find `format_description` in `time`

error[E0432]: unresolved import `time::error::InvalidFormatDescription`
   --> tests/integration/parse_format_description.rs:111:5
    |
111 | use time::error::InvalidFormatDescription;
    |     ^^^^^^^^^^^^^^^^^^^^^^^^^^^^^^^^^^^^^ no `InvalidFormatDescription` in `error`

error[E0433]: failed to resolve: could not find `format_description` in `time`
 --> tests/integration/parsed.rs:3:11
  |
3 | use time::format_description::modifier::WeekNumberRepr;
  |           ^^^^^^^^^^^^^^^^^^ could not find `format_description` in `time`

error[E0432]: unresolved imports `time::format_description`, `time::format_description`
   --> tests/integration/parse_format_description.rs:115:11
    |
115 | use time::format_description::{self, Component, FormatItem};
    |           ^^^^^^^^^^^^^^^^^^   ^^^^ no `format_description` in the root
    |           |
    |           could not find `format_description` in `time`

error[E0432]: unresolved import `time::format_description`
 --> tests/integration/parsed.rs:4:11
  |
4 | use time::format_description::{Component, FormatItem};
  |           ^^^^^^^^^^^^^^^^^^ could not find `format_description` in `time`

error[E0432]: unresolved import `time::parsing`
 --> tests/integration/parsed.rs:5:11
  |
5 | use time::parsing::Parsed;
  |           ^^^^^^^ could not find `parsing` in `time`

error[E0432]: unresolved import `time::macros`
 --> tests/integration/parsing.rs:5:11
  |
5 | use time::macros::{date, datetime, offset, time};
  |           ^^^^^^ could not find `macros` in `time`

error[E0432]: unresolved import `time::macros`
 --> tests/integration/primitive_date_time.rs:4:11
  |
4 | use time::macros::{date, datetime, offset, time};
  |           ^^^^^^ could not find `macros` in `time`

error[E0432]: unresolved import `time::macros`
 --> tests/integration/serde/mod.rs:2:11
  |
2 | use time::macros::{date, datetime, offset, time};
  |           ^^^^^^ could not find `macros` in `time`

error[E0432]: unresolved import `time::macros`
 --> tests/integration/serde/error_conditions.rs:3:11
  |
3 | use time::macros::{datetime, format_description};
  |           ^^^^^^ could not find `macros` in `time`

error[E0432]: unresolved import `time::macros`
 --> tests/integration/serde/iso8601.rs:5:11
  |
5 | use time::macros::datetime;
  |           ^^^^^^ could not find `macros` in `time`

error[E0432]: unresolved import `time::serde`
 --> tests/integration/serde/iso8601.rs:6:11
  |
6 | use time::serde::iso8601;
  |           ^^^^^ could not find `serde` in `time`

error[E0432]: unresolved import `time::macros`
 --> tests/integration/serde/json.rs:5:11
  |
5 | use time::macros::{date, datetime, time};
  |           ^^^^^^ could not find `macros` in `time`

error[E0432]: unresolved import `time::macros`
 --> tests/integration/serde/macros.rs:5:11
  |
5 | use time::macros::{date, datetime, offset};
  |           ^^^^^^ could not find `macros` in `time`

error[E0432]: unresolved import `time::serde`
 --> tests/integration/serde/macros.rs:6:12
  |
6 | use time::{serde, Date, OffsetDateTime, PrimitiveDateTime, Time, UtcOffset};
  |            ^^^^^ no `serde` in the root

error[E0432]: unresolved import `time::serde`
 --> tests/integration/serde/rfc2822.rs:3:11
  |
3 | use time::serde::rfc2822;
  |           ^^^^^ could not find `serde` in `time`

error[E0432]: unresolved import `time::macros`
 --> tests/integration/serde/rfc3339.rs:5:11
  |
5 | use time::macros::datetime;
  |           ^^^^^^ could not find `macros` in `time`

error[E0432]: unresolved import `time::serde`
 --> tests/integration/serde/rfc3339.rs:6:11
  |
6 | use time::serde::rfc3339;
  |           ^^^^^ could not find `serde` in `time`

error[E0432]: unresolved import `time::macros`
 --> tests/integration/serde/timestamps.rs:3:11
  |
3 | use time::macros::datetime;
  |           ^^^^^^ could not find `macros` in `time`

error[E0432]: unresolved import `time::serde`
 --> tests/integration/serde/timestamps.rs:4:11
  |
4 | use time::serde::timestamp;
  |           ^^^^^ could not find `serde` in `time`

error[E0432]: unresolved import `time::macros`
 --> tests/integration/serde_helpers.rs:3:11
  |
3 | use time::macros::datetime;
  |           ^^^^^^ could not find `macros` in `time`

error[E0432]: unresolved import `time::macros`
 --> tests/integration/time.rs:2:11
  |
2 | use time::macros::time;
  |           ^^^^^^ could not find `macros` in `time`

error[E0432]: unresolved import `time::macros`
 --> tests/integration/utc_offset.rs:1:11
  |
1 | use time::macros::offset;
  |           ^^^^^^ could not find `macros` in `time`

error[E0432]: unresolved import `time_macros`
  --> tests/integration/derives.rs:11:5
   |
11 | use time_macros::datetime;
   |     ^^^^^^^^^^^ use of undeclared crate or module `time_macros`

error[E0432]: unresolved import `quickcheck_dep`
  --> tests/integration/meta.rs:13:5
   |
13 | use quickcheck_dep::Arbitrary;
   |     ^^^^^^^^^^^^^^ use of undeclared crate or module `quickcheck_dep`
   |
help: there is a crate or module with a similar name
   |
13 | use quickcheck::Arbitrary;
   |     ~~~~~~~~~~

error[E0599]: no method named `num_digits` found for type `u16` in the current scope
  --> src/tests.rs:33:23
   |
33 |     assert_eq!(99_u16.num_digits(), 2);
   |                       ^^^^^^^^^^ method not found in `u16`

error[E0432]: unresolved imports `time_macros`, `time::ext::NumericalDuration`, `time::ext::NumericalStdDuration`, `time::macros::date`, `time::macros::datetime`, `time::util`, `time::Date`, `time::Duration`, `time::Month`, `time::Weekday`, `time::error`, `time::error::ConversionRange`, `time::error::IndeterminateOffset`, `time::error::TryFromParsed`, `time::ext::NumericalDuration`, `time::format_description`, `time::format_description::modifier`, `time::format_description::well_known`, `time::format_description::Component`, `time::format_description::FormatItem`, `time::macros::date`, `time::macros::offset`, `time::parsing::Parsed`, `time::Duration`, `time::Error`, `time::Instant`, `time::Month`, `time::Time`, `time::Weekday`, `time::format_description::well_known::iso8601::DateKind`, `time::format_description::well_known::iso8601::OffsetPrecision`, `time::format_description::well_known::iso8601::TimePrecision`, `time::format_description::well_known::iso8601`, `time::format_description::well_known::Iso8601`, `time::format_description::well_known::Rfc2822`, `time::format_description::well_known::Rfc3339`, `time::format_description`, `time::format_description::FormatItem`, `time::macros::date`, `time::macros::datetime`, `time::macros::format_description`, `time::macros::offset`, `time::OffsetDateTime`, `time::Time`, `time::format_description::modifier::MonthRepr`, `time::format_description::modifier::Padding`, `time::format_description::modifier::WeekNumberRepr`, `time::format_description::modifier::WeekdayRepr`, `time::format_description::modifier::YearRepr`, `time::format_description::Component`, `time::format_description::FormatItem`, `time::macros::date`, `time::macros::format_description`, `time::Date`, `time::Time`, `time::ext::NumericalDuration`, `time::ext::NumericalStdDuration`, `time::macros::date`, `time::macros::datetime`, `time::macros::offset`, `time::Date`, `time::Duration`, `time::Month`, `time::OffsetDateTime`, `time::PrimitiveDateTime`, `time::Result`, `time::Weekday`, `time::format_description::well_known::Iso8601`, `time::format_description::well_known::Rfc2822`, `time::format_description::well_known::Rfc3339`, `time::format_description::modifier`, `time::format_description::Component`, `time::format_description::FormatItem`, `time::macros::date`, `time::macros::datetime`, `time::macros::offset`, `time::parsing::Parsed`, `time::error`, `time::format_description`, `time::Date`, `time::Month`, `time::OffsetDateTime`, `time::PrimitiveDateTime`, `time::Time`, `time::UtcOffset`, `time::Weekday`, `time::ext::NumericalDuration`, `time::ext::NumericalStdDuration`, `time::macros::date`, `time::macros::datetime`, `time::macros::offset`, `time::Duration`, `time::Month`, `time::PrimitiveDateTime`, `time::Result`, `time::Weekday`, `time::macros::date`, `time::macros::datetime`, `time::macros::offset`, `time::Date`, `time::Duration`, `time::Month`, `time::OffsetDateTime`, `time::PrimitiveDateTime`, `time::Time`, `time::UtcOffset`, `time::Weekday`, `time::macros::date`, `time::macros::datetime`, `time::Date`, `time::Duration`, `time::Month`, `time::OffsetDateTime`, `time::PrimitiveDateTime`, `time::Time`, `time::Weekday`, `time::ext::NumericalDuration`, `time::ext::NumericalStdDuration`, `time::Result`, `time::Time`, `Weekday::*`, `Weekday::*`, `Weekday::*`, `Weekday::*`, `Weekday::*`, `Weekday::*`, `Weekday::*`, `Weekday::*`, `Month::*`, `Weekday::*`, `Month::*`
   --> tests/integration/date.rs:5:17
    |
5   | use time::ext::{NumericalDuration, NumericalStdDuration};
    |                 ^^^^^^^^^^^^^^^^^  ^^^^^^^^^^^^^^^^^^^^
6   | use time::macros::{date, datetime, time};
    |                    ^^^^  ^^^^^^^^
7   | use time::{util, Date, Duration, Month, Weekday};
    |            ^^^^  ^^^^  ^^^^^^^^  ^^^^^  ^^^^^^^
...
427 |     use Weekday::*;
    |         ^^^^^^^^^^
...
532 |     use Weekday::*;
    |         ^^^^^^^^^^
...
549 |     use Weekday::*;
    |         ^^^^^^^^^^
    |
   ::: tests/integration/serde/rfc2822.rs:5:5
    |
5   | use time_macros::datetime;
    |     ^^^^^^^^^^^ use of undeclared crate or module `time_macros`
    |
   ::: tests/integration/derives.rs:5:19
    |
5   | use time::error::{self, ConversionRange, IndeterminateOffset, TryFromParsed};
    |                   ^^^^  ^^^^^^^^^^^^^^^  ^^^^^^^^^^^^^^^^^^^  ^^^^^^^^^^^^^
6   | use time::ext::NumericalDuration;
    |     ^^^^^^^^^^^^^^^^^^^^^^^^^^^^
7   | use time::format_description::{self, modifier, well_known, Component, FormatItem};
    |                                ^^^^  ^^^^^^^^  ^^^^^^^^^^  ^^^^^^^^^  ^^^^^^^^^^
8   | use time::macros::{date, offset, time};
    |                    ^^^^  ^^^^^^
9   | use time::parsing::Parsed;
    |     ^^^^^^^^^^^^^^^^^^^^^
10  | use time::{Duration, Error, Instant, Month, Time, Weekday};
    |            ^^^^^^^^  ^^^^^  ^^^^^^^  ^^^^^  ^^^^  ^^^^^^^
    |
   ::: tests/integration/formatting.rs:3:53
    |
3   | use time::format_description::well_known::iso8601::{DateKind, OffsetPrecision, TimePrecision};
    |                                                     ^^^^^^^^  ^^^^^^^^^^^^^^^  ^^^^^^^^^^^^^
4   | use time::format_description::well_known::{iso8601, Iso8601, Rfc2822, Rfc3339};
    |                                            ^^^^^^^  ^^^^^^^  ^^^^^^^  ^^^^^^^
5   | use time::format_description::{self, FormatItem};
    |                                ^^^^  ^^^^^^^^^^
6   | use time::macros::{date, datetime, format_description as fd, offset, time};
    |                    ^^^^  ^^^^^^^^  ^^^^^^^^^^^^^^^^^^^^^^^^  ^^^^^^
7   | use time::{OffsetDateTime, Time};
    |            ^^^^^^^^^^^^^^  ^^^^
    |
   ::: tests/integration/macros.rs:2:5
    |
2   |     MonthRepr, Padding, WeekNumberRepr, WeekdayRepr, YearRepr,
    |     ^^^^^^^^^  ^^^^^^^  ^^^^^^^^^^^^^^  ^^^^^^^^^^^  ^^^^^^^^
3   | };
4   | use time::format_description::{Component, FormatItem};
    |                                ^^^^^^^^^  ^^^^^^^^^^
5   | use time::macros::{date, format_description, time};
    |                    ^^^^  ^^^^^^^^^^^^^^^^^^
6   | use time::{Date, Time};
    |            ^^^^  ^^^^
    |
   ::: tests/integration/offset_date_time.rs:4:17
    |
4   | use time::ext::{NumericalDuration, NumericalStdDuration};
    |                 ^^^^^^^^^^^^^^^^^  ^^^^^^^^^^^^^^^^^^^^
5   | use time::macros::{date, datetime, offset, time};
    |                    ^^^^  ^^^^^^^^  ^^^^^^
6   | use time::{Date, Duration, Month, OffsetDateTime, PrimitiveDateTime, Result, Weekday};
    |            ^^^^  ^^^^^^^^  ^^^^^  ^^^^^^^^^^^^^^  ^^^^^^^^^^^^^^^^^  ^^^^^^  ^^^^^^^
...
226 |     use Weekday::*;
    |         ^^^^^^^^^^
...
251 |     use Weekday::*;
    |         ^^^^^^^^^^
    |
   ::: tests/integration/parsing.rs:3:44
    |
3   | use time::format_description::well_known::{Iso8601, Rfc2822, Rfc3339};
    |                                            ^^^^^^^  ^^^^^^^  ^^^^^^^
4   | use time::format_description::{modifier, Component, FormatItem};
    |                                ^^^^^^^^  ^^^^^^^^^  ^^^^^^^^^^
5   | use time::macros::{date, datetime, offset, time};
    |                    ^^^^  ^^^^^^^^  ^^^^^^
6   | use time::parsing::Parsed;
    |     ^^^^^^^^^^^^^^^^^^^^^
7   | use time::{
8   |     error, format_description as fd, Date, Month, OffsetDateTime, PrimitiveDateTime, Time,
    |     ^^^^^  ^^^^^^^^^^^^^^^^^^^^^^^^  ^^^^  ^^^^^  ^^^^^^^^^^^^^^  ^^^^^^^^^^^^^^^^^  ^^^^
9   |     UtcOffset, Weekday,
    |     ^^^^^^^^^  ^^^^^^^
    |
   ::: tests/integration/primitive_date_time.rs:3:17
    |
3   | use time::ext::{NumericalDuration, NumericalStdDuration};
    |                 ^^^^^^^^^^^^^^^^^  ^^^^^^^^^^^^^^^^^^^^
4   | use time::macros::{date, datetime, offset, time};
    |                    ^^^^  ^^^^^^^^  ^^^^^^
5   | use time::{Duration, Month, PrimitiveDateTime, Result, Weekday};
    |            ^^^^^^^^  ^^^^^  ^^^^^^^^^^^^^^^^^  ^^^^^^  ^^^^^^^
...
90  |     use Weekday::*;
    |         ^^^^^^^^^^
...
115 |     use Weekday::*;
    |         ^^^^^^^^^^
    |
   ::: tests/integration/serde/mod.rs:2:20
    |
2   | use time::macros::{date, datetime, offset, time};
    |                    ^^^^  ^^^^^^^^  ^^^^^^
3   | use time::{Date, Duration, Month, OffsetDateTime, PrimitiveDateTime, Time, UtcOffset, Weekday};
    |            ^^^^  ^^^^^^^^  ^^^^^  ^^^^^^^^^^^^^^  ^^^^^^^^^^^^^^^^^  ^^^^  ^^^^^^^^^  ^^^^^^^
...
895 |     use Weekday::*;
    |         ^^^^^^^^^^
...
935 |     use Month::*;
    |         ^^^^^^^^
    |
   ::: tests/integration/serde/json.rs:5:20
    |
5   | use time::macros::{date, datetime, time};
    |                    ^^^^  ^^^^^^^^
6   | use time::{Date, Duration, Month, OffsetDateTime, PrimitiveDateTime, Time, Weekday};
    |            ^^^^  ^^^^^^^^  ^^^^^  ^^^^^^^^^^^^^^  ^^^^^^^^^^^^^^^^^  ^^^^  ^^^^^^^
...
33  |     use Weekday::*;
    |         ^^^^^^^^^^
...
47  |     use Month::*;
    |         ^^^^^^^^
    |
   ::: tests/integration/time.rs:1:17
    |
1   | use time::ext::{NumericalDuration, NumericalStdDuration};
    |                 ^^^^^^^^^^^^^^^^^  ^^^^^^^^^^^^^^^^^^^^
2   | use time::macros::time;
3   | use time::{Result, Time};
    |            ^^^^^^  ^^^^

error: cannot determine resolution for the macro `serde::format_description`
 --> tests/integration/serde/macros.rs:8:1
  |
8 | serde::format_description!(
  | ^^^^^^^^^^^^^^^^^^^^^^^^^
  |
  = note: import resolution is stuck, try simplifying macro imports

error: cannot determine resolution for the macro `serde::format_description`
  --> tests/integration/serde/macros.rs:13:1
   |
13 | serde::format_description!(
   | ^^^^^^^^^^^^^^^^^^^^^^^^^
   |
   = note: import resolution is stuck, try simplifying macro imports

error: cannot determine resolution for the macro `serde::format_description`
  --> tests/integration/serde/macros.rs:18:1
   |
18 | serde::format_description!(time_format, Time, "custom format: [minute]:[second]");
   | ^^^^^^^^^^^^^^^^^^^^^^^^^
   |
   = note: import resolution is stuck, try simplifying macro imports

error: cannot determine resolution for the macro `serde::format_description`
  --> tests/integration/serde/macros.rs:19:1
   |
19 | serde::format_description!(date_format, Date, "custom format: [year]-[month]-[day]");
   | ^^^^^^^^^^^^^^^^^^^^^^^^^
   |
   = note: import resolution is stuck, try simplifying macro imports

error: cannot determine resolution for the macro `serde::format_description`
  --> tests/integration/serde/macros.rs:20:1
   |
20 | serde::format_description!(
   | ^^^^^^^^^^^^^^^^^^^^^^^^^
   |
   = note: import resolution is stuck, try simplifying macro imports

error: cannot determine resolution for the macro `serde::format_description`
   --> tests/integration/serde/macros.rs:131:1
    |
131 | serde::format_description!(
    | ^^^^^^^^^^^^^^^^^^^^^^^^^
    |
    = note: import resolution is stuck, try simplifying macro imports

error[E0599]: no method named `num_digits` found for type `u16` in the current scope
  --> src/tests.rs:34:24
   |
34 |     assert_eq!(100_u16.num_digits(), 3);
   |                        ^^^^^^^^^^ method not found in `u16`

error: cannot determine resolution for the macro `date`
  --> tests/integration/date.rs:11:32
   |
11 |     assert_eq!(format!("{:?}", date!(2020 - 02 - 03)), "2020-02-03");
   |                                ^^^^
   |
   = note: import resolution is stuck, try simplifying macro imports

error: cannot determine resolution for the macro `date`
  --> tests/integration/date.rs:44:16
   |
44 |     assert_eq!(date!(2023 - 01 - 01).monday_based_week(), 0);
   |                ^^^^
   |
   = note: import resolution is stuck, try simplifying macro imports

error: cannot determine resolution for the macro `date`
  --> tests/integration/date.rs:45:16
   |
45 |     assert_eq!(date!(2023 - 01 - 02).monday_based_week(), 1);
   |                ^^^^
   |
   = note: import resolution is stuck, try simplifying macro imports

error: cannot determine resolution for the macro `date`
  --> tests/integration/date.rs:46:16
   |
46 |     assert_eq!(date!(2023 - 01 - 03).monday_based_week(), 1);
   |                ^^^^
   |
   = note: import resolution is stuck, try simplifying macro imports

error: cannot determine resolution for the macro `date`
  --> tests/integration/date.rs:47:16
   |
47 |     assert_eq!(date!(2023 - 01 - 04).monday_based_week(), 1);
   |                ^^^^
   |
   = note: import resolution is stuck, try simplifying macro imports

error: cannot determine resolution for the macro `date`
  --> tests/integration/date.rs:48:16
   |
48 |     assert_eq!(date!(2023 - 01 - 05).monday_based_week(), 1);
   |                ^^^^
   |
   = note: import resolution is stuck, try simplifying macro imports

error: cannot determine resolution for the macro `date`
  --> tests/integration/date.rs:49:16
   |
49 |     assert_eq!(date!(2023 - 01 - 06).monday_based_week(), 1);
   |                ^^^^
   |
   = note: import resolution is stuck, try simplifying macro imports

error: cannot determine resolution for the macro `date`
  --> tests/integration/date.rs:50:16
   |
50 |     assert_eq!(date!(2023 - 01 - 07).monday_based_week(), 1);
   |                ^^^^
   |
   = note: import resolution is stuck, try simplifying macro imports

error: cannot determine resolution for the macro `date`
  --> tests/integration/date.rs:53:16
   |
53 |     assert_eq!(date!(2022 - 01 - 01).monday_based_week(), 0);
   |                ^^^^
   |
   = note: import resolution is stuck, try simplifying macro imports

error: cannot determine resolution for the macro `date`
  --> tests/integration/date.rs:54:16
   |
54 |     assert_eq!(date!(2022 - 01 - 02).monday_based_week(), 0);
   |                ^^^^
   |
   = note: import resolution is stuck, try simplifying macro imports

error: cannot determine resolution for the macro `date`
  --> tests/integration/date.rs:55:16
   |
55 |     assert_eq!(date!(2022 - 01 - 03).monday_based_week(), 1);
   |                ^^^^
   |
   = note: import resolution is stuck, try simplifying macro imports

error: cannot determine resolution for the macro `date`
  --> tests/integration/date.rs:56:16
   |
56 |     assert_eq!(date!(2022 - 01 - 04).monday_based_week(), 1);
   |                ^^^^
   |
   = note: import resolution is stuck, try simplifying macro imports

error: cannot determine resolution for the macro `date`
  --> tests/integration/date.rs:57:16
   |
57 |     assert_eq!(date!(2022 - 01 - 05).monday_based_week(), 1);
   |                ^^^^
   |
   = note: import resolution is stuck, try simplifying macro imports

error: cannot determine resolution for the macro `date`
  --> tests/integration/date.rs:58:16
   |
58 |     assert_eq!(date!(2022 - 01 - 06).monday_based_week(), 1);
   |                ^^^^
   |
   = note: import resolution is stuck, try simplifying macro imports

error: cannot determine resolution for the macro `date`
  --> tests/integration/date.rs:59:16
   |
59 |     assert_eq!(date!(2022 - 01 - 07).monday_based_week(), 1);
   |                ^^^^
   |
   = note: import resolution is stuck, try simplifying macro imports

error: cannot determine resolution for the macro `date`
  --> tests/integration/date.rs:62:16
   |
62 |     assert_eq!(date!(2021 - 01 - 01).monday_based_week(), 0);
   |                ^^^^
   |
   = note: import resolution is stuck, try simplifying macro imports

error: cannot determine resolution for the macro `date`
  --> tests/integration/date.rs:63:16
   |
63 |     assert_eq!(date!(2021 - 01 - 02).monday_based_week(), 0);
   |                ^^^^
   |
   = note: import resolution is stuck, try simplifying macro imports

error: cannot determine resolution for the macro `date`
  --> tests/integration/date.rs:64:16
   |
64 |     assert_eq!(date!(2021 - 01 - 03).monday_based_week(), 0);
   |                ^^^^
   |
   = note: import resolution is stuck, try simplifying macro imports

error: cannot determine resolution for the macro `date`
  --> tests/integration/date.rs:65:16
   |
65 |     assert_eq!(date!(2021 - 01 - 04).monday_based_week(), 1);
   |                ^^^^
   |
   = note: import resolution is stuck, try simplifying macro imports

error: cannot determine resolution for the macro `date`
  --> tests/integration/date.rs:66:16
   |
66 |     assert_eq!(date!(2021 - 01 - 05).monday_based_week(), 1);
   |                ^^^^
   |
   = note: import resolution is stuck, try simplifying macro imports

error: cannot determine resolution for the macro `date`
  --> tests/integration/date.rs:67:16
   |
67 |     assert_eq!(date!(2021 - 01 - 06).monday_based_week(), 1);
   |                ^^^^
   |
   = note: import resolution is stuck, try simplifying macro imports

error: cannot determine resolution for the macro `date`
  --> tests/integration/date.rs:68:16
   |
68 |     assert_eq!(date!(2021 - 01 - 07).monday_based_week(), 1);
   |                ^^^^
   |
   = note: import resolution is stuck, try simplifying macro imports

error: cannot determine resolution for the macro `date`
  --> tests/integration/date.rs:71:16
   |
71 |     assert_eq!(date!(2026 - 01 - 01).monday_based_week(), 0);
   |                ^^^^
   |
   = note: import resolution is stuck, try simplifying macro imports

error: cannot determine resolution for the macro `date`
  --> tests/integration/date.rs:72:16
   |
72 |     assert_eq!(date!(2026 - 01 - 02).monday_based_week(), 0);
   |                ^^^^
   |
   = note: import resolution is stuck, try simplifying macro imports

error: cannot determine resolution for the macro `date`
  --> tests/integration/date.rs:73:16
   |
73 |     assert_eq!(date!(2026 - 01 - 03).monday_based_week(), 0);
   |                ^^^^
   |
   = note: import resolution is stuck, try simplifying macro imports

error: cannot determine resolution for the macro `date`
  --> tests/integration/date.rs:74:16
   |
74 |     assert_eq!(date!(2026 - 01 - 04).monday_based_week(), 0);
   |                ^^^^
   |
   = note: import resolution is stuck, try simplifying macro imports

error: cannot determine resolution for the macro `date`
  --> tests/integration/date.rs:75:16
   |
75 |     assert_eq!(date!(2026 - 01 - 05).monday_based_week(), 1);
   |                ^^^^
   |
   = note: import resolution is stuck, try simplifying macro imports

error: cannot determine resolution for the macro `date`
  --> tests/integration/date.rs:76:16
   |
76 |     assert_eq!(date!(2026 - 01 - 06).monday_based_week(), 1);
   |                ^^^^
   |
   = note: import resolution is stuck, try simplifying macro imports

error: cannot determine resolution for the macro `date`
  --> tests/integration/date.rs:77:16
   |
77 |     assert_eq!(date!(2026 - 01 - 07).monday_based_week(), 1);
   |                ^^^^
   |
   = note: import resolution is stuck, try simplifying macro imports

error: cannot determine resolution for the macro `date`
  --> tests/integration/date.rs:80:16
   |
80 |     assert_eq!(date!(2025 - 01 - 01).monday_based_week(), 0);
   |                ^^^^
   |
   = note: import resolution is stuck, try simplifying macro imports

error: cannot determine resolution for the macro `date`
  --> tests/integration/date.rs:81:16
   |
81 |     assert_eq!(date!(2025 - 01 - 02).monday_based_week(), 0);
   |                ^^^^
   |
   = note: import resolution is stuck, try simplifying macro imports

error: cannot determine resolution for the macro `date`
  --> tests/integration/date.rs:82:16
   |
82 |     assert_eq!(date!(2025 - 01 - 03).monday_based_week(), 0);
   |                ^^^^
   |
   = note: import resolution is stuck, try simplifying macro imports

error: cannot determine resolution for the macro `date`
  --> tests/integration/date.rs:83:16
   |
83 |     assert_eq!(date!(2025 - 01 - 04).monday_based_week(), 0);
   |                ^^^^
   |
   = note: import resolution is stuck, try simplifying macro imports

error: cannot determine resolution for the macro `date`
  --> tests/integration/date.rs:84:16
   |
84 |     assert_eq!(date!(2025 - 01 - 05).monday_based_week(), 0);
   |                ^^^^
   |
   = note: import resolution is stuck, try simplifying macro imports

error: cannot determine resolution for the macro `date`
  --> tests/integration/date.rs:85:16
   |
85 |     assert_eq!(date!(2025 - 01 - 06).monday_based_week(), 1);
   |                ^^^^
   |
   = note: import resolution is stuck, try simplifying macro imports

error: cannot determine resolution for the macro `date`
  --> tests/integration/date.rs:86:16
   |
86 |     assert_eq!(date!(2025 - 01 - 07).monday_based_week(), 1);
   |                ^^^^
   |
   = note: import resolution is stuck, try simplifying macro imports

error: cannot determine resolution for the macro `date`
  --> tests/integration/date.rs:89:16
   |
89 |     assert_eq!(date!(2019 - 01 - 01).monday_based_week(), 0);
   |                ^^^^
   |
   = note: import resolution is stuck, try simplifying macro imports

error: cannot determine resolution for the macro `date`
  --> tests/integration/date.rs:90:16
   |
90 |     assert_eq!(date!(2019 - 01 - 02).monday_based_week(), 0);
   |                ^^^^
   |
   = note: import resolution is stuck, try simplifying macro imports

error: cannot determine resolution for the macro `date`
  --> tests/integration/date.rs:91:16
   |
91 |     assert_eq!(date!(2019 - 01 - 03).monday_based_week(), 0);
   |                ^^^^
   |
   = note: import resolution is stuck, try simplifying macro imports

error: cannot determine resolution for the macro `date`
  --> tests/integration/date.rs:92:16
   |
92 |     assert_eq!(date!(2019 - 01 - 04).monday_based_week(), 0);
   |                ^^^^
   |
   = note: import resolution is stuck, try simplifying macro imports

error: cannot determine resolution for the macro `date`
  --> tests/integration/date.rs:93:16
   |
93 |     assert_eq!(date!(2019 - 01 - 05).monday_based_week(), 0);
   |                ^^^^
   |
   = note: import resolution is stuck, try simplifying macro imports

error: cannot determine resolution for the macro `date`
  --> tests/integration/date.rs:94:16
   |
94 |     assert_eq!(date!(2019 - 01 - 06).monday_based_week(), 0);
   |                ^^^^
   |
   = note: import resolution is stuck, try simplifying macro imports

error: cannot determine resolution for the macro `date`
  --> tests/integration/date.rs:95:16
   |
95 |     assert_eq!(date!(2019 - 01 - 07).monday_based_week(), 1);
   |                ^^^^
   |
   = note: import resolution is stuck, try simplifying macro imports

error: cannot determine resolution for the macro `date`
  --> tests/integration/date.rs:98:16
   |
98 |     assert_eq!(date!(2018 - 01 - 01).monday_based_week(), 1);
   |                ^^^^
   |
   = note: import resolution is stuck, try simplifying macro imports

error: cannot determine resolution for the macro `date`
  --> tests/integration/date.rs:99:16
   |
99 |     assert_eq!(date!(2018 - 01 - 02).monday_based_week(), 1);
   |                ^^^^
   |
   = note: import resolution is stuck, try simplifying macro imports

error: cannot determine resolution for the macro `date`
   --> tests/integration/date.rs:100:16
    |
100 |     assert_eq!(date!(2018 - 01 - 03).monday_based_week(), 1);
    |                ^^^^
    |
    = note: import resolution is stuck, try simplifying macro imports

error: cannot determine resolution for the macro `date`
   --> tests/integration/date.rs:101:16
    |
101 |     assert_eq!(date!(2018 - 01 - 04).monday_based_week(), 1);
    |                ^^^^
    |
    = note: import resolution is stuck, try simplifying macro imports

error: cannot determine resolution for the macro `date`
   --> tests/integration/date.rs:102:16
    |
102 |     assert_eq!(date!(2018 - 01 - 05).monday_based_week(), 1);
    |                ^^^^
    |
    = note: import resolution is stuck, try simplifying macro imports

error: cannot determine resolution for the macro `date`
   --> tests/integration/date.rs:103:16
    |
103 |     assert_eq!(date!(2018 - 01 - 06).monday_based_week(), 1);
    |                ^^^^
    |
    = note: import resolution is stuck, try simplifying macro imports

error: cannot determine resolution for the macro `date`
   --> tests/integration/date.rs:104:16
    |
104 |     assert_eq!(date!(2018 - 01 - 07).monday_based_week(), 1);
    |                ^^^^
    |
    = note: import resolution is stuck, try simplifying macro imports

error: cannot determine resolution for the macro `date`
   --> tests/integration/date.rs:107:16
    |
107 |     assert_eq!(date!(2012 - 01 - 01).monday_based_week(), 0);
    |                ^^^^
    |
    = note: import resolution is stuck, try simplifying macro imports

error: cannot determine resolution for the macro `date`
   --> tests/integration/date.rs:108:16
    |
108 |     assert_eq!(date!(2012 - 01 - 02).monday_based_week(), 1);
    |                ^^^^
    |
    = note: import resolution is stuck, try simplifying macro imports

error: cannot determine resolution for the macro `date`
   --> tests/integration/date.rs:109:16
    |
109 |     assert_eq!(date!(2012 - 01 - 03).monday_based_week(), 1);
    |                ^^^^
    |
    = note: import resolution is stuck, try simplifying macro imports

error: cannot determine resolution for the macro `date`
   --> tests/integration/date.rs:110:16
    |
110 |     assert_eq!(date!(2012 - 01 - 04).monday_based_week(), 1);
    |                ^^^^
    |
    = note: import resolution is stuck, try simplifying macro imports

error: cannot determine resolution for the macro `date`
   --> tests/integration/date.rs:111:16
    |
111 |     assert_eq!(date!(2012 - 01 - 05).monday_based_week(), 1);
    |                ^^^^
    |
    = note: import resolution is stuck, try simplifying macro imports

error: cannot determine resolution for the macro `date`
   --> tests/integration/date.rs:112:16
    |
112 |     assert_eq!(date!(2012 - 01 - 06).monday_based_week(), 1);
    |                ^^^^
    |
    = note: import resolution is stuck, try simplifying macro imports

error: cannot determine resolution for the macro `date`
   --> tests/integration/date.rs:113:16
    |
113 |     assert_eq!(date!(2012 - 01 - 07).monday_based_week(), 1);
    |                ^^^^
    |
    = note: import resolution is stuck, try simplifying macro imports

error: cannot determine resolution for the macro `date`
   --> tests/integration/date.rs:114:16
    |
114 |     assert_eq!(date!(2012 - 02 - 28).monday_based_week(), 9);
    |                ^^^^
    |
    = note: import resolution is stuck, try simplifying macro imports

error: cannot determine resolution for the macro `date`
   --> tests/integration/date.rs:115:16
    |
115 |     assert_eq!(date!(2012 - 02 - 29).monday_based_week(), 9);
    |                ^^^^
    |
    = note: import resolution is stuck, try simplifying macro imports

error: cannot determine resolution for the macro `date`
   --> tests/integration/date.rs:116:16
    |
116 |     assert_eq!(date!(2012 - 03 - 01).monday_based_week(), 9);
    |                ^^^^
    |
    = note: import resolution is stuck, try simplifying macro imports

error: cannot determine resolution for the macro `date`
   --> tests/integration/date.rs:117:16
    |
117 |     assert_eq!(date!(2012 - 03 - 02).monday_based_week(), 9);
    |                ^^^^
    |
    = note: import resolution is stuck, try simplifying macro imports

error: cannot determine resolution for the macro `date`
   --> tests/integration/date.rs:118:16
    |
118 |     assert_eq!(date!(2012 - 03 - 03).monday_based_week(), 9);
    |                ^^^^
    |
    = note: import resolution is stuck, try simplifying macro imports

error: cannot determine resolution for the macro `date`
   --> tests/integration/date.rs:119:16
    |
119 |     assert_eq!(date!(2012 - 03 - 04).monday_based_week(), 9);
    |                ^^^^
    |
    = note: import resolution is stuck, try simplifying macro imports

error: cannot determine resolution for the macro `date`
   --> tests/integration/date.rs:120:16
    |
120 |     assert_eq!(date!(2012 - 03 - 05).monday_based_week(), 10);
    |                ^^^^
    |
    = note: import resolution is stuck, try simplifying macro imports

error: cannot determine resolution for the macro `date`
   --> tests/integration/date.rs:121:16
    |
121 |     assert_eq!(date!(2012 - 03 - 06).monday_based_week(), 10);
    |                ^^^^
    |
    = note: import resolution is stuck, try simplifying macro imports

error: cannot determine resolution for the macro `date`
   --> tests/integration/date.rs:122:16
    |
122 |     assert_eq!(date!(2012 - 03 - 07).monday_based_week(), 10);
    |                ^^^^
    |
    = note: import resolution is stuck, try simplifying macro imports

error: cannot determine resolution for the macro `date`
   --> tests/integration/date.rs:125:16
    |
125 |     assert_eq!(date!(2028 - 01 - 01).monday_based_week(), 0);
    |                ^^^^
    |
    = note: import resolution is stuck, try simplifying macro imports

error: cannot determine resolution for the macro `date`
   --> tests/integration/date.rs:126:16
    |
126 |     assert_eq!(date!(2028 - 01 - 02).monday_based_week(), 0);
    |                ^^^^
    |
    = note: import resolution is stuck, try simplifying macro imports

error: cannot determine resolution for the macro `date`
   --> tests/integration/date.rs:127:16
    |
127 |     assert_eq!(date!(2028 - 01 - 03).monday_based_week(), 1);
    |                ^^^^
    |
    = note: import resolution is stuck, try simplifying macro imports

error: cannot determine resolution for the macro `date`
   --> tests/integration/date.rs:128:16
    |
128 |     assert_eq!(date!(2028 - 01 - 04).monday_based_week(), 1);
    |                ^^^^
    |
    = note: import resolution is stuck, try simplifying macro imports

error: cannot determine resolution for the macro `date`
   --> tests/integration/date.rs:129:16
    |
129 |     assert_eq!(date!(2028 - 01 - 05).monday_based_week(), 1);
    |                ^^^^
    |
    = note: import resolution is stuck, try simplifying macro imports

error: cannot determine resolution for the macro `date`
   --> tests/integration/date.rs:130:16
    |
130 |     assert_eq!(date!(2028 - 01 - 06).monday_based_week(), 1);
    |                ^^^^
    |
    = note: import resolution is stuck, try simplifying macro imports

error: cannot determine resolution for the macro `date`
   --> tests/integration/date.rs:131:16
    |
131 |     assert_eq!(date!(2028 - 01 - 07).monday_based_week(), 1);
    |                ^^^^
    |
    = note: import resolution is stuck, try simplifying macro imports

error: cannot determine resolution for the macro `date`
   --> tests/integration/date.rs:132:16
    |
132 |     assert_eq!(date!(2028 - 02 - 28).monday_based_week(), 9);
    |                ^^^^
    |
    = note: import resolution is stuck, try simplifying macro imports

error: cannot determine resolution for the macro `date`
   --> tests/integration/date.rs:133:16
    |
133 |     assert_eq!(date!(2028 - 02 - 29).monday_based_week(), 9);
    |                ^^^^
    |
    = note: import resolution is stuck, try simplifying macro imports

error: cannot determine resolution for the macro `date`
   --> tests/integration/date.rs:134:16
    |
134 |     assert_eq!(date!(2028 - 03 - 01).monday_based_week(), 9);
    |                ^^^^
    |
    = note: import resolution is stuck, try simplifying macro imports

error: cannot determine resolution for the macro `date`
   --> tests/integration/date.rs:135:16
    |
135 |     assert_eq!(date!(2028 - 03 - 02).monday_based_week(), 9);
    |                ^^^^
    |
    = note: import resolution is stuck, try simplifying macro imports

error: cannot determine resolution for the macro `date`
   --> tests/integration/date.rs:136:16
    |
136 |     assert_eq!(date!(2028 - 03 - 03).monday_based_week(), 9);
    |                ^^^^
    |
    = note: import resolution is stuck, try simplifying macro imports

error: cannot determine resolution for the macro `date`
   --> tests/integration/date.rs:137:16
    |
137 |     assert_eq!(date!(2028 - 03 - 04).monday_based_week(), 9);
    |                ^^^^
    |
    = note: import resolution is stuck, try simplifying macro imports

error: cannot determine resolution for the macro `date`
   --> tests/integration/date.rs:138:16
    |
138 |     assert_eq!(date!(2028 - 03 - 05).monday_based_week(), 9);
    |                ^^^^
    |
    = note: import resolution is stuck, try simplifying macro imports

error: cannot determine resolution for the macro `date`
   --> tests/integration/date.rs:139:16
    |
139 |     assert_eq!(date!(2028 - 03 - 06).monday_based_week(), 10);
    |                ^^^^
    |
    = note: import resolution is stuck, try simplifying macro imports

error: cannot determine resolution for the macro `date`
   --> tests/integration/date.rs:140:16
    |
140 |     assert_eq!(date!(2028 - 03 - 07).monday_based_week(), 10);
    |                ^^^^
    |
    = note: import resolution is stuck, try simplifying macro imports

error: cannot determine resolution for the macro `date`
   --> tests/integration/date.rs:143:16
    |
143 |     assert_eq!(date!(2016 - 01 - 01).monday_based_week(), 0);
    |                ^^^^
    |
    = note: import resolution is stuck, try simplifying macro imports

error: cannot determine resolution for the macro `date`
   --> tests/integration/date.rs:144:16
    |
144 |     assert_eq!(date!(2016 - 01 - 02).monday_based_week(), 0);
    |                ^^^^
    |
    = note: import resolution is stuck, try simplifying macro imports

error: cannot determine resolution for the macro `date`
   --> tests/integration/date.rs:145:16
    |
145 |     assert_eq!(date!(2016 - 01 - 03).monday_based_week(), 0);
    |                ^^^^
    |
    = note: import resolution is stuck, try simplifying macro imports

error: cannot determine resolution for the macro `date`
   --> tests/integration/date.rs:146:16
    |
146 |     assert_eq!(date!(2016 - 01 - 04).monday_based_week(), 1);
    |                ^^^^
    |
    = note: import resolution is stuck, try simplifying macro imports

error: cannot determine resolution for the macro `date`
   --> tests/integration/date.rs:147:16
    |
147 |     assert_eq!(date!(2016 - 01 - 05).monday_based_week(), 1);
    |                ^^^^
    |
    = note: import resolution is stuck, try simplifying macro imports

error: cannot determine resolution for the macro `date`
   --> tests/integration/date.rs:148:16
    |
148 |     assert_eq!(date!(2016 - 01 - 06).monday_based_week(), 1);
    |                ^^^^
    |
    = note: import resolution is stuck, try simplifying macro imports

error: cannot determine resolution for the macro `date`
   --> tests/integration/date.rs:149:16
    |
149 |     assert_eq!(date!(2016 - 01 - 07).monday_based_week(), 1);
    |                ^^^^
    |
    = note: import resolution is stuck, try simplifying macro imports

error: cannot determine resolution for the macro `date`
   --> tests/integration/date.rs:150:16
    |
150 |     assert_eq!(date!(2016 - 02 - 28).monday_based_week(), 8);
    |                ^^^^
    |
    = note: import resolution is stuck, try simplifying macro imports

error: cannot determine resolution for the macro `date`
   --> tests/integration/date.rs:151:16
    |
151 |     assert_eq!(date!(2016 - 02 - 29).monday_based_week(), 9);
    |                ^^^^
    |
    = note: import resolution is stuck, try simplifying macro imports

error: cannot determine resolution for the macro `date`
   --> tests/integration/date.rs:152:16
    |
152 |     assert_eq!(date!(2016 - 03 - 01).monday_based_week(), 9);
    |                ^^^^
    |
    = note: import resolution is stuck, try simplifying macro imports

error: cannot determine resolution for the macro `date`
   --> tests/integration/date.rs:153:16
    |
153 |     assert_eq!(date!(2016 - 03 - 02).monday_based_week(), 9);
    |                ^^^^
    |
    = note: import resolution is stuck, try simplifying macro imports

error: cannot determine resolution for the macro `date`
   --> tests/integration/date.rs:154:16
    |
154 |     assert_eq!(date!(2016 - 03 - 03).monday_based_week(), 9);
    |                ^^^^
    |
    = note: import resolution is stuck, try simplifying macro imports

error: cannot determine resolution for the macro `date`
   --> tests/integration/date.rs:155:16
    |
155 |     assert_eq!(date!(2016 - 03 - 04).monday_based_week(), 9);
    |                ^^^^
    |
    = note: import resolution is stuck, try simplifying macro imports

error: cannot determine resolution for the macro `date`
   --> tests/integration/date.rs:156:16
    |
156 |     assert_eq!(date!(2016 - 03 - 05).monday_based_week(), 9);
    |                ^^^^
    |
    = note: import resolution is stuck, try simplifying macro imports

error: cannot determine resolution for the macro `date`
   --> tests/integration/date.rs:157:16
    |
157 |     assert_eq!(date!(2016 - 03 - 06).monday_based_week(), 9);
    |                ^^^^
    |
    = note: import resolution is stuck, try simplifying macro imports

error: cannot determine resolution for the macro `date`
   --> tests/integration/date.rs:158:16
    |
158 |     assert_eq!(date!(2016 - 03 - 07).monday_based_week(), 10);
    |                ^^^^
    |
    = note: import resolution is stuck, try simplifying macro imports

error: cannot determine resolution for the macro `date`
   --> tests/integration/date.rs:161:16
    |
161 |     assert_eq!(date!(2032 - 01 - 01).monday_based_week(), 0);
    |                ^^^^
    |
    = note: import resolution is stuck, try simplifying macro imports

error: cannot determine resolution for the macro `date`
   --> tests/integration/date.rs:162:16
    |
162 |     assert_eq!(date!(2032 - 01 - 02).monday_based_week(), 0);
    |                ^^^^
    |
    = note: import resolution is stuck, try simplifying macro imports

error: cannot determine resolution for the macro `date`
   --> tests/integration/date.rs:163:16
    |
163 |     assert_eq!(date!(2032 - 01 - 03).monday_based_week(), 0);
    |                ^^^^
    |
    = note: import resolution is stuck, try simplifying macro imports

error: cannot determine resolution for the macro `date`
   --> tests/integration/date.rs:164:16
    |
164 |     assert_eq!(date!(2032 - 01 - 04).monday_based_week(), 0);
    |                ^^^^
    |
    = note: import resolution is stuck, try simplifying macro imports

error: cannot determine resolution for the macro `date`
   --> tests/integration/date.rs:165:16
    |
165 |     assert_eq!(date!(2032 - 01 - 05).monday_based_week(), 1);
    |                ^^^^
    |
    = note: import resolution is stuck, try simplifying macro imports

error: cannot determine resolution for the macro `date`
   --> tests/integration/date.rs:166:16
    |
166 |     assert_eq!(date!(2032 - 01 - 06).monday_based_week(), 1);
    |                ^^^^
    |
    = note: import resolution is stuck, try simplifying macro imports

error: cannot determine resolution for the macro `date`
   --> tests/integration/date.rs:167:16
    |
167 |     assert_eq!(date!(2032 - 01 - 07).monday_based_week(), 1);
    |                ^^^^
    |
    = note: import resolution is stuck, try simplifying macro imports

error: cannot determine resolution for the macro `date`
   --> tests/integration/date.rs:168:16
    |
168 |     assert_eq!(date!(2032 - 02 - 28).monday_based_week(), 8);
    |                ^^^^
    |
    = note: import resolution is stuck, try simplifying macro imports

error: cannot determine resolution for the macro `date`
   --> tests/integration/date.rs:169:16
    |
169 |     assert_eq!(date!(2032 - 02 - 29).monday_based_week(), 8);
    |                ^^^^
    |
    = note: import resolution is stuck, try simplifying macro imports

error: cannot determine resolution for the macro `date`
   --> tests/integration/date.rs:170:16
    |
170 |     assert_eq!(date!(2032 - 03 - 01).monday_based_week(), 9);
    |                ^^^^
    |
    = note: import resolution is stuck, try simplifying macro imports

error: cannot determine resolution for the macro `date`
   --> tests/integration/date.rs:171:16
    |
171 |     assert_eq!(date!(2032 - 03 - 02).monday_based_week(), 9);
    |                ^^^^
    |
    = note: import resolution is stuck, try simplifying macro imports

error: cannot determine resolution for the macro `date`
   --> tests/integration/date.rs:172:16
    |
172 |     assert_eq!(date!(2032 - 03 - 03).monday_based_week(), 9);
    |                ^^^^
    |
    = note: import resolution is stuck, try simplifying macro imports

error: cannot determine resolution for the macro `date`
   --> tests/integration/date.rs:173:16
    |
173 |     assert_eq!(date!(2032 - 03 - 04).monday_based_week(), 9);
    |                ^^^^
    |
    = note: import resolution is stuck, try simplifying macro imports

error: cannot determine resolution for the macro `date`
   --> tests/integration/date.rs:174:16
    |
174 |     assert_eq!(date!(2032 - 03 - 05).monday_based_week(), 9);
    |                ^^^^
    |
    = note: import resolution is stuck, try simplifying macro imports

error: cannot determine resolution for the macro `date`
   --> tests/integration/date.rs:175:16
    |
175 |     assert_eq!(date!(2032 - 03 - 06).monday_based_week(), 9);
    |                ^^^^
    |
    = note: import resolution is stuck, try simplifying macro imports

error: cannot determine resolution for the macro `date`
   --> tests/integration/date.rs:176:16
    |
176 |     assert_eq!(date!(2032 - 03 - 07).monday_based_week(), 9);
    |                ^^^^
    |
    = note: import resolution is stuck, try simplifying macro imports

error: cannot determine resolution for the macro `date`
   --> tests/integration/date.rs:179:16
    |
179 |     assert_eq!(date!(2020 - 01 - 01).monday_based_week(), 0);
    |                ^^^^
    |
    = note: import resolution is stuck, try simplifying macro imports

error: cannot determine resolution for the macro `date`
   --> tests/integration/date.rs:180:16
    |
180 |     assert_eq!(date!(2020 - 01 - 02).monday_based_week(), 0);
    |                ^^^^
    |
    = note: import resolution is stuck, try simplifying macro imports

error: cannot determine resolution for the macro `date`
   --> tests/integration/date.rs:181:16
    |
181 |     assert_eq!(date!(2020 - 01 - 03).monday_based_week(), 0);
    |                ^^^^
    |
    = note: import resolution is stuck, try simplifying macro imports

error: cannot determine resolution for the macro `date`
   --> tests/integration/date.rs:182:16
    |
182 |     assert_eq!(date!(2020 - 01 - 04).monday_based_week(), 0);
    |                ^^^^
    |
    = note: import resolution is stuck, try simplifying macro imports

error: cannot determine resolution for the macro `date`
   --> tests/integration/date.rs:183:16
    |
183 |     assert_eq!(date!(2020 - 01 - 05).monday_based_week(), 0);
    |                ^^^^
    |
    = note: import resolution is stuck, try simplifying macro imports

error: cannot determine resolution for the macro `date`
   --> tests/integration/date.rs:184:16
    |
184 |     assert_eq!(date!(2020 - 01 - 06).monday_based_week(), 1);
    |                ^^^^
    |
    = note: import resolution is stuck, try simplifying macro imports

error: cannot determine resolution for the macro `date`
   --> tests/integration/date.rs:185:16
    |
185 |     assert_eq!(date!(2020 - 01 - 07).monday_based_week(), 1);
    |                ^^^^
    |
    = note: import resolution is stuck, try simplifying macro imports

error: cannot determine resolution for the macro `date`
   --> tests/integration/date.rs:186:16
    |
186 |     assert_eq!(date!(2020 - 02 - 28).monday_based_week(), 8);
    |                ^^^^
    |
    = note: import resolution is stuck, try simplifying macro imports

error: cannot determine resolution for the macro `date`
   --> tests/integration/date.rs:187:16
    |
187 |     assert_eq!(date!(2020 - 02 - 29).monday_based_week(), 8);
    |                ^^^^
    |
    = note: import resolution is stuck, try simplifying macro imports

error: cannot determine resolution for the macro `date`
   --> tests/integration/date.rs:188:16
    |
188 |     assert_eq!(date!(2020 - 03 - 01).monday_based_week(), 8);
    |                ^^^^
    |
    = note: import resolution is stuck, try simplifying macro imports

error: cannot determine resolution for the macro `date`
   --> tests/integration/date.rs:189:16
    |
189 |     assert_eq!(date!(2020 - 03 - 02).monday_based_week(), 9);
    |                ^^^^
    |
    = note: import resolution is stuck, try simplifying macro imports

error: cannot determine resolution for the macro `date`
   --> tests/integration/date.rs:190:16
    |
190 |     assert_eq!(date!(2020 - 03 - 03).monday_based_week(), 9);
    |                ^^^^
    |
    = note: import resolution is stuck, try simplifying macro imports

error: cannot determine resolution for the macro `date`
   --> tests/integration/date.rs:191:16
    |
191 |     assert_eq!(date!(2020 - 03 - 04).monday_based_week(), 9);
    |                ^^^^
    |
    = note: import resolution is stuck, try simplifying macro imports

error: cannot determine resolution for the macro `date`
   --> tests/integration/date.rs:192:16
    |
192 |     assert_eq!(date!(2020 - 03 - 05).monday_based_week(), 9);
    |                ^^^^
    |
    = note: import resolution is stuck, try simplifying macro imports

error: cannot determine resolution for the macro `date`
   --> tests/integration/date.rs:193:16
    |
193 |     assert_eq!(date!(2020 - 03 - 06).monday_based_week(), 9);
    |                ^^^^
    |
    = note: import resolution is stuck, try simplifying macro imports

error: cannot determine resolution for the macro `date`
   --> tests/integration/date.rs:194:16
    |
194 |     assert_eq!(date!(2020 - 03 - 07).monday_based_week(), 9);
    |                ^^^^
    |
    = note: import resolution is stuck, try simplifying macro imports

error: cannot determine resolution for the macro `date`
   --> tests/integration/date.rs:197:16
    |
197 |     assert_eq!(date!(2036 - 01 - 01).monday_based_week(), 0);
    |                ^^^^
    |
    = note: import resolution is stuck, try simplifying macro imports

error: cannot determine resolution for the macro `date`
   --> tests/integration/date.rs:198:16
    |
198 |     assert_eq!(date!(2036 - 01 - 02).monday_based_week(), 0);
    |                ^^^^
    |
    = note: import resolution is stuck, try simplifying macro imports

error: cannot determine resolution for the macro `date`
   --> tests/integration/date.rs:199:16
    |
199 |     assert_eq!(date!(2036 - 01 - 03).monday_based_week(), 0);
    |                ^^^^
    |
    = note: import resolution is stuck, try simplifying macro imports

error: cannot determine resolution for the macro `date`
   --> tests/integration/date.rs:200:16
    |
200 |     assert_eq!(date!(2036 - 01 - 04).monday_based_week(), 0);
    |                ^^^^
    |
    = note: import resolution is stuck, try simplifying macro imports

error: cannot determine resolution for the macro `date`
   --> tests/integration/date.rs:201:16
    |
201 |     assert_eq!(date!(2036 - 01 - 05).monday_based_week(), 0);
    |                ^^^^
    |
    = note: import resolution is stuck, try simplifying macro imports

error: cannot determine resolution for the macro `date`
   --> tests/integration/date.rs:202:16
    |
202 |     assert_eq!(date!(2036 - 01 - 06).monday_based_week(), 0);
    |                ^^^^
    |
    = note: import resolution is stuck, try simplifying macro imports

error: cannot determine resolution for the macro `date`
   --> tests/integration/date.rs:203:16
    |
203 |     assert_eq!(date!(2036 - 01 - 07).monday_based_week(), 1);
    |                ^^^^
    |
    = note: import resolution is stuck, try simplifying macro imports

error: cannot determine resolution for the macro `date`
   --> tests/integration/date.rs:204:16
    |
204 |     assert_eq!(date!(2036 - 02 - 28).monday_based_week(), 8);
    |                ^^^^
    |
    = note: import resolution is stuck, try simplifying macro imports

error: cannot determine resolution for the macro `date`
   --> tests/integration/date.rs:205:16
    |
205 |     assert_eq!(date!(2036 - 02 - 29).monday_based_week(), 8);
    |                ^^^^
    |
    = note: import resolution is stuck, try simplifying macro imports

error: cannot determine resolution for the macro `date`
   --> tests/integration/date.rs:206:16
    |
206 |     assert_eq!(date!(2036 - 03 - 01).monday_based_week(), 8);
    |                ^^^^
    |
    = note: import resolution is stuck, try simplifying macro imports

error: cannot determine resolution for the macro `date`
   --> tests/integration/date.rs:207:16
    |
207 |     assert_eq!(date!(2036 - 03 - 02).monday_based_week(), 8);
    |                ^^^^
    |
    = note: import resolution is stuck, try simplifying macro imports

error: cannot determine resolution for the macro `date`
   --> tests/integration/date.rs:208:16
    |
208 |     assert_eq!(date!(2036 - 03 - 03).monday_based_week(), 9);
    |                ^^^^
    |
    = note: import resolution is stuck, try simplifying macro imports

error: cannot determine resolution for the macro `date`
   --> tests/integration/date.rs:209:16
    |
209 |     assert_eq!(date!(2036 - 03 - 04).monday_based_week(), 9);
    |                ^^^^
    |
    = note: import resolution is stuck, try simplifying macro imports

error: cannot determine resolution for the macro `date`
   --> tests/integration/date.rs:210:16
    |
210 |     assert_eq!(date!(2036 - 03 - 05).monday_based_week(), 9);
    |                ^^^^
    |
    = note: import resolution is stuck, try simplifying macro imports

error: cannot determine resolution for the macro `date`
   --> tests/integration/date.rs:211:16
    |
211 |     assert_eq!(date!(2036 - 03 - 06).monday_based_week(), 9);
    |                ^^^^
    |
    = note: import resolution is stuck, try simplifying macro imports

error: cannot determine resolution for the macro `date`
   --> tests/integration/date.rs:212:16
    |
212 |     assert_eq!(date!(2036 - 03 - 07).monday_based_week(), 9);
    |                ^^^^
    |
    = note: import resolution is stuck, try simplifying macro imports

error: cannot determine resolution for the macro `date`
   --> tests/integration/date.rs:215:16
    |
215 |     assert_eq!(date!(2024 - 01 - 01).monday_based_week(), 1);
    |                ^^^^
    |
    = note: import resolution is stuck, try simplifying macro imports

error: cannot determine resolution for the macro `date`
   --> tests/integration/date.rs:216:16
    |
216 |     assert_eq!(date!(2024 - 01 - 02).monday_based_week(), 1);
    |                ^^^^
    |
    = note: import resolution is stuck, try simplifying macro imports

error: cannot determine resolution for the macro `date`
   --> tests/integration/date.rs:217:16
    |
217 |     assert_eq!(date!(2024 - 01 - 03).monday_based_week(), 1);
    |                ^^^^
    |
    = note: import resolution is stuck, try simplifying macro imports

error: cannot determine resolution for the macro `date`
   --> tests/integration/date.rs:218:16
    |
218 |     assert_eq!(date!(2024 - 01 - 04).monday_based_week(), 1);
    |                ^^^^
    |
    = note: import resolution is stuck, try simplifying macro imports

error: cannot determine resolution for the macro `date`
   --> tests/integration/date.rs:219:16
    |
219 |     assert_eq!(date!(2024 - 01 - 05).monday_based_week(), 1);
    |                ^^^^
    |
    = note: import resolution is stuck, try simplifying macro imports

error: cannot determine resolution for the macro `date`
   --> tests/integration/date.rs:220:16
    |
220 |     assert_eq!(date!(2024 - 01 - 06).monday_based_week(), 1);
    |                ^^^^
    |
    = note: import resolution is stuck, try simplifying macro imports

error: cannot determine resolution for the macro `date`
   --> tests/integration/date.rs:221:16
    |
221 |     assert_eq!(date!(2024 - 01 - 07).monday_based_week(), 1);
    |                ^^^^
    |
    = note: import resolution is stuck, try simplifying macro imports

error: cannot determine resolution for the macro `date`
   --> tests/integration/date.rs:222:16
    |
222 |     assert_eq!(date!(2024 - 02 - 28).monday_based_week(), 9);
    |                ^^^^
    |
    = note: import resolution is stuck, try simplifying macro imports

error: cannot determine resolution for the macro `date`
   --> tests/integration/date.rs:223:16
    |
223 |     assert_eq!(date!(2024 - 02 - 29).monday_based_week(), 9);
    |                ^^^^
    |
    = note: import resolution is stuck, try simplifying macro imports

error: cannot determine resolution for the macro `date`
   --> tests/integration/date.rs:224:16
    |
224 |     assert_eq!(date!(2024 - 03 - 01).monday_based_week(), 9);
    |                ^^^^
    |
    = note: import resolution is stuck, try simplifying macro imports

error: cannot determine resolution for the macro `date`
   --> tests/integration/date.rs:225:16
    |
225 |     assert_eq!(date!(2024 - 03 - 02).monday_based_week(), 9);
    |                ^^^^
    |
    = note: import resolution is stuck, try simplifying macro imports

error: cannot determine resolution for the macro `date`
   --> tests/integration/date.rs:226:16
    |
226 |     assert_eq!(date!(2024 - 03 - 03).monday_based_week(), 9);
    |                ^^^^
    |
    = note: import resolution is stuck, try simplifying macro imports

error: cannot determine resolution for the macro `date`
   --> tests/integration/date.rs:227:16
    |
227 |     assert_eq!(date!(2024 - 03 - 04).monday_based_week(), 10);
    |                ^^^^
    |
    = note: import resolution is stuck, try simplifying macro imports

error: cannot determine resolution for the macro `date`
   --> tests/integration/date.rs:228:16
    |
228 |     assert_eq!(date!(2024 - 03 - 05).monday_based_week(), 10);
    |                ^^^^
    |
    = note: import resolution is stuck, try simplifying macro imports

error: cannot determine resolution for the macro `date`
   --> tests/integration/date.rs:229:16
    |
229 |     assert_eq!(date!(2024 - 03 - 06).monday_based_week(), 10);
    |                ^^^^
    |
    = note: import resolution is stuck, try simplifying macro imports

error: cannot determine resolution for the macro `date`
   --> tests/integration/date.rs:230:16
    |
230 |     assert_eq!(date!(2024 - 03 - 07).monday_based_week(), 10);
    |                ^^^^
    |
    = note: import resolution is stuck, try simplifying macro imports

error: cannot determine resolution for the macro `date`
   --> tests/integration/date.rs:236:16
    |
236 |     assert_eq!(date!(2023 - 01 - 01).sunday_based_week(), 1);
    |                ^^^^
    |
    = note: import resolution is stuck, try simplifying macro imports

error: cannot determine resolution for the macro `date`
   --> tests/integration/date.rs:237:16
    |
237 |     assert_eq!(date!(2023 - 01 - 02).sunday_based_week(), 1);
    |                ^^^^
    |
    = note: import resolution is stuck, try simplifying macro imports

error: cannot determine resolution for the macro `date`
   --> tests/integration/date.rs:238:16
    |
238 |     assert_eq!(date!(2023 - 01 - 03).sunday_based_week(), 1);
    |                ^^^^
    |
    = note: import resolution is stuck, try simplifying macro imports

error: cannot determine resolution for the macro `date`
   --> tests/integration/date.rs:239:16
    |
239 |     assert_eq!(date!(2023 - 01 - 04).sunday_based_week(), 1);
    |                ^^^^
    |
    = note: import resolution is stuck, try simplifying macro imports

error: cannot determine resolution for the macro `date`
   --> tests/integration/date.rs:240:16
    |
240 |     assert_eq!(date!(2023 - 01 - 05).sunday_based_week(), 1);
    |                ^^^^
    |
    = note: import resolution is stuck, try simplifying macro imports

error: cannot determine resolution for the macro `date`
   --> tests/integration/date.rs:241:16
    |
241 |     assert_eq!(date!(2023 - 01 - 06).sunday_based_week(), 1);
    |                ^^^^
    |
    = note: import resolution is stuck, try simplifying macro imports

error: cannot determine resolution for the macro `date`
   --> tests/integration/date.rs:242:16
    |
242 |     assert_eq!(date!(2023 - 01 - 07).sunday_based_week(), 1);
    |                ^^^^
    |
    = note: import resolution is stuck, try simplifying macro imports

error: cannot determine resolution for the macro `date`
   --> tests/integration/date.rs:245:16
    |
245 |     assert_eq!(date!(2022 - 01 - 01).sunday_based_week(), 0);
    |                ^^^^
    |
    = note: import resolution is stuck, try simplifying macro imports

error: cannot determine resolution for the macro `date`
   --> tests/integration/date.rs:246:16
    |
246 |     assert_eq!(date!(2022 - 01 - 02).sunday_based_week(), 1);
    |                ^^^^
    |
    = note: import resolution is stuck, try simplifying macro imports

error: cannot determine resolution for the macro `date`
   --> tests/integration/date.rs:247:16
    |
247 |     assert_eq!(date!(2022 - 01 - 03).sunday_based_week(), 1);
    |                ^^^^
    |
    = note: import resolution is stuck, try simplifying macro imports

error: cannot determine resolution for the macro `date`
   --> tests/integration/date.rs:248:16
    |
248 |     assert_eq!(date!(2022 - 01 - 04).sunday_based_week(), 1);
    |                ^^^^
    |
    = note: import resolution is stuck, try simplifying macro imports

error[E0599]: no method named `num_digits` found for type `u16` in the current scope
  --> src/tests.rs:35:24
   |
35 |     assert_eq!(999_u16.num_digits(), 3);
   |                        ^^^^^^^^^^ method not found in `u16`

error: cannot determine resolution for the macro `date`
   --> tests/integration/date.rs:249:16
    |
249 |     assert_eq!(date!(2022 - 01 - 05).sunday_based_week(), 1);
    |                ^^^^
    |
    = note: import resolution is stuck, try simplifying macro imports

error: cannot determine resolution for the macro `date`
   --> tests/integration/date.rs:250:16
    |
250 |     assert_eq!(date!(2022 - 01 - 06).sunday_based_week(), 1);
    |                ^^^^
    |
    = note: import resolution is stuck, try simplifying macro imports

error: cannot determine resolution for the macro `date`
   --> tests/integration/date.rs:251:16
    |
251 |     assert_eq!(date!(2022 - 01 - 07).sunday_based_week(), 1);
    |                ^^^^
    |
    = note: import resolution is stuck, try simplifying macro imports

error: cannot determine resolution for the macro `date`
   --> tests/integration/date.rs:254:16
    |
254 |     assert_eq!(date!(2021 - 01 - 01).sunday_based_week(), 0);
    |                ^^^^
    |
    = note: import resolution is stuck, try simplifying macro imports

error: cannot determine resolution for the macro `date`
   --> tests/integration/date.rs:255:16
    |
255 |     assert_eq!(date!(2021 - 01 - 02).sunday_based_week(), 0);
    |                ^^^^
    |
    = note: import resolution is stuck, try simplifying macro imports

error: cannot determine resolution for the macro `date`
   --> tests/integration/date.rs:256:16
    |
256 |     assert_eq!(date!(2021 - 01 - 03).sunday_based_week(), 1);
    |                ^^^^
    |
    = note: import resolution is stuck, try simplifying macro imports

error: cannot determine resolution for the macro `date`
   --> tests/integration/date.rs:257:16
    |
257 |     assert_eq!(date!(2021 - 01 - 04).sunday_based_week(), 1);
    |                ^^^^
    |
    = note: import resolution is stuck, try simplifying macro imports

error: cannot determine resolution for the macro `date`
   --> tests/integration/date.rs:258:16
    |
258 |     assert_eq!(date!(2021 - 01 - 05).sunday_based_week(), 1);
    |                ^^^^
    |
    = note: import resolution is stuck, try simplifying macro imports

error: cannot determine resolution for the macro `date`
   --> tests/integration/date.rs:259:16
    |
259 |     assert_eq!(date!(2021 - 01 - 06).sunday_based_week(), 1);
    |                ^^^^
    |
    = note: import resolution is stuck, try simplifying macro imports

error: cannot determine resolution for the macro `date`
   --> tests/integration/date.rs:260:16
    |
260 |     assert_eq!(date!(2021 - 01 - 07).sunday_based_week(), 1);
    |                ^^^^
    |
    = note: import resolution is stuck, try simplifying macro imports

error: cannot determine resolution for the macro `date`
   --> tests/integration/date.rs:263:16
    |
263 |     assert_eq!(date!(2026 - 01 - 01).sunday_based_week(), 0);
    |                ^^^^
    |
    = note: import resolution is stuck, try simplifying macro imports

error: cannot determine resolution for the macro `date`
   --> tests/integration/date.rs:264:16
    |
264 |     assert_eq!(date!(2026 - 01 - 02).sunday_based_week(), 0);
    |                ^^^^
    |
    = note: import resolution is stuck, try simplifying macro imports

error: cannot determine resolution for the macro `date`
   --> tests/integration/date.rs:265:16
    |
265 |     assert_eq!(date!(2026 - 01 - 03).sunday_based_week(), 0);
    |                ^^^^
    |
    = note: import resolution is stuck, try simplifying macro imports

error: cannot determine resolution for the macro `date`
   --> tests/integration/date.rs:266:16
    |
266 |     assert_eq!(date!(2026 - 01 - 04).sunday_based_week(), 1);
    |                ^^^^
    |
    = note: import resolution is stuck, try simplifying macro imports

error: cannot determine resolution for the macro `date`
   --> tests/integration/date.rs:267:16
    |
267 |     assert_eq!(date!(2026 - 01 - 05).sunday_based_week(), 1);
    |                ^^^^
    |
    = note: import resolution is stuck, try simplifying macro imports

error: cannot determine resolution for the macro `date`
   --> tests/integration/date.rs:268:16
    |
268 |     assert_eq!(date!(2026 - 01 - 06).sunday_based_week(), 1);
    |                ^^^^
    |
    = note: import resolution is stuck, try simplifying macro imports

error: cannot determine resolution for the macro `date`
   --> tests/integration/date.rs:269:16
    |
269 |     assert_eq!(date!(2026 - 01 - 07).sunday_based_week(), 1);
    |                ^^^^
    |
    = note: import resolution is stuck, try simplifying macro imports

error: cannot determine resolution for the macro `date`
   --> tests/integration/date.rs:272:16
    |
272 |     assert_eq!(date!(2025 - 01 - 01).sunday_based_week(), 0);
    |                ^^^^
    |
    = note: import resolution is stuck, try simplifying macro imports

error: cannot determine resolution for the macro `date`
   --> tests/integration/date.rs:273:16
    |
273 |     assert_eq!(date!(2025 - 01 - 02).sunday_based_week(), 0);
    |                ^^^^
    |
    = note: import resolution is stuck, try simplifying macro imports

error: cannot determine resolution for the macro `date`
   --> tests/integration/date.rs:274:16
    |
274 |     assert_eq!(date!(2025 - 01 - 03).sunday_based_week(), 0);
    |                ^^^^
    |
    = note: import resolution is stuck, try simplifying macro imports

error: cannot determine resolution for the macro `date`
   --> tests/integration/date.rs:275:16
    |
275 |     assert_eq!(date!(2025 - 01 - 04).sunday_based_week(), 0);
    |                ^^^^
    |
    = note: import resolution is stuck, try simplifying macro imports

error: cannot determine resolution for the macro `date`
   --> tests/integration/date.rs:276:16
    |
276 |     assert_eq!(date!(2025 - 01 - 05).sunday_based_week(), 1);
    |                ^^^^
    |
    = note: import resolution is stuck, try simplifying macro imports

error: cannot determine resolution for the macro `date`
   --> tests/integration/date.rs:277:16
    |
277 |     assert_eq!(date!(2025 - 01 - 06).sunday_based_week(), 1);
    |                ^^^^
    |
    = note: import resolution is stuck, try simplifying macro imports

error: cannot determine resolution for the macro `date`
   --> tests/integration/date.rs:278:16
    |
278 |     assert_eq!(date!(2025 - 01 - 07).sunday_based_week(), 1);
    |                ^^^^
    |
    = note: import resolution is stuck, try simplifying macro imports

error: cannot determine resolution for the macro `date`
   --> tests/integration/date.rs:281:16
    |
281 |     assert_eq!(date!(2019 - 01 - 01).sunday_based_week(), 0);
    |                ^^^^
    |
    = note: import resolution is stuck, try simplifying macro imports

error: cannot determine resolution for the macro `date`
   --> tests/integration/date.rs:282:16
    |
282 |     assert_eq!(date!(2019 - 01 - 02).sunday_based_week(), 0);
    |                ^^^^
    |
    = note: import resolution is stuck, try simplifying macro imports

error: cannot determine resolution for the macro `date`
   --> tests/integration/date.rs:283:16
    |
283 |     assert_eq!(date!(2019 - 01 - 03).sunday_based_week(), 0);
    |                ^^^^
    |
    = note: import resolution is stuck, try simplifying macro imports

error: cannot determine resolution for the macro `date`
   --> tests/integration/date.rs:284:16
    |
284 |     assert_eq!(date!(2019 - 01 - 04).sunday_based_week(), 0);
    |                ^^^^
    |
    = note: import resolution is stuck, try simplifying macro imports

error: cannot determine resolution for the macro `date`
   --> tests/integration/date.rs:285:16
    |
285 |     assert_eq!(date!(2019 - 01 - 05).sunday_based_week(), 0);
    |                ^^^^
    |
    = note: import resolution is stuck, try simplifying macro imports

error: cannot determine resolution for the macro `date`
   --> tests/integration/date.rs:286:16
    |
286 |     assert_eq!(date!(2019 - 01 - 06).sunday_based_week(), 1);
    |                ^^^^
    |
    = note: import resolution is stuck, try simplifying macro imports

error: cannot determine resolution for the macro `date`
   --> tests/integration/date.rs:287:16
    |
287 |     assert_eq!(date!(2019 - 01 - 07).sunday_based_week(), 1);
    |                ^^^^
    |
    = note: import resolution is stuck, try simplifying macro imports

error: cannot determine resolution for the macro `date`
   --> tests/integration/date.rs:290:16
    |
290 |     assert_eq!(date!(2018 - 01 - 01).sunday_based_week(), 0);
    |                ^^^^
    |
    = note: import resolution is stuck, try simplifying macro imports

error: cannot determine resolution for the macro `date`
   --> tests/integration/date.rs:291:16
    |
291 |     assert_eq!(date!(2018 - 01 - 02).sunday_based_week(), 0);
    |                ^^^^
    |
    = note: import resolution is stuck, try simplifying macro imports

error: cannot determine resolution for the macro `date`
   --> tests/integration/date.rs:292:16
    |
292 |     assert_eq!(date!(2018 - 01 - 03).sunday_based_week(), 0);
    |                ^^^^
    |
    = note: import resolution is stuck, try simplifying macro imports

error: cannot determine resolution for the macro `date`
   --> tests/integration/date.rs:293:16
    |
293 |     assert_eq!(date!(2018 - 01 - 04).sunday_based_week(), 0);
    |                ^^^^
    |
    = note: import resolution is stuck, try simplifying macro imports

error: cannot determine resolution for the macro `date`
   --> tests/integration/date.rs:294:16
    |
294 |     assert_eq!(date!(2018 - 01 - 05).sunday_based_week(), 0);
    |                ^^^^
    |
    = note: import resolution is stuck, try simplifying macro imports

error: cannot determine resolution for the macro `date`
   --> tests/integration/date.rs:295:16
    |
295 |     assert_eq!(date!(2018 - 01 - 06).sunday_based_week(), 0);
    |                ^^^^
    |
    = note: import resolution is stuck, try simplifying macro imports

error: cannot determine resolution for the macro `date`
   --> tests/integration/date.rs:296:16
    |
296 |     assert_eq!(date!(2018 - 01 - 07).sunday_based_week(), 1);
    |                ^^^^
    |
    = note: import resolution is stuck, try simplifying macro imports

error: cannot determine resolution for the macro `date`
   --> tests/integration/date.rs:299:16
    |
299 |     assert_eq!(date!(2012 - 01 - 01).sunday_based_week(), 1);
    |                ^^^^
    |
    = note: import resolution is stuck, try simplifying macro imports

error: cannot determine resolution for the macro `date`
   --> tests/integration/date.rs:300:16
    |
300 |     assert_eq!(date!(2012 - 01 - 02).sunday_based_week(), 1);
    |                ^^^^
    |
    = note: import resolution is stuck, try simplifying macro imports

error: cannot determine resolution for the macro `date`
   --> tests/integration/date.rs:301:16
    |
301 |     assert_eq!(date!(2012 - 01 - 03).sunday_based_week(), 1);
    |                ^^^^
    |
    = note: import resolution is stuck, try simplifying macro imports

error: cannot determine resolution for the macro `date`
   --> tests/integration/date.rs:302:16
    |
302 |     assert_eq!(date!(2012 - 01 - 04).sunday_based_week(), 1);
    |                ^^^^
    |
    = note: import resolution is stuck, try simplifying macro imports

error: cannot determine resolution for the macro `date`
   --> tests/integration/date.rs:303:16
    |
303 |     assert_eq!(date!(2012 - 01 - 05).sunday_based_week(), 1);
    |                ^^^^
    |
    = note: import resolution is stuck, try simplifying macro imports

error: cannot determine resolution for the macro `date`
   --> tests/integration/date.rs:304:16
    |
304 |     assert_eq!(date!(2012 - 01 - 06).sunday_based_week(), 1);
    |                ^^^^
    |
    = note: import resolution is stuck, try simplifying macro imports

error: cannot determine resolution for the macro `date`
   --> tests/integration/date.rs:305:16
    |
305 |     assert_eq!(date!(2012 - 01 - 07).sunday_based_week(), 1);
    |                ^^^^
    |
    = note: import resolution is stuck, try simplifying macro imports

error: cannot determine resolution for the macro `date`
   --> tests/integration/date.rs:306:16
    |
306 |     assert_eq!(date!(2012 - 02 - 28).sunday_based_week(), 9);
    |                ^^^^
    |
    = note: import resolution is stuck, try simplifying macro imports

error: cannot determine resolution for the macro `date`
   --> tests/integration/date.rs:307:16
    |
307 |     assert_eq!(date!(2012 - 02 - 29).sunday_based_week(), 9);
    |                ^^^^
    |
    = note: import resolution is stuck, try simplifying macro imports

error: cannot determine resolution for the macro `date`
   --> tests/integration/date.rs:308:16
    |
308 |     assert_eq!(date!(2012 - 03 - 01).sunday_based_week(), 9);
    |                ^^^^
    |
    = note: import resolution is stuck, try simplifying macro imports

error: cannot determine resolution for the macro `date`
   --> tests/integration/date.rs:309:16
    |
309 |     assert_eq!(date!(2012 - 03 - 02).sunday_based_week(), 9);
    |                ^^^^
    |
    = note: import resolution is stuck, try simplifying macro imports

error: cannot determine resolution for the macro `date`
   --> tests/integration/date.rs:310:16
    |
310 |     assert_eq!(date!(2012 - 03 - 03).sunday_based_week(), 9);
    |                ^^^^
    |
    = note: import resolution is stuck, try simplifying macro imports

error: cannot determine resolution for the macro `date`
   --> tests/integration/date.rs:311:16
    |
311 |     assert_eq!(date!(2012 - 03 - 04).sunday_based_week(), 10);
    |                ^^^^
    |
    = note: import resolution is stuck, try simplifying macro imports

error: cannot determine resolution for the macro `date`
   --> tests/integration/date.rs:312:16
    |
312 |     assert_eq!(date!(2012 - 03 - 05).sunday_based_week(), 10);
    |                ^^^^
    |
    = note: import resolution is stuck, try simplifying macro imports

error: cannot determine resolution for the macro `date`
   --> tests/integration/date.rs:313:16
    |
313 |     assert_eq!(date!(2012 - 03 - 06).sunday_based_week(), 10);
    |                ^^^^
    |
    = note: import resolution is stuck, try simplifying macro imports

error: cannot determine resolution for the macro `date`
   --> tests/integration/date.rs:314:16
    |
314 |     assert_eq!(date!(2012 - 03 - 07).sunday_based_week(), 10);
    |                ^^^^
    |
    = note: import resolution is stuck, try simplifying macro imports

error: cannot determine resolution for the macro `date`
   --> tests/integration/date.rs:317:16
    |
317 |     assert_eq!(date!(2028 - 01 - 01).sunday_based_week(), 0);
    |                ^^^^
    |
    = note: import resolution is stuck, try simplifying macro imports

error: cannot determine resolution for the macro `date`
   --> tests/integration/date.rs:318:16
    |
318 |     assert_eq!(date!(2028 - 01 - 02).sunday_based_week(), 1);
    |                ^^^^
    |
    = note: import resolution is stuck, try simplifying macro imports

error: cannot determine resolution for the macro `date`
   --> tests/integration/date.rs:319:16
    |
319 |     assert_eq!(date!(2028 - 01 - 03).sunday_based_week(), 1);
    |                ^^^^
    |
    = note: import resolution is stuck, try simplifying macro imports

error: cannot determine resolution for the macro `date`
   --> tests/integration/date.rs:320:16
    |
320 |     assert_eq!(date!(2028 - 01 - 04).sunday_based_week(), 1);
    |                ^^^^
    |
    = note: import resolution is stuck, try simplifying macro imports

error: cannot determine resolution for the macro `date`
   --> tests/integration/date.rs:321:16
    |
321 |     assert_eq!(date!(2028 - 01 - 05).sunday_based_week(), 1);
    |                ^^^^
    |
    = note: import resolution is stuck, try simplifying macro imports

error: cannot determine resolution for the macro `date`
   --> tests/integration/date.rs:322:16
    |
322 |     assert_eq!(date!(2028 - 01 - 06).sunday_based_week(), 1);
    |                ^^^^
    |
    = note: import resolution is stuck, try simplifying macro imports

error: cannot determine resolution for the macro `date`
   --> tests/integration/date.rs:323:16
    |
323 |     assert_eq!(date!(2028 - 01 - 07).sunday_based_week(), 1);
    |                ^^^^
    |
    = note: import resolution is stuck, try simplifying macro imports

error: cannot determine resolution for the macro `date`
   --> tests/integration/date.rs:324:16
    |
324 |     assert_eq!(date!(2028 - 02 - 28).sunday_based_week(), 9);
    |                ^^^^
    |
    = note: import resolution is stuck, try simplifying macro imports

error: cannot determine resolution for the macro `date`
   --> tests/integration/date.rs:325:16
    |
325 |     assert_eq!(date!(2028 - 02 - 29).sunday_based_week(), 9);
    |                ^^^^
    |
    = note: import resolution is stuck, try simplifying macro imports

error: cannot determine resolution for the macro `date`
   --> tests/integration/date.rs:326:16
    |
326 |     assert_eq!(date!(2028 - 03 - 01).sunday_based_week(), 9);
    |                ^^^^
    |
    = note: import resolution is stuck, try simplifying macro imports

error: cannot determine resolution for the macro `date`
   --> tests/integration/date.rs:327:16
    |
327 |     assert_eq!(date!(2028 - 03 - 02).sunday_based_week(), 9);
    |                ^^^^
    |
    = note: import resolution is stuck, try simplifying macro imports

error: cannot determine resolution for the macro `date`
   --> tests/integration/date.rs:328:16
    |
328 |     assert_eq!(date!(2028 - 03 - 03).sunday_based_week(), 9);
    |                ^^^^
    |
    = note: import resolution is stuck, try simplifying macro imports

error: cannot determine resolution for the macro `date`
   --> tests/integration/date.rs:329:16
    |
329 |     assert_eq!(date!(2028 - 03 - 04).sunday_based_week(), 9);
    |                ^^^^
    |
    = note: import resolution is stuck, try simplifying macro imports

error: cannot determine resolution for the macro `date`
   --> tests/integration/date.rs:330:16
    |
330 |     assert_eq!(date!(2028 - 03 - 05).sunday_based_week(), 10);
    |                ^^^^
    |
    = note: import resolution is stuck, try simplifying macro imports

error: cannot determine resolution for the macro `date`
   --> tests/integration/date.rs:331:16
    |
331 |     assert_eq!(date!(2028 - 03 - 06).sunday_based_week(), 10);
    |                ^^^^
    |
    = note: import resolution is stuck, try simplifying macro imports

error: cannot determine resolution for the macro `date`
   --> tests/integration/date.rs:332:16
    |
332 |     assert_eq!(date!(2028 - 03 - 07).sunday_based_week(), 10);
    |                ^^^^
    |
    = note: import resolution is stuck, try simplifying macro imports

error: cannot determine resolution for the macro `date`
   --> tests/integration/date.rs:335:16
    |
335 |     assert_eq!(date!(2016 - 01 - 01).sunday_based_week(), 0);
    |                ^^^^
    |
    = note: import resolution is stuck, try simplifying macro imports

error: cannot determine resolution for the macro `date`
   --> tests/integration/date.rs:336:16
    |
336 |     assert_eq!(date!(2016 - 01 - 02).sunday_based_week(), 0);
    |                ^^^^
    |
    = note: import resolution is stuck, try simplifying macro imports

error: cannot determine resolution for the macro `date`
   --> tests/integration/date.rs:337:16
    |
337 |     assert_eq!(date!(2016 - 01 - 03).sunday_based_week(), 1);
    |                ^^^^
    |
    = note: import resolution is stuck, try simplifying macro imports

error: cannot determine resolution for the macro `date`
   --> tests/integration/date.rs:338:16
    |
338 |     assert_eq!(date!(2016 - 01 - 04).sunday_based_week(), 1);
    |                ^^^^
    |
    = note: import resolution is stuck, try simplifying macro imports

error: cannot determine resolution for the macro `date`
   --> tests/integration/date.rs:339:16
    |
339 |     assert_eq!(date!(2016 - 01 - 05).sunday_based_week(), 1);
    |                ^^^^
    |
    = note: import resolution is stuck, try simplifying macro imports

error: cannot determine resolution for the macro `date`
   --> tests/integration/date.rs:340:16
    |
340 |     assert_eq!(date!(2016 - 01 - 06).sunday_based_week(), 1);
    |                ^^^^
    |
    = note: import resolution is stuck, try simplifying macro imports

error: cannot determine resolution for the macro `date`
   --> tests/integration/date.rs:341:16
    |
341 |     assert_eq!(date!(2016 - 01 - 07).sunday_based_week(), 1);
    |                ^^^^
    |
    = note: import resolution is stuck, try simplifying macro imports

error: cannot determine resolution for the macro `date`
   --> tests/integration/date.rs:342:16
    |
342 |     assert_eq!(date!(2016 - 02 - 28).sunday_based_week(), 9);
    |                ^^^^
    |
    = note: import resolution is stuck, try simplifying macro imports

error[E0599]: no method named `num_digits` found for type `u16` in the current scope
  --> src/tests.rs:36:26
   |
36 |     assert_eq!(1_000_u16.num_digits(), 4);
   |                          ^^^^^^^^^^ method not found in `u16`

error: cannot determine resolution for the macro `date`
   --> tests/integration/date.rs:343:16
    |
343 |     assert_eq!(date!(2016 - 02 - 29).sunday_based_week(), 9);
    |                ^^^^
    |
    = note: import resolution is stuck, try simplifying macro imports

error: cannot determine resolution for the macro `date`
   --> tests/integration/date.rs:344:16
    |
344 |     assert_eq!(date!(2016 - 03 - 01).sunday_based_week(), 9);
    |                ^^^^
    |
    = note: import resolution is stuck, try simplifying macro imports

error: cannot determine resolution for the macro `date`
   --> tests/integration/date.rs:345:16
    |
345 |     assert_eq!(date!(2016 - 03 - 02).sunday_based_week(), 9);
    |                ^^^^
    |
    = note: import resolution is stuck, try simplifying macro imports

error: cannot determine resolution for the macro `date`
   --> tests/integration/date.rs:346:16
    |
346 |     assert_eq!(date!(2016 - 03 - 03).sunday_based_week(), 9);
    |                ^^^^
    |
    = note: import resolution is stuck, try simplifying macro imports

error: cannot determine resolution for the macro `date`
   --> tests/integration/date.rs:347:16
    |
347 |     assert_eq!(date!(2016 - 03 - 04).sunday_based_week(), 9);
    |                ^^^^
    |
    = note: import resolution is stuck, try simplifying macro imports

error: cannot determine resolution for the macro `date`
   --> tests/integration/date.rs:348:16
    |
348 |     assert_eq!(date!(2016 - 03 - 05).sunday_based_week(), 9);
    |                ^^^^
    |
    = note: import resolution is stuck, try simplifying macro imports

error: cannot determine resolution for the macro `date`
   --> tests/integration/date.rs:349:16
    |
349 |     assert_eq!(date!(2016 - 03 - 06).sunday_based_week(), 10);
    |                ^^^^
    |
    = note: import resolution is stuck, try simplifying macro imports

error: cannot determine resolution for the macro `date`
   --> tests/integration/date.rs:350:16
    |
350 |     assert_eq!(date!(2016 - 03 - 07).sunday_based_week(), 10);
    |                ^^^^
    |
    = note: import resolution is stuck, try simplifying macro imports

error: cannot determine resolution for the macro `date`
   --> tests/integration/date.rs:353:16
    |
353 |     assert_eq!(date!(2032 - 01 - 01).sunday_based_week(), 0);
    |                ^^^^
    |
    = note: import resolution is stuck, try simplifying macro imports

error: cannot determine resolution for the macro `date`
   --> tests/integration/date.rs:354:16
    |
354 |     assert_eq!(date!(2032 - 01 - 02).sunday_based_week(), 0);
    |                ^^^^
    |
    = note: import resolution is stuck, try simplifying macro imports

error: cannot determine resolution for the macro `date`
   --> tests/integration/date.rs:355:16
    |
355 |     assert_eq!(date!(2032 - 01 - 03).sunday_based_week(), 0);
    |                ^^^^
    |
    = note: import resolution is stuck, try simplifying macro imports

error: cannot determine resolution for the macro `date`
   --> tests/integration/date.rs:356:16
    |
356 |     assert_eq!(date!(2032 - 01 - 04).sunday_based_week(), 1);
    |                ^^^^
    |
    = note: import resolution is stuck, try simplifying macro imports

error: cannot determine resolution for the macro `date`
   --> tests/integration/date.rs:357:16
    |
357 |     assert_eq!(date!(2032 - 01 - 05).sunday_based_week(), 1);
    |                ^^^^
    |
    = note: import resolution is stuck, try simplifying macro imports

error: cannot determine resolution for the macro `date`
   --> tests/integration/date.rs:358:16
    |
358 |     assert_eq!(date!(2032 - 01 - 06).sunday_based_week(), 1);
    |                ^^^^
    |
    = note: import resolution is stuck, try simplifying macro imports

error: cannot determine resolution for the macro `date`
   --> tests/integration/date.rs:359:16
    |
359 |     assert_eq!(date!(2032 - 01 - 07).sunday_based_week(), 1);
    |                ^^^^
    |
    = note: import resolution is stuck, try simplifying macro imports

error: cannot determine resolution for the macro `date`
   --> tests/integration/date.rs:360:16
    |
360 |     assert_eq!(date!(2032 - 02 - 28).sunday_based_week(), 8);
    |                ^^^^
    |
    = note: import resolution is stuck, try simplifying macro imports

error: cannot determine resolution for the macro `date`
   --> tests/integration/date.rs:361:16
    |
361 |     assert_eq!(date!(2032 - 02 - 29).sunday_based_week(), 9);
    |                ^^^^
    |
    = note: import resolution is stuck, try simplifying macro imports

error: cannot determine resolution for the macro `date`
   --> tests/integration/date.rs:362:16
    |
362 |     assert_eq!(date!(2032 - 03 - 01).sunday_based_week(), 9);
    |                ^^^^
    |
    = note: import resolution is stuck, try simplifying macro imports

error: cannot determine resolution for the macro `date`
   --> tests/integration/date.rs:363:16
    |
363 |     assert_eq!(date!(2032 - 03 - 02).sunday_based_week(), 9);
    |                ^^^^
    |
    = note: import resolution is stuck, try simplifying macro imports

error: cannot determine resolution for the macro `date`
   --> tests/integration/date.rs:364:16
    |
364 |     assert_eq!(date!(2032 - 03 - 03).sunday_based_week(), 9);
    |                ^^^^
    |
    = note: import resolution is stuck, try simplifying macro imports

error: cannot determine resolution for the macro `date`
   --> tests/integration/date.rs:365:16
    |
365 |     assert_eq!(date!(2032 - 03 - 04).sunday_based_week(), 9);
    |                ^^^^
    |
    = note: import resolution is stuck, try simplifying macro imports

error: cannot determine resolution for the macro `date`
   --> tests/integration/date.rs:366:16
    |
366 |     assert_eq!(date!(2032 - 03 - 05).sunday_based_week(), 9);
    |                ^^^^
    |
    = note: import resolution is stuck, try simplifying macro imports

error: cannot determine resolution for the macro `date`
   --> tests/integration/date.rs:367:16
    |
367 |     assert_eq!(date!(2032 - 03 - 06).sunday_based_week(), 9);
    |                ^^^^
    |
    = note: import resolution is stuck, try simplifying macro imports

error: cannot determine resolution for the macro `date`
   --> tests/integration/date.rs:368:16
    |
368 |     assert_eq!(date!(2032 - 03 - 07).sunday_based_week(), 10);
    |                ^^^^
    |
    = note: import resolution is stuck, try simplifying macro imports

error: cannot determine resolution for the macro `date`
   --> tests/integration/date.rs:371:16
    |
371 |     assert_eq!(date!(2020 - 01 - 01).sunday_based_week(), 0);
    |                ^^^^
    |
    = note: import resolution is stuck, try simplifying macro imports

error: cannot determine resolution for the macro `date`
   --> tests/integration/date.rs:372:16
    |
372 |     assert_eq!(date!(2020 - 01 - 02).sunday_based_week(), 0);
    |                ^^^^
    |
    = note: import resolution is stuck, try simplifying macro imports

error: cannot determine resolution for the macro `date`
   --> tests/integration/date.rs:373:16
    |
373 |     assert_eq!(date!(2020 - 01 - 03).sunday_based_week(), 0);
    |                ^^^^
    |
    = note: import resolution is stuck, try simplifying macro imports

error: cannot determine resolution for the macro `date`
   --> tests/integration/date.rs:374:16
    |
374 |     assert_eq!(date!(2020 - 01 - 04).sunday_based_week(), 0);
    |                ^^^^
    |
    = note: import resolution is stuck, try simplifying macro imports

error: cannot determine resolution for the macro `date`
   --> tests/integration/date.rs:375:16
    |
375 |     assert_eq!(date!(2020 - 01 - 05).sunday_based_week(), 1);
    |                ^^^^
    |
    = note: import resolution is stuck, try simplifying macro imports

error: cannot determine resolution for the macro `date`
   --> tests/integration/date.rs:376:16
    |
376 |     assert_eq!(date!(2020 - 01 - 06).sunday_based_week(), 1);
    |                ^^^^
    |
    = note: import resolution is stuck, try simplifying macro imports

error: cannot determine resolution for the macro `date`
   --> tests/integration/date.rs:377:16
    |
377 |     assert_eq!(date!(2020 - 01 - 07).sunday_based_week(), 1);
    |                ^^^^
    |
    = note: import resolution is stuck, try simplifying macro imports

error: cannot determine resolution for the macro `date`
   --> tests/integration/date.rs:378:16
    |
378 |     assert_eq!(date!(2020 - 02 - 28).sunday_based_week(), 8);
    |                ^^^^
    |
    = note: import resolution is stuck, try simplifying macro imports

error: cannot determine resolution for the macro `date`
   --> tests/integration/date.rs:379:16
    |
379 |     assert_eq!(date!(2020 - 02 - 29).sunday_based_week(), 8);
    |                ^^^^
    |
    = note: import resolution is stuck, try simplifying macro imports

error: cannot determine resolution for the macro `date`
   --> tests/integration/date.rs:380:16
    |
380 |     assert_eq!(date!(2020 - 03 - 01).sunday_based_week(), 9);
    |                ^^^^
    |
    = note: import resolution is stuck, try simplifying macro imports

error: cannot determine resolution for the macro `date`
   --> tests/integration/date.rs:381:16
    |
381 |     assert_eq!(date!(2020 - 03 - 02).sunday_based_week(), 9);
    |                ^^^^
    |
    = note: import resolution is stuck, try simplifying macro imports

error: cannot determine resolution for the macro `date`
   --> tests/integration/date.rs:382:16
    |
382 |     assert_eq!(date!(2020 - 03 - 03).sunday_based_week(), 9);
    |                ^^^^
    |
    = note: import resolution is stuck, try simplifying macro imports

error: cannot determine resolution for the macro `date`
   --> tests/integration/date.rs:383:16
    |
383 |     assert_eq!(date!(2020 - 03 - 04).sunday_based_week(), 9);
    |                ^^^^
    |
    = note: import resolution is stuck, try simplifying macro imports

error: cannot determine resolution for the macro `date`
   --> tests/integration/date.rs:384:16
    |
384 |     assert_eq!(date!(2020 - 03 - 05).sunday_based_week(), 9);
    |                ^^^^
    |
    = note: import resolution is stuck, try simplifying macro imports

error: cannot determine resolution for the macro `date`
   --> tests/integration/date.rs:385:16
    |
385 |     assert_eq!(date!(2020 - 03 - 06).sunday_based_week(), 9);
    |                ^^^^
    |
    = note: import resolution is stuck, try simplifying macro imports

error: cannot determine resolution for the macro `date`
   --> tests/integration/date.rs:386:16
    |
386 |     assert_eq!(date!(2020 - 03 - 07).sunday_based_week(), 9);
    |                ^^^^
    |
    = note: import resolution is stuck, try simplifying macro imports

error: cannot determine resolution for the macro `date`
   --> tests/integration/date.rs:389:16
    |
389 |     assert_eq!(date!(2036 - 01 - 01).sunday_based_week(), 0);
    |                ^^^^
    |
    = note: import resolution is stuck, try simplifying macro imports

error: cannot determine resolution for the macro `date`
   --> tests/integration/date.rs:390:16
    |
390 |     assert_eq!(date!(2036 - 01 - 02).sunday_based_week(), 0);
    |                ^^^^
    |
    = note: import resolution is stuck, try simplifying macro imports

error: cannot determine resolution for the macro `date`
   --> tests/integration/date.rs:391:16
    |
391 |     assert_eq!(date!(2036 - 01 - 03).sunday_based_week(), 0);
    |                ^^^^
    |
    = note: import resolution is stuck, try simplifying macro imports

error: cannot determine resolution for the macro `date`
   --> tests/integration/date.rs:392:16
    |
392 |     assert_eq!(date!(2036 - 01 - 04).sunday_based_week(), 0);
    |                ^^^^
    |
    = note: import resolution is stuck, try simplifying macro imports

error: cannot determine resolution for the macro `date`
   --> tests/integration/date.rs:393:16
    |
393 |     assert_eq!(date!(2036 - 01 - 05).sunday_based_week(), 0);
    |                ^^^^
    |
    = note: import resolution is stuck, try simplifying macro imports

error: cannot determine resolution for the macro `date`
   --> tests/integration/date.rs:394:16
    |
394 |     assert_eq!(date!(2036 - 01 - 06).sunday_based_week(), 1);
    |                ^^^^
    |
    = note: import resolution is stuck, try simplifying macro imports

error: cannot determine resolution for the macro `date`
   --> tests/integration/date.rs:395:16
    |
395 |     assert_eq!(date!(2036 - 01 - 07).sunday_based_week(), 1);
    |                ^^^^
    |
    = note: import resolution is stuck, try simplifying macro imports

error: cannot determine resolution for the macro `date`
   --> tests/integration/date.rs:396:16
    |
396 |     assert_eq!(date!(2036 - 02 - 28).sunday_based_week(), 8);
    |                ^^^^
    |
    = note: import resolution is stuck, try simplifying macro imports

error: cannot determine resolution for the macro `date`
   --> tests/integration/date.rs:397:16
    |
397 |     assert_eq!(date!(2036 - 02 - 29).sunday_based_week(), 8);
    |                ^^^^
    |
    = note: import resolution is stuck, try simplifying macro imports

error: cannot determine resolution for the macro `date`
   --> tests/integration/date.rs:398:16
    |
398 |     assert_eq!(date!(2036 - 03 - 01).sunday_based_week(), 8);
    |                ^^^^
    |
    = note: import resolution is stuck, try simplifying macro imports

error: cannot determine resolution for the macro `date`
   --> tests/integration/date.rs:399:16
    |
399 |     assert_eq!(date!(2036 - 03 - 02).sunday_based_week(), 9);
    |                ^^^^
    |
    = note: import resolution is stuck, try simplifying macro imports

error: cannot determine resolution for the macro `date`
   --> tests/integration/date.rs:400:16
    |
400 |     assert_eq!(date!(2036 - 03 - 03).sunday_based_week(), 9);
    |                ^^^^
    |
    = note: import resolution is stuck, try simplifying macro imports

error: cannot determine resolution for the macro `date`
   --> tests/integration/date.rs:401:16
    |
401 |     assert_eq!(date!(2036 - 03 - 04).sunday_based_week(), 9);
    |                ^^^^
    |
    = note: import resolution is stuck, try simplifying macro imports

error: cannot determine resolution for the macro `date`
   --> tests/integration/date.rs:402:16
    |
402 |     assert_eq!(date!(2036 - 03 - 05).sunday_based_week(), 9);
    |                ^^^^
    |
    = note: import resolution is stuck, try simplifying macro imports

error: cannot determine resolution for the macro `date`
   --> tests/integration/date.rs:403:16
    |
403 |     assert_eq!(date!(2036 - 03 - 06).sunday_based_week(), 9);
    |                ^^^^
    |
    = note: import resolution is stuck, try simplifying macro imports

error: cannot determine resolution for the macro `date`
   --> tests/integration/date.rs:404:16
    |
404 |     assert_eq!(date!(2036 - 03 - 07).sunday_based_week(), 9);
    |                ^^^^
    |
    = note: import resolution is stuck, try simplifying macro imports

error: cannot determine resolution for the macro `date`
   --> tests/integration/date.rs:407:16
    |
407 |     assert_eq!(date!(2024 - 01 - 01).sunday_based_week(), 0);
    |                ^^^^
    |
    = note: import resolution is stuck, try simplifying macro imports

error: cannot determine resolution for the macro `date`
   --> tests/integration/date.rs:408:16
    |
408 |     assert_eq!(date!(2024 - 01 - 02).sunday_based_week(), 0);
    |                ^^^^
    |
    = note: import resolution is stuck, try simplifying macro imports

error: cannot determine resolution for the macro `date`
   --> tests/integration/date.rs:409:16
    |
409 |     assert_eq!(date!(2024 - 01 - 03).sunday_based_week(), 0);
    |                ^^^^
    |
    = note: import resolution is stuck, try simplifying macro imports

error: cannot determine resolution for the macro `date`
   --> tests/integration/date.rs:410:16
    |
410 |     assert_eq!(date!(2024 - 01 - 04).sunday_based_week(), 0);
    |                ^^^^
    |
    = note: import resolution is stuck, try simplifying macro imports

error: cannot determine resolution for the macro `date`
   --> tests/integration/date.rs:411:16
    |
411 |     assert_eq!(date!(2024 - 01 - 05).sunday_based_week(), 0);
    |                ^^^^
    |
    = note: import resolution is stuck, try simplifying macro imports

error: cannot determine resolution for the macro `date`
   --> tests/integration/date.rs:412:16
    |
412 |     assert_eq!(date!(2024 - 01 - 06).sunday_based_week(), 0);
    |                ^^^^
    |
    = note: import resolution is stuck, try simplifying macro imports

error: cannot determine resolution for the macro `date`
   --> tests/integration/date.rs:413:16
    |
413 |     assert_eq!(date!(2024 - 01 - 07).sunday_based_week(), 1);
    |                ^^^^
    |
    = note: import resolution is stuck, try simplifying macro imports

error: cannot determine resolution for the macro `date`
   --> tests/integration/date.rs:414:16
    |
414 |     assert_eq!(date!(2024 - 02 - 28).sunday_based_week(), 8);
    |                ^^^^
    |
    = note: import resolution is stuck, try simplifying macro imports

error: cannot determine resolution for the macro `date`
   --> tests/integration/date.rs:415:16
    |
415 |     assert_eq!(date!(2024 - 02 - 29).sunday_based_week(), 8);
    |                ^^^^
    |
    = note: import resolution is stuck, try simplifying macro imports

error: cannot determine resolution for the macro `date`
   --> tests/integration/date.rs:416:16
    |
416 |     assert_eq!(date!(2024 - 03 - 01).sunday_based_week(), 8);
    |                ^^^^
    |
    = note: import resolution is stuck, try simplifying macro imports

error: cannot determine resolution for the macro `date`
   --> tests/integration/date.rs:417:16
    |
417 |     assert_eq!(date!(2024 - 03 - 02).sunday_based_week(), 8);
    |                ^^^^
    |
    = note: import resolution is stuck, try simplifying macro imports

error: cannot determine resolution for the macro `date`
   --> tests/integration/date.rs:418:16
    |
418 |     assert_eq!(date!(2024 - 03 - 03).sunday_based_week(), 9);
    |                ^^^^
    |
    = note: import resolution is stuck, try simplifying macro imports

error: cannot determine resolution for the macro `date`
   --> tests/integration/date.rs:419:16
    |
419 |     assert_eq!(date!(2024 - 03 - 04).sunday_based_week(), 9);
    |                ^^^^
    |
    = note: import resolution is stuck, try simplifying macro imports

error: cannot determine resolution for the macro `date`
   --> tests/integration/date.rs:420:16
    |
420 |     assert_eq!(date!(2024 - 03 - 05).sunday_based_week(), 9);
    |                ^^^^
    |
    = note: import resolution is stuck, try simplifying macro imports

error: cannot determine resolution for the macro `date`
   --> tests/integration/date.rs:421:16
    |
421 |     assert_eq!(date!(2024 - 03 - 06).sunday_based_week(), 9);
    |                ^^^^
    |
    = note: import resolution is stuck, try simplifying macro imports

error: cannot determine resolution for the macro `date`
   --> tests/integration/date.rs:422:16
    |
422 |     assert_eq!(date!(2024 - 03 - 07).sunday_based_week(), 9);
    |                ^^^^
    |
    = note: import resolution is stuck, try simplifying macro imports

error: cannot determine resolution for the macro `date`
   --> tests/integration/date.rs:437:12
    |
437 |         Ok(date!(0000 - 01 - 01))
    |            ^^^^
    |
    = note: import resolution is stuck, try simplifying macro imports

error: cannot determine resolution for the macro `date`
   --> tests/integration/date.rs:439:16
    |
439 |     assert_eq!(date!(-0001-W 52-6), date!(0000 - 01 - 01));
    |                ^^^^
    |
    = note: import resolution is stuck, try simplifying macro imports

error: cannot determine resolution for the macro `date`
   --> tests/integration/date.rs:439:37
    |
439 |     assert_eq!(date!(-0001-W 52-6), date!(0000 - 01 - 01));
    |                                     ^^^^
    |
    = note: import resolution is stuck, try simplifying macro imports

error: cannot determine resolution for the macro `date`
   --> tests/integration/date.rs:444:16
    |
444 |     assert_eq!(date!(2019 - 002).year(), 2019);
    |                ^^^^
    |
    = note: import resolution is stuck, try simplifying macro imports

error: cannot determine resolution for the macro `date`
   --> tests/integration/date.rs:445:16
    |
445 |     assert_eq!(date!(2020 - 002).year(), 2020);
    |                ^^^^
    |
    = note: import resolution is stuck, try simplifying macro imports

error: cannot determine resolution for the macro `date`
   --> tests/integration/date.rs:450:16
    |
450 |     assert_eq!(date!(2019 - 002).month(), Month::January);
    |                ^^^^
    |
    = note: import resolution is stuck, try simplifying macro imports

error: cannot determine resolution for the macro `date`
   --> tests/integration/date.rs:451:16
    |
451 |     assert_eq!(date!(2020 - 002).month(), Month::January);
    |                ^^^^
    |
    = note: import resolution is stuck, try simplifying macro imports

error: cannot determine resolution for the macro `date`
   --> tests/integration/date.rs:452:16
    |
452 |     assert_eq!(date!(2019 - 060).month(), Month::March);
    |                ^^^^
    |
    = note: import resolution is stuck, try simplifying macro imports

error: cannot determine resolution for the macro `date`
   --> tests/integration/date.rs:453:16
    |
453 |     assert_eq!(date!(2020 - 060).month(), Month::February);
    |                ^^^^
    |
    = note: import resolution is stuck, try simplifying macro imports

error: cannot determine resolution for the macro `date`
   --> tests/integration/date.rs:458:16
    |
458 |     assert_eq!(date!(2019 - 002).day(), 2);
    |                ^^^^
    |
    = note: import resolution is stuck, try simplifying macro imports

error: cannot determine resolution for the macro `date`
   --> tests/integration/date.rs:459:16
    |
459 |     assert_eq!(date!(2020 - 002).day(), 2);
    |                ^^^^
    |
    = note: import resolution is stuck, try simplifying macro imports

error: cannot determine resolution for the macro `date`
   --> tests/integration/date.rs:460:16
    |
460 |     assert_eq!(date!(2019 - 060).day(), 1);
    |                ^^^^
    |
    = note: import resolution is stuck, try simplifying macro imports

error: cannot determine resolution for the macro `date`
   --> tests/integration/date.rs:461:16
    |
461 |     assert_eq!(date!(2020 - 060).day(), 29);
    |                ^^^^
    |
    = note: import resolution is stuck, try simplifying macro imports

error: cannot determine resolution for the macro `date`
   --> tests/integration/date.rs:466:16
    |
466 |     assert_eq!(date!(2019 - 01 - 01).iso_week(), 1);
    |                ^^^^
    |
    = note: import resolution is stuck, try simplifying macro imports

error: cannot determine resolution for the macro `date`
   --> tests/integration/date.rs:467:16
    |
467 |     assert_eq!(date!(2019 - 10 - 04).iso_week(), 40);
    |                ^^^^
    |
    = note: import resolution is stuck, try simplifying macro imports

error: cannot determine resolution for the macro `date`
   --> tests/integration/date.rs:468:16
    |
468 |     assert_eq!(date!(2020 - 01 - 01).iso_week(), 1);
    |                ^^^^
    |
    = note: import resolution is stuck, try simplifying macro imports

error: cannot determine resolution for the macro `date`
   --> tests/integration/date.rs:469:16
    |
469 |     assert_eq!(date!(2020 - 12 - 31).iso_week(), 53);
    |                ^^^^
    |
    = note: import resolution is stuck, try simplifying macro imports

error: cannot determine resolution for the macro `date`
   --> tests/integration/date.rs:470:16
    |
470 |     assert_eq!(date!(2021 - 01 - 01).iso_week(), 53);
    |                ^^^^
    |
    = note: import resolution is stuck, try simplifying macro imports

error: cannot determine resolution for the macro `date`
   --> tests/integration/date.rs:476:9
    |
476 |         date!(2019 - 01 - 02).to_calendar_date(),
    |         ^^^^
    |
    = note: import resolution is stuck, try simplifying macro imports

error: cannot determine resolution for the macro `date`
   --> tests/integration/date.rs:480:9
    |
480 |         date!(2019 - 02 - 02).to_calendar_date(),
    |         ^^^^
    |
    = note: import resolution is stuck, try simplifying macro imports

error: cannot determine resolution for the macro `date`
   --> tests/integration/date.rs:484:9
    |
484 |         date!(2019 - 03 - 02).to_calendar_date(),
    |         ^^^^
    |
    = note: import resolution is stuck, try simplifying macro imports

error: cannot determine resolution for the macro `date`
   --> tests/integration/date.rs:488:9
    |
488 |         date!(2019 - 04 - 02).to_calendar_date(),
    |         ^^^^
    |
    = note: import resolution is stuck, try simplifying macro imports

error: cannot determine resolution for the macro `date`
   --> tests/integration/date.rs:492:9
    |
492 |         date!(2019 - 05 - 02).to_calendar_date(),
    |         ^^^^
    |
    = note: import resolution is stuck, try simplifying macro imports

error: cannot determine resolution for the macro `date`
   --> tests/integration/date.rs:496:9
    |
496 |         date!(2019 - 06 - 02).to_calendar_date(),
    |         ^^^^
    |
    = note: import resolution is stuck, try simplifying macro imports

error: cannot determine resolution for the macro `date`
   --> tests/integration/date.rs:500:9
    |
500 |         date!(2019 - 07 - 02).to_calendar_date(),
    |         ^^^^
    |
    = note: import resolution is stuck, try simplifying macro imports

error: cannot determine resolution for the macro `date`
   --> tests/integration/date.rs:504:9
    |
504 |         date!(2019 - 08 - 02).to_calendar_date(),
    |         ^^^^
    |
    = note: import resolution is stuck, try simplifying macro imports

error: cannot determine resolution for the macro `date`
   --> tests/integration/date.rs:508:9
    |
508 |         date!(2019 - 09 - 02).to_calendar_date(),
    |         ^^^^
    |
    = note: import resolution is stuck, try simplifying macro imports

error: cannot determine resolution for the macro `date`
   --> tests/integration/date.rs:512:9
    |
512 |         date!(2019 - 10 - 02).to_calendar_date(),
    |         ^^^^
    |
    = note: import resolution is stuck, try simplifying macro imports

error: cannot determine resolution for the macro `date`
   --> tests/integration/date.rs:516:9
    |
516 |         date!(2019 - 11 - 02).to_calendar_date(),
    |         ^^^^
    |
    = note: import resolution is stuck, try simplifying macro imports

error: cannot determine resolution for the macro `date`
   --> tests/integration/date.rs:520:9
    |
520 |         date!(2019 - 12 - 02).to_calendar_date(),
    |         ^^^^
    |
    = note: import resolution is stuck, try simplifying macro imports

error: cannot determine resolution for the macro `date`
   --> tests/integration/date.rs:527:16
    |
527 |     assert_eq!(date!(2019 - 01 - 01).to_ordinal_date(), (2019, 1));
    |                ^^^^
    |
    = note: import resolution is stuck, try simplifying macro imports

error: cannot determine resolution for the macro `date`
   --> tests/integration/date.rs:533:16
    |
533 |     assert_eq!(date!(2019 - 01 - 01).to_iso_week_date(), (2019, 1, Tuesday));
    |                ^^^^
    |
    = note: import resolution is stuck, try simplifying macro imports

error: cannot determine resolution for the macro `date`
   --> tests/integration/date.rs:534:16
    |
534 |     assert_eq!(date!(2019 - 10 - 04).to_iso_week_date(), (2019, 40, Friday));
    |                ^^^^
    |
    = note: import resolution is stuck, try simplifying macro imports

error: cannot determine resolution for the macro `date`
   --> tests/integration/date.rs:536:9
    |
536 |         date!(2020 - 01 - 01).to_iso_week_date(),
    |         ^^^^
    |
    = note: import resolution is stuck, try simplifying macro imports

error: cannot determine resolution for the macro `date`
   --> tests/integration/date.rs:540:9
    |
540 |         date!(2020 - 12 - 31).to_iso_week_date(),
    |         ^^^^
    |
    = note: import resolution is stuck, try simplifying macro imports

error: cannot determine resolution for the macro `date`
   --> tests/integration/date.rs:543:16
    |
543 |     assert_eq!(date!(2021 - 01 - 01).to_iso_week_date(), (2020, 53, Friday));
    |                ^^^^
    |
    = note: import resolution is stuck, try simplifying macro imports

error: cannot determine resolution for the macro `date`
   --> tests/integration/date.rs:544:16
    |
544 |     assert_eq!(date!(0000 - 01 - 01).to_iso_week_date(), (-1, 52, Saturday));
    |                ^^^^
    |
    = note: import resolution is stuck, try simplifying macro imports

error: cannot determine resolution for the macro `date`
   --> tests/integration/date.rs:550:16
    |
550 |     assert_eq!(date!(2019 - 01 - 01).weekday(), Tuesday);
    |                ^^^^
    |
    = note: import resolution is stuck, try simplifying macro imports

error: cannot determine resolution for the macro `date`
   --> tests/integration/date.rs:551:16
    |
551 |     assert_eq!(date!(2019 - 02 - 01).weekday(), Friday);
    |                ^^^^
    |
    = note: import resolution is stuck, try simplifying macro imports

error: cannot determine resolution for the macro `date`
   --> tests/integration/date.rs:552:16
    |
552 |     assert_eq!(date!(2019 - 03 - 01).weekday(), Friday);
    |                ^^^^
    |
    = note: import resolution is stuck, try simplifying macro imports

error: cannot determine resolution for the macro `date`
   --> tests/integration/date.rs:553:16
    |
553 |     assert_eq!(date!(2019 - 04 - 01).weekday(), Monday);
    |                ^^^^
    |
    = note: import resolution is stuck, try simplifying macro imports

error: cannot determine resolution for the macro `date`
   --> tests/integration/date.rs:554:16
    |
554 |     assert_eq!(date!(2019 - 05 - 01).weekday(), Wednesday);
    |                ^^^^
    |
    = note: import resolution is stuck, try simplifying macro imports

error: cannot determine resolution for the macro `date`
   --> tests/integration/date.rs:555:16
    |
555 |     assert_eq!(date!(2019 - 06 - 01).weekday(), Saturday);
    |                ^^^^
    |
    = note: import resolution is stuck, try simplifying macro imports

error: cannot determine resolution for the macro `date`
   --> tests/integration/date.rs:556:16
    |
556 |     assert_eq!(date!(2019 - 07 - 01).weekday(), Monday);
    |                ^^^^
    |
    = note: import resolution is stuck, try simplifying macro imports

error: cannot determine resolution for the macro `date`
   --> tests/integration/date.rs:557:16
    |
557 |     assert_eq!(date!(2019 - 08 - 01).weekday(), Thursday);
    |                ^^^^
    |
    = note: import resolution is stuck, try simplifying macro imports

error: cannot determine resolution for the macro `date`
   --> tests/integration/date.rs:558:16
    |
558 |     assert_eq!(date!(2019 - 09 - 01).weekday(), Sunday);
    |                ^^^^
    |
    = note: import resolution is stuck, try simplifying macro imports

error: cannot determine resolution for the macro `date`
   --> tests/integration/date.rs:559:16
    |
559 |     assert_eq!(date!(2019 - 10 - 01).weekday(), Tuesday);
    |                ^^^^
    |
    = note: import resolution is stuck, try simplifying macro imports

error: cannot determine resolution for the macro `date`
   --> tests/integration/date.rs:560:16
    |
560 |     assert_eq!(date!(2019 - 11 - 01).weekday(), Friday);
    |                ^^^^
    |
    = note: import resolution is stuck, try simplifying macro imports

error: cannot determine resolution for the macro `date`
   --> tests/integration/date.rs:561:16
    |
561 |     assert_eq!(date!(2019 - 12 - 01).weekday(), Sunday);
    |                ^^^^
    |
    = note: import resolution is stuck, try simplifying macro imports

error[E0599]: no method named `num_digits` found for type `u16` in the current scope
  --> src/tests.rs:37:26
   |
37 |     assert_eq!(9_999_u16.num_digits(), 4);
   |                          ^^^^^^^^^^ method not found in `u16`

error: cannot determine resolution for the macro `date`
   --> tests/integration/date.rs:567:9
    |
567 |         date!(2019 - 01 - 01).next_day(),
    |         ^^^^
    |
    = note: import resolution is stuck, try simplifying macro imports

error: cannot determine resolution for the macro `date`
   --> tests/integration/date.rs:568:14
    |
568 |         Some(date!(2019 - 01 - 02))
    |              ^^^^
    |
    = note: import resolution is stuck, try simplifying macro imports

error: cannot determine resolution for the macro `date`
   --> tests/integration/date.rs:571:9
    |
571 |         date!(2019 - 01 - 31).next_day(),
    |         ^^^^
    |
    = note: import resolution is stuck, try simplifying macro imports

error: cannot determine resolution for the macro `date`
   --> tests/integration/date.rs:572:14
    |
572 |         Some(date!(2019 - 02 - 01))
    |              ^^^^
    |
    = note: import resolution is stuck, try simplifying macro imports

error: cannot determine resolution for the macro `date`
   --> tests/integration/date.rs:575:9
    |
575 |         date!(2019 - 12 - 31).next_day(),
    |         ^^^^
    |
    = note: import resolution is stuck, try simplifying macro imports

error: cannot determine resolution for the macro `date`
   --> tests/integration/date.rs:576:14
    |
576 |         Some(date!(2020 - 01 - 01))
    |              ^^^^
    |
    = note: import resolution is stuck, try simplifying macro imports

error: cannot determine resolution for the macro `date`
   --> tests/integration/date.rs:579:9
    |
579 |         date!(2020 - 12 - 31).next_day(),
    |         ^^^^
    |
    = note: import resolution is stuck, try simplifying macro imports

error: cannot determine resolution for the macro `date`
   --> tests/integration/date.rs:580:14
    |
580 |         Some(date!(2021 - 01 - 01))
    |              ^^^^
    |
    = note: import resolution is stuck, try simplifying macro imports

error: cannot determine resolution for the macro `date`
   --> tests/integration/date.rs:588:9
    |
588 |         date!(2019 - 01 - 02).previous_day(),
    |         ^^^^
    |
    = note: import resolution is stuck, try simplifying macro imports

error: cannot determine resolution for the macro `date`
   --> tests/integration/date.rs:589:14
    |
589 |         Some(date!(2019 - 01 - 01))
    |              ^^^^
    |
    = note: import resolution is stuck, try simplifying macro imports

error: cannot determine resolution for the macro `date`
   --> tests/integration/date.rs:592:9
    |
592 |         date!(2019 - 02 - 01).previous_day(),
    |         ^^^^
    |
    = note: import resolution is stuck, try simplifying macro imports

error: cannot determine resolution for the macro `date`
   --> tests/integration/date.rs:593:14
    |
593 |         Some(date!(2019 - 01 - 31))
    |              ^^^^
    |
    = note: import resolution is stuck, try simplifying macro imports

error: cannot determine resolution for the macro `date`
   --> tests/integration/date.rs:596:9
    |
596 |         date!(2020 - 01 - 01).previous_day(),
    |         ^^^^
    |
    = note: import resolution is stuck, try simplifying macro imports

error: cannot determine resolution for the macro `date`
   --> tests/integration/date.rs:597:14
    |
597 |         Some(date!(2019 - 12 - 31))
    |              ^^^^
    |
    = note: import resolution is stuck, try simplifying macro imports

error: cannot determine resolution for the macro `date`
   --> tests/integration/date.rs:600:9
    |
600 |         date!(2021 - 01 - 01).previous_day(),
    |         ^^^^
    |
    = note: import resolution is stuck, try simplifying macro imports

error: cannot determine resolution for the macro `date`
   --> tests/integration/date.rs:601:14
    |
601 |         Some(date!(2020 - 12 - 31))
    |              ^^^^
    |
    = note: import resolution is stuck, try simplifying macro imports

error: cannot determine resolution for the macro `date`
   --> tests/integration/date.rs:608:16
    |
608 |     assert_eq!(date!(-999_999 - 01 - 01).to_julian_day(), -363_521_074);
    |                ^^^^
    |
    = note: import resolution is stuck, try simplifying macro imports

error: cannot determine resolution for the macro `date`
   --> tests/integration/date.rs:609:16
    |
609 |     assert_eq!(date!(-9999 - 01 - 01).to_julian_day(), -1_930_999);
    |                ^^^^
    |
    = note: import resolution is stuck, try simplifying macro imports

error: cannot determine resolution for the macro `date`
   --> tests/integration/date.rs:610:16
    |
610 |     assert_eq!(date!(-4713 - 11 - 24).to_julian_day(), 0);
    |                ^^^^
    |
    = note: import resolution is stuck, try simplifying macro imports

error: cannot determine resolution for the macro `date`
   --> tests/integration/date.rs:611:16
    |
611 |     assert_eq!(date!(2000 - 01 - 01).to_julian_day(), 2_451_545);
    |                ^^^^
    |
    = note: import resolution is stuck, try simplifying macro imports

error: cannot determine resolution for the macro `date`
   --> tests/integration/date.rs:612:16
    |
612 |     assert_eq!(date!(2019 - 01 - 01).to_julian_day(), 2_458_485);
    |                ^^^^
    |
    = note: import resolution is stuck, try simplifying macro imports

error: cannot determine resolution for the macro `date`
   --> tests/integration/date.rs:613:16
    |
613 |     assert_eq!(date!(2019 - 12 - 31).to_julian_day(), 2_458_849);
    |                ^^^^
    |
    = note: import resolution is stuck, try simplifying macro imports

error: cannot determine resolution for the macro `date`
   --> tests/integration/date.rs:620:12
    |
620 |         Ok(date!(-999_999 - 01 - 01))
    |            ^^^^
    |
    = note: import resolution is stuck, try simplifying macro imports

error: cannot determine resolution for the macro `date`
   --> tests/integration/date.rs:624:12
    |
624 |         Ok(date!(-9999 - 01 - 01))
    |            ^^^^
    |
    = note: import resolution is stuck, try simplifying macro imports

error: cannot determine resolution for the macro `date`
   --> tests/integration/date.rs:626:45
    |
626 |     assert_eq!(Date::from_julian_day(0), Ok(date!(-4713 - 11 - 24)));
    |                                             ^^^^
    |
    = note: import resolution is stuck, try simplifying macro imports

error: cannot determine resolution for the macro `date`
   --> tests/integration/date.rs:627:53
    |
627 |     assert_eq!(Date::from_julian_day(2_451_545), Ok(date!(2000 - 01 - 01)));
    |                                                     ^^^^
    |
    = note: import resolution is stuck, try simplifying macro imports

error: cannot determine resolution for the macro `date`
   --> tests/integration/date.rs:628:53
    |
628 |     assert_eq!(Date::from_julian_day(2_458_485), Ok(date!(2019 - 01 - 01)));
    |                                                     ^^^^
    |
    = note: import resolution is stuck, try simplifying macro imports

error: cannot determine resolution for the macro `date`
   --> tests/integration/date.rs:629:53
    |
629 |     assert_eq!(Date::from_julian_day(2_458_849), Ok(date!(2019 - 12 - 31)));
    |                                                     ^^^^
    |
    = note: import resolution is stuck, try simplifying macro imports

error: cannot determine resolution for the macro `date`
   --> tests/integration/date.rs:635:16
    |
635 |     assert_eq!(date!(1970 - 01 - 01).midnight(), datetime!(1970-01-01 0:00));
    |                ^^^^
    |
    = note: import resolution is stuck, try simplifying macro imports

error: cannot determine resolution for the macro `datetime`
   --> tests/integration/date.rs:635:50
    |
635 |     assert_eq!(date!(1970 - 01 - 01).midnight(), datetime!(1970-01-01 0:00));
    |                                                  ^^^^^^^^
    |
    = note: import resolution is stuck, try simplifying macro imports

error: cannot determine resolution for the macro `date`
   --> tests/integration/date.rs:641:9
    |
641 |         date!(1970 - 01 - 01).with_time(time!(0:00)),
    |         ^^^^
    |
    = note: import resolution is stuck, try simplifying macro imports

error: cannot determine resolution for the macro `time`
   --> tests/integration/date.rs:641:41
    |
641 |         date!(1970 - 01 - 01).with_time(time!(0:00)),
    |                                         ^^^^
    |
    = note: import resolution is stuck, try simplifying macro imports

error: cannot determine resolution for the macro `datetime`
   --> tests/integration/date.rs:642:9
    |
642 |         datetime!(1970-01-01 0:00),
    |         ^^^^^^^^
    |
    = note: import resolution is stuck, try simplifying macro imports

error: cannot determine resolution for the macro `date`
   --> tests/integration/date.rs:649:9
    |
649 |         date!(1970 - 01 - 01).with_hms(0, 0, 0),
    |         ^^^^
    |
    = note: import resolution is stuck, try simplifying macro imports

error: cannot determine resolution for the macro `datetime`
   --> tests/integration/date.rs:650:12
    |
650 |         Ok(datetime!(1970-01-01 0:00)),
    |            ^^^^^^^^
    |
    = note: import resolution is stuck, try simplifying macro imports

error: cannot determine resolution for the macro `date`
   --> tests/integration/date.rs:652:13
    |
652 |     assert!(date!(1970 - 01 - 01).with_hms(24, 0, 0).is_err());
    |             ^^^^
    |
    = note: import resolution is stuck, try simplifying macro imports

error: cannot determine resolution for the macro `date`
   --> tests/integration/date.rs:658:9
    |
658 |         date!(1970 - 01 - 01).with_hms_milli(0, 0, 0, 0),
    |         ^^^^
    |
    = note: import resolution is stuck, try simplifying macro imports

error: cannot determine resolution for the macro `datetime`
   --> tests/integration/date.rs:659:12
    |
659 |         Ok(datetime!(1970-01-01 0:00)),
    |            ^^^^^^^^
    |
    = note: import resolution is stuck, try simplifying macro imports

error: cannot determine resolution for the macro `date`
   --> tests/integration/date.rs:661:13
    |
661 |     assert!(date!(1970 - 01 - 01).with_hms_milli(24, 0, 0, 0).is_err());
    |             ^^^^
    |
    = note: import resolution is stuck, try simplifying macro imports

error: cannot determine resolution for the macro `date`
   --> tests/integration/date.rs:667:9
    |
667 |         date!(1970 - 01 - 01).with_hms_micro(0, 0, 0, 0),
    |         ^^^^
    |
    = note: import resolution is stuck, try simplifying macro imports

error: cannot determine resolution for the macro `datetime`
   --> tests/integration/date.rs:668:12
    |
668 |         Ok(datetime!(1970-01-01 0:00)),
    |            ^^^^^^^^
    |
    = note: import resolution is stuck, try simplifying macro imports

error: cannot determine resolution for the macro `date`
   --> tests/integration/date.rs:670:13
    |
670 |     assert!(date!(1970 - 01 - 01).with_hms_micro(24, 0, 0, 0).is_err());
    |             ^^^^
    |
    = note: import resolution is stuck, try simplifying macro imports

error: cannot determine resolution for the macro `date`
   --> tests/integration/date.rs:676:9
    |
676 |         date!(1970 - 01 - 01).with_hms_nano(0, 0, 0, 0),
    |         ^^^^
    |
    = note: import resolution is stuck, try simplifying macro imports

error: cannot determine resolution for the macro `datetime`
   --> tests/integration/date.rs:677:12
    |
677 |         Ok(datetime!(1970-01-01 0:00)),
    |            ^^^^^^^^
    |
    = note: import resolution is stuck, try simplifying macro imports

error: cannot determine resolution for the macro `date`
   --> tests/integration/date.rs:679:13
    |
679 |     assert!(date!(1970 - 01 - 01).with_hms_nano(24, 0, 0, 0).is_err());
    |             ^^^^
    |
    = note: import resolution is stuck, try simplifying macro imports

error: cannot determine resolution for the macro `date`
   --> tests/integration/date.rs:684:16
    |
684 |     assert_eq!(date!(2019 - 01 - 01) + 5.days(), date!(2019 - 01 - 06));
    |                ^^^^
    |
    = note: import resolution is stuck, try simplifying macro imports

error: cannot determine resolution for the macro `date`
   --> tests/integration/date.rs:684:50
    |
684 |     assert_eq!(date!(2019 - 01 - 01) + 5.days(), date!(2019 - 01 - 06));
    |                                                  ^^^^
    |
    = note: import resolution is stuck, try simplifying macro imports

error: cannot determine resolution for the macro `date`
   --> tests/integration/date.rs:685:16
    |
685 |     assert_eq!(date!(2019 - 12 - 31) + 1.days(), date!(2020 - 01 - 01));
    |                ^^^^
    |
    = note: import resolution is stuck, try simplifying macro imports

error: cannot determine resolution for the macro `date`
   --> tests/integration/date.rs:685:50
    |
685 |     assert_eq!(date!(2019 - 12 - 31) + 1.days(), date!(2020 - 01 - 01));
    |                                                  ^^^^
    |
    = note: import resolution is stuck, try simplifying macro imports

error: cannot determine resolution for the macro `date`
   --> tests/integration/date.rs:690:16
    |
690 |     assert_eq!(date!(2019 - 01 - 01) + 5.std_days(), date!(2019 - 01 - 06));
    |                ^^^^
    |
    = note: import resolution is stuck, try simplifying macro imports

error: cannot determine resolution for the macro `date`
   --> tests/integration/date.rs:690:54
    |
690 |     assert_eq!(date!(2019 - 01 - 01) + 5.std_days(), date!(2019 - 01 - 06));
    |                                                      ^^^^
    |
    = note: import resolution is stuck, try simplifying macro imports

error: cannot determine resolution for the macro `date`
   --> tests/integration/date.rs:691:16
    |
691 |     assert_eq!(date!(2019 - 12 - 31) + 1.std_days(), date!(2020 - 01 - 01));
    |                ^^^^
    |
    = note: import resolution is stuck, try simplifying macro imports

error: cannot determine resolution for the macro `date`
   --> tests/integration/date.rs:691:54
    |
691 |     assert_eq!(date!(2019 - 12 - 31) + 1.std_days(), date!(2020 - 01 - 01));
    |                                                      ^^^^
    |
    = note: import resolution is stuck, try simplifying macro imports

error: cannot determine resolution for the macro `date`
   --> tests/integration/date.rs:696:20
    |
696 |     let mut date = date!(2019 - 12 - 31);
    |                    ^^^^
    |
    = note: import resolution is stuck, try simplifying macro imports

error: cannot determine resolution for the macro `date`
   --> tests/integration/date.rs:698:22
    |
698 |     assert_eq!(date, date!(2020 - 01 - 01));
    |                      ^^^^
    |
    = note: import resolution is stuck, try simplifying macro imports

error: cannot determine resolution for the macro `date`
   --> tests/integration/date.rs:703:20
    |
703 |     let mut date = date!(2019 - 12 - 31);
    |                    ^^^^
    |
    = note: import resolution is stuck, try simplifying macro imports

error: cannot determine resolution for the macro `date`
   --> tests/integration/date.rs:705:22
    |
705 |     assert_eq!(date, date!(2020 - 01 - 01));
    |                      ^^^^
    |
    = note: import resolution is stuck, try simplifying macro imports

error: cannot determine resolution for the macro `date`
   --> tests/integration/date.rs:710:16
    |
710 |     assert_eq!(date!(2019 - 01 - 06) - 5.days(), date!(2019 - 01 - 01));
    |                ^^^^
    |
    = note: import resolution is stuck, try simplifying macro imports

error: cannot determine resolution for the macro `date`
   --> tests/integration/date.rs:710:50
    |
710 |     assert_eq!(date!(2019 - 01 - 06) - 5.days(), date!(2019 - 01 - 01));
    |                                                  ^^^^
    |
    = note: import resolution is stuck, try simplifying macro imports

error: cannot determine resolution for the macro `date`
   --> tests/integration/date.rs:711:16
    |
711 |     assert_eq!(date!(2020 - 01 - 01) - 1.days(), date!(2019 - 12 - 31));
    |                ^^^^
    |
    = note: import resolution is stuck, try simplifying macro imports

error: cannot determine resolution for the macro `date`
   --> tests/integration/date.rs:711:50
    |
711 |     assert_eq!(date!(2020 - 01 - 01) - 1.days(), date!(2019 - 12 - 31));
    |                                                  ^^^^
    |
    = note: import resolution is stuck, try simplifying macro imports

error: cannot determine resolution for the macro `date`
   --> tests/integration/date.rs:716:16
    |
716 |     assert_eq!(date!(2019 - 01 - 06) - 5.std_days(), date!(2019 - 01 - 01));
    |                ^^^^
    |
    = note: import resolution is stuck, try simplifying macro imports

error: cannot determine resolution for the macro `date`
   --> tests/integration/date.rs:716:54
    |
716 |     assert_eq!(date!(2019 - 01 - 06) - 5.std_days(), date!(2019 - 01 - 01));
    |                                                      ^^^^
    |
    = note: import resolution is stuck, try simplifying macro imports

error: cannot determine resolution for the macro `date`
   --> tests/integration/date.rs:717:16
    |
717 |     assert_eq!(date!(2020 - 01 - 01) - 1.std_days(), date!(2019 - 12 - 31));
    |                ^^^^
    |
    = note: import resolution is stuck, try simplifying macro imports

error: cannot determine resolution for the macro `date`
   --> tests/integration/date.rs:717:54
    |
717 |     assert_eq!(date!(2020 - 01 - 01) - 1.std_days(), date!(2019 - 12 - 31));
    |                                                      ^^^^
    |
    = note: import resolution is stuck, try simplifying macro imports

error: cannot determine resolution for the macro `date`
   --> tests/integration/date.rs:722:20
    |
722 |     let mut date = date!(2020 - 01 - 01);
    |                    ^^^^
    |
    = note: import resolution is stuck, try simplifying macro imports

error: cannot determine resolution for the macro `date`
   --> tests/integration/date.rs:724:22
    |
724 |     assert_eq!(date, date!(2019 - 12 - 31));
    |                      ^^^^
    |
    = note: import resolution is stuck, try simplifying macro imports

error: cannot determine resolution for the macro `date`
   --> tests/integration/date.rs:729:20
    |
729 |     let mut date = date!(2020 - 01 - 01);
    |                    ^^^^
    |
    = note: import resolution is stuck, try simplifying macro imports

error: cannot determine resolution for the macro `date`
   --> tests/integration/date.rs:731:22
    |
731 |     assert_eq!(date, date!(2019 - 12 - 31));
    |                      ^^^^
    |
    = note: import resolution is stuck, try simplifying macro imports

error: cannot determine resolution for the macro `date`
   --> tests/integration/date.rs:736:16
    |
736 |     assert_eq!(date!(2019 - 01 - 06) - date!(2019 - 01 - 01), 5.days());
    |                ^^^^
    |
    = note: import resolution is stuck, try simplifying macro imports

error: cannot determine resolution for the macro `date`
   --> tests/integration/date.rs:736:40
    |
736 |     assert_eq!(date!(2019 - 01 - 06) - date!(2019 - 01 - 01), 5.days());
    |                                        ^^^^
    |
    = note: import resolution is stuck, try simplifying macro imports

error: cannot determine resolution for the macro `date`
   --> tests/integration/date.rs:737:16
    |
737 |     assert_eq!(date!(2020 - 01 - 01) - date!(2019 - 12 - 31), 1.days());
    |                ^^^^
    |
    = note: import resolution is stuck, try simplifying macro imports

error: cannot determine resolution for the macro `date`
   --> tests/integration/date.rs:737:40
    |
737 |     assert_eq!(date!(2020 - 01 - 01) - date!(2019 - 12 - 31), 1.days());
    |                                        ^^^^
    |
    = note: import resolution is stuck, try simplifying macro imports

error: cannot determine resolution for the macro `date`
   --> tests/integration/date.rs:742:17
    |
742 |     let first = date!(2019 - 01 - 01);
    |                 ^^^^
    |
    = note: import resolution is stuck, try simplifying macro imports

error: cannot determine resolution for the macro `date`
   --> tests/integration/date.rs:743:18
    |
743 |     let second = date!(2019 - 01 - 02);
    |                  ^^^^
    |
    = note: import resolution is stuck, try simplifying macro imports

error: cannot determine resolution for the macro `date`
   --> tests/integration/date.rs:752:17
    |
752 |     let first = date!(2019 - 01 - 01);
    |                 ^^^^
    |
    = note: import resolution is stuck, try simplifying macro imports

error: cannot determine resolution for the macro `date`
   --> tests/integration/date.rs:753:18
    |
753 |     let second = date!(2019 - 01 - 02);
    |                  ^^^^
    |
    = note: import resolution is stuck, try simplifying macro imports

error: cannot determine resolution for the macro `date`
   --> tests/integration/date.rs:762:34
    |
762 |     let (year, week, weekday) = (date!(0063 - 365)).to_iso_week_date();
    |                                  ^^^^
    |
    = note: import resolution is stuck, try simplifying macro imports

error: cannot determine resolution for the macro `date`
   --> tests/integration/date.rs:781:9
    |
781 |         date!(2021 - 10 - 25).checked_add(Duration::new(86_399, 999_999_999)),
    |         ^^^^
    |
    = note: import resolution is stuck, try simplifying macro imports

error: cannot determine resolution for the macro `date`
   --> tests/integration/date.rs:782:14
    |
782 |         Some(date!(2021 - 10 - 25))
    |              ^^^^
    |
    = note: import resolution is stuck, try simplifying macro imports

error: cannot determine resolution for the macro `date`
   --> tests/integration/date.rs:785:9
    |
785 |         date!(2021 - 10 - 25).checked_add(Duration::new(-86_399, -999_999_999)),
    |         ^^^^
    |
    = note: import resolution is stuck, try simplifying macro imports

error: cannot determine resolution for the macro `date`
   --> tests/integration/date.rs:786:14
    |
786 |         Some(date!(2021 - 10 - 25))
    |              ^^^^
    |
    = note: import resolution is stuck, try simplifying macro imports

error: cannot determine resolution for the macro `date`
   --> tests/integration/date.rs:803:9
    |
803 |         date!(2021 - 10 - 25).checked_add(Duration::DAY),
    |         ^^^^
    |
    = note: import resolution is stuck, try simplifying macro imports

error: cannot determine resolution for the macro `date`
   --> tests/integration/date.rs:804:14
    |
804 |         Some(date!(2021 - 10 - 26))
    |              ^^^^
    |
    = note: import resolution is stuck, try simplifying macro imports

error: cannot determine resolution for the macro `date`
   --> tests/integration/date.rs:807:9
    |
807 |         date!(2021 - 10 - 25).checked_add(-Duration::DAY),
    |         ^^^^
    |
    = note: import resolution is stuck, try simplifying macro imports

error: cannot determine resolution for the macro `date`
   --> tests/integration/date.rs:808:14
    |
808 |         Some(date!(2021 - 10 - 24))
    |              ^^^^
    |
    = note: import resolution is stuck, try simplifying macro imports

error: cannot determine resolution for the macro `date`
   --> tests/integration/date.rs:835:9
    |
835 |         date!(2021 - 10 - 25).checked_sub(Duration::new(86_399, 999_999_999)),
    |         ^^^^
    |
    = note: import resolution is stuck, try simplifying macro imports

error: cannot determine resolution for the macro `date`
   --> tests/integration/date.rs:836:14
    |
836 |         Some(date!(2021 - 10 - 25))
    |              ^^^^
    |
    = note: import resolution is stuck, try simplifying macro imports

error: cannot determine resolution for the macro `date`
   --> tests/integration/date.rs:839:9
    |
839 |         date!(2021 - 10 - 25).checked_sub(Duration::new(-86_399, -999_999_999)),
    |         ^^^^
    |
    = note: import resolution is stuck, try simplifying macro imports

error: cannot determine resolution for the macro `date`
   --> tests/integration/date.rs:840:14
    |
840 |         Some(date!(2021 - 10 - 25))
    |              ^^^^
    |
    = note: import resolution is stuck, try simplifying macro imports

error: cannot determine resolution for the macro `date`
   --> tests/integration/date.rs:857:9
    |
857 |         date!(2021 - 10 - 25).checked_sub(Duration::DAY),
    |         ^^^^
    |
    = note: import resolution is stuck, try simplifying macro imports

error: cannot determine resolution for the macro `date`
   --> tests/integration/date.rs:858:14
    |
858 |         Some(date!(2021 - 10 - 24))
    |              ^^^^
    |
    = note: import resolution is stuck, try simplifying macro imports

error: cannot determine resolution for the macro `date`
   --> tests/integration/date.rs:861:9
    |
861 |         date!(2021 - 10 - 25).checked_sub(-Duration::DAY),
    |         ^^^^
    |
    = note: import resolution is stuck, try simplifying macro imports

error: cannot determine resolution for the macro `date`
   --> tests/integration/date.rs:862:14
    |
862 |         Some(date!(2021 - 10 - 26))
    |              ^^^^
    |
    = note: import resolution is stuck, try simplifying macro imports

error: cannot determine resolution for the macro `date`
   --> tests/integration/date.rs:879:9
    |
879 |         date!(2021 - 11 - 05).saturating_add(2.days()),
    |         ^^^^
    |
    = note: import resolution is stuck, try simplifying macro imports

error: cannot determine resolution for the macro `date`
   --> tests/integration/date.rs:880:9
    |
880 |         date!(2021 - 11 - 07)
    |         ^^^^
    |
    = note: import resolution is stuck, try simplifying macro imports

error: cannot determine resolution for the macro `date`
   --> tests/integration/date.rs:883:9
    |
883 |         date!(2021 - 11 - 05).saturating_add((-2).days()),
    |         ^^^^
    |
    = note: import resolution is stuck, try simplifying macro imports

error: cannot determine resolution for the macro `date`
   --> tests/integration/date.rs:884:9
    |
884 |         date!(2021 - 11 - 03)
    |         ^^^^
    |
    = note: import resolution is stuck, try simplifying macro imports

error: cannot determine resolution for the macro `date`
   --> tests/integration/date.rs:901:9
    |
901 |         date!(2021 - 11 - 05).saturating_sub(2.days()),
    |         ^^^^
    |
    = note: import resolution is stuck, try simplifying macro imports

error: cannot determine resolution for the macro `date`
   --> tests/integration/date.rs:902:9
    |
902 |         date!(2021 - 11 - 03)
    |         ^^^^
    |
    = note: import resolution is stuck, try simplifying macro imports

error: cannot determine resolution for the macro `date`
   --> tests/integration/date.rs:905:9
    |
905 |         date!(2021 - 11 - 05).saturating_sub((-2).days()),
    |         ^^^^
    |
    = note: import resolution is stuck, try simplifying macro imports

error: cannot determine resolution for the macro `date`
   --> tests/integration/date.rs:906:9
    |
906 |         date!(2021 - 11 - 07)
    |         ^^^^
    |
    = note: import resolution is stuck, try simplifying macro imports

error: cannot determine resolution for the macro `date`
   --> tests/integration/date.rs:923:9
    |
923 |         date!(2022 - 02 - 18).replace_year(2019),
    |         ^^^^
    |
    = note: import resolution is stuck, try simplifying macro imports

error: cannot determine resolution for the macro `date`
   --> tests/integration/date.rs:924:12
    |
924 |         Ok(date!(2019 - 02 - 18))
    |            ^^^^
    |
    = note: import resolution is stuck, try simplifying macro imports

error: cannot determine resolution for the macro `date`
   --> tests/integration/date.rs:926:13
    |
926 |     assert!(date!(2022 - 02 - 18).replace_year(-1_000_000_000).is_err()); // -1_000_000_000 isn't a valid year
    |             ^^^^
    |
    = note: import resolution is stuck, try simplifying macro imports

error: cannot determine resolution for the macro `date`
   --> tests/integration/date.rs:927:13
    |
927 |     assert!(date!(2022 - 02 - 18).replace_year(1_000_000_000).is_err()); // 1_000_000_000 isn't a valid year
    |             ^^^^
    |
    = note: import resolution is stuck, try simplifying macro imports

error: cannot determine resolution for the macro `date`
   --> tests/integration/date.rs:931:9
    |
931 |         date!(2022 - 01 - 01).replace_year(2024),
    |         ^^^^
    |
    = note: import resolution is stuck, try simplifying macro imports

error: cannot determine resolution for the macro `date`
   --> tests/integration/date.rs:932:12
    |
932 |         Ok(date!(2024 - 01 - 01))
    |            ^^^^
    |
    = note: import resolution is stuck, try simplifying macro imports

error: cannot determine resolution for the macro `date`
   --> tests/integration/date.rs:936:9
    |
936 |         date!(2022 - 12 - 01).replace_year(2024),
    |         ^^^^
    |
    = note: import resolution is stuck, try simplifying macro imports

error: cannot determine resolution for the macro `date`
   --> tests/integration/date.rs:937:12
    |
937 |         Ok(date!(2024 - 12 - 01))
    |            ^^^^
    |
    = note: import resolution is stuck, try simplifying macro imports

error: cannot determine resolution for the macro `date`
   --> tests/integration/date.rs:941:9
    |
941 |         date!(2024 - 01 - 01).replace_year(2022),
    |         ^^^^
    |
    = note: import resolution is stuck, try simplifying macro imports

error: cannot determine resolution for the macro `date`
   --> tests/integration/date.rs:942:12
    |
942 |         Ok(date!(2022 - 01 - 01))
    |            ^^^^
    |
    = note: import resolution is stuck, try simplifying macro imports

error: cannot determine resolution for the macro `date`
   --> tests/integration/date.rs:946:9
    |
946 |         date!(2024 - 12 - 01).replace_year(2022),
    |         ^^^^
    |
    = note: import resolution is stuck, try simplifying macro imports

error[E0599]: no method named `num_digits` found for type `u16` in the current scope
  --> src/tests.rs:38:27
   |
38 |     assert_eq!(10_000_u16.num_digits(), 5);
   |                           ^^^^^^^^^^ method not found in `u16`

error: cannot determine resolution for the macro `date`
   --> tests/integration/date.rs:947:12
    |
947 |         Ok(date!(2022 - 12 - 01))
    |            ^^^^
    |
    = note: import resolution is stuck, try simplifying macro imports

error: cannot determine resolution for the macro `date`
   --> tests/integration/date.rs:950:13
    |
950 |     assert!(date!(2024 - 02 - 29).replace_year(2022).is_err());
    |             ^^^^
    |
    = note: import resolution is stuck, try simplifying macro imports

error: cannot determine resolution for the macro `date`
   --> tests/integration/date.rs:953:9
    |
953 |         date!(2022 - 12 - 01).replace_year(2023),
    |         ^^^^
    |
    = note: import resolution is stuck, try simplifying macro imports

error: cannot determine resolution for the macro `date`
   --> tests/integration/date.rs:954:12
    |
954 |         Ok(date!(2023 - 12 - 01))
    |            ^^^^
    |
    = note: import resolution is stuck, try simplifying macro imports

error: cannot determine resolution for the macro `date`
   --> tests/integration/date.rs:958:9
    |
958 |         date!(2024 - 12 - 01).replace_year(2028),
    |         ^^^^
    |
    = note: import resolution is stuck, try simplifying macro imports

error: cannot determine resolution for the macro `date`
   --> tests/integration/date.rs:959:12
    |
959 |         Ok(date!(2028 - 12 - 01))
    |            ^^^^
    |
    = note: import resolution is stuck, try simplifying macro imports

error: cannot determine resolution for the macro `date`
   --> tests/integration/date.rs:966:9
    |
966 |         date!(2022 - 02 - 18).replace_month(Month::January),
    |         ^^^^
    |
    = note: import resolution is stuck, try simplifying macro imports

error: cannot determine resolution for the macro `date`
   --> tests/integration/date.rs:967:12
    |
967 |         Ok(date!(2022 - 01 - 18))
    |            ^^^^
    |
    = note: import resolution is stuck, try simplifying macro imports

error: cannot determine resolution for the macro `date`
   --> tests/integration/date.rs:970:9
    |
970 |         date!(2022 - 01 - 30)
    |         ^^^^
    |
    = note: import resolution is stuck, try simplifying macro imports

error: cannot determine resolution for the macro `date`
   --> tests/integration/date.rs:979:9
    |
979 |         date!(2022 - 02 - 18).replace_day(1),
    |         ^^^^
    |
    = note: import resolution is stuck, try simplifying macro imports

error: cannot determine resolution for the macro `date`
   --> tests/integration/date.rs:980:12
    |
980 |         Ok(date!(2022 - 02 - 01))
    |            ^^^^
    |
    = note: import resolution is stuck, try simplifying macro imports

error: cannot determine resolution for the macro `date`
   --> tests/integration/date.rs:982:13
    |
982 |     assert!(date!(2022 - 02 - 18).replace_day(0).is_err()); // 0 isn't a valid day
    |             ^^^^
    |
    = note: import resolution is stuck, try simplifying macro imports

error: cannot determine resolution for the macro `date`
   --> tests/integration/date.rs:983:13
    |
983 |     assert!(date!(2022 - 02 - 18).replace_day(30).is_err()); // 30 isn't a valid day in February
    |             ^^^^
    |
    = note: import resolution is stuck, try simplifying macro imports

error: cannot determine resolution for the macro `date`
  --> tests/integration/derives.rs:30:23
   |
30 |     assert_cloned_eq!(date!(2021 - 001));
   |                       ^^^^
   |
   = note: import resolution is stuck, try simplifying macro imports

error: cannot determine resolution for the macro `time`
  --> tests/integration/derives.rs:31:23
   |
31 |     assert_cloned_eq!(time!(0:00));
   |                       ^^^^
   |
   = note: import resolution is stuck, try simplifying macro imports

error: cannot determine resolution for the macro `offset`
  --> tests/integration/derives.rs:32:23
   |
32 |     assert_cloned_eq!(offset!(UTC));
   |                       ^^^^^^
   |
   = note: import resolution is stuck, try simplifying macro imports

error: cannot determine resolution for the macro `datetime`
  --> tests/integration/derives.rs:33:23
   |
33 |     assert_cloned_eq!(datetime!(2021-001 0:00));
   |                       ^^^^^^^^
   |
   = note: import resolution is stuck, try simplifying macro imports

error: cannot determine resolution for the macro `datetime`
  --> tests/integration/derives.rs:34:23
   |
34 |     assert_cloned_eq!(datetime!(2021-001 0:00 UTC));
   |                       ^^^^^^^^
   |
   = note: import resolution is stuck, try simplifying macro imports

error: cannot determine resolution for the macro `date`
  --> tests/integration/derives.rs:89:5
   |
89 |     date!(2021 - 001).hash(&mut hasher);
   |     ^^^^
   |
   = note: import resolution is stuck, try simplifying macro imports

error: cannot determine resolution for the macro `time`
  --> tests/integration/derives.rs:90:5
   |
90 |     time!(0:00).hash(&mut hasher);
   |     ^^^^
   |
   = note: import resolution is stuck, try simplifying macro imports

error: cannot determine resolution for the macro `offset`
  --> tests/integration/derives.rs:91:5
   |
91 |     offset!(UTC).hash(&mut hasher);
   |     ^^^^^^
   |
   = note: import resolution is stuck, try simplifying macro imports

error: cannot determine resolution for the macro `datetime`
  --> tests/integration/derives.rs:92:5
   |
92 |     datetime!(2021-001 0:00).hash(&mut hasher);
   |     ^^^^^^^^
   |
   = note: import resolution is stuck, try simplifying macro imports

error: cannot determine resolution for the macro `datetime`
  --> tests/integration/derives.rs:93:5
   |
93 |     datetime!(2021-001 0:00 UTC).hash(&mut hasher);
   |     ^^^^^^^^
   |
   = note: import resolution is stuck, try simplifying macro imports

error: cannot determine resolution for the macro `offset`
   --> tests/integration/derives.rs:104:16
    |
104 |     assert_eq!(offset!(UTC).partial_cmp(&offset!(+1)), Some(Ordering::Less));
    |                ^^^^^^
    |
    = note: import resolution is stuck, try simplifying macro imports

error: cannot determine resolution for the macro `offset`
   --> tests/integration/derives.rs:104:42
    |
104 |     assert_eq!(offset!(UTC).partial_cmp(&offset!(+1)), Some(Ordering::Less));
    |                                          ^^^^^^
    |
    = note: import resolution is stuck, try simplifying macro imports

error: cannot determine resolution for the macro `offset`
   --> tests/integration/derives.rs:106:9
    |
106 |         offset!(+1).partial_cmp(&offset!(UTC)),
    |         ^^^^^^
    |
    = note: import resolution is stuck, try simplifying macro imports

error: cannot determine resolution for the macro `offset`
   --> tests/integration/derives.rs:106:34
    |
106 |         offset!(+1).partial_cmp(&offset!(UTC)),
    |                                  ^^^^^^
    |
    = note: import resolution is stuck, try simplifying macro imports

error: cannot determine resolution for the macro `offset`
   --> tests/integration/derives.rs:121:16
    |
121 |     assert_eq!(offset!(UTC).cmp(&offset!(+1)), Ordering::Less);
    |                ^^^^^^
    |
    = note: import resolution is stuck, try simplifying macro imports

error: cannot determine resolution for the macro `offset`
   --> tests/integration/derives.rs:121:34
    |
121 |     assert_eq!(offset!(UTC).cmp(&offset!(+1)), Ordering::Less);
    |                                  ^^^^^^
    |
    = note: import resolution is stuck, try simplifying macro imports

error: cannot determine resolution for the macro `offset`
   --> tests/integration/derives.rs:122:16
    |
122 |     assert_eq!(offset!(+1).cmp(&offset!(UTC)), Ordering::Greater);
    |                ^^^^^^
    |
    = note: import resolution is stuck, try simplifying macro imports

error: cannot determine resolution for the macro `offset`
   --> tests/integration/derives.rs:122:33
    |
122 |     assert_eq!(offset!(+1).cmp(&offset!(UTC)), Ordering::Greater);
    |                                 ^^^^^^
    |
    = note: import resolution is stuck, try simplifying macro imports

error: cannot determine resolution for the macro `offset`
   --> tests/integration/derives.rs:123:16
    |
123 |     assert_eq!(offset!(UTC).cmp(&offset!(UTC)), Ordering::Equal);
    |                ^^^^^^
    |
    = note: import resolution is stuck, try simplifying macro imports

error: cannot determine resolution for the macro `offset`
   --> tests/integration/derives.rs:123:34
    |
123 |     assert_eq!(offset!(UTC).cmp(&offset!(UTC)), Ordering::Equal);
    |                                  ^^^^^^
    |
    = note: import resolution is stuck, try simplifying macro imports

error: cannot determine resolution for the macro `format_description`
  --> tests/integration/error.rs:44:22
   |
44 |     Time::parse("a", format_description!("")).unwrap_err()
   |                      ^^^^^^^^^^^^^^^^^^
   |
   = note: import resolution is stuck, try simplifying macro imports

error: cannot determine resolution for the macro `datetime`
  --> tests/integration/formatting.rs:12:9
   |
12 |         datetime!(2021-01-02 03:04:05 UTC).format(&Rfc2822)?,
   |         ^^^^^^^^
   |
   = note: import resolution is stuck, try simplifying macro imports

error: cannot determine resolution for the macro `datetime`
  --> tests/integration/formatting.rs:16:9
   |
16 |         datetime!(2021-01-02 03:04:05 +06:07).format(&Rfc2822)?,
   |         ^^^^^^^^
   |
   = note: import resolution is stuck, try simplifying macro imports

error: cannot determine resolution for the macro `datetime`
  --> tests/integration/formatting.rs:20:9
   |
20 |         datetime!(2021-01-02 03:04:05 -06:07).format(&Rfc2822)?,
   |         ^^^^^^^^
   |
   = note: import resolution is stuck, try simplifying macro imports

error: cannot determine resolution for the macro `datetime`
  --> tests/integration/formatting.rs:25:9
   |
25 |         datetime!(1885-01-01 01:01:01 UTC).format(&Rfc2822),
   |         ^^^^^^^^
   |
   = note: import resolution is stuck, try simplifying macro imports

error: cannot determine resolution for the macro `datetime`
  --> tests/integration/formatting.rs:29:9
   |
29 |         datetime!(2000-01-01 00:00:00 +00:00:01).format(&Rfc2822),
   |         ^^^^^^^^
   |
   = note: import resolution is stuck, try simplifying macro imports

error: cannot determine resolution for the macro `datetime`
  --> tests/integration/formatting.rs:39:9
   |
39 |         datetime!(2021-01-02 03:04:05 UTC).format(&Rfc3339)?,
   |         ^^^^^^^^
   |
   = note: import resolution is stuck, try simplifying macro imports

error: cannot determine resolution for the macro `datetime`
  --> tests/integration/formatting.rs:43:9
   |
43 |         datetime!(2021-01-02 03:04:05.1 UTC).format(&Rfc3339)?,
   |         ^^^^^^^^
   |
   = note: import resolution is stuck, try simplifying macro imports

error: cannot determine resolution for the macro `datetime`
  --> tests/integration/formatting.rs:47:9
   |
47 |         datetime!(2021-01-02 03:04:05.12 UTC).format(&Rfc3339)?,
   |         ^^^^^^^^
   |
   = note: import resolution is stuck, try simplifying macro imports

error: cannot determine resolution for the macro `datetime`
  --> tests/integration/formatting.rs:51:9
   |
51 |         datetime!(2021-01-02 03:04:05.123 UTC).format(&Rfc3339)?,
   |         ^^^^^^^^
   |
   = note: import resolution is stuck, try simplifying macro imports

error: cannot determine resolution for the macro `datetime`
  --> tests/integration/formatting.rs:55:9
   |
55 |         datetime!(2021-01-02 03:04:05.123_4 UTC).format(&Rfc3339)?,
   |         ^^^^^^^^
   |
   = note: import resolution is stuck, try simplifying macro imports

error: cannot determine resolution for the macro `datetime`
  --> tests/integration/formatting.rs:59:9
   |
59 |         datetime!(2021-01-02 03:04:05.123_45 UTC).format(&Rfc3339)?,
   |         ^^^^^^^^
   |
   = note: import resolution is stuck, try simplifying macro imports

error: cannot determine resolution for the macro `datetime`
  --> tests/integration/formatting.rs:63:9
   |
63 |         datetime!(2021-01-02 03:04:05.123_456 UTC).format(&Rfc3339)?,
   |         ^^^^^^^^
   |
   = note: import resolution is stuck, try simplifying macro imports

error: cannot determine resolution for the macro `datetime`
  --> tests/integration/formatting.rs:67:9
   |
67 |         datetime!(2021-01-02 03:04:05.123_456_7 UTC).format(&Rfc3339)?,
   |         ^^^^^^^^
   |
   = note: import resolution is stuck, try simplifying macro imports

error: cannot determine resolution for the macro `datetime`
  --> tests/integration/formatting.rs:71:9
   |
71 |         datetime!(2021-01-02 03:04:05.123_456_78 UTC).format(&Rfc3339)?,
   |         ^^^^^^^^
   |
   = note: import resolution is stuck, try simplifying macro imports

error: cannot determine resolution for the macro `datetime`
  --> tests/integration/formatting.rs:75:9
   |
75 |         datetime!(2021-01-02 03:04:05.123_456_789 UTC).format(&Rfc3339)?,
   |         ^^^^^^^^
   |
   = note: import resolution is stuck, try simplifying macro imports

error: cannot determine resolution for the macro `datetime`
  --> tests/integration/formatting.rs:79:9
   |
79 |         datetime!(2021-01-02 03:04:05.123_456_789 -01:02).format(&Rfc3339)?,
   |         ^^^^^^^^
   |
   = note: import resolution is stuck, try simplifying macro imports

error: cannot determine resolution for the macro `datetime`
  --> tests/integration/formatting.rs:83:9
   |
83 |         datetime!(2021-01-02 03:04:05.123_456_789 +01:02).format(&Rfc3339)?,
   |         ^^^^^^^^
   |
   = note: import resolution is stuck, try simplifying macro imports

error: cannot determine resolution for the macro `datetime`
  --> tests/integration/formatting.rs:88:9
   |
88 |         datetime!(-0001-01-01 0:00 UTC).format(&Rfc3339),
   |         ^^^^^^^^
   |
   = note: import resolution is stuck, try simplifying macro imports

error: cannot determine resolution for the macro `datetime`
  --> tests/integration/formatting.rs:92:9
   |
92 |         datetime!(0000-01-01 0:00 +00:00:01).format(&Rfc3339),
   |         ^^^^^^^^
   |
   = note: import resolution is stuck, try simplifying macro imports

error: cannot determine resolution for the macro `datetime`
   --> tests/integration/formatting.rs:114:21
    |
114 |             let _ = datetime!(2021-01-02 03:04:05 UTC).format(&Iso8601::PARSING);
    |                     ^^^^^^^^
    |
    = note: import resolution is stuck, try simplifying macro imports

error: cannot determine resolution for the macro `datetime`
   --> tests/integration/formatting.rs:119:9
    |
119 |         datetime!(-123_456-01-02 03:04:05 UTC).format(
    |         ^^^^^^^^
    |
    = note: import resolution is stuck, try simplifying macro imports

error: cannot determine resolution for the macro `datetime`
   --> tests/integration/formatting.rs:131:9
    |
131 |         datetime!(-123_456-01-02 03:04:05 UTC).format(
    |         ^^^^^^^^
    |
    = note: import resolution is stuck, try simplifying macro imports

error: cannot determine resolution for the macro `datetime`
   --> tests/integration/formatting.rs:144:9
    |
144 |         datetime!(-123_456-01-02 03:04:05 UTC).format(
    |         ^^^^^^^^
    |
    = note: import resolution is stuck, try simplifying macro imports

error: cannot determine resolution for the macro `datetime`
   --> tests/integration/formatting.rs:157:9
    |
157 |         datetime!(2021-01-02 03:04:05+1:00).format(&Iso8601::DEFAULT)?,
    |         ^^^^^^^^
    |
    = note: import resolution is stuck, try simplifying macro imports

error: cannot determine resolution for the macro `datetime`
   --> tests/integration/formatting.rs:161:9
    |
161 |         datetime!(2021-01-02 03:04:05+1:00).format(
    |         ^^^^^^^^
    |
    = note: import resolution is stuck, try simplifying macro imports

error: cannot determine resolution for the macro `datetime`
   --> tests/integration/formatting.rs:104:17
    |
104 |                 datetime!(2021-01-02 03:04:05 UTC).format(
    |                 ^^^^^^^^
...
172 |     assert_format_config!("2021-01-02T03:04:05.000000000Z");
    |     ------------------------------------------------------- in this macro invocation
    |
    = note: import resolution is stuck, try simplifying macro imports
    = note: this error originates in the macro `assert_format_config` (in Nightly builds, run with -Z macro-backtrace for more info)

error: cannot determine resolution for the macro `datetime`
   --> tests/integration/formatting.rs:104:17
    |
104 |                 datetime!(2021-01-02 03:04:05 UTC).format(
    |                 ^^^^^^^^
...
173 |     assert_format_config!("20210102T030405.000000000Z", .set_use_separators(false));
    |     ------------------------------------------------------------------------------- in this macro invocation
    |
    = note: import resolution is stuck, try simplifying macro imports
    = note: this error originates in the macro `assert_format_config` (in Nightly builds, run with -Z macro-backtrace for more info)

error: cannot determine resolution for the macro `datetime`
   --> tests/integration/formatting.rs:104:17
    |
104 |                 datetime!(2021-01-02 03:04:05 UTC).format(
    |                 ^^^^^^^^
...
174 |     assert_format_config!("+002021-01-02T03:04:05.000000000Z", .set_year_is_six_digits(true));
    |     ----------------------------------------------------------------------------------------- in this macro invocation
    |
    = note: import resolution is stuck, try simplifying macro imports
    = note: this error originates in the macro `assert_format_config` (in Nightly builds, run with -Z macro-backtrace for more info)

error: cannot determine resolution for the macro `datetime`
   --> tests/integration/formatting.rs:104:17
    |
104 |                 datetime!(2021-01-02 03:04:05 UTC).format(
    |                 ^^^^^^^^
...
175 |     assert_format_config!("2021-01-02T03Z", .set_time_precision(TimePrecision::Hour { decimal_digits: None }));
    |     ---------------------------------------------------------------------------------------------------------- in this macro invocation
    |
    = note: import resolution is stuck, try simplifying macro imports
    = note: this error originates in the macro `assert_format_config` (in Nightly builds, run with -Z macro-backtrace for more info)

error: cannot determine resolution for the macro `datetime`
   --> tests/integration/formatting.rs:104:17
    |
104 |                 datetime!(2021-01-02 03:04:05 UTC).format(
    |                 ^^^^^^^^
...
176 |     assert_format_config!("2021-01-02T03:04Z", .set_time_precision(TimePrecision::Minute { decimal_digits: None }));
    |     --------------------------------------------------------------------------------------------------------------- in this macro invocation
    |
    = note: import resolution is stuck, try simplifying macro imports
    = note: this error originates in the macro `assert_format_config` (in Nightly builds, run with -Z macro-backtrace for more info)

error: cannot determine resolution for the macro `datetime`
   --> tests/integration/formatting.rs:104:17
    |
104 |                 datetime!(2021-01-02 03:04:05 UTC).format(
    |                 ^^^^^^^^
...
177 |     assert_format_config!("2021-01-02T03:04:05Z", .set_time_precision(TimePrecision::Second { decimal_digits: None }));
    |     ------------------------------------------------------------------------------------------------------------------ in this macro invocation
    |
    = note: import resolution is stuck, try simplifying macro imports
    = note: this error originates in the macro `assert_format_config` (in Nightly builds, run with -Z macro-backtrace for more info)

error: cannot determine resolution for the macro `datetime`
   --> tests/integration/formatting.rs:104:17
    |
104 |                 datetime!(2021-01-02 03:04:05 UTC).format(
    |                 ^^^^^^^^
...
178 |     assert_format_config!("2021-002T03:04:05.000000000Z", .set_date_kind(DateKind::Ordinal));
    |     ---------------------------------------------------------------------------------------- in this macro invocation
    |
    = note: import resolution is stuck, try simplifying macro imports
    = note: this error originates in the macro `assert_format_config` (in Nightly builds, run with -Z macro-backtrace for more info)

error: cannot determine resolution for the macro `datetime`
   --> tests/integration/formatting.rs:104:17
    |
104 |                 datetime!(2021-01-02 03:04:05 UTC).format(
    |                 ^^^^^^^^
...
179 |     assert_format_config!("2020-W53-6T03:04:05.000000000Z", .set_date_kind(DateKind::Week));
    |     --------------------------------------------------------------------------------------- in this macro invocation
    |
    = note: import resolution is stuck, try simplifying macro imports
    = note: this error originates in the macro `assert_format_config` (in Nightly builds, run with -Z macro-backtrace for more info)

error: cannot determine resolution for the macro `datetime`
   --> tests/integration/formatting.rs:182:9
    |
182 |         datetime!(+10_000-01-01 0:00 UTC).format(&Iso8601::DEFAULT),
    |         ^^^^^^^^
    |
    = note: import resolution is stuck, try simplifying macro imports

error: cannot determine resolution for the macro `datetime`
   --> tests/integration/formatting.rs:186:9
    |
186 |         datetime!(+10_000-W 01-1 0:00 UTC).format(
    |         ^^^^^^^^
    |
    = note: import resolution is stuck, try simplifying macro imports

error: cannot determine resolution for the macro `datetime`
   --> tests/integration/formatting.rs:198:9
    |
198 |         datetime!(+10_000-001 0:00 UTC).format(
    |         ^^^^^^^^
    |
    = note: import resolution is stuck, try simplifying macro imports

error: cannot determine resolution for the macro `datetime`
   --> tests/integration/formatting.rs:210:9
    |
210 |         datetime!(2021-01-02 03:04:05 +0:00:01).format(&Iso8601::DEFAULT),
    |         ^^^^^^^^
    |
    = note: import resolution is stuck, try simplifying macro imports

error: cannot determine resolution for the macro `datetime`
   --> tests/integration/formatting.rs:214:9
    |
214 |         datetime!(2021-01-02 03:04:05 +0:01).format(
    |         ^^^^^^^^
    |
    = note: import resolution is stuck, try simplifying macro imports

error: cannot determine resolution for the macro `fd`
   --> tests/integration/formatting.rs:232:10
    |
232 |         (fd!("[hour]"), "13"),
    |          ^^
    |
    = note: import resolution is stuck, try simplifying macro imports

error: cannot determine resolution for the macro `fd`
   --> tests/integration/formatting.rs:233:10
    |
233 |         (fd!("[hour repr:12]"), "01"),
    |          ^^
    |
    = note: import resolution is stuck, try simplifying macro imports

error: cannot determine resolution for the macro `fd`
   --> tests/integration/formatting.rs:234:10
    |
234 |         (fd!("[hour repr:12 padding:none]"), "1"),
    |          ^^
    |
    = note: import resolution is stuck, try simplifying macro imports

error: cannot determine resolution for the macro `fd`
   --> tests/integration/formatting.rs:235:10
    |
235 |         (fd!("[hour repr:12 padding:space]"), " 1"),
    |          ^^
    |
    = note: import resolution is stuck, try simplifying macro imports

error: cannot determine resolution for the macro `fd`
   --> tests/integration/formatting.rs:236:10
    |
236 |         (fd!("[hour repr:24]"), "13"),
    |          ^^
    |
    = note: import resolution is stuck, try simplifying macro imports

error: cannot determine resolution for the macro `fd`
   --> tests/integration/formatting.rs:237:10
    |
237 |         (fd!("[hour repr:24]"), "13"),
    |          ^^
    |
    = note: import resolution is stuck, try simplifying macro imports

error: cannot determine resolution for the macro `fd`
   --> tests/integration/formatting.rs:238:10
    |
238 |         (fd!("[hour repr:24 padding:none]"), "13"),
    |          ^^
    |
    = note: import resolution is stuck, try simplifying macro imports

error: cannot determine resolution for the macro `fd`
   --> tests/integration/formatting.rs:239:10
    |
239 |         (fd!("[hour repr:24 padding:space]"), "13"),
    |          ^^
    |
    = note: import resolution is stuck, try simplifying macro imports

error: cannot determine resolution for the macro `fd`
   --> tests/integration/formatting.rs:240:10
    |
240 |         (fd!("[minute]"), "02"),
    |          ^^
    |
    = note: import resolution is stuck, try simplifying macro imports

error: cannot determine resolution for the macro `fd`
   --> tests/integration/formatting.rs:241:10
    |
241 |         (fd!("[minute padding:none]"), "2"),
    |          ^^
    |
    = note: import resolution is stuck, try simplifying macro imports

error: cannot determine resolution for the macro `fd`
   --> tests/integration/formatting.rs:242:10
    |
242 |         (fd!("[minute padding:space]"), " 2"),
    |          ^^
    |
    = note: import resolution is stuck, try simplifying macro imports

error: cannot determine resolution for the macro `fd`
   --> tests/integration/formatting.rs:243:10
    |
243 |         (fd!("[minute padding:zero]"), "02"),
    |          ^^
    |
    = note: import resolution is stuck, try simplifying macro imports

error: cannot determine resolution for the macro `fd`
   --> tests/integration/formatting.rs:244:10
    |
244 |         (fd!("[period]"), "PM"),
    |          ^^
    |
    = note: import resolution is stuck, try simplifying macro imports

error: cannot determine resolution for the macro `fd`
   --> tests/integration/formatting.rs:245:10
    |
245 |         (fd!("[period case:upper]"), "PM"),
    |          ^^
    |
    = note: import resolution is stuck, try simplifying macro imports

error: cannot determine resolution for the macro `fd`
   --> tests/integration/formatting.rs:246:10
    |
246 |         (fd!("[period case:lower]"), "pm"),
    |          ^^
    |
    = note: import resolution is stuck, try simplifying macro imports

error: cannot determine resolution for the macro `fd`
   --> tests/integration/formatting.rs:247:10
    |
247 |         (fd!("[second]"), "03"),
    |          ^^
    |
    = note: import resolution is stuck, try simplifying macro imports

error: cannot determine resolution for the macro `fd`
   --> tests/integration/formatting.rs:248:10
    |
248 |         (fd!("[second padding:none]"), "3"),
    |          ^^
    |
    = note: import resolution is stuck, try simplifying macro imports

error: cannot determine resolution for the macro `fd`
   --> tests/integration/formatting.rs:249:10
    |
249 |         (fd!("[second padding:space]"), " 3"),
    |          ^^
    |
    = note: import resolution is stuck, try simplifying macro imports

error: cannot determine resolution for the macro `fd`
   --> tests/integration/formatting.rs:250:10
    |
250 |         (fd!("[second padding:zero]"), "03"),
    |          ^^
    |
    = note: import resolution is stuck, try simplifying macro imports

error: cannot determine resolution for the macro `fd`
   --> tests/integration/formatting.rs:251:10
    |
251 |         (fd!("[subsecond]"), "456789012"),
    |          ^^
    |
    = note: import resolution is stuck, try simplifying macro imports

error: cannot determine resolution for the macro `fd`
   --> tests/integration/formatting.rs:252:10
    |
252 |         (fd!("[subsecond digits:1]"), "4"),
    |          ^^
    |
    = note: import resolution is stuck, try simplifying macro imports

error: cannot determine resolution for the macro `fd`
   --> tests/integration/formatting.rs:253:10
    |
253 |         (fd!("[subsecond digits:2]"), "45"),
    |          ^^
    |
    = note: import resolution is stuck, try simplifying macro imports

error: cannot determine resolution for the macro `fd`
   --> tests/integration/formatting.rs:254:10
    |
254 |         (fd!("[subsecond digits:3]"), "456"),
    |          ^^
    |
    = note: import resolution is stuck, try simplifying macro imports

error: cannot determine resolution for the macro `fd`
   --> tests/integration/formatting.rs:255:10
    |
255 |         (fd!("[subsecond digits:4]"), "4567"),
    |          ^^
    |
    = note: import resolution is stuck, try simplifying macro imports

error: cannot determine resolution for the macro `fd`
   --> tests/integration/formatting.rs:256:10
    |
256 |         (fd!("[subsecond digits:5]"), "45678"),
    |          ^^
    |
    = note: import resolution is stuck, try simplifying macro imports

error: cannot determine resolution for the macro `fd`
   --> tests/integration/formatting.rs:257:10
    |
257 |         (fd!("[subsecond digits:6]"), "456789"),
    |          ^^
    |
    = note: import resolution is stuck, try simplifying macro imports

error: cannot determine resolution for the macro `fd`
   --> tests/integration/formatting.rs:258:10
    |
258 |         (fd!("[subsecond digits:7]"), "4567890"),
    |          ^^
    |
    = note: import resolution is stuck, try simplifying macro imports

error: cannot determine resolution for the macro `fd`
   --> tests/integration/formatting.rs:259:10
    |
259 |         (fd!("[subsecond digits:8]"), "45678901"),
    |          ^^
    |
    = note: import resolution is stuck, try simplifying macro imports

error: cannot determine resolution for the macro `fd`
   --> tests/integration/formatting.rs:260:10
    |
260 |         (fd!("[subsecond digits:9]"), "456789012"),
    |          ^^
    |
    = note: import resolution is stuck, try simplifying macro imports

error: cannot determine resolution for the macro `fd`
   --> tests/integration/formatting.rs:261:10
    |
261 |         (fd!("[subsecond digits:1+]"), "456789012"),
    |          ^^
    |
    = note: import resolution is stuck, try simplifying macro imports

error: cannot determine resolution for the macro `time`
   --> tests/integration/formatting.rs:266:13
    |
266 |             time!(13:02:03.456_789_012).format(format_description)?,
    |             ^^^^
    |
    = note: import resolution is stuck, try simplifying macro imports

error: cannot determine resolution for the macro `time`
   --> tests/integration/formatting.rs:270:13
    |
270 |             time!(13:02:03.456_789_012)
    |             ^^^^
    |
    = note: import resolution is stuck, try simplifying macro imports

error: cannot determine resolution for the macro `time`
   --> tests/integration/formatting.rs:277:9
    |
277 |         time!(1:02:03).format(fd!("[hour repr:12][period]"))?,
    |         ^^^^
    |
    = note: import resolution is stuck, try simplifying macro imports

error: cannot determine resolution for the macro `fd`
   --> tests/integration/formatting.rs:277:31
    |
277 |         time!(1:02:03).format(fd!("[hour repr:12][period]"))?,
    |                               ^^
    |
    = note: import resolution is stuck, try simplifying macro imports

error: cannot determine resolution for the macro `fd`
   --> tests/integration/formatting.rs:281:31
    |
281 |         Time::MIDNIGHT.format(fd!("[hour repr:12][period case:lower]"))?,
    |                               ^^
    |
    = note: import resolution is stuck, try simplifying macro imports

error: cannot determine resolution for the macro `fd`
   --> tests/integration/formatting.rs:284:38
    |
284 |     assert_eq!(Time::MIDNIGHT.format(fd!("[subsecond digits:1+]"))?, "0");
    |                                      ^^
    |
    = note: import resolution is stuck, try simplifying macro imports

error: cannot determine resolution for the macro `time`
   --> tests/integration/formatting.rs:286:9
    |
286 |         time!(0:00:00.01).format(fd!("[subsecond digits:1+]"))?,
    |         ^^^^
    |
    = note: import resolution is stuck, try simplifying macro imports

error: cannot determine resolution for the macro `fd`
   --> tests/integration/formatting.rs:286:34
    |
286 |         time!(0:00:00.01).format(fd!("[subsecond digits:1+]"))?,
    |                                  ^^
    |
    = note: import resolution is stuck, try simplifying macro imports

error: cannot determine resolution for the macro `time`
   --> tests/integration/formatting.rs:290:9
    |
290 |         time!(0:00:00.001).format(fd!("[subsecond digits:1+]"))?,
    |         ^^^^
    |
    = note: import resolution is stuck, try simplifying macro imports

error: cannot determine resolution for the macro `fd`
   --> tests/integration/formatting.rs:290:35
    |
290 |         time!(0:00:00.001).format(fd!("[subsecond digits:1+]"))?,
    |                                   ^^
    |
    = note: import resolution is stuck, try simplifying macro imports

error: cannot determine resolution for the macro `time`
   --> tests/integration/formatting.rs:294:9
    |
294 |         time!(0:00:00.0001).format(fd!("[subsecond digits:1+]"))?,
    |         ^^^^
    |
    = note: import resolution is stuck, try simplifying macro imports

error: cannot determine resolution for the macro `fd`
   --> tests/integration/formatting.rs:294:36
    |
294 |         time!(0:00:00.0001).format(fd!("[subsecond digits:1+]"))?,
    |                                    ^^
    |
    = note: import resolution is stuck, try simplifying macro imports

error[E0599]: no method named `num_digits` found for type `u32` in the current scope
  --> src/tests.rs:40:22
   |
40 |     assert_eq!(1_u32.num_digits(), 1);
   |                      ^^^^^^^^^^ method not found in `u32`

error: cannot determine resolution for the macro `time`
   --> tests/integration/formatting.rs:298:9
    |
298 |         time!(0:00:00.00001).format(fd!("[subsecond digits:1+]"))?,
    |         ^^^^
    |
    = note: import resolution is stuck, try simplifying macro imports

error: cannot determine resolution for the macro `fd`
   --> tests/integration/formatting.rs:298:37
    |
298 |         time!(0:00:00.00001).format(fd!("[subsecond digits:1+]"))?,
    |                                     ^^
    |
    = note: import resolution is stuck, try simplifying macro imports

error: cannot determine resolution for the macro `time`
   --> tests/integration/formatting.rs:302:9
    |
302 |         time!(0:00:00.000001).format(fd!("[subsecond digits:1+]"))?,
    |         ^^^^
    |
    = note: import resolution is stuck, try simplifying macro imports

error: cannot determine resolution for the macro `fd`
   --> tests/integration/formatting.rs:302:38
    |
302 |         time!(0:00:00.000001).format(fd!("[subsecond digits:1+]"))?,
    |                                      ^^
    |
    = note: import resolution is stuck, try simplifying macro imports

error: cannot determine resolution for the macro `time`
   --> tests/integration/formatting.rs:306:9
    |
306 |         time!(0:00:00.0000001).format(fd!("[subsecond digits:1+]"))?,
    |         ^^^^
    |
    = note: import resolution is stuck, try simplifying macro imports

error: cannot determine resolution for the macro `fd`
   --> tests/integration/formatting.rs:306:39
    |
306 |         time!(0:00:00.0000001).format(fd!("[subsecond digits:1+]"))?,
    |                                       ^^
    |
    = note: import resolution is stuck, try simplifying macro imports

error: cannot determine resolution for the macro `time`
   --> tests/integration/formatting.rs:310:9
    |
310 |         time!(0:00:00.00000001).format(fd!("[subsecond digits:1+]"))?,
    |         ^^^^
    |
    = note: import resolution is stuck, try simplifying macro imports

error: cannot determine resolution for the macro `fd`
   --> tests/integration/formatting.rs:310:40
    |
310 |         time!(0:00:00.00000001).format(fd!("[subsecond digits:1+]"))?,
    |                                        ^^
    |
    = note: import resolution is stuck, try simplifying macro imports

error: cannot determine resolution for the macro `time`
   --> tests/integration/formatting.rs:314:9
    |
314 |         time!(0:00:00.000000001).format(fd!("[subsecond digits:1+]"))?,
    |         ^^^^
    |
    = note: import resolution is stuck, try simplifying macro imports

error: cannot determine resolution for the macro `fd`
   --> tests/integration/formatting.rs:314:41
    |
314 |         time!(0:00:00.000000001).format(fd!("[subsecond digits:1+]"))?,
    |                                         ^^
    |
    = note: import resolution is stuck, try simplifying macro imports

error: cannot determine resolution for the macro `time`
   --> tests/integration/formatting.rs:323:16
    |
323 |     assert_eq!(time!(0:00).to_string(), "0:00:00.0");
    |                ^^^^
    |
    = note: import resolution is stuck, try simplifying macro imports

error: cannot determine resolution for the macro `time`
   --> tests/integration/formatting.rs:324:16
    |
324 |     assert_eq!(time!(23:59).to_string(), "23:59:00.0");
    |                ^^^^
    |
    = note: import resolution is stuck, try simplifying macro imports

error: cannot determine resolution for the macro `time`
   --> tests/integration/formatting.rs:325:16
    |
325 |     assert_eq!(time!(23:59:59).to_string(), "23:59:59.0");
    |                ^^^^
    |
    = note: import resolution is stuck, try simplifying macro imports

error: cannot determine resolution for the macro `time`
   --> tests/integration/formatting.rs:326:16
    |
326 |     assert_eq!(time!(0:00:01).to_string(), "0:00:01.0");
    |                ^^^^
    |
    = note: import resolution is stuck, try simplifying macro imports

error: cannot determine resolution for the macro `time`
   --> tests/integration/formatting.rs:327:16
    |
327 |     assert_eq!(time!(0:00:00.1).to_string(), "0:00:00.1");
    |                ^^^^
    |
    = note: import resolution is stuck, try simplifying macro imports

error: cannot determine resolution for the macro `time`
   --> tests/integration/formatting.rs:328:16
    |
328 |     assert_eq!(time!(0:00:00.01).to_string(), "0:00:00.01");
    |                ^^^^
    |
    = note: import resolution is stuck, try simplifying macro imports

error: cannot determine resolution for the macro `time`
   --> tests/integration/formatting.rs:329:16
    |
329 |     assert_eq!(time!(0:00:00.001).to_string(), "0:00:00.001");
    |                ^^^^
    |
    = note: import resolution is stuck, try simplifying macro imports

error: cannot determine resolution for the macro `time`
   --> tests/integration/formatting.rs:330:16
    |
330 |     assert_eq!(time!(0:00:00.000_1).to_string(), "0:00:00.0001");
    |                ^^^^
    |
    = note: import resolution is stuck, try simplifying macro imports

error: cannot determine resolution for the macro `time`
   --> tests/integration/formatting.rs:331:16
    |
331 |     assert_eq!(time!(0:00:00.000_01).to_string(), "0:00:00.00001");
    |                ^^^^
    |
    = note: import resolution is stuck, try simplifying macro imports

error: cannot determine resolution for the macro `time`
   --> tests/integration/formatting.rs:332:16
    |
332 |     assert_eq!(time!(0:00:00.000_001).to_string(), "0:00:00.000001");
    |                ^^^^
    |
    = note: import resolution is stuck, try simplifying macro imports

error: cannot determine resolution for the macro `time`
   --> tests/integration/formatting.rs:333:16
    |
333 |     assert_eq!(time!(0:00:00.000_000_1).to_string(), "0:00:00.0000001");
    |                ^^^^
    |
    = note: import resolution is stuck, try simplifying macro imports

error: cannot determine resolution for the macro `time`
   --> tests/integration/formatting.rs:334:16
    |
334 |     assert_eq!(time!(0:00:00.000_000_01).to_string(), "0:00:00.00000001");
    |                ^^^^
    |
    = note: import resolution is stuck, try simplifying macro imports

error: cannot determine resolution for the macro `time`
   --> tests/integration/formatting.rs:335:16
    |
335 |     assert_eq!(time!(0:00:00.000_000_001).to_string(), "0:00:00.000000001");
    |                ^^^^
    |
    = note: import resolution is stuck, try simplifying macro imports

error: cannot determine resolution for the macro `fd`
   --> tests/integration/formatting.rs:341:10
    |
341 |         (fd!("[day]"), "31"),
    |          ^^
    |
    = note: import resolution is stuck, try simplifying macro imports

error: cannot determine resolution for the macro `fd`
   --> tests/integration/formatting.rs:342:10
    |
342 |         (fd!("[month]"), "12"),
    |          ^^
    |
    = note: import resolution is stuck, try simplifying macro imports

error: cannot determine resolution for the macro `fd`
   --> tests/integration/formatting.rs:343:10
    |
343 |         (fd!("[month repr:short]"), "Dec"),
    |          ^^
    |
    = note: import resolution is stuck, try simplifying macro imports

error: cannot determine resolution for the macro `fd`
   --> tests/integration/formatting.rs:344:10
    |
344 |         (fd!("[month repr:long]"), "December"),
    |          ^^
    |
    = note: import resolution is stuck, try simplifying macro imports

error: cannot determine resolution for the macro `fd`
   --> tests/integration/formatting.rs:345:10
    |
345 |         (fd!("[ordinal]"), "365"),
    |          ^^
    |
    = note: import resolution is stuck, try simplifying macro imports

error: cannot determine resolution for the macro `fd`
   --> tests/integration/formatting.rs:346:10
    |
346 |         (fd!("[weekday]"), "Tuesday"),
    |          ^^
    |
    = note: import resolution is stuck, try simplifying macro imports

error: cannot determine resolution for the macro `fd`
   --> tests/integration/formatting.rs:347:10
    |
347 |         (fd!("[weekday repr:short]"), "Tue"),
    |          ^^
    |
    = note: import resolution is stuck, try simplifying macro imports

error: cannot determine resolution for the macro `fd`
   --> tests/integration/formatting.rs:348:10
    |
348 |         (fd!("[weekday repr:sunday]"), "3"),
    |          ^^
    |
    = note: import resolution is stuck, try simplifying macro imports

error: cannot determine resolution for the macro `fd`
   --> tests/integration/formatting.rs:349:10
    |
349 |         (fd!("[weekday repr:sunday one_indexed:false]"), "2"),
    |          ^^
    |
    = note: import resolution is stuck, try simplifying macro imports

error: cannot determine resolution for the macro `fd`
   --> tests/integration/formatting.rs:350:10
    |
350 |         (fd!("[weekday repr:monday]"), "2"),
    |          ^^
    |
    = note: import resolution is stuck, try simplifying macro imports

error: cannot determine resolution for the macro `fd`
   --> tests/integration/formatting.rs:351:10
    |
351 |         (fd!("[weekday repr:monday one_indexed:false]"), "1"),
    |          ^^
    |
    = note: import resolution is stuck, try simplifying macro imports

error: cannot determine resolution for the macro `fd`
   --> tests/integration/formatting.rs:352:10
    |
352 |         (fd!("[week_number]"), "01"),
    |          ^^
    |
    = note: import resolution is stuck, try simplifying macro imports

error: cannot determine resolution for the macro `fd`
   --> tests/integration/formatting.rs:353:10
    |
353 |         (fd!("[week_number padding:none]"), "1"),
    |          ^^
    |
    = note: import resolution is stuck, try simplifying macro imports

error: cannot determine resolution for the macro `fd`
   --> tests/integration/formatting.rs:354:10
    |
354 |         (fd!("[week_number padding:space]"), " 1"),
    |          ^^
    |
    = note: import resolution is stuck, try simplifying macro imports

error: cannot determine resolution for the macro `fd`
   --> tests/integration/formatting.rs:355:10
    |
355 |         (fd!("[week_number repr:sunday]"), "52"),
    |          ^^
    |
    = note: import resolution is stuck, try simplifying macro imports

error: cannot determine resolution for the macro `fd`
   --> tests/integration/formatting.rs:356:10
    |
356 |         (fd!("[week_number repr:monday]"), "52"),
    |          ^^
    |
    = note: import resolution is stuck, try simplifying macro imports

error: cannot determine resolution for the macro `fd`
   --> tests/integration/formatting.rs:357:10
    |
357 |         (fd!("[year]"), "2019"),
    |          ^^
    |
    = note: import resolution is stuck, try simplifying macro imports

error: cannot determine resolution for the macro `fd`
   --> tests/integration/formatting.rs:358:10
    |
358 |         (fd!("[year base:iso_week]"), "2020"),
    |          ^^
    |
    = note: import resolution is stuck, try simplifying macro imports

error: cannot determine resolution for the macro `fd`
   --> tests/integration/formatting.rs:359:10
    |
359 |         (fd!("[year sign:mandatory]"), "+2019"),
    |          ^^
    |
    = note: import resolution is stuck, try simplifying macro imports

error: cannot determine resolution for the macro `fd`
   --> tests/integration/formatting.rs:360:10
    |
360 |         (fd!("[year base:iso_week sign:mandatory]"), "+2020"),
    |          ^^
    |
    = note: import resolution is stuck, try simplifying macro imports

error: cannot determine resolution for the macro `fd`
   --> tests/integration/formatting.rs:361:10
    |
361 |         (fd!("[year repr:last_two]"), "19"),
    |          ^^
    |
    = note: import resolution is stuck, try simplifying macro imports

error: cannot determine resolution for the macro `fd`
   --> tests/integration/formatting.rs:362:10
    |
362 |         (fd!("[year base:iso_week repr:last_two]"), "20"),
    |          ^^
    |
    = note: import resolution is stuck, try simplifying macro imports

error: cannot determine resolution for the macro `date`
   --> tests/integration/formatting.rs:366:20
    |
366 |         assert_eq!(date!(2019 - 12 - 31).format(format_description)?, output);
    |                    ^^^^
    |
    = note: import resolution is stuck, try simplifying macro imports

error: cannot determine resolution for the macro `date`
   --> tests/integration/formatting.rs:368:13
    |
368 |             date!(2019 - 12 - 31)
    |             ^^^^
    |
    = note: import resolution is stuck, try simplifying macro imports

error: cannot determine resolution for the macro `date`
   --> tests/integration/formatting.rs:379:16
    |
379 |     assert_eq!(date!(2019 - 01 - 01).to_string(), "2019-01-01");
    |                ^^^^
    |
    = note: import resolution is stuck, try simplifying macro imports

error: cannot determine resolution for the macro `date`
   --> tests/integration/formatting.rs:380:16
    |
380 |     assert_eq!(date!(2019 - 12 - 31).to_string(), "2019-12-31");
    |                ^^^^
    |
    = note: import resolution is stuck, try simplifying macro imports

error: cannot determine resolution for the macro `date`
   --> tests/integration/formatting.rs:381:16
    |
381 |     assert_eq!(date!(-4713 - 11 - 24).to_string(), "-4713-11-24");
    |                ^^^^
    |
    = note: import resolution is stuck, try simplifying macro imports

error: cannot determine resolution for the macro `date`
   --> tests/integration/formatting.rs:382:16
    |
382 |     assert_eq!(date!(-0001 - 01 - 01).to_string(), "-0001-01-01");
    |                ^^^^
    |
    = note: import resolution is stuck, try simplifying macro imports

error: cannot determine resolution for the macro `date`
   --> tests/integration/formatting.rs:384:16
    |
384 |     assert_eq!(date!(+10_000-01-01).to_string(), "+10000-01-01");
    |                ^^^^
    |
    = note: import resolution is stuck, try simplifying macro imports

error: cannot determine resolution for the macro `date`
   --> tests/integration/formatting.rs:385:16
    |
385 |     assert_eq!(date!(+100_000-01-01).to_string(), "+100000-01-01");
    |                ^^^^
    |
    = note: import resolution is stuck, try simplifying macro imports

error: cannot determine resolution for the macro `date`
   --> tests/integration/formatting.rs:386:16
    |
386 |     assert_eq!(date!(-10_000 - 01 - 01).to_string(), "-10000-01-01");
    |                ^^^^
    |
    = note: import resolution is stuck, try simplifying macro imports

error: cannot determine resolution for the macro `date`
   --> tests/integration/formatting.rs:387:16
    |
387 |     assert_eq!(date!(-100_000 - 01 - 01).to_string(), "-100000-01-01");
    |                ^^^^
    |
    = note: import resolution is stuck, try simplifying macro imports

error: cannot determine resolution for the macro `offset`
   --> tests/integration/formatting.rs:394:13
    |
394 |             offset!(+01:02:03),
    |             ^^^^^^
    |
    = note: import resolution is stuck, try simplifying macro imports

error: cannot determine resolution for the macro `fd`
   --> tests/integration/formatting.rs:395:13
    |
395 |             fd!("[offset_hour sign:automatic]"),
    |             ^^
    |
    = note: import resolution is stuck, try simplifying macro imports

error: cannot determine resolution for the macro `offset`
   --> tests/integration/formatting.rs:399:13
    |
399 |             offset!(+01:02:03),
    |             ^^^^^^
    |
    = note: import resolution is stuck, try simplifying macro imports

error: cannot determine resolution for the macro `fd`
   --> tests/integration/formatting.rs:400:13
    |
400 |             fd!("[offset_hour sign:mandatory]"),
    |             ^^
    |
    = note: import resolution is stuck, try simplifying macro imports

error: cannot determine resolution for the macro `offset`
   --> tests/integration/formatting.rs:404:13
    |
404 |             offset!(-01:02:03),
    |             ^^^^^^
    |
    = note: import resolution is stuck, try simplifying macro imports

error: cannot determine resolution for the macro `fd`
   --> tests/integration/formatting.rs:405:13
    |
405 |             fd!("[offset_hour sign:automatic]"),
    |             ^^
    |
    = note: import resolution is stuck, try simplifying macro imports

error: cannot determine resolution for the macro `offset`
   --> tests/integration/formatting.rs:409:13
    |
409 |             offset!(-01:02:03),
    |             ^^^^^^
    |
    = note: import resolution is stuck, try simplifying macro imports

error: cannot determine resolution for the macro `fd`
   --> tests/integration/formatting.rs:410:13
    |
410 |             fd!("[offset_hour sign:mandatory]"),
    |             ^^
    |
    = note: import resolution is stuck, try simplifying macro imports

error: cannot determine resolution for the macro `offset`
   --> tests/integration/formatting.rs:413:10
    |
413 |         (offset!(+01:02:03), fd!("[offset_minute]"), "02"),
    |          ^^^^^^
    |
    = note: import resolution is stuck, try simplifying macro imports

error: cannot determine resolution for the macro `fd`
   --> tests/integration/formatting.rs:413:30
    |
413 |         (offset!(+01:02:03), fd!("[offset_minute]"), "02"),
    |                              ^^
    |
    = note: import resolution is stuck, try simplifying macro imports

error: cannot determine resolution for the macro `offset`
   --> tests/integration/formatting.rs:414:10
    |
414 |         (offset!(+01:02:03), fd!("[offset_second]"), "03"),
    |          ^^^^^^
    |
    = note: import resolution is stuck, try simplifying macro imports

error: cannot determine resolution for the macro `fd`
   --> tests/integration/formatting.rs:414:30
    |
414 |         (offset!(+01:02:03), fd!("[offset_second]"), "03"),
    |                              ^^
    |
    = note: import resolution is stuck, try simplifying macro imports

error: cannot determine resolution for the macro `offset`
   --> tests/integration/formatting.rs:431:16
    |
431 |     assert_eq!(offset!(UTC).to_string(), "+00:00:00");
    |                ^^^^^^
    |
    = note: import resolution is stuck, try simplifying macro imports

error: cannot determine resolution for the macro `offset`
   --> tests/integration/formatting.rs:432:16
    |
432 |     assert_eq!(offset!(+0:00:01).to_string(), "+00:00:01");
    |                ^^^^^^
    |
    = note: import resolution is stuck, try simplifying macro imports

error: cannot determine resolution for the macro `offset`
   --> tests/integration/formatting.rs:433:16
    |
433 |     assert_eq!(offset!(-0:00:01).to_string(), "-00:00:01");
    |                ^^^^^^
    |
    = note: import resolution is stuck, try simplifying macro imports

error: cannot determine resolution for the macro `offset`
   --> tests/integration/formatting.rs:434:16
    |
434 |     assert_eq!(offset!(+1).to_string(), "+01:00:00");
    |                ^^^^^^
    |
    = note: import resolution is stuck, try simplifying macro imports

error: cannot determine resolution for the macro `offset`
   --> tests/integration/formatting.rs:435:16
    |
435 |     assert_eq!(offset!(-1).to_string(), "-01:00:00");
    |                ^^^^^^
    |
    = note: import resolution is stuck, try simplifying macro imports

error: cannot determine resolution for the macro `offset`
   --> tests/integration/formatting.rs:436:16
    |
436 |     assert_eq!(offset!(+23:59).to_string(), "+23:59:00");
    |                ^^^^^^
    |
    = note: import resolution is stuck, try simplifying macro imports

error: cannot determine resolution for the macro `offset`
   --> tests/integration/formatting.rs:437:16
    |
437 |     assert_eq!(offset!(-23:59).to_string(), "-23:59:00");
    |                ^^^^^^
    |
    = note: import resolution is stuck, try simplifying macro imports

error: cannot determine resolution for the macro `offset`
   --> tests/integration/formatting.rs:438:16
    |
438 |     assert_eq!(offset!(+23:59:59).to_string(), "+23:59:59");
    |                ^^^^^^
    |
    = note: import resolution is stuck, try simplifying macro imports

error: cannot determine resolution for the macro `offset`
   --> tests/integration/formatting.rs:439:16
    |
439 |     assert_eq!(offset!(-23:59:59).to_string(), "-23:59:59");
    |                ^^^^^^
    |
    = note: import resolution is stuck, try simplifying macro imports

error: cannot determine resolution for the macro `fd`
   --> tests/integration/formatting.rs:444:30
    |
444 |     let format_description = fd!("[year]-[month]-[day] [hour]:[minute]:[second].[subsecond]");
    |                              ^^
    |
    = note: import resolution is stuck, try simplifying macro imports

error: cannot determine resolution for the macro `datetime`
   --> tests/integration/formatting.rs:447:9
    |
447 |         datetime!(1970-01-01 0:00).format(format_description)?,
    |         ^^^^^^^^
    |
    = note: import resolution is stuck, try simplifying macro imports

error: cannot determine resolution for the macro `datetime`
   --> tests/integration/formatting.rs:451:9
    |
451 |         datetime!(1970-01-01 0:00)
    |         ^^^^^^^^
    |
    = note: import resolution is stuck, try simplifying macro imports

error: cannot determine resolution for the macro `datetime`
   --> tests/integration/formatting.rs:462:9
    |
462 |         datetime!(1970-01-01 0:00).to_string(),
    |         ^^^^^^^^
    |
    = note: import resolution is stuck, try simplifying macro imports

error: cannot determine resolution for the macro `datetime`
   --> tests/integration/formatting.rs:466:9
    |
466 |         datetime!(1970-01-01 0:00:01).to_string(),
    |         ^^^^^^^^
    |
    = note: import resolution is stuck, try simplifying macro imports

error: cannot determine resolution for the macro `datetime`
   --> tests/integration/formatting.rs:479:9
    |
479 |         datetime!(1970-01-01 0:00 UTC).format(&format_description)?,
    |         ^^^^^^^^
    |
    = note: import resolution is stuck, try simplifying macro imports

error: cannot determine resolution for the macro `datetime`
   --> tests/integration/formatting.rs:483:9
    |
483 |         datetime!(1970-01-01 0:00 UTC)
    |         ^^^^^^^^
    |
    = note: import resolution is stuck, try simplifying macro imports

error: cannot determine resolution for the macro `datetime`
   --> tests/integration/formatting.rs:494:9
    |
494 |         datetime!(1970-01-01 0:00 UTC).to_string(),
    |         ^^^^^^^^
    |
    = note: import resolution is stuck, try simplifying macro imports

error: cannot determine resolution for the macro `fd`
   --> tests/integration/formatting.rs:507:64
    |
507 |     assert_insufficient_type_information(Time::MIDNIGHT.format(fd!("[year]")));
    |                                                                ^^
    |
    = note: import resolution is stuck, try simplifying macro imports

error: cannot determine resolution for the macro `date`
   --> tests/integration/formatting.rs:509:42
    |
509 |     assert_insufficient_type_information(date!(2021 - 001).format(&Rfc3339));
    |                                          ^^^^
    |
    = note: import resolution is stuck, try simplifying macro imports

error: cannot determine resolution for the macro `datetime`
   --> tests/integration/formatting.rs:510:42
    |
510 |     assert_insufficient_type_information(datetime!(2021 - 001 0:00).format(&Rfc3339));
    |                                          ^^^^^^^^
    |
    = note: import resolution is stuck, try simplifying macro imports

error: cannot determine resolution for the macro `date`
   --> tests/integration/formatting.rs:512:42
    |
512 |     assert_insufficient_type_information(date!(2021 - 001).format(&Rfc2822));
    |                                          ^^^^
    |
    = note: import resolution is stuck, try simplifying macro imports

error: cannot determine resolution for the macro `datetime`
   --> tests/integration/formatting.rs:513:42
    |
513 |     assert_insufficient_type_information(datetime!(2021 - 001 0:00).format(&Rfc2822));
    |                                          ^^^^^^^^
    |
    = note: import resolution is stuck, try simplifying macro imports

error: cannot determine resolution for the macro `fd`
   --> tests/integration/formatting.rs:515:73
    |
515 |         Time::MIDNIGHT.format(&FormatItem::First(&[FormatItem::Compound(fd!("[year]"))])),
    |                                                                         ^^
    |
    = note: import resolution is stuck, try simplifying macro imports

error: cannot determine resolution for the macro `date`
   --> tests/integration/formatting.rs:518:42
    |
518 |     assert_insufficient_type_information(date!(2021 - 001).format(&Iso8601::DEFAULT));
    |                                          ^^^^
    |
    = note: import resolution is stuck, try simplifying macro imports

error: cannot determine resolution for the macro `datetime`
   --> tests/integration/formatting.rs:519:42
    |
519 |     assert_insufficient_type_information(datetime!(2021-001 0:00).format(&Iso8601::DEFAULT));
    |                                          ^^^^^^^^
    |
    = note: import resolution is stuck, try simplifying macro imports

error: cannot determine resolution for the macro `fd`
   --> tests/integration/formatting.rs:540:33
    |
540 |     assert_err!(Time::MIDNIGHT, fd!("foo"));
    |                                 ^^
    |
    = note: import resolution is stuck, try simplifying macro imports

error: cannot determine resolution for the macro `fd`
   --> tests/integration/formatting.rs:541:54
    |
541 |     assert_err!(Time::MIDNIGHT, FormatItem::Compound(fd!("foo")));
    |                                                      ^^
    |
    = note: import resolution is stuck, try simplifying macro imports

error: cannot determine resolution for the macro `fd`
   --> tests/integration/formatting.rs:544:52
    |
544 |         FormatItem::Optional(&FormatItem::Compound(fd!("foo")))
    |                                                    ^^
    |
    = note: import resolution is stuck, try simplifying macro imports

error: cannot determine resolution for the macro `datetime`
   --> tests/integration/formatting.rs:547:17
    |
547 |     assert_err!(datetime!(2021-001 0:00:00.1 UTC), Rfc3339);
    |                 ^^^^^^^^
    |
    = note: import resolution is stuck, try simplifying macro imports

error: cannot determine resolution for the macro `datetime`
   --> tests/integration/formatting.rs:548:17
    |
548 |     assert_err!(datetime!(2021-001 0:00 +0:01), Rfc3339);
    |                 ^^^^^^^^
    |
    = note: import resolution is stuck, try simplifying macro imports

error: cannot determine resolution for the macro `datetime`
   --> tests/integration/formatting.rs:551:17
    |
551 |     assert_err!(datetime!(2021-001 0:00 +0:01), Iso8601::DEFAULT);
    |                 ^^^^^^^^
    |
    = note: import resolution is stuck, try simplifying macro imports

error: cannot determine resolution for the macro `fd`
   --> tests/integration/formatting.rs:629:33
    |
629 |     assert_err!(Time::MIDNIGHT, fd!("[hour padding:space]"));
    |                                 ^^
    |
    = note: import resolution is stuck, try simplifying macro imports

error: cannot determine resolution for the macro `offset`
   --> tests/integration/formatting.rs:630:17
    |
630 |     assert_err!(offset!(+1), fd!("[offset_hour sign:mandatory]"));
    |                 ^^^^^^
    |
    = note: import resolution is stuck, try simplifying macro imports

error: cannot determine resolution for the macro `fd`
   --> tests/integration/formatting.rs:630:30
    |
630 |     assert_err!(offset!(+1), fd!("[offset_hour sign:mandatory]"));
    |                              ^^
    |
    = note: import resolution is stuck, try simplifying macro imports

error: cannot determine resolution for the macro `offset`
   --> tests/integration/formatting.rs:631:17
    |
631 |     assert_err!(offset!(-1), fd!("[offset_hour]"));
    |                 ^^^^^^
    |
    = note: import resolution is stuck, try simplifying macro imports

error: cannot determine resolution for the macro `fd`
   --> tests/integration/formatting.rs:631:30
    |
631 |     assert_err!(offset!(-1), fd!("[offset_hour]"));
    |                              ^^
    |
    = note: import resolution is stuck, try simplifying macro imports

error: cannot determine resolution for the macro `date`
   --> tests/integration/formatting.rs:632:17
    |
632 |     assert_err!(date!(-1 - 001), fd!("[year]"));
    |                 ^^^^
    |
    = note: import resolution is stuck, try simplifying macro imports

error: cannot determine resolution for the macro `fd`
   --> tests/integration/formatting.rs:632:34
    |
632 |     assert_err!(date!(-1 - 001), fd!("[year]"));
    |                                  ^^
    |
    = note: import resolution is stuck, try simplifying macro imports

error: cannot determine resolution for the macro `date`
   --> tests/integration/formatting.rs:633:17
    |
633 |     assert_err!(date!(2021 - 001), fd!("[year sign:mandatory]"));
    |                 ^^^^
    |
    = note: import resolution is stuck, try simplifying macro imports

error: cannot determine resolution for the macro `fd`
   --> tests/integration/formatting.rs:633:36
    |
633 |     assert_err!(date!(2021 - 001), fd!("[year sign:mandatory]"));
    |                                    ^^
    |
    = note: import resolution is stuck, try simplifying macro imports

error: cannot determine resolution for the macro `date`
   --> tests/integration/formatting.rs:634:17
    |
634 |     assert_err!(date!(+999_999 - 001), fd!("[year]"));
    |                 ^^^^
    |
    = note: import resolution is stuck, try simplifying macro imports

error: cannot determine resolution for the macro `fd`
   --> tests/integration/formatting.rs:634:40
    |
634 |     assert_err!(date!(+999_999 - 001), fd!("[year]"));
    |                                        ^^
    |
    = note: import resolution is stuck, try simplifying macro imports

error: cannot determine resolution for the macro `date`
   --> tests/integration/formatting.rs:635:17
    |
635 |     assert_err!(date!(+99_999 - 001), fd!("[year]"));
    |                 ^^^^
    |
    = note: import resolution is stuck, try simplifying macro imports

error: cannot determine resolution for the macro `fd`
   --> tests/integration/formatting.rs:635:39
    |
635 |     assert_err!(date!(+99_999 - 001), fd!("[year]"));
    |                                       ^^
    |
    = note: import resolution is stuck, try simplifying macro imports

error: cannot determine resolution for the macro `fd`
   --> tests/integration/formatting.rs:668:73
    |
668 |         Time::MIDNIGHT.format(&FormatItem::First(&[FormatItem::Compound(fd!("[hour]"))]))?,
    |                                                                         ^^
    |
    = note: import resolution is stuck, try simplifying macro imports

error: cannot determine resolution for the macro `format_description`
  --> tests/integration/macros.rs:10:13
   |
10 |     assert!(format_description!(r"").is_empty());
   |             ^^^^^^^^^^^^^^^^^^
   |
   = note: import resolution is stuck, try simplifying macro imports

error: cannot determine resolution for the macro `format_description`
  --> tests/integration/macros.rs:11:13
   |
11 |     assert!(format_description!(r###""###).is_empty());
   |             ^^^^^^^^^^^^^^^^^^
   |
   = note: import resolution is stuck, try simplifying macro imports

error: cannot determine resolution for the macro `format_description`
  --> tests/integration/macros.rs:12:13
   |
12 |     assert!(format_description!(b"").is_empty());
   |             ^^^^^^^^^^^^^^^^^^
   |
   = note: import resolution is stuck, try simplifying macro imports

error: cannot determine resolution for the macro `format_description`
  --> tests/integration/macros.rs:13:13
   |
13 |     assert!(format_description!(br"").is_empty());
   |             ^^^^^^^^^^^^^^^^^^
   |
   = note: import resolution is stuck, try simplifying macro imports

error: cannot determine resolution for the macro `format_description`
  --> tests/integration/macros.rs:14:13
   |
14 |     assert!(format_description!(br###""###).is_empty());
   |             ^^^^^^^^^^^^^^^^^^
   |
   = note: import resolution is stuck, try simplifying macro imports

error: cannot determine resolution for the macro `format_description`
  --> tests/integration/macros.rs:17:9
   |
17 |         format_description!("foo\
   |         ^^^^^^^^^^^^^^^^^^
   |
   = note: import resolution is stuck, try simplifying macro imports

error: cannot determine resolution for the macro `format_description`
  --> tests/integration/macros.rs:23:9
   |
23 |         format_description!(b"foo\
   |         ^^^^^^^^^^^^^^^^^^
   |
   = note: import resolution is stuck, try simplifying macro imports

error: cannot determine resolution for the macro `format_description`
  --> tests/integration/macros.rs:32:9
   |
32 |         format_description!("[day padding:space][day padding:zero][day padding:none]"),
   |         ^^^^^^^^^^^^^^^^^^
   |
   = note: import resolution is stuck, try simplifying macro imports

error: cannot determine resolution for the macro `format_description`
  --> tests/integration/macros.rs:46:9
   |
46 |         format_description!(
   |         ^^^^^^^^^^^^^^^^^^
   |
   = note: import resolution is stuck, try simplifying macro imports

error: cannot determine resolution for the macro `format_description`
  --> tests/integration/macros.rs:62:9
   |
62 |         format_description!(
   |         ^^^^^^^^^^^^^^^^^^
   |
   = note: import resolution is stuck, try simplifying macro imports

error: cannot determine resolution for the macro `format_description`
  --> tests/integration/macros.rs:78:9
   |
78 |         format_description!("[ordinal padding:space][ordinal padding:zero][ordinal padding:none]"),
   |         ^^^^^^^^^^^^^^^^^^
   |
   = note: import resolution is stuck, try simplifying macro imports

error: cannot determine resolution for the macro `format_description`
  --> tests/integration/macros.rs:92:9
   |
92 |         format_description!("[month repr:numerical]"),
   |         ^^^^^^^^^^^^^^^^^^
   |
   = note: import resolution is stuck, try simplifying macro imports

error: cannot determine resolution for the macro `format_description`
  --> tests/integration/macros.rs:99:9
   |
99 |         format_description!("[week_number repr:iso ]"),
   |         ^^^^^^^^^^^^^^^^^^
   |
   = note: import resolution is stuck, try simplifying macro imports

error: cannot determine resolution for the macro `format_description`
   --> tests/integration/macros.rs:108:9
    |
108 |         format_description!("[weekday repr:long one_indexed:true]"),
    |         ^^^^^^^^^^^^^^^^^^
    |
    = note: import resolution is stuck, try simplifying macro imports

error: cannot determine resolution for the macro `format_description`
   --> tests/integration/macros.rs:117:9
    |
117 |         format_description!("[year repr:full base:calendar]"),
    |         ^^^^^^^^^^^^^^^^^^
    |
    = note: import resolution is stuck, try simplifying macro imports

error: cannot determine resolution for the macro `format_description`
   --> tests/integration/macros.rs:126:9
    |
126 |         format_description!("[[ "),
    |         ^^^^^^^^^^^^^^^^^^
    |
    = note: import resolution is stuck, try simplifying macro imports

error: cannot determine resolution for the macro `date`
   --> tests/integration/macros.rs:133:19
    |
133 |     assert_eq!(Ok(date!(2000 - 001)), Date::from_ordinal_date(2000, 1));
    |                   ^^^^
    |
    = note: import resolution is stuck, try simplifying macro imports

error: cannot determine resolution for the macro `date`
   --> tests/integration/macros.rs:134:19
    |
134 |     assert_eq!(Ok(date!(2019-W 01-1)), Date::from_ordinal_date(2018, 365));
    |                   ^^^^
    |
    = note: import resolution is stuck, try simplifying macro imports

error: cannot determine resolution for the macro `date`
   --> tests/integration/macros.rs:135:19
    |
135 |     assert_eq!(Ok(date!(2021-W 52-6)), Date::from_ordinal_date(2022, 1));
    |                   ^^^^
    |
    = note: import resolution is stuck, try simplifying macro imports

error: cannot determine resolution for the macro `date`
   --> tests/integration/macros.rs:136:19
    |
136 |     assert_eq!(Ok(date!(2021-W 34-5)), Date::from_ordinal_date(2021, 239));
    |                   ^^^^
    |
    = note: import resolution is stuck, try simplifying macro imports

error: cannot determine resolution for the macro `time`
   --> tests/integration/macros.rs:141:16
    |
141 |     assert_eq!(time!(12 AM), Time::MIDNIGHT);
    |                ^^^^
    |
    = note: import resolution is stuck, try simplifying macro imports

error: cannot determine resolution for the macro `time`
   --> tests/integration/macros.rs:142:19
    |
142 |     assert_eq!(Ok(time!(12 PM)), Time::from_hms(12, 0, 0));
    |                   ^^^^
    |
    = note: import resolution is stuck, try simplifying macro imports

error: cannot determine resolution for the macro `offset`
  --> tests/integration/offset_date_time.rs:11:52
   |
11 |     assert_eq!(OffsetDateTime::now_utc().offset(), offset!(UTC));
   |                                                    ^^^^^^
   |
   = note: import resolution is stuck, try simplifying macro imports

error: cannot determine resolution for the macro `datetime`
  --> tests/integration/offset_date_time.rs:27:9
   |
27 |         datetime!(2000-01-01 0:00 UTC).to_offset(offset!(-1)).year(),
   |         ^^^^^^^^
   |
   = note: import resolution is stuck, try simplifying macro imports

error: cannot determine resolution for the macro `offset`
  --> tests/integration/offset_date_time.rs:27:50
   |
27 |         datetime!(2000-01-01 0:00 UTC).to_offset(offset!(-1)).year(),
   |                                                  ^^^^^^
   |
   = note: import resolution is stuck, try simplifying macro imports

error: cannot determine resolution for the macro `datetime`
  --> tests/integration/offset_date_time.rs:31:18
   |
31 |     let sydney = datetime!(2000-01-01 0:00 +11);
   |                  ^^^^^^^^
   |
   = note: import resolution is stuck, try simplifying macro imports

error: cannot determine resolution for the macro `offset`
  --> tests/integration/offset_date_time.rs:32:37
   |
32 |     let new_york = sydney.to_offset(offset!(-5));
   |                                     ^^^^^^
   |
   = note: import resolution is stuck, try simplifying macro imports

error: cannot determine resolution for the macro `offset`
  --> tests/integration/offset_date_time.rs:33:40
   |
33 |     let los_angeles = sydney.to_offset(offset!(-8));
   |                                        ^^^^^^
   |
   = note: import resolution is stuck, try simplifying macro imports

error: cannot determine resolution for the macro `datetime`
  --> tests/integration/offset_date_time.rs:42:9
   |
42 |         datetime!(0000-001 0:00 +0:00:02).to_offset(offset!(-0:00:59)),
   |         ^^^^^^^^
   |
   = note: import resolution is stuck, try simplifying macro imports

error: cannot determine resolution for the macro `offset`
  --> tests/integration/offset_date_time.rs:42:53
   |
42 |         datetime!(0000-001 0:00 +0:00:02).to_offset(offset!(-0:00:59)),
   |                                                     ^^^^^^
   |
   = note: import resolution is stuck, try simplifying macro imports

error: cannot determine resolution for the macro `datetime`
  --> tests/integration/offset_date_time.rs:43:9
   |
43 |         datetime!(-0001-365 23:58:59 -0:00:59)
   |         ^^^^^^^^
   |
   = note: import resolution is stuck, try simplifying macro imports

error: cannot determine resolution for the macro `datetime`
  --> tests/integration/offset_date_time.rs:47:9
   |
47 |         datetime!(0000-001 0:00 UTC).to_offset(offset!(UTC)),
   |         ^^^^^^^^
   |
   = note: import resolution is stuck, try simplifying macro imports

error: cannot determine resolution for the macro `offset`
  --> tests/integration/offset_date_time.rs:47:48
   |
47 |         datetime!(0000-001 0:00 UTC).to_offset(offset!(UTC)),
   |                                                ^^^^^^
   |
   = note: import resolution is stuck, try simplifying macro imports

error: cannot determine resolution for the macro `datetime`
  --> tests/integration/offset_date_time.rs:48:9
   |
48 |         datetime!(0000-001 0:00 UTC),
   |         ^^^^^^^^
   |
   = note: import resolution is stuck, try simplifying macro imports

error: cannot determine resolution for the macro `offset`
  --> tests/integration/offset_date_time.rs:54:65
   |
54 |     assert_panic!(PrimitiveDateTime::MAX.assume_utc().to_offset(offset!(+1)));
   |                                                                 ^^^^^^
   |
   = note: import resolution is stuck, try simplifying macro imports

error[E0599]: no method named `num_digits` found for type `u32` in the current scope
  --> src/tests.rs:41:22
   |
41 |     assert_eq!(9_u32.num_digits(), 1);
   |                      ^^^^^^^^^^ method not found in `u32`

error: cannot determine resolution for the macro `offset`
  --> tests/integration/offset_date_time.rs:55:65
   |
55 |     assert_panic!(PrimitiveDateTime::MIN.assume_utc().to_offset(offset!(-1)));
   |                                                                 ^^^^^^
   |
   = note: import resolution is stuck, try simplifying macro imports

error: cannot determine resolution for the macro `datetime`
  --> tests/integration/offset_date_time.rs:61:9
   |
61 |         datetime!(2019-01-01 0:00 +13).to_offset(offset!(-13)),
   |         ^^^^^^^^
   |
   = note: import resolution is stuck, try simplifying macro imports

error: cannot determine resolution for the macro `offset`
  --> tests/integration/offset_date_time.rs:61:50
   |
61 |         datetime!(2019-01-01 0:00 +13).to_offset(offset!(-13)),
   |                                                  ^^^^^^
   |
   = note: import resolution is stuck, try simplifying macro imports

error: cannot determine resolution for the macro `datetime`
  --> tests/integration/offset_date_time.rs:62:9
   |
62 |         datetime!(2018-12-30 22:00:00 -13),
   |         ^^^^^^^^
   |
   = note: import resolution is stuck, try simplifying macro imports

error: cannot determine resolution for the macro `datetime`
  --> tests/integration/offset_date_time.rs:74:12
   |
74 |         Ok(datetime!(2019-01-01 0:00 UTC)),
   |            ^^^^^^^^
   |
   = note: import resolution is stuck, try simplifying macro imports

error: cannot determine resolution for the macro `datetime`
  --> tests/integration/offset_date_time.rs:86:12
   |
86 |         Ok(datetime!(2019-01-01 0:00 UTC)),
   |            ^^^^^^^^
   |
   = note: import resolution is stuck, try simplifying macro imports

error: cannot determine resolution for the macro `datetime`
  --> tests/integration/offset_date_time.rs:93:16
   |
93 |     assert_eq!(datetime!(2019-01-01 0:00 UTC).offset(), offset!(UTC));
   |                ^^^^^^^^
   |
   = note: import resolution is stuck, try simplifying macro imports

error: cannot determine resolution for the macro `offset`
  --> tests/integration/offset_date_time.rs:93:57
   |
93 |     assert_eq!(datetime!(2019-01-01 0:00 UTC).offset(), offset!(UTC));
   |                                                         ^^^^^^
   |
   = note: import resolution is stuck, try simplifying macro imports

error: cannot determine resolution for the macro `datetime`
  --> tests/integration/offset_date_time.rs:94:16
   |
94 |     assert_eq!(datetime!(2019-01-01 0:00 +1).offset(), offset!(+1));
   |                ^^^^^^^^
   |
   = note: import resolution is stuck, try simplifying macro imports

error: cannot determine resolution for the macro `offset`
  --> tests/integration/offset_date_time.rs:94:56
   |
94 |     assert_eq!(datetime!(2019-01-01 0:00 +1).offset(), offset!(+1));
   |                                                        ^^^^^^
   |
   = note: import resolution is stuck, try simplifying macro imports

error: cannot determine resolution for the macro `datetime`
  --> tests/integration/offset_date_time.rs:96:9
   |
96 |         datetime!(2019-01-01 0:00 UTC)
   |         ^^^^^^^^
   |
   = note: import resolution is stuck, try simplifying macro imports

error: cannot determine resolution for the macro `offset`
  --> tests/integration/offset_date_time.rs:97:24
   |
97 |             .to_offset(offset!(+1))
   |                        ^^^^^^
   |
   = note: import resolution is stuck, try simplifying macro imports

error: cannot determine resolution for the macro `offset`
  --> tests/integration/offset_date_time.rs:99:9
   |
99 |         offset!(+1),
   |         ^^^^^^
   |
   = note: import resolution is stuck, try simplifying macro imports

error: cannot determine resolution for the macro `offset`
   --> tests/integration/offset_date_time.rs:108:24
    |
108 |             .to_offset(offset!(+1))
    |                        ^^^^^^
    |
    = note: import resolution is stuck, try simplifying macro imports

error: cannot determine resolution for the macro `datetime`
   --> tests/integration/offset_date_time.rs:112:16
    |
112 |     assert_eq!(datetime!(1970-01-01 0:00 -1).unix_timestamp(), 3_600);
    |                ^^^^^^^^
    |
    = note: import resolution is stuck, try simplifying macro imports

error: cannot determine resolution for the macro `datetime`
   --> tests/integration/offset_date_time.rs:117:16
    |
117 |     assert_eq!(datetime!(1970-01-01 0:00 UTC).unix_timestamp_nanos(), 0);
    |                ^^^^^^^^
    |
    = note: import resolution is stuck, try simplifying macro imports

error: cannot determine resolution for the macro `datetime`
   --> tests/integration/offset_date_time.rs:119:9
    |
119 |         datetime!(1970-01-01 1:00 UTC)
    |         ^^^^^^^^
    |
    = note: import resolution is stuck, try simplifying macro imports

error: cannot determine resolution for the macro `offset`
   --> tests/integration/offset_date_time.rs:120:24
    |
120 |             .to_offset(offset!(-1))
    |                        ^^^^^^
    |
    = note: import resolution is stuck, try simplifying macro imports

error: cannot determine resolution for the macro `datetime`
   --> tests/integration/offset_date_time.rs:128:16
    |
128 |     assert_eq!(datetime!(2019-01-01 0:00 UTC).date(), date!(2019 - 01 - 01));
    |                ^^^^^^^^
    |
    = note: import resolution is stuck, try simplifying macro imports

error: cannot determine resolution for the macro `date`
   --> tests/integration/offset_date_time.rs:128:55
    |
128 |     assert_eq!(datetime!(2019-01-01 0:00 UTC).date(), date!(2019 - 01 - 01));
    |                                                       ^^^^
    |
    = note: import resolution is stuck, try simplifying macro imports

error: cannot determine resolution for the macro `datetime`
   --> tests/integration/offset_date_time.rs:130:9
    |
130 |         datetime!(2019-01-01 0:00 UTC).to_offset(offset!(-1)).date(),
    |         ^^^^^^^^
    |
    = note: import resolution is stuck, try simplifying macro imports

error: cannot determine resolution for the macro `offset`
   --> tests/integration/offset_date_time.rs:130:50
    |
130 |         datetime!(2019-01-01 0:00 UTC).to_offset(offset!(-1)).date(),
    |                                                  ^^^^^^
    |
    = note: import resolution is stuck, try simplifying macro imports

error: cannot determine resolution for the macro `date`
   --> tests/integration/offset_date_time.rs:131:9
    |
131 |         date!(2018 - 12 - 31),
    |         ^^^^
    |
    = note: import resolution is stuck, try simplifying macro imports

error: cannot determine resolution for the macro `datetime`
   --> tests/integration/offset_date_time.rs:137:16
    |
137 |     assert_eq!(datetime!(2019-01-01 0:00 UTC).time(), time!(0:00));
    |                ^^^^^^^^
    |
    = note: import resolution is stuck, try simplifying macro imports

error: cannot determine resolution for the macro `time`
   --> tests/integration/offset_date_time.rs:137:55
    |
137 |     assert_eq!(datetime!(2019-01-01 0:00 UTC).time(), time!(0:00));
    |                                                       ^^^^
    |
    = note: import resolution is stuck, try simplifying macro imports

error: cannot determine resolution for the macro `datetime`
   --> tests/integration/offset_date_time.rs:139:9
    |
139 |         datetime!(2019-01-01 0:00 UTC).to_offset(offset!(-1)).time(),
    |         ^^^^^^^^
    |
    = note: import resolution is stuck, try simplifying macro imports

error: cannot determine resolution for the macro `offset`
   --> tests/integration/offset_date_time.rs:139:50
    |
139 |         datetime!(2019-01-01 0:00 UTC).to_offset(offset!(-1)).time(),
    |                                                  ^^^^^^
    |
    = note: import resolution is stuck, try simplifying macro imports

error: cannot determine resolution for the macro `time`
   --> tests/integration/offset_date_time.rs:140:9
    |
140 |         time!(23:00),
    |         ^^^^
    |
    = note: import resolution is stuck, try simplifying macro imports

error: cannot determine resolution for the macro `datetime`
   --> tests/integration/offset_date_time.rs:146:16
    |
146 |     assert_eq!(datetime!(2019-01-01 0:00 UTC).year(), 2019);
    |                ^^^^^^^^
    |
    = note: import resolution is stuck, try simplifying macro imports

error: cannot determine resolution for the macro `datetime`
   --> tests/integration/offset_date_time.rs:148:9
    |
148 |         datetime!(2019-12-31 23:00 UTC)
    |         ^^^^^^^^
    |
    = note: import resolution is stuck, try simplifying macro imports

error: cannot determine resolution for the macro `offset`
   --> tests/integration/offset_date_time.rs:149:24
    |
149 |             .to_offset(offset!(+1))
    |                        ^^^^^^
    |
    = note: import resolution is stuck, try simplifying macro imports

error: cannot determine resolution for the macro `datetime`
   --> tests/integration/offset_date_time.rs:153:16
    |
153 |     assert_eq!(datetime!(2020-01-01 0:00 UTC).year(), 2020);
    |                ^^^^^^^^
    |
    = note: import resolution is stuck, try simplifying macro imports

error: cannot determine resolution for the macro `datetime`
   --> tests/integration/offset_date_time.rs:158:16
    |
158 |     assert_eq!(datetime!(2019-01-01 0:00 UTC).month(), Month::January);
    |                ^^^^^^^^
    |
    = note: import resolution is stuck, try simplifying macro imports

error: cannot determine resolution for the macro `datetime`
   --> tests/integration/offset_date_time.rs:160:9
    |
160 |         datetime!(2019-12-31 23:00 UTC)
    |         ^^^^^^^^
    |
    = note: import resolution is stuck, try simplifying macro imports

error: cannot determine resolution for the macro `offset`
   --> tests/integration/offset_date_time.rs:161:24
    |
161 |             .to_offset(offset!(+1))
    |                        ^^^^^^
    |
    = note: import resolution is stuck, try simplifying macro imports

error: cannot determine resolution for the macro `datetime`
   --> tests/integration/offset_date_time.rs:169:16
    |
169 |     assert_eq!(datetime!(2019-01-01 0:00 UTC).day(), 1);
    |                ^^^^^^^^
    |
    = note: import resolution is stuck, try simplifying macro imports

error: cannot determine resolution for the macro `datetime`
   --> tests/integration/offset_date_time.rs:171:9
    |
171 |         datetime!(2019-12-31 23:00 UTC).to_offset(offset!(+1)).day(),
    |         ^^^^^^^^
    |
    = note: import resolution is stuck, try simplifying macro imports

error: cannot determine resolution for the macro `offset`
   --> tests/integration/offset_date_time.rs:171:51
    |
171 |         datetime!(2019-12-31 23:00 UTC).to_offset(offset!(+1)).day(),
    |                                                   ^^^^^^
    |
    = note: import resolution is stuck, try simplifying macro imports

error: cannot determine resolution for the macro `datetime`
   --> tests/integration/offset_date_time.rs:178:16
    |
178 |     assert_eq!(datetime!(2019-01-01 0:00 UTC).ordinal(), 1);
    |                ^^^^^^^^
    |
    = note: import resolution is stuck, try simplifying macro imports

error: cannot determine resolution for the macro `datetime`
   --> tests/integration/offset_date_time.rs:180:9
    |
180 |         datetime!(2019-12-31 23:00 UTC)
    |         ^^^^^^^^
    |
    = note: import resolution is stuck, try simplifying macro imports

error: cannot determine resolution for the macro `offset`
   --> tests/integration/offset_date_time.rs:181:24
    |
181 |             .to_offset(offset!(+1))
    |                        ^^^^^^
    |
    = note: import resolution is stuck, try simplifying macro imports

error: cannot determine resolution for the macro `datetime`
   --> tests/integration/offset_date_time.rs:189:16
    |
189 |     assert_eq!(datetime!(2019-01-01 0:00 UTC).iso_week(), 1);
    |                ^^^^^^^^
    |
    = note: import resolution is stuck, try simplifying macro imports

error: cannot determine resolution for the macro `datetime`
   --> tests/integration/offset_date_time.rs:190:16
    |
190 |     assert_eq!(datetime!(2020-01-01 0:00 UTC).iso_week(), 1);
    |                ^^^^^^^^
    |
    = note: import resolution is stuck, try simplifying macro imports

error: cannot determine resolution for the macro `datetime`
   --> tests/integration/offset_date_time.rs:191:16
    |
191 |     assert_eq!(datetime!(2020-12-31 0:00 UTC).iso_week(), 53);
    |                ^^^^^^^^
    |
    = note: import resolution is stuck, try simplifying macro imports

error: cannot determine resolution for the macro `datetime`
   --> tests/integration/offset_date_time.rs:192:16
    |
192 |     assert_eq!(datetime!(2021-01-01 0:00 UTC).iso_week(), 53);
    |                ^^^^^^^^
    |
    = note: import resolution is stuck, try simplifying macro imports

error: cannot determine resolution for the macro `datetime`
   --> tests/integration/offset_date_time.rs:197:16
    |
197 |     assert_eq!(datetime!(2019-01-01 0:00 UTC).sunday_based_week(), 0);
    |                ^^^^^^^^
    |
    = note: import resolution is stuck, try simplifying macro imports

error: cannot determine resolution for the macro `datetime`
   --> tests/integration/offset_date_time.rs:198:16
    |
198 |     assert_eq!(datetime!(2020-01-01 0:00 UTC).sunday_based_week(), 0);
    |                ^^^^^^^^
    |
    = note: import resolution is stuck, try simplifying macro imports

error: cannot determine resolution for the macro `datetime`
   --> tests/integration/offset_date_time.rs:199:16
    |
199 |     assert_eq!(datetime!(2020-12-31 0:00 UTC).sunday_based_week(), 52);
    |                ^^^^^^^^
    |
    = note: import resolution is stuck, try simplifying macro imports

error: cannot determine resolution for the macro `datetime`
   --> tests/integration/offset_date_time.rs:200:16
    |
200 |     assert_eq!(datetime!(2021-01-01 0:00 UTC).sunday_based_week(), 0);
    |                ^^^^^^^^
    |
    = note: import resolution is stuck, try simplifying macro imports

error: cannot determine resolution for the macro `datetime`
   --> tests/integration/offset_date_time.rs:205:16
    |
205 |     assert_eq!(datetime!(2019-01-01 0:00 UTC).monday_based_week(), 0);
    |                ^^^^^^^^
    |
    = note: import resolution is stuck, try simplifying macro imports

error: cannot determine resolution for the macro `datetime`
   --> tests/integration/offset_date_time.rs:206:16
    |
206 |     assert_eq!(datetime!(2020-01-01 0:00 UTC).monday_based_week(), 0);
    |                ^^^^^^^^
    |
    = note: import resolution is stuck, try simplifying macro imports

error: cannot determine resolution for the macro `datetime`
   --> tests/integration/offset_date_time.rs:207:16
    |
207 |     assert_eq!(datetime!(2020-12-31 0:00 UTC).monday_based_week(), 52);
    |                ^^^^^^^^
    |
    = note: import resolution is stuck, try simplifying macro imports

error: cannot determine resolution for the macro `datetime`
   --> tests/integration/offset_date_time.rs:208:16
    |
208 |     assert_eq!(datetime!(2021-01-01 0:00 UTC).monday_based_week(), 0);
    |                ^^^^^^^^
    |
    = note: import resolution is stuck, try simplifying macro imports

error: cannot determine resolution for the macro `datetime`
   --> tests/integration/offset_date_time.rs:214:9
    |
214 |         datetime!(2019-01-02 0:00 UTC).to_calendar_date(),
    |         ^^^^^^^^
    |
    = note: import resolution is stuck, try simplifying macro imports

error: cannot determine resolution for the macro `datetime`
   --> tests/integration/offset_date_time.rs:221:16
    |
221 |     assert_eq!(datetime!(2019-01-01 0:00 UTC).to_ordinal_date(), (2019, 1));
    |                ^^^^^^^^
    |
    = note: import resolution is stuck, try simplifying macro imports

error: cannot determine resolution for the macro `datetime`
   --> tests/integration/offset_date_time.rs:228:9
    |
228 |         datetime!(2019-01-01 0:00 UTC).to_iso_week_date(),
    |         ^^^^^^^^
    |
    = note: import resolution is stuck, try simplifying macro imports

error: cannot determine resolution for the macro `datetime`
   --> tests/integration/offset_date_time.rs:232:9
    |
232 |         datetime!(2019-10-04 0:00 UTC).to_iso_week_date(),
    |         ^^^^^^^^
    |
    = note: import resolution is stuck, try simplifying macro imports

error: cannot determine resolution for the macro `datetime`
   --> tests/integration/offset_date_time.rs:236:9
    |
236 |         datetime!(2020-01-01 0:00 UTC).to_iso_week_date(),
    |         ^^^^^^^^
    |
    = note: import resolution is stuck, try simplifying macro imports

error: cannot determine resolution for the macro `datetime`
   --> tests/integration/offset_date_time.rs:240:9
    |
240 |         datetime!(2020-12-31 0:00 UTC).to_iso_week_date(),
    |         ^^^^^^^^
    |
    = note: import resolution is stuck, try simplifying macro imports

error: cannot determine resolution for the macro `datetime`
   --> tests/integration/offset_date_time.rs:244:9
    |
244 |         datetime!(2021-01-01 0:00 UTC).to_iso_week_date(),
    |         ^^^^^^^^
    |
    = note: import resolution is stuck, try simplifying macro imports

error: cannot determine resolution for the macro `datetime`
   --> tests/integration/offset_date_time.rs:252:16
    |
252 |     assert_eq!(datetime!(2019-01-01 0:00 UTC).weekday(), Tuesday);
    |                ^^^^^^^^
    |
    = note: import resolution is stuck, try simplifying macro imports

error: cannot determine resolution for the macro `datetime`
   --> tests/integration/offset_date_time.rs:253:16
    |
253 |     assert_eq!(datetime!(2019-02-01 0:00 UTC).weekday(), Friday);
    |                ^^^^^^^^
    |
    = note: import resolution is stuck, try simplifying macro imports

error: cannot determine resolution for the macro `datetime`
   --> tests/integration/offset_date_time.rs:254:16
    |
254 |     assert_eq!(datetime!(2019-03-01 0:00 UTC).weekday(), Friday);
    |                ^^^^^^^^
    |
    = note: import resolution is stuck, try simplifying macro imports

error: cannot determine resolution for the macro `datetime`
   --> tests/integration/offset_date_time.rs:260:9
    |
260 |         datetime!(-999_999-01-01 0:00 UTC).to_julian_day(),
    |         ^^^^^^^^
    |
    = note: import resolution is stuck, try simplifying macro imports

error: cannot determine resolution for the macro `datetime`
   --> tests/integration/offset_date_time.rs:263:16
    |
263 |     assert_eq!(datetime!(-4713-11-24 0:00 UTC).to_julian_day(), 0);
    |                ^^^^^^^^
    |
    = note: import resolution is stuck, try simplifying macro imports

error: cannot determine resolution for the macro `datetime`
   --> tests/integration/offset_date_time.rs:264:16
    |
264 |     assert_eq!(datetime!(2000-01-01 0:00 UTC).to_julian_day(), 2_451_545);
    |                ^^^^^^^^
    |
    = note: import resolution is stuck, try simplifying macro imports

error: cannot determine resolution for the macro `datetime`
   --> tests/integration/offset_date_time.rs:265:16
    |
265 |     assert_eq!(datetime!(2019-01-01 0:00 UTC).to_julian_day(), 2_458_485);
    |                ^^^^^^^^
    |
    = note: import resolution is stuck, try simplifying macro imports

error: cannot determine resolution for the macro `datetime`
   --> tests/integration/offset_date_time.rs:266:16
    |
266 |     assert_eq!(datetime!(2019-12-31 0:00 UTC).to_julian_day(), 2_458_849);
    |                ^^^^^^^^
    |
    = note: import resolution is stuck, try simplifying macro imports

error: cannot determine resolution for the macro `datetime`
   --> tests/integration/offset_date_time.rs:271:16
    |
271 |     assert_eq!(datetime!(2020-01-01 1:02:03 UTC).to_hms(), (1, 2, 3));
    |                ^^^^^^^^
    |
    = note: import resolution is stuck, try simplifying macro imports

error: cannot determine resolution for the macro `datetime`
   --> tests/integration/offset_date_time.rs:277:9
    |
277 |         datetime!(2020-01-01 1:02:03.004 UTC).to_hms_milli(),
    |         ^^^^^^^^
    |
    = note: import resolution is stuck, try simplifying macro imports

error: cannot determine resolution for the macro `datetime`
   --> tests/integration/offset_date_time.rs:285:9
    |
285 |         datetime!(2020-01-01 1:02:03.004_005 UTC).to_hms_micro(),
    |         ^^^^^^^^
    |
    = note: import resolution is stuck, try simplifying macro imports

error: cannot determine resolution for the macro `datetime`
   --> tests/integration/offset_date_time.rs:293:9
    |
293 |         datetime!(2020-01-01 1:02:03.004_005_006 UTC).to_hms_nano(),
    |         ^^^^^^^^
    |
    = note: import resolution is stuck, try simplifying macro imports

error: cannot determine resolution for the macro `datetime`
   --> tests/integration/offset_date_time.rs:300:16
    |
300 |     assert_eq!(datetime!(2019-01-01 0:00 UTC).hour(), 0);
    |                ^^^^^^^^
    |
    = note: import resolution is stuck, try simplifying macro imports

error: cannot determine resolution for the macro `datetime`
   --> tests/integration/offset_date_time.rs:302:9
    |
302 |         datetime!(2019-01-01 23:59:59 UTC)
    |         ^^^^^^^^
    |
    = note: import resolution is stuck, try simplifying macro imports

error: cannot determine resolution for the macro `offset`
   --> tests/integration/offset_date_time.rs:303:24
    |
303 |             .to_offset(offset!(-2))
    |                        ^^^^^^
    |
    = note: import resolution is stuck, try simplifying macro imports

error: cannot determine resolution for the macro `datetime`
   --> tests/integration/offset_date_time.rs:311:16
    |
311 |     assert_eq!(datetime!(2019-01-01 0:00 UTC).minute(), 0);
    |                ^^^^^^^^
    |
    = note: import resolution is stuck, try simplifying macro imports

error: cannot determine resolution for the macro `datetime`
   --> tests/integration/offset_date_time.rs:313:9
    |
313 |         datetime!(2019-01-01 23:59:59 UTC)
    |         ^^^^^^^^
    |
    = note: import resolution is stuck, try simplifying macro imports

error: cannot determine resolution for the macro `offset`
   --> tests/integration/offset_date_time.rs:314:24
    |
314 |             .to_offset(offset!(+0:30))
    |                        ^^^^^^
    |
    = note: import resolution is stuck, try simplifying macro imports

error: cannot determine resolution for the macro `datetime`
   --> tests/integration/offset_date_time.rs:322:16
    |
322 |     assert_eq!(datetime!(2019-01-01 0:00 UTC).second(), 0);
    |                ^^^^^^^^
    |
    = note: import resolution is stuck, try simplifying macro imports

error: cannot determine resolution for the macro `datetime`
   --> tests/integration/offset_date_time.rs:324:9
    |
324 |         datetime!(2019-01-01 23:59:59 UTC)
    |         ^^^^^^^^
    |
    = note: import resolution is stuck, try simplifying macro imports

error: cannot determine resolution for the macro `offset`
   --> tests/integration/offset_date_time.rs:325:24
    |
325 |             .to_offset(offset!(+0:00:30))
    |                        ^^^^^^
    |
    = note: import resolution is stuck, try simplifying macro imports

error: cannot determine resolution for the macro `datetime`
   --> tests/integration/offset_date_time.rs:333:16
    |
333 |     assert_eq!(datetime!(2019-01-01 0:00 UTC).millisecond(), 0);
    |                ^^^^^^^^
    |
    = note: import resolution is stuck, try simplifying macro imports

error: cannot determine resolution for the macro `datetime`
   --> tests/integration/offset_date_time.rs:334:16
    |
334 |     assert_eq!(datetime!(2019-01-01 23:59:59.999 UTC).millisecond(), 999);
    |                ^^^^^^^^
    |
    = note: import resolution is stuck, try simplifying macro imports

error: cannot determine resolution for the macro `datetime`
   --> tests/integration/offset_date_time.rs:339:16
    |
339 |     assert_eq!(datetime!(2019-01-01 0:00 UTC).microsecond(), 0);
    |                ^^^^^^^^
    |
    = note: import resolution is stuck, try simplifying macro imports

error: cannot determine resolution for the macro `datetime`
   --> tests/integration/offset_date_time.rs:341:9
    |
341 |         datetime!(2019-01-01 23:59:59.999_999 UTC).microsecond(),
    |         ^^^^^^^^
    |
    = note: import resolution is stuck, try simplifying macro imports

error: cannot determine resolution for the macro `datetime`
   --> tests/integration/offset_date_time.rs:348:16
    |
348 |     assert_eq!(datetime!(2019-01-01 0:00 UTC).nanosecond(), 0);
    |                ^^^^^^^^
    |
    = note: import resolution is stuck, try simplifying macro imports

error: cannot determine resolution for the macro `datetime`
   --> tests/integration/offset_date_time.rs:350:9
    |
350 |         datetime!(2019-01-01 23:59:59.999_999_999 UTC).nanosecond(),
    |         ^^^^^^^^
    |
    = note: import resolution is stuck, try simplifying macro imports

error: cannot determine resolution for the macro `datetime`
   --> tests/integration/offset_date_time.rs:358:9
    |
358 |         datetime!(2020-01-01 5:00 UTC).replace_time(time!(12:00)),
    |         ^^^^^^^^
    |
    = note: import resolution is stuck, try simplifying macro imports

error: cannot determine resolution for the macro `time`
   --> tests/integration/offset_date_time.rs:358:53
    |
358 |         datetime!(2020-01-01 5:00 UTC).replace_time(time!(12:00)),
    |                                                     ^^^^
    |
    = note: import resolution is stuck, try simplifying macro imports

error: cannot determine resolution for the macro `datetime`
   --> tests/integration/offset_date_time.rs:359:9
    |
359 |         datetime!(2020-01-01 12:00 UTC)
    |         ^^^^^^^^
    |
    = note: import resolution is stuck, try simplifying macro imports

error: cannot determine resolution for the macro `datetime`
   --> tests/integration/offset_date_time.rs:362:9
    |
362 |         datetime!(2020-01-01 12:00 -5).replace_time(time!(7:00)),
    |         ^^^^^^^^
    |
    = note: import resolution is stuck, try simplifying macro imports

error: cannot determine resolution for the macro `time`
   --> tests/integration/offset_date_time.rs:362:53
    |
362 |         datetime!(2020-01-01 12:00 -5).replace_time(time!(7:00)),
    |                                                     ^^^^
    |
    = note: import resolution is stuck, try simplifying macro imports

error: cannot determine resolution for the macro `datetime`
   --> tests/integration/offset_date_time.rs:363:9
    |
363 |         datetime!(2020-01-01 7:00 -5)
    |         ^^^^^^^^
    |
    = note: import resolution is stuck, try simplifying macro imports

error: cannot determine resolution for the macro `datetime`
   --> tests/integration/offset_date_time.rs:366:9
    |
366 |         datetime!(2020-01-01 0:00 +1).replace_time(time!(12:00)),
    |         ^^^^^^^^
    |
    = note: import resolution is stuck, try simplifying macro imports

error: cannot determine resolution for the macro `time`
   --> tests/integration/offset_date_time.rs:366:52
    |
366 |         datetime!(2020-01-01 0:00 +1).replace_time(time!(12:00)),
    |                                                    ^^^^
    |
    = note: import resolution is stuck, try simplifying macro imports

error: cannot determine resolution for the macro `datetime`
   --> tests/integration/offset_date_time.rs:367:9
    |
367 |         datetime!(2020-01-01 12:00 +1)
    |         ^^^^^^^^
    |
    = note: import resolution is stuck, try simplifying macro imports

error: cannot determine resolution for the macro `datetime`
   --> tests/integration/offset_date_time.rs:374:9
    |
374 |         datetime!(2020-01-01 12:00 UTC).replace_date(date!(2020 - 01 - 30)),
    |         ^^^^^^^^
    |
    = note: import resolution is stuck, try simplifying macro imports

error: cannot determine resolution for the macro `date`
   --> tests/integration/offset_date_time.rs:374:54
    |
374 |         datetime!(2020-01-01 12:00 UTC).replace_date(date!(2020 - 01 - 30)),
    |                                                      ^^^^
    |
    = note: import resolution is stuck, try simplifying macro imports

error: cannot determine resolution for the macro `datetime`
   --> tests/integration/offset_date_time.rs:375:9
    |
375 |         datetime!(2020-01-30 12:00 UTC)
    |         ^^^^^^^^
    |
    = note: import resolution is stuck, try simplifying macro imports

error: cannot determine resolution for the macro `datetime`
   --> tests/integration/offset_date_time.rs:378:9
    |
378 |         datetime!(2020-01-01 0:00 +1).replace_date(date!(2020 - 01 - 30)),
    |         ^^^^^^^^
    |
    = note: import resolution is stuck, try simplifying macro imports

error: cannot determine resolution for the macro `date`
   --> tests/integration/offset_date_time.rs:378:52
    |
378 |         datetime!(2020-01-01 0:00 +1).replace_date(date!(2020 - 01 - 30)),
    |                                                    ^^^^
    |
    = note: import resolution is stuck, try simplifying macro imports

error: cannot determine resolution for the macro `datetime`
   --> tests/integration/offset_date_time.rs:379:9
    |
379 |         datetime!(2020-01-30 0:00 +1)
    |         ^^^^^^^^
    |
    = note: import resolution is stuck, try simplifying macro imports

error: cannot determine resolution for the macro `datetime`
   --> tests/integration/offset_date_time.rs:386:9
    |
386 |         datetime!(2020-01-01 12:00 UTC).replace_date_time(datetime!(2020-01-30 16:00)),
    |         ^^^^^^^^
    |
    = note: import resolution is stuck, try simplifying macro imports

error: cannot determine resolution for the macro `datetime`
   --> tests/integration/offset_date_time.rs:386:59
    |
386 |         datetime!(2020-01-01 12:00 UTC).replace_date_time(datetime!(2020-01-30 16:00)),
    |                                                           ^^^^^^^^
    |
    = note: import resolution is stuck, try simplifying macro imports

error: cannot determine resolution for the macro `datetime`
   --> tests/integration/offset_date_time.rs:387:9
    |
387 |         datetime!(2020-01-30 16:00 UTC)
    |         ^^^^^^^^
    |
    = note: import resolution is stuck, try simplifying macro imports

error: cannot determine resolution for the macro `datetime`
   --> tests/integration/offset_date_time.rs:390:9
    |
390 |         datetime!(2020-01-01 12:00 +1).replace_date_time(datetime!(2020-01-30 0:00)),
    |         ^^^^^^^^
    |
    = note: import resolution is stuck, try simplifying macro imports

error: cannot determine resolution for the macro `datetime`
   --> tests/integration/offset_date_time.rs:390:58
    |
390 |         datetime!(2020-01-01 12:00 +1).replace_date_time(datetime!(2020-01-30 0:00)),
    |                                                          ^^^^^^^^
    |
    = note: import resolution is stuck, try simplifying macro imports

error: cannot determine resolution for the macro `datetime`
   --> tests/integration/offset_date_time.rs:391:9
    |
391 |         datetime!(2020-01-30 0:00 +1)
    |         ^^^^^^^^
    |
    = note: import resolution is stuck, try simplifying macro imports

error: cannot determine resolution for the macro `datetime`
   --> tests/integration/offset_date_time.rs:398:9
    |
398 |         datetime!(2020-01-01 0:00 UTC).replace_offset(offset!(-5)),
    |         ^^^^^^^^
    |
    = note: import resolution is stuck, try simplifying macro imports

error: cannot determine resolution for the macro `offset`
   --> tests/integration/offset_date_time.rs:398:55
    |
398 |         datetime!(2020-01-01 0:00 UTC).replace_offset(offset!(-5)),
    |                                                       ^^^^^^
    |
    = note: import resolution is stuck, try simplifying macro imports

error: cannot determine resolution for the macro `datetime`
   --> tests/integration/offset_date_time.rs:399:9
    |
399 |         datetime!(2020-01-01 0:00 -5)
    |         ^^^^^^^^
    |
    = note: import resolution is stuck, try simplifying macro imports

error: cannot determine resolution for the macro `datetime`
   --> tests/integration/offset_date_time.rs:406:9
    |
406 |         datetime!(2022 - 02 - 18 12:00 +01).replace_year(2019),
    |         ^^^^^^^^
    |
    = note: import resolution is stuck, try simplifying macro imports

error: cannot determine resolution for the macro `datetime`
   --> tests/integration/offset_date_time.rs:407:12
    |
407 |         Ok(datetime!(2019 - 02 - 18 12:00 +01))
    |            ^^^^^^^^
    |
    = note: import resolution is stuck, try simplifying macro imports

error: cannot determine resolution for the macro `datetime`
   --> tests/integration/offset_date_time.rs:410:9
    |
410 |         datetime!(2022 - 02 - 18 12:00 +01)
    |         ^^^^^^^^
    |
    = note: import resolution is stuck, try simplifying macro imports

error: cannot determine resolution for the macro `datetime`
   --> tests/integration/offset_date_time.rs:415:9
    |
415 |         datetime!(2022 - 02 - 18 12:00 +01)
    |         ^^^^^^^^
    |
    = note: import resolution is stuck, try simplifying macro imports

error: cannot determine resolution for the macro `datetime`
   --> tests/integration/offset_date_time.rs:425:9
    |
425 |         datetime!(2022 - 02 - 18 12:00 +01).replace_month(Month::January),
    |         ^^^^^^^^
    |
    = note: import resolution is stuck, try simplifying macro imports

error: cannot determine resolution for the macro `datetime`
   --> tests/integration/offset_date_time.rs:426:12
    |
426 |         Ok(datetime!(2022 - 01 - 18 12:00 +01))
    |            ^^^^^^^^
    |
    = note: import resolution is stuck, try simplifying macro imports

error: cannot determine resolution for the macro `datetime`
   --> tests/integration/offset_date_time.rs:429:9
    |
429 |         datetime!(2022 - 01 - 30 12:00 +01)
    |         ^^^^^^^^
    |
    = note: import resolution is stuck, try simplifying macro imports

error: cannot determine resolution for the macro `datetime`
   --> tests/integration/offset_date_time.rs:439:9
    |
439 |         datetime!(2022 - 02 - 18 12:00 +01).replace_day(1),
    |         ^^^^^^^^
    |
    = note: import resolution is stuck, try simplifying macro imports

error: cannot determine resolution for the macro `datetime`
   --> tests/integration/offset_date_time.rs:440:12
    |
440 |         Ok(datetime!(2022 - 02 - 01 12:00 +01))
    |            ^^^^^^^^
    |
    = note: import resolution is stuck, try simplifying macro imports

error: cannot determine resolution for the macro `datetime`
   --> tests/integration/offset_date_time.rs:442:13
    |
442 |     assert!(datetime!(2022 - 02 - 18 12:00 +01).replace_day(0).is_err()); // 00 isn't a valid day
    |             ^^^^^^^^
    |
    = note: import resolution is stuck, try simplifying macro imports

error: cannot determine resolution for the macro `datetime`
   --> tests/integration/offset_date_time.rs:443:13
    |
443 |     assert!(datetime!(2022 - 02 - 18 12:00 +01).replace_day(30).is_err()); // 30 isn't a valid day in February
    |             ^^^^^^^^
    |
    = note: import resolution is stuck, try simplifying macro imports

error: cannot determine resolution for the macro `datetime`
   --> tests/integration/offset_date_time.rs:450:9
    |
450 |         datetime!(2022 - 02 - 18 01:02:03.004_005_006 +01).replace_hour(7),
    |         ^^^^^^^^
    |
    = note: import resolution is stuck, try simplifying macro imports

error: cannot determine resolution for the macro `datetime`
   --> tests/integration/offset_date_time.rs:451:12
    |
451 |         Ok(datetime!(2022 - 02 - 18 07:02:03.004_005_006 +01))
    |            ^^^^^^^^
    |
    = note: import resolution is stuck, try simplifying macro imports

error: cannot determine resolution for the macro `datetime`
   --> tests/integration/offset_date_time.rs:454:9
    |
454 |         datetime!(2022 - 02 - 18 01:02:03.004_005_006 +01)
    |         ^^^^^^^^
    |
    = note: import resolution is stuck, try simplifying macro imports

error: cannot determine resolution for the macro `datetime`
   --> tests/integration/offset_date_time.rs:464:9
    |
464 |         datetime!(2022 - 02 - 18 01:02:03.004_005_006 +01).replace_minute(7),
    |         ^^^^^^^^
    |
    = note: import resolution is stuck, try simplifying macro imports

error: cannot determine resolution for the macro `datetime`
   --> tests/integration/offset_date_time.rs:465:12
    |
465 |         Ok(datetime!(2022 - 02 - 18 01:07:03.004_005_006 +01))
    |            ^^^^^^^^
    |
    = note: import resolution is stuck, try simplifying macro imports

error: cannot determine resolution for the macro `datetime`
   --> tests/integration/offset_date_time.rs:468:9
    |
468 |         datetime!(2022 - 02 - 18 01:02:03.004_005_006 +01)
    |         ^^^^^^^^
    |
    = note: import resolution is stuck, try simplifying macro imports

error: cannot determine resolution for the macro `datetime`
   --> tests/integration/offset_date_time.rs:478:9
    |
478 |         datetime!(2022 - 02 - 18 01:02:03.004_005_006 +01).replace_second(7),
    |         ^^^^^^^^
    |
    = note: import resolution is stuck, try simplifying macro imports

error: cannot determine resolution for the macro `datetime`
   --> tests/integration/offset_date_time.rs:479:12
    |
479 |         Ok(datetime!(2022 - 02 - 18 01:02:07.004_005_006 +01))
    |            ^^^^^^^^
    |
    = note: import resolution is stuck, try simplifying macro imports

error: cannot determine resolution for the macro `datetime`
   --> tests/integration/offset_date_time.rs:482:9
    |
482 |         datetime!(2022 - 02 - 18 01:02:03.004_005_006 +01)
    |         ^^^^^^^^
    |
    = note: import resolution is stuck, try simplifying macro imports

error: cannot determine resolution for the macro `datetime`
   --> tests/integration/offset_date_time.rs:492:9
    |
492 |         datetime!(2022 - 02 - 18 01:02:03.004_005_006 +01).replace_millisecond(7),
    |         ^^^^^^^^
    |
    = note: import resolution is stuck, try simplifying macro imports

error: cannot determine resolution for the macro `datetime`
   --> tests/integration/offset_date_time.rs:493:12
    |
493 |         Ok(datetime!(2022 - 02 - 18 01:02:03.007 +01))
    |            ^^^^^^^^
    |
    = note: import resolution is stuck, try simplifying macro imports

error: cannot determine resolution for the macro `datetime`
   --> tests/integration/offset_date_time.rs:496:9
    |
496 |         datetime!(2022 - 02 - 18 01:02:03.004_005_006 +01)
    |         ^^^^^^^^
    |
    = note: import resolution is stuck, try simplifying macro imports

error: cannot determine resolution for the macro `datetime`
   --> tests/integration/offset_date_time.rs:506:9
    |
506 |         datetime!(2022 - 02 - 18 01:02:03.004_005_006 +01).replace_microsecond(7_008),
    |         ^^^^^^^^
    |
    = note: import resolution is stuck, try simplifying macro imports

error: cannot determine resolution for the macro `datetime`
   --> tests/integration/offset_date_time.rs:507:12
    |
507 |         Ok(datetime!(2022 - 02 - 18 01:02:03.007_008 +01))
    |            ^^^^^^^^
    |
    = note: import resolution is stuck, try simplifying macro imports

error: cannot determine resolution for the macro `datetime`
   --> tests/integration/offset_date_time.rs:510:9
    |
510 |         datetime!(2022 - 02 - 18 01:02:03.004_005_006 +01)
    |         ^^^^^^^^
    |
    = note: import resolution is stuck, try simplifying macro imports

error: cannot determine resolution for the macro `datetime`
   --> tests/integration/offset_date_time.rs:520:9
    |
520 |         datetime!(2022 - 02 - 18 01:02:03.004_005_006 +01).replace_nanosecond(7_008_009),
    |         ^^^^^^^^
    |
    = note: import resolution is stuck, try simplifying macro imports

error: cannot determine resolution for the macro `datetime`
   --> tests/integration/offset_date_time.rs:521:12
    |
521 |         Ok(datetime!(2022 - 02 - 18 01:02:03.007_008_009 +01))
    |            ^^^^^^^^
    |
    = note: import resolution is stuck, try simplifying macro imports

error: cannot determine resolution for the macro `datetime`
   --> tests/integration/offset_date_time.rs:524:9
    |
524 |         datetime!(2022 - 02 - 18 01:02:03.004_005_006 +01)
    |         ^^^^^^^^
    |
    = note: import resolution is stuck, try simplifying macro imports

error: cannot determine resolution for the macro `datetime`
   --> tests/integration/offset_date_time.rs:534:9
    |
534 |         datetime!(2000-01-01 0:00 UTC).to_offset(offset!(-1)),
    |         ^^^^^^^^
    |
    = note: import resolution is stuck, try simplifying macro imports

error: cannot determine resolution for the macro `offset`
   --> tests/integration/offset_date_time.rs:534:50
    |
534 |         datetime!(2000-01-01 0:00 UTC).to_offset(offset!(-1)),
    |                                                  ^^^^^^
    |
    = note: import resolution is stuck, try simplifying macro imports

error: cannot determine resolution for the macro `datetime`
   --> tests/integration/offset_date_time.rs:535:9
    |
535 |         datetime!(2000-01-01 0:00 UTC),
    |         ^^^^^^^^
    |
    = note: import resolution is stuck, try simplifying macro imports

error: cannot determine resolution for the macro `datetime`
   --> tests/integration/offset_date_time.rs:541:14
    |
541 |     let t1 = datetime!(2019-01-01 0:00 UTC);
    |              ^^^^^^^^
    |
    = note: import resolution is stuck, try simplifying macro imports

error: cannot determine resolution for the macro `datetime`
   --> tests/integration/offset_date_time.rs:542:14
    |
542 |     let t2 = datetime!(2019-01-01 0:00 UTC).to_offset(offset!(-1));
    |              ^^^^^^^^
    |
    = note: import resolution is stuck, try simplifying macro imports

error: cannot determine resolution for the macro `offset`
   --> tests/integration/offset_date_time.rs:542:55
    |
542 |     let t2 = datetime!(2019-01-01 0:00 UTC).to_offset(offset!(-1));
    |                                                       ^^^^^^
    |
    = note: import resolution is stuck, try simplifying macro imports

error: cannot determine resolution for the macro `datetime`
   --> tests/integration/offset_date_time.rs:548:14
    |
548 |     let t1 = datetime!(2019-01-01 0:00 UTC);
    |              ^^^^^^^^
    |
    = note: import resolution is stuck, try simplifying macro imports

error: cannot determine resolution for the macro `datetime`
   --> tests/integration/offset_date_time.rs:549:14
    |
549 |     let t2 = datetime!(2019-01-01 0:00 UTC).to_offset(offset!(-1));
    |              ^^^^^^^^
    |
    = note: import resolution is stuck, try simplifying macro imports

error: cannot determine resolution for the macro `offset`
   --> tests/integration/offset_date_time.rs:549:55
    |
549 |     let t2 = datetime!(2019-01-01 0:00 UTC).to_offset(offset!(-1));
    |                                                       ^^^^^^
    |
    = note: import resolution is stuck, try simplifying macro imports

error: cannot determine resolution for the macro `datetime`
   --> tests/integration/offset_date_time.rs:552:14
    |
552 |     let t1 = datetime!(2019-01-01 0:00 UTC);
    |              ^^^^^^^^
    |
    = note: import resolution is stuck, try simplifying macro imports

error: cannot determine resolution for the macro `datetime`
   --> tests/integration/offset_date_time.rs:553:14
    |
553 |     let t2 = datetime!(2019-01-01 0:00:00.000_000_001 UTC);
    |              ^^^^^^^^
    |
    = note: import resolution is stuck, try simplifying macro imports

error: cannot determine resolution for the macro `datetime`
   --> tests/integration/offset_date_time.rs:565:13
    |
565 |             datetime!(2019-01-01 0:00 UTC).hash(&mut hasher);
    |             ^^^^^^^^
    |
    = note: import resolution is stuck, try simplifying macro imports

error: cannot determine resolution for the macro `datetime`
   --> tests/integration/offset_date_time.rs:570:13
    |
570 |             datetime!(2019-01-01 0:00 UTC)
    |             ^^^^^^^^
    |
    = note: import resolution is stuck, try simplifying macro imports

error: cannot determine resolution for the macro `offset`
   --> tests/integration/offset_date_time.rs:571:28
    |
571 |                 .to_offset(offset!(-1))
    |                            ^^^^^^
    |
    = note: import resolution is stuck, try simplifying macro imports

error: cannot determine resolution for the macro `datetime`
   --> tests/integration/offset_date_time.rs:582:13
    |
582 |             datetime!(2019-01-01 0:00).hash(&mut hasher);
    |             ^^^^^^^^
    |
    = note: import resolution is stuck, try simplifying macro imports

error: cannot determine resolution for the macro `datetime`
   --> tests/integration/offset_date_time.rs:587:13
    |
587 |             datetime!(2019-01-01 0:00 UTC).hash(&mut hasher);
    |             ^^^^^^^^
    |
    = note: import resolution is stuck, try simplifying macro imports

error: cannot determine resolution for the macro `offset`
   --> tests/integration/offset_date_time.rs:599:24
    |
599 |         .assume_offset(offset!(+12:00:01));
    |                        ^^^^^^
    |
    = note: import resolution is stuck, try simplifying macro imports

error: cannot determine resolution for the macro `datetime`
   --> tests/integration/offset_date_time.rs:610:9
    |
610 |         datetime!(2019-01-01 0:00 UTC) + 5.days(),
    |         ^^^^^^^^
    |
    = note: import resolution is stuck, try simplifying macro imports

error: cannot determine resolution for the macro `datetime`
   --> tests/integration/offset_date_time.rs:611:9
    |
611 |         datetime!(2019-01-06 0:00 UTC),
    |         ^^^^^^^^
    |
    = note: import resolution is stuck, try simplifying macro imports

error: cannot determine resolution for the macro `datetime`
   --> tests/integration/offset_date_time.rs:614:9
    |
614 |         datetime!(2019-12-31 0:00 UTC) + 1.days(),
    |         ^^^^^^^^
    |
    = note: import resolution is stuck, try simplifying macro imports

error: cannot determine resolution for the macro `datetime`
   --> tests/integration/offset_date_time.rs:615:9
    |
615 |         datetime!(2020-01-01 0:00 UTC),
    |         ^^^^^^^^
    |
    = note: import resolution is stuck, try simplifying macro imports

error: cannot determine resolution for the macro `datetime`
   --> tests/integration/offset_date_time.rs:618:9
    |
618 |         datetime!(2019-12-31 23:59:59 UTC) + 2.seconds(),
    |         ^^^^^^^^
    |
    = note: import resolution is stuck, try simplifying macro imports

error: cannot determine resolution for the macro `datetime`
   --> tests/integration/offset_date_time.rs:619:9
    |
619 |         datetime!(2020-01-01 0:00:01 UTC),
    |         ^^^^^^^^
    |
    = note: import resolution is stuck, try simplifying macro imports

error: cannot determine resolution for the macro `datetime`
   --> tests/integration/offset_date_time.rs:622:9
    |
622 |         datetime!(2020-01-01 0:00:01 UTC) + (-2).seconds(),
    |         ^^^^^^^^
    |
    = note: import resolution is stuck, try simplifying macro imports

error: cannot determine resolution for the macro `datetime`
   --> tests/integration/offset_date_time.rs:623:9
    |
623 |         datetime!(2019-12-31 23:59:59 UTC),
    |         ^^^^^^^^
    |
    = note: import resolution is stuck, try simplifying macro imports

error: cannot determine resolution for the macro `datetime`
   --> tests/integration/offset_date_time.rs:626:9
    |
626 |         datetime!(1999-12-31 23:00 UTC) + 1.hours(),
    |         ^^^^^^^^
    |
    = note: import resolution is stuck, try simplifying macro imports

error: cannot determine resolution for the macro `datetime`
   --> tests/integration/offset_date_time.rs:627:9
    |
627 |         datetime!(2000-01-01 0:00 UTC),
    |         ^^^^^^^^
    |
    = note: import resolution is stuck, try simplifying macro imports

error[E0599]: no method named `num_digits` found for type `u32` in the current scope
  --> src/tests.rs:42:23
   |
42 |     assert_eq!(10_u32.num_digits(), 2);
   |                       ^^^^^^^^^^ method not found in `u32`

error: cannot determine resolution for the macro `datetime`
   --> tests/integration/offset_date_time.rs:634:9
    |
634 |         datetime!(2019-01-01 0:00 UTC) + 5.std_days(),
    |         ^^^^^^^^
    |
    = note: import resolution is stuck, try simplifying macro imports

error: cannot determine resolution for the macro `datetime`
   --> tests/integration/offset_date_time.rs:635:9
    |
635 |         datetime!(2019-01-06 0:00 UTC),
    |         ^^^^^^^^
    |
    = note: import resolution is stuck, try simplifying macro imports

error: cannot determine resolution for the macro `datetime`
   --> tests/integration/offset_date_time.rs:638:9
    |
638 |         datetime!(2019-12-31 0:00 UTC) + 1.std_days(),
    |         ^^^^^^^^
    |
    = note: import resolution is stuck, try simplifying macro imports

error: cannot determine resolution for the macro `datetime`
   --> tests/integration/offset_date_time.rs:639:9
    |
639 |         datetime!(2020-01-01 0:00 UTC),
    |         ^^^^^^^^
    |
    = note: import resolution is stuck, try simplifying macro imports

error: cannot determine resolution for the macro `datetime`
   --> tests/integration/offset_date_time.rs:642:9
    |
642 |         datetime!(2019-12-31 23:59:59 UTC) + 2.std_seconds(),
    |         ^^^^^^^^
    |
    = note: import resolution is stuck, try simplifying macro imports

error: cannot determine resolution for the macro `datetime`
   --> tests/integration/offset_date_time.rs:643:9
    |
643 |         datetime!(2020-01-01 0:00:01 UTC),
    |         ^^^^^^^^
    |
    = note: import resolution is stuck, try simplifying macro imports

error: cannot determine resolution for the macro `datetime`
   --> tests/integration/offset_date_time.rs:649:34
    |
649 |     let mut new_years_day_2019 = datetime!(2019-01-01 0:00 UTC);
    |                                  ^^^^^^^^
    |
    = note: import resolution is stuck, try simplifying macro imports

error: cannot determine resolution for the macro `datetime`
   --> tests/integration/offset_date_time.rs:651:36
    |
651 |     assert_eq!(new_years_day_2019, datetime!(2019-01-06 0:00 UTC));
    |                                    ^^^^^^^^
    |
    = note: import resolution is stuck, try simplifying macro imports

error: cannot determine resolution for the macro `datetime`
   --> tests/integration/offset_date_time.rs:653:39
    |
653 |     let mut new_years_eve_2020_days = datetime!(2019-12-31 0:00 UTC);
    |                                       ^^^^^^^^
    |
    = note: import resolution is stuck, try simplifying macro imports

error: cannot determine resolution for the macro `datetime`
   --> tests/integration/offset_date_time.rs:655:41
    |
655 |     assert_eq!(new_years_eve_2020_days, datetime!(2020-01-01 0:00 UTC));
    |                                         ^^^^^^^^
    |
    = note: import resolution is stuck, try simplifying macro imports

error: cannot determine resolution for the macro `datetime`
   --> tests/integration/offset_date_time.rs:657:42
    |
657 |     let mut new_years_eve_2020_seconds = datetime!(2019-12-31 23:59:59 UTC);
    |                                          ^^^^^^^^
    |
    = note: import resolution is stuck, try simplifying macro imports

error: cannot determine resolution for the macro `datetime`
   --> tests/integration/offset_date_time.rs:661:9
    |
661 |         datetime!(2020-01-01 0:00:01 UTC)
    |         ^^^^^^^^
    |
    = note: import resolution is stuck, try simplifying macro imports

error: cannot determine resolution for the macro `datetime`
   --> tests/integration/offset_date_time.rs:664:42
    |
664 |     let mut new_years_day_2020_seconds = datetime!(2020-01-01 0:00:01 UTC);
    |                                          ^^^^^^^^
    |
    = note: import resolution is stuck, try simplifying macro imports

error: cannot determine resolution for the macro `datetime`
   --> tests/integration/offset_date_time.rs:668:9
    |
668 |         datetime!(2019-12-31 23:59:59 UTC)
    |         ^^^^^^^^
    |
    = note: import resolution is stuck, try simplifying macro imports

error: cannot determine resolution for the macro `datetime`
   --> tests/integration/offset_date_time.rs:674:34
    |
674 |     let mut new_years_day_2019 = datetime!(2019-01-01 0:00 UTC);
    |                                  ^^^^^^^^
    |
    = note: import resolution is stuck, try simplifying macro imports

error: cannot determine resolution for the macro `datetime`
   --> tests/integration/offset_date_time.rs:676:36
    |
676 |     assert_eq!(new_years_day_2019, datetime!(2019-01-06 0:00 UTC));
    |                                    ^^^^^^^^
    |
    = note: import resolution is stuck, try simplifying macro imports

error: cannot determine resolution for the macro `datetime`
   --> tests/integration/offset_date_time.rs:678:39
    |
678 |     let mut new_years_eve_2020_days = datetime!(2019-12-31 0:00 UTC);
    |                                       ^^^^^^^^
    |
    = note: import resolution is stuck, try simplifying macro imports

error: cannot determine resolution for the macro `datetime`
   --> tests/integration/offset_date_time.rs:680:41
    |
680 |     assert_eq!(new_years_eve_2020_days, datetime!(2020-01-01 0:00 UTC));
    |                                         ^^^^^^^^
    |
    = note: import resolution is stuck, try simplifying macro imports

error: cannot determine resolution for the macro `datetime`
   --> tests/integration/offset_date_time.rs:682:42
    |
682 |     let mut new_years_eve_2020_seconds = datetime!(2019-12-31 23:59:59 UTC);
    |                                          ^^^^^^^^
    |
    = note: import resolution is stuck, try simplifying macro imports

error: cannot determine resolution for the macro `datetime`
   --> tests/integration/offset_date_time.rs:686:9
    |
686 |         datetime!(2020-01-01 0:00:01 UTC)
    |         ^^^^^^^^
    |
    = note: import resolution is stuck, try simplifying macro imports

error: cannot determine resolution for the macro `datetime`
   --> tests/integration/offset_date_time.rs:693:9
    |
693 |         datetime!(2019-01-06 0:00 UTC) - 5.days(),
    |         ^^^^^^^^
    |
    = note: import resolution is stuck, try simplifying macro imports

error: cannot determine resolution for the macro `datetime`
   --> tests/integration/offset_date_time.rs:694:9
    |
694 |         datetime!(2019-01-01 0:00 UTC),
    |         ^^^^^^^^
    |
    = note: import resolution is stuck, try simplifying macro imports

error: cannot determine resolution for the macro `datetime`
   --> tests/integration/offset_date_time.rs:697:9
    |
697 |         datetime!(2020-01-01 0:00 UTC) - 1.days(),
    |         ^^^^^^^^
    |
    = note: import resolution is stuck, try simplifying macro imports

error: cannot determine resolution for the macro `datetime`
   --> tests/integration/offset_date_time.rs:698:9
    |
698 |         datetime!(2019-12-31 0:00 UTC),
    |         ^^^^^^^^
    |
    = note: import resolution is stuck, try simplifying macro imports

error: cannot determine resolution for the macro `datetime`
   --> tests/integration/offset_date_time.rs:701:9
    |
701 |         datetime!(2020-01-01 0:00:01 UTC) - 2.seconds(),
    |         ^^^^^^^^
    |
    = note: import resolution is stuck, try simplifying macro imports

error: cannot determine resolution for the macro `datetime`
   --> tests/integration/offset_date_time.rs:702:9
    |
702 |         datetime!(2019-12-31 23:59:59 UTC),
    |         ^^^^^^^^
    |
    = note: import resolution is stuck, try simplifying macro imports

error: cannot determine resolution for the macro `datetime`
   --> tests/integration/offset_date_time.rs:705:9
    |
705 |         datetime!(2019-12-31 23:59:59 UTC) - (-2).seconds(),
    |         ^^^^^^^^
    |
    = note: import resolution is stuck, try simplifying macro imports

error: cannot determine resolution for the macro `datetime`
   --> tests/integration/offset_date_time.rs:706:9
    |
706 |         datetime!(2020-01-01 0:00:01 UTC),
    |         ^^^^^^^^
    |
    = note: import resolution is stuck, try simplifying macro imports

error: cannot determine resolution for the macro `datetime`
   --> tests/integration/offset_date_time.rs:709:9
    |
709 |         datetime!(1999-12-31 23:00 UTC) - (-1).hours(),
    |         ^^^^^^^^
    |
    = note: import resolution is stuck, try simplifying macro imports

error: cannot determine resolution for the macro `datetime`
   --> tests/integration/offset_date_time.rs:710:9
    |
710 |         datetime!(2000-01-01 0:00 UTC),
    |         ^^^^^^^^
    |
    = note: import resolution is stuck, try simplifying macro imports

error: cannot determine resolution for the macro `datetime`
   --> tests/integration/offset_date_time.rs:717:9
    |
717 |         datetime!(2019-01-06 0:00 UTC) - 5.std_days(),
    |         ^^^^^^^^
    |
    = note: import resolution is stuck, try simplifying macro imports

error: cannot determine resolution for the macro `datetime`
   --> tests/integration/offset_date_time.rs:718:9
    |
718 |         datetime!(2019-01-01 0:00 UTC),
    |         ^^^^^^^^
    |
    = note: import resolution is stuck, try simplifying macro imports

error: cannot determine resolution for the macro `datetime`
   --> tests/integration/offset_date_time.rs:721:9
    |
721 |         datetime!(2020-01-01 0:00 UTC) - 1.std_days(),
    |         ^^^^^^^^
    |
    = note: import resolution is stuck, try simplifying macro imports

error: cannot determine resolution for the macro `datetime`
   --> tests/integration/offset_date_time.rs:722:9
    |
722 |         datetime!(2019-12-31 0:00 UTC),
    |         ^^^^^^^^
    |
    = note: import resolution is stuck, try simplifying macro imports

error: cannot determine resolution for the macro `datetime`
   --> tests/integration/offset_date_time.rs:725:9
    |
725 |         datetime!(2020-01-01 0:00:01 UTC) - 2.std_seconds(),
    |         ^^^^^^^^
    |
    = note: import resolution is stuck, try simplifying macro imports

error: cannot determine resolution for the macro `datetime`
   --> tests/integration/offset_date_time.rs:726:9
    |
726 |         datetime!(2019-12-31 23:59:59 UTC),
    |         ^^^^^^^^
    |
    = note: import resolution is stuck, try simplifying macro imports

error: cannot determine resolution for the macro `datetime`
   --> tests/integration/offset_date_time.rs:732:34
    |
732 |     let mut new_years_day_2019 = datetime!(2019-01-06 0:00 UTC);
    |                                  ^^^^^^^^
    |
    = note: import resolution is stuck, try simplifying macro imports

error: cannot determine resolution for the macro `datetime`
   --> tests/integration/offset_date_time.rs:734:36
    |
734 |     assert_eq!(new_years_day_2019, datetime!(2019-01-01 0:00 UTC));
    |                                    ^^^^^^^^
    |
    = note: import resolution is stuck, try simplifying macro imports

error: cannot determine resolution for the macro `datetime`
   --> tests/integration/offset_date_time.rs:736:39
    |
736 |     let mut new_years_day_2020_days = datetime!(2020-01-01 0:00 UTC);
    |                                       ^^^^^^^^
    |
    = note: import resolution is stuck, try simplifying macro imports

error: cannot determine resolution for the macro `datetime`
   --> tests/integration/offset_date_time.rs:738:41
    |
738 |     assert_eq!(new_years_day_2020_days, datetime!(2019-12-31 0:00 UTC));
    |                                         ^^^^^^^^
    |
    = note: import resolution is stuck, try simplifying macro imports

error: cannot determine resolution for the macro `datetime`
   --> tests/integration/offset_date_time.rs:740:42
    |
740 |     let mut new_years_day_2020_seconds = datetime!(2020-01-01 0:00:01 UTC);
    |                                          ^^^^^^^^
    |
    = note: import resolution is stuck, try simplifying macro imports

error: cannot determine resolution for the macro `datetime`
   --> tests/integration/offset_date_time.rs:744:9
    |
744 |         datetime!(2019-12-31 23:59:59 UTC)
    |         ^^^^^^^^
    |
    = note: import resolution is stuck, try simplifying macro imports

error: cannot determine resolution for the macro `datetime`
   --> tests/integration/offset_date_time.rs:747:42
    |
747 |     let mut new_years_eve_2020_seconds = datetime!(2019-12-31 23:59:59 UTC);
    |                                          ^^^^^^^^
    |
    = note: import resolution is stuck, try simplifying macro imports

error: cannot determine resolution for the macro `datetime`
   --> tests/integration/offset_date_time.rs:751:9
    |
751 |         datetime!(2020-01-01 0:00:01 UTC)
    |         ^^^^^^^^
    |
    = note: import resolution is stuck, try simplifying macro imports

error: cannot determine resolution for the macro `datetime`
   --> tests/integration/offset_date_time.rs:757:20
    |
757 |     let mut ny19 = datetime!(2019-01-06 0:00 UTC);
    |                    ^^^^^^^^
    |
    = note: import resolution is stuck, try simplifying macro imports

error: cannot determine resolution for the macro `datetime`
   --> tests/integration/offset_date_time.rs:759:22
    |
759 |     assert_eq!(ny19, datetime!(2019-01-01 0:00 UTC));
    |                      ^^^^^^^^
    |
    = note: import resolution is stuck, try simplifying macro imports

error: cannot determine resolution for the macro `datetime`
   --> tests/integration/offset_date_time.rs:761:20
    |
761 |     let mut ny20 = datetime!(2020-01-01 0:00 UTC);
    |                    ^^^^^^^^
    |
    = note: import resolution is stuck, try simplifying macro imports

error: cannot determine resolution for the macro `datetime`
   --> tests/integration/offset_date_time.rs:763:22
    |
763 |     assert_eq!(ny20, datetime!(2019-12-31 0:00 UTC));
    |                      ^^^^^^^^
    |
    = note: import resolution is stuck, try simplifying macro imports

error: cannot determine resolution for the macro `datetime`
   --> tests/integration/offset_date_time.rs:765:21
    |
765 |     let mut ny20t = datetime!(2020-01-01 0:00:01 UTC);
    |                     ^^^^^^^^
    |
    = note: import resolution is stuck, try simplifying macro imports

error: cannot determine resolution for the macro `datetime`
   --> tests/integration/offset_date_time.rs:767:23
    |
767 |     assert_eq!(ny20t, datetime!(2019-12-31 23:59:59 UTC));
    |                       ^^^^^^^^
    |
    = note: import resolution is stuck, try simplifying macro imports

error: cannot determine resolution for the macro `datetime`
   --> tests/integration/offset_date_time.rs:773:26
    |
773 |         SystemTime::from(datetime!(2019-01-01 0:00 UTC)) + 0.seconds(),
    |                          ^^^^^^^^
    |
    = note: import resolution is stuck, try simplifying macro imports

error: cannot determine resolution for the macro `datetime`
   --> tests/integration/offset_date_time.rs:774:26
    |
774 |         SystemTime::from(datetime!(2019-01-01 0:00 UTC)),
    |                          ^^^^^^^^
    |
    = note: import resolution is stuck, try simplifying macro imports

error: cannot determine resolution for the macro `datetime`
   --> tests/integration/offset_date_time.rs:777:26
    |
777 |         SystemTime::from(datetime!(2019-01-01 0:00 UTC)) + 5.days(),
    |                          ^^^^^^^^
    |
    = note: import resolution is stuck, try simplifying macro imports

error: cannot determine resolution for the macro `datetime`
   --> tests/integration/offset_date_time.rs:778:26
    |
778 |         SystemTime::from(datetime!(2019-01-06 0:00 UTC)),
    |                          ^^^^^^^^
    |
    = note: import resolution is stuck, try simplifying macro imports

error: cannot determine resolution for the macro `datetime`
   --> tests/integration/offset_date_time.rs:781:26
    |
781 |         SystemTime::from(datetime!(2019-12-31 0:00 UTC)) + 1.days(),
    |                          ^^^^^^^^
    |
    = note: import resolution is stuck, try simplifying macro imports

error: cannot determine resolution for the macro `datetime`
   --> tests/integration/offset_date_time.rs:782:26
    |
782 |         SystemTime::from(datetime!(2020-01-01 0:00 UTC)),
    |                          ^^^^^^^^
    |
    = note: import resolution is stuck, try simplifying macro imports

error: cannot determine resolution for the macro `datetime`
   --> tests/integration/offset_date_time.rs:785:26
    |
785 |         SystemTime::from(datetime!(2019-12-31 23:59:59 UTC)) + 2.seconds(),
    |                          ^^^^^^^^
    |
    = note: import resolution is stuck, try simplifying macro imports

error: cannot determine resolution for the macro `datetime`
   --> tests/integration/offset_date_time.rs:786:26
    |
786 |         SystemTime::from(datetime!(2020-01-01 0:00:01 UTC)),
    |                          ^^^^^^^^
    |
    = note: import resolution is stuck, try simplifying macro imports

error: cannot determine resolution for the macro `datetime`
   --> tests/integration/offset_date_time.rs:789:26
    |
789 |         SystemTime::from(datetime!(2020-01-01 0:00:01 UTC)) + (-2).seconds(),
    |                          ^^^^^^^^
    |
    = note: import resolution is stuck, try simplifying macro imports

error: cannot determine resolution for the macro `datetime`
   --> tests/integration/offset_date_time.rs:790:26
    |
790 |         SystemTime::from(datetime!(2019-12-31 23:59:59 UTC)),
    |                          ^^^^^^^^
    |
    = note: import resolution is stuck, try simplifying macro imports

error: cannot determine resolution for the macro `datetime`
   --> tests/integration/offset_date_time.rs:796:51
    |
796 |     let mut new_years_day_2019 = SystemTime::from(datetime!(2019-01-01 0:00 UTC));
    |                                                   ^^^^^^^^
    |
    = note: import resolution is stuck, try simplifying macro imports

error: cannot determine resolution for the macro `datetime`
   --> tests/integration/offset_date_time.rs:798:36
    |
798 |     assert_eq!(new_years_day_2019, datetime!(2019-01-06 0:00 UTC));
    |                                    ^^^^^^^^
    |
    = note: import resolution is stuck, try simplifying macro imports

error: cannot determine resolution for the macro `datetime`
   --> tests/integration/offset_date_time.rs:800:56
    |
800 |     let mut new_years_eve_2020_days = SystemTime::from(datetime!(2019-12-31 0:00 UTC));
    |                                                        ^^^^^^^^
    |
    = note: import resolution is stuck, try simplifying macro imports

error: cannot determine resolution for the macro `datetime`
   --> tests/integration/offset_date_time.rs:802:41
    |
802 |     assert_eq!(new_years_eve_2020_days, datetime!(2020-01-01 0:00 UTC));
    |                                         ^^^^^^^^
    |
    = note: import resolution is stuck, try simplifying macro imports

error: cannot determine resolution for the macro `datetime`
   --> tests/integration/offset_date_time.rs:804:59
    |
804 |     let mut new_years_eve_2020_seconds = SystemTime::from(datetime!(2019-12-31 23:59:59 UTC));
    |                                                           ^^^^^^^^
    |
    = note: import resolution is stuck, try simplifying macro imports

error: cannot determine resolution for the macro `datetime`
   --> tests/integration/offset_date_time.rs:808:9
    |
808 |         datetime!(2020-01-01 0:00:01 UTC)
    |         ^^^^^^^^
    |
    = note: import resolution is stuck, try simplifying macro imports

error: cannot determine resolution for the macro `datetime`
   --> tests/integration/offset_date_time.rs:811:59
    |
811 |     let mut new_years_day_2020_seconds = SystemTime::from(datetime!(2020-01-01 0:00:01 UTC));
    |                                                           ^^^^^^^^
    |
    = note: import resolution is stuck, try simplifying macro imports

error: cannot determine resolution for the macro `datetime`
   --> tests/integration/offset_date_time.rs:815:9
    |
815 |         datetime!(2019-12-31 23:59:59 UTC)
    |         ^^^^^^^^
    |
    = note: import resolution is stuck, try simplifying macro imports

error: cannot determine resolution for the macro `datetime`
   --> tests/integration/offset_date_time.rs:822:26
    |
822 |         SystemTime::from(datetime!(2019-01-06 0:00 UTC)) - 5.days(),
    |                          ^^^^^^^^
    |
    = note: import resolution is stuck, try simplifying macro imports

error: cannot determine resolution for the macro `datetime`
   --> tests/integration/offset_date_time.rs:823:26
    |
823 |         SystemTime::from(datetime!(2019-01-01 0:00 UTC)),
    |                          ^^^^^^^^
    |
    = note: import resolution is stuck, try simplifying macro imports

error: cannot determine resolution for the macro `datetime`
   --> tests/integration/offset_date_time.rs:826:26
    |
826 |         SystemTime::from(datetime!(2020-01-01 0:00 UTC)) - 1.days(),
    |                          ^^^^^^^^
    |
    = note: import resolution is stuck, try simplifying macro imports

error: cannot determine resolution for the macro `datetime`
   --> tests/integration/offset_date_time.rs:827:26
    |
827 |         SystemTime::from(datetime!(2019-12-31 0:00 UTC)),
    |                          ^^^^^^^^
    |
    = note: import resolution is stuck, try simplifying macro imports

error: cannot determine resolution for the macro `datetime`
   --> tests/integration/offset_date_time.rs:830:26
    |
830 |         SystemTime::from(datetime!(2020-01-01 0:00:01 UTC)) - 2.seconds(),
    |                          ^^^^^^^^
    |
    = note: import resolution is stuck, try simplifying macro imports

error: cannot determine resolution for the macro `datetime`
   --> tests/integration/offset_date_time.rs:831:26
    |
831 |         SystemTime::from(datetime!(2019-12-31 23:59:59 UTC)),
    |                          ^^^^^^^^
    |
    = note: import resolution is stuck, try simplifying macro imports

error: cannot determine resolution for the macro `datetime`
   --> tests/integration/offset_date_time.rs:834:26
    |
834 |         SystemTime::from(datetime!(2019-12-31 23:59:59 UTC)) - (-2).seconds(),
    |                          ^^^^^^^^
    |
    = note: import resolution is stuck, try simplifying macro imports

error: cannot determine resolution for the macro `datetime`
   --> tests/integration/offset_date_time.rs:835:26
    |
835 |         SystemTime::from(datetime!(2020-01-01 0:00:01 UTC)),
    |                          ^^^^^^^^
    |
    = note: import resolution is stuck, try simplifying macro imports

error: cannot determine resolution for the macro `datetime`
   --> tests/integration/offset_date_time.rs:841:51
    |
841 |     let mut new_years_day_2019 = SystemTime::from(datetime!(2019-01-06 0:00 UTC));
    |                                                   ^^^^^^^^
    |
    = note: import resolution is stuck, try simplifying macro imports

error: cannot determine resolution for the macro `datetime`
   --> tests/integration/offset_date_time.rs:843:36
    |
843 |     assert_eq!(new_years_day_2019, datetime!(2019-01-01 0:00 UTC));
    |                                    ^^^^^^^^
    |
    = note: import resolution is stuck, try simplifying macro imports

error: cannot determine resolution for the macro `datetime`
   --> tests/integration/offset_date_time.rs:845:51
    |
845 |     let mut new_years_day_2020 = SystemTime::from(datetime!(2020-01-01 0:00 UTC));
    |                                                   ^^^^^^^^
    |
    = note: import resolution is stuck, try simplifying macro imports

error: cannot determine resolution for the macro `datetime`
   --> tests/integration/offset_date_time.rs:847:36
    |
847 |     assert_eq!(new_years_day_2020, datetime!(2019-12-31 0:00 UTC));
    |                                    ^^^^^^^^
    |
    = note: import resolution is stuck, try simplifying macro imports

error: cannot determine resolution for the macro `datetime`
   --> tests/integration/offset_date_time.rs:849:59
    |
849 |     let mut new_years_day_2020_seconds = SystemTime::from(datetime!(2020-01-01 0:00:01 UTC));
    |                                                           ^^^^^^^^
    |
    = note: import resolution is stuck, try simplifying macro imports

error: cannot determine resolution for the macro `datetime`
   --> tests/integration/offset_date_time.rs:853:9
    |
853 |         datetime!(2019-12-31 23:59:59 UTC)
    |         ^^^^^^^^
    |
    = note: import resolution is stuck, try simplifying macro imports

error: cannot determine resolution for the macro `datetime`
   --> tests/integration/offset_date_time.rs:856:59
    |
856 |     let mut new_years_eve_2020_seconds = SystemTime::from(datetime!(2019-12-31 23:59:59 UTC));
    |                                                           ^^^^^^^^
    |
    = note: import resolution is stuck, try simplifying macro imports

error: cannot determine resolution for the macro `datetime`
   --> tests/integration/offset_date_time.rs:860:9
    |
860 |         datetime!(2020-01-01 0:00:01 UTC)
    |         ^^^^^^^^
    |
    = note: import resolution is stuck, try simplifying macro imports

error: cannot determine resolution for the macro `datetime`
   --> tests/integration/offset_date_time.rs:867:9
    |
867 |         datetime!(2019-01-02 0:00 UTC) - datetime!(2019-01-01 0:00 UTC),
    |         ^^^^^^^^
    |
    = note: import resolution is stuck, try simplifying macro imports

error: cannot determine resolution for the macro `datetime`
   --> tests/integration/offset_date_time.rs:867:42
    |
867 |         datetime!(2019-01-02 0:00 UTC) - datetime!(2019-01-01 0:00 UTC),
    |                                          ^^^^^^^^
    |
    = note: import resolution is stuck, try simplifying macro imports

error: cannot determine resolution for the macro `datetime`
   --> tests/integration/offset_date_time.rs:871:9
    |
871 |         datetime!(2019-01-01 0:00 UTC) - datetime!(2019-01-02 0:00 UTC),
    |         ^^^^^^^^
    |
    = note: import resolution is stuck, try simplifying macro imports

error: cannot determine resolution for the macro `datetime`
   --> tests/integration/offset_date_time.rs:871:42
    |
871 |         datetime!(2019-01-01 0:00 UTC) - datetime!(2019-01-02 0:00 UTC),
    |                                          ^^^^^^^^
    |
    = note: import resolution is stuck, try simplifying macro imports

error: cannot determine resolution for the macro `datetime`
   --> tests/integration/offset_date_time.rs:875:9
    |
875 |         datetime!(2020-01-01 0:00 UTC) - datetime!(2019-12-31 0:00 UTC),
    |         ^^^^^^^^
    |
    = note: import resolution is stuck, try simplifying macro imports

error: cannot determine resolution for the macro `datetime`
   --> tests/integration/offset_date_time.rs:875:42
    |
875 |         datetime!(2020-01-01 0:00 UTC) - datetime!(2019-12-31 0:00 UTC),
    |                                          ^^^^^^^^
    |
    = note: import resolution is stuck, try simplifying macro imports

error: cannot determine resolution for the macro `datetime`
   --> tests/integration/offset_date_time.rs:879:9
    |
879 |         datetime!(2019-12-31 0:00 UTC) - datetime!(2020-01-01 0:00 UTC),
    |         ^^^^^^^^
    |
    = note: import resolution is stuck, try simplifying macro imports

error: cannot determine resolution for the macro `datetime`
   --> tests/integration/offset_date_time.rs:879:42
    |
879 |         datetime!(2019-12-31 0:00 UTC) - datetime!(2020-01-01 0:00 UTC),
    |                                          ^^^^^^^^
    |
    = note: import resolution is stuck, try simplifying macro imports

error: cannot determine resolution for the macro `datetime`
   --> tests/integration/offset_date_time.rs:883:9
    |
883 |         datetime!(+999_999-12-31 23:59:59.999_999_999 -23:59:59)
    |         ^^^^^^^^
    |
    = note: import resolution is stuck, try simplifying macro imports

error: cannot determine resolution for the macro `datetime`
   --> tests/integration/offset_date_time.rs:884:15
    |
884 |             - datetime!(-999_999-01-01 0:00 +23:59:59),
    |               ^^^^^^^^
    |
    = note: import resolution is stuck, try simplifying macro imports

error: cannot determine resolution for the macro `datetime`
   --> tests/integration/offset_date_time.rs:892:26
    |
892 |         SystemTime::from(datetime!(2019-01-02 0:00 UTC)) - datetime!(2019-01-01 0:00 UTC),
    |                          ^^^^^^^^
    |
    = note: import resolution is stuck, try simplifying macro imports

error: cannot determine resolution for the macro `datetime`
   --> tests/integration/offset_date_time.rs:892:60
    |
892 |         SystemTime::from(datetime!(2019-01-02 0:00 UTC)) - datetime!(2019-01-01 0:00 UTC),
    |                                                            ^^^^^^^^
    |
    = note: import resolution is stuck, try simplifying macro imports

error: cannot determine resolution for the macro `datetime`
   --> tests/integration/offset_date_time.rs:896:26
    |
896 |         SystemTime::from(datetime!(2019-01-01 0:00 UTC)) - datetime!(2019-01-02 0:00 UTC),
    |                          ^^^^^^^^
    |
    = note: import resolution is stuck, try simplifying macro imports

error: cannot determine resolution for the macro `datetime`
   --> tests/integration/offset_date_time.rs:896:60
    |
896 |         SystemTime::from(datetime!(2019-01-01 0:00 UTC)) - datetime!(2019-01-02 0:00 UTC),
    |                                                            ^^^^^^^^
    |
    = note: import resolution is stuck, try simplifying macro imports

error: cannot determine resolution for the macro `datetime`
   --> tests/integration/offset_date_time.rs:900:26
    |
900 |         SystemTime::from(datetime!(2020-01-01 0:00 UTC)) - datetime!(2019-12-31 0:00 UTC),
    |                          ^^^^^^^^
    |
    = note: import resolution is stuck, try simplifying macro imports

error: cannot determine resolution for the macro `datetime`
   --> tests/integration/offset_date_time.rs:900:60
    |
900 |         SystemTime::from(datetime!(2020-01-01 0:00 UTC)) - datetime!(2019-12-31 0:00 UTC),
    |                                                            ^^^^^^^^
    |
    = note: import resolution is stuck, try simplifying macro imports

error: cannot determine resolution for the macro `datetime`
   --> tests/integration/offset_date_time.rs:904:26
    |
904 |         SystemTime::from(datetime!(2019-12-31 0:00 UTC)) - datetime!(2020-01-01 0:00 UTC),
    |                          ^^^^^^^^
    |
    = note: import resolution is stuck, try simplifying macro imports

error: cannot determine resolution for the macro `datetime`
   --> tests/integration/offset_date_time.rs:904:60
    |
904 |         SystemTime::from(datetime!(2019-12-31 0:00 UTC)) - datetime!(2020-01-01 0:00 UTC),
    |                                                            ^^^^^^^^
    |
    = note: import resolution is stuck, try simplifying macro imports

error: cannot determine resolution for the macro `datetime`
   --> tests/integration/offset_date_time.rs:912:9
    |
912 |         datetime!(2019-01-02 0:00 UTC) - SystemTime::from(datetime!(2019-01-01 0:00 UTC)),
    |         ^^^^^^^^
    |
    = note: import resolution is stuck, try simplifying macro imports

error: cannot determine resolution for the macro `datetime`
   --> tests/integration/offset_date_time.rs:912:59
    |
912 |         datetime!(2019-01-02 0:00 UTC) - SystemTime::from(datetime!(2019-01-01 0:00 UTC)),
    |                                                           ^^^^^^^^
    |
    = note: import resolution is stuck, try simplifying macro imports

error: cannot determine resolution for the macro `datetime`
   --> tests/integration/offset_date_time.rs:916:9
    |
916 |         datetime!(2019-01-01 0:00 UTC) - SystemTime::from(datetime!(2019-01-02 0:00 UTC)),
    |         ^^^^^^^^
    |
    = note: import resolution is stuck, try simplifying macro imports

error: cannot determine resolution for the macro `datetime`
   --> tests/integration/offset_date_time.rs:916:59
    |
916 |         datetime!(2019-01-01 0:00 UTC) - SystemTime::from(datetime!(2019-01-02 0:00 UTC)),
    |                                                           ^^^^^^^^
    |
    = note: import resolution is stuck, try simplifying macro imports

error: cannot determine resolution for the macro `datetime`
   --> tests/integration/offset_date_time.rs:920:9
    |
920 |         datetime!(2020-01-01 0:00 UTC) - SystemTime::from(datetime!(2019-12-31 0:00 UTC)),
    |         ^^^^^^^^
    |
    = note: import resolution is stuck, try simplifying macro imports

error: cannot determine resolution for the macro `datetime`
   --> tests/integration/offset_date_time.rs:920:59
    |
920 |         datetime!(2020-01-01 0:00 UTC) - SystemTime::from(datetime!(2019-12-31 0:00 UTC)),
    |                                                           ^^^^^^^^
    |
    = note: import resolution is stuck, try simplifying macro imports

error: cannot determine resolution for the macro `datetime`
   --> tests/integration/offset_date_time.rs:924:9
    |
924 |         datetime!(2019-12-31 0:00 UTC) - SystemTime::from(datetime!(2020-01-01 0:00 UTC)),
    |         ^^^^^^^^
    |
    = note: import resolution is stuck, try simplifying macro imports

error: cannot determine resolution for the macro `datetime`
   --> tests/integration/offset_date_time.rs:924:59
    |
924 |         datetime!(2019-12-31 0:00 UTC) - SystemTime::from(datetime!(2020-01-01 0:00 UTC)),
    |                                                           ^^^^^^^^
    |
    = note: import resolution is stuck, try simplifying macro imports

error: cannot determine resolution for the macro `datetime`
   --> tests/integration/offset_date_time.rs:946:9
    |
946 |         datetime!(2019-01-01 0:00 UTC),
    |         ^^^^^^^^
    |
    = note: import resolution is stuck, try simplifying macro imports

error: cannot determine resolution for the macro `datetime`
   --> tests/integration/offset_date_time.rs:947:26
    |
947 |         SystemTime::from(datetime!(2019-01-01 0:00 UTC))
    |                          ^^^^^^^^
    |
    = note: import resolution is stuck, try simplifying macro imports

error: cannot determine resolution for the macro `datetime`
   --> tests/integration/offset_date_time.rs:949:13
    |
949 |     assert!(datetime!(2019-01-01 0:00 UTC) < SystemTime::from(datetime!(2020-01-01 0:00 UTC)));
    |             ^^^^^^^^
    |
    = note: import resolution is stuck, try simplifying macro imports

error: cannot determine resolution for the macro `datetime`
   --> tests/integration/offset_date_time.rs:949:63
    |
949 |     assert!(datetime!(2019-01-01 0:00 UTC) < SystemTime::from(datetime!(2020-01-01 0:00 UTC)));
    |                                                               ^^^^^^^^
    |
    = note: import resolution is stuck, try simplifying macro imports

error: cannot determine resolution for the macro `datetime`
   --> tests/integration/offset_date_time.rs:950:13
    |
950 |     assert!(datetime!(2019-01-01 0:00 UTC) < SystemTime::from(datetime!(2019-02-01 0:00 UTC)));
    |             ^^^^^^^^
    |
    = note: import resolution is stuck, try simplifying macro imports

error: cannot determine resolution for the macro `datetime`
   --> tests/integration/offset_date_time.rs:950:63
    |
950 |     assert!(datetime!(2019-01-01 0:00 UTC) < SystemTime::from(datetime!(2019-02-01 0:00 UTC)));
    |                                                               ^^^^^^^^
    |
    = note: import resolution is stuck, try simplifying macro imports

error: cannot determine resolution for the macro `datetime`
   --> tests/integration/offset_date_time.rs:951:13
    |
951 |     assert!(datetime!(2019-01-01 0:00 UTC) < SystemTime::from(datetime!(2019-01-02 0:00 UTC)));
    |             ^^^^^^^^
    |
    = note: import resolution is stuck, try simplifying macro imports

error: cannot determine resolution for the macro `datetime`
   --> tests/integration/offset_date_time.rs:951:63
    |
951 |     assert!(datetime!(2019-01-01 0:00 UTC) < SystemTime::from(datetime!(2019-01-02 0:00 UTC)));
    |                                                               ^^^^^^^^
    |
    = note: import resolution is stuck, try simplifying macro imports

error: cannot determine resolution for the macro `datetime`
   --> tests/integration/offset_date_time.rs:952:13
    |
952 |     assert!(datetime!(2019-01-01 0:00 UTC) < SystemTime::from(datetime!(2019-01-01 1:00:00 UTC)));
    |             ^^^^^^^^
    |
    = note: import resolution is stuck, try simplifying macro imports

error: cannot determine resolution for the macro `datetime`
   --> tests/integration/offset_date_time.rs:952:63
    |
952 |     assert!(datetime!(2019-01-01 0:00 UTC) < SystemTime::from(datetime!(2019-01-01 1:00:00 UTC)));
    |                                                               ^^^^^^^^
    |
    = note: import resolution is stuck, try simplifying macro imports

error: cannot determine resolution for the macro `datetime`
   --> tests/integration/offset_date_time.rs:953:13
    |
953 |     assert!(datetime!(2019-01-01 0:00 UTC) < SystemTime::from(datetime!(2019-01-01 0:01:00 UTC)));
    |             ^^^^^^^^
    |
    = note: import resolution is stuck, try simplifying macro imports

error: cannot determine resolution for the macro `datetime`
   --> tests/integration/offset_date_time.rs:953:63
    |
953 |     assert!(datetime!(2019-01-01 0:00 UTC) < SystemTime::from(datetime!(2019-01-01 0:01:00 UTC)));
    |                                                               ^^^^^^^^
    |
    = note: import resolution is stuck, try simplifying macro imports

error: cannot determine resolution for the macro `datetime`
   --> tests/integration/offset_date_time.rs:954:13
    |
954 |     assert!(datetime!(2019-01-01 0:00 UTC) < SystemTime::from(datetime!(2019-01-01 0:00:01 UTC)));
    |             ^^^^^^^^
    |
    = note: import resolution is stuck, try simplifying macro imports

error: cannot determine resolution for the macro `datetime`
   --> tests/integration/offset_date_time.rs:954:63
    |
954 |     assert!(datetime!(2019-01-01 0:00 UTC) < SystemTime::from(datetime!(2019-01-01 0:00:01 UTC)));
    |                                                               ^^^^^^^^
    |
    = note: import resolution is stuck, try simplifying macro imports

error: cannot determine resolution for the macro `datetime`
   --> tests/integration/offset_date_time.rs:956:9
    |
956 |         datetime!(2019-01-01 0:00 UTC) < SystemTime::from(datetime!(2019-01-01 0:00:00.001 UTC))
    |         ^^^^^^^^
    |
    = note: import resolution is stuck, try simplifying macro imports

error: cannot determine resolution for the macro `datetime`
   --> tests/integration/offset_date_time.rs:956:59
    |
956 |         datetime!(2019-01-01 0:00 UTC) < SystemTime::from(datetime!(2019-01-01 0:00:00.001 UTC))
    |                                                           ^^^^^^^^
    |
    = note: import resolution is stuck, try simplifying macro imports

error: cannot determine resolution for the macro `datetime`
   --> tests/integration/offset_date_time.rs:958:13
    |
958 |     assert!(datetime!(2020-01-01 0:00 UTC) > SystemTime::from(datetime!(2019-01-01 0:00 UTC)));
    |             ^^^^^^^^
    |
    = note: import resolution is stuck, try simplifying macro imports

error: cannot determine resolution for the macro `datetime`
   --> tests/integration/offset_date_time.rs:958:63
    |
958 |     assert!(datetime!(2020-01-01 0:00 UTC) > SystemTime::from(datetime!(2019-01-01 0:00 UTC)));
    |                                                               ^^^^^^^^
    |
    = note: import resolution is stuck, try simplifying macro imports

error: cannot determine resolution for the macro `datetime`
   --> tests/integration/offset_date_time.rs:959:13
    |
959 |     assert!(datetime!(2019-02-01 0:00 UTC) > SystemTime::from(datetime!(2019-01-01 0:00 UTC)));
    |             ^^^^^^^^
    |
    = note: import resolution is stuck, try simplifying macro imports

error: cannot determine resolution for the macro `datetime`
   --> tests/integration/offset_date_time.rs:959:63
    |
959 |     assert!(datetime!(2019-02-01 0:00 UTC) > SystemTime::from(datetime!(2019-01-01 0:00 UTC)));
    |                                                               ^^^^^^^^
    |
    = note: import resolution is stuck, try simplifying macro imports

error: cannot determine resolution for the macro `datetime`
   --> tests/integration/offset_date_time.rs:960:13
    |
960 |     assert!(datetime!(2019-01-02 0:00 UTC) > SystemTime::from(datetime!(2019-01-01 0:00 UTC)));
    |             ^^^^^^^^
    |
    = note: import resolution is stuck, try simplifying macro imports

error: cannot determine resolution for the macro `datetime`
   --> tests/integration/offset_date_time.rs:960:63
    |
960 |     assert!(datetime!(2019-01-02 0:00 UTC) > SystemTime::from(datetime!(2019-01-01 0:00 UTC)));
    |                                                               ^^^^^^^^
    |
    = note: import resolution is stuck, try simplifying macro imports

error: cannot determine resolution for the macro `datetime`
   --> tests/integration/offset_date_time.rs:961:13
    |
961 |     assert!(datetime!(2019-01-01 1:00:00 UTC) > SystemTime::from(datetime!(2019-01-01 0:00 UTC)));
    |             ^^^^^^^^
    |
    = note: import resolution is stuck, try simplifying macro imports

error: cannot determine resolution for the macro `datetime`
   --> tests/integration/offset_date_time.rs:961:66
    |
961 |     assert!(datetime!(2019-01-01 1:00:00 UTC) > SystemTime::from(datetime!(2019-01-01 0:00 UTC)));
    |                                                                  ^^^^^^^^
    |
    = note: import resolution is stuck, try simplifying macro imports

error: cannot determine resolution for the macro `datetime`
   --> tests/integration/offset_date_time.rs:962:13
    |
962 |     assert!(datetime!(2019-01-01 0:01:00 UTC) > SystemTime::from(datetime!(2019-01-01 0:00 UTC)));
    |             ^^^^^^^^
    |
    = note: import resolution is stuck, try simplifying macro imports

error: cannot determine resolution for the macro `datetime`
   --> tests/integration/offset_date_time.rs:962:66
    |
962 |     assert!(datetime!(2019-01-01 0:01:00 UTC) > SystemTime::from(datetime!(2019-01-01 0:00 UTC)));
    |                                                                  ^^^^^^^^
    |
    = note: import resolution is stuck, try simplifying macro imports

error: cannot determine resolution for the macro `datetime`
   --> tests/integration/offset_date_time.rs:963:13
    |
963 |     assert!(datetime!(2019-01-01 0:00:01 UTC) > SystemTime::from(datetime!(2019-01-01 0:00 UTC)));
    |             ^^^^^^^^
    |
    = note: import resolution is stuck, try simplifying macro imports

error: cannot determine resolution for the macro `datetime`
   --> tests/integration/offset_date_time.rs:963:66
    |
963 |     assert!(datetime!(2019-01-01 0:00:01 UTC) > SystemTime::from(datetime!(2019-01-01 0:00 UTC)));
    |                                                                  ^^^^^^^^
    |
    = note: import resolution is stuck, try simplifying macro imports

error: cannot determine resolution for the macro `datetime`
   --> tests/integration/offset_date_time.rs:965:9
    |
965 |         datetime!(2019-01-01 0:00:00.000_000_001 UTC)
    |         ^^^^^^^^
    |
    = note: import resolution is stuck, try simplifying macro imports

error: cannot determine resolution for the macro `datetime`
   --> tests/integration/offset_date_time.rs:966:32
    |
966 |             > SystemTime::from(datetime!(2019-01-01 0:00 UTC))
    |                                ^^^^^^^^
    |
    = note: import resolution is stuck, try simplifying macro imports

error: cannot determine resolution for the macro `datetime`
   --> tests/integration/offset_date_time.rs:973:26
    |
973 |         SystemTime::from(datetime!(2019-01-01 0:00 UTC)),
    |                          ^^^^^^^^
    |
    = note: import resolution is stuck, try simplifying macro imports

error: cannot determine resolution for the macro `datetime`
   --> tests/integration/offset_date_time.rs:974:9
    |
974 |         datetime!(2019-01-01 0:00 UTC)
    |         ^^^^^^^^
    |
    = note: import resolution is stuck, try simplifying macro imports

error: cannot determine resolution for the macro `datetime`
   --> tests/integration/offset_date_time.rs:976:30
    |
976 |     assert!(SystemTime::from(datetime!(2019-01-01 0:00 UTC)) < datetime!(2020-01-01 0:00 UTC));
    |                              ^^^^^^^^
    |
    = note: import resolution is stuck, try simplifying macro imports

error: cannot determine resolution for the macro `datetime`
   --> tests/integration/offset_date_time.rs:976:64
    |
976 |     assert!(SystemTime::from(datetime!(2019-01-01 0:00 UTC)) < datetime!(2020-01-01 0:00 UTC));
    |                                                                ^^^^^^^^
    |
    = note: import resolution is stuck, try simplifying macro imports

error: cannot determine resolution for the macro `datetime`
   --> tests/integration/offset_date_time.rs:977:30
    |
977 |     assert!(SystemTime::from(datetime!(2019-01-01 0:00 UTC)) < datetime!(2019-02-01 0:00 UTC));
    |                              ^^^^^^^^
    |
    = note: import resolution is stuck, try simplifying macro imports

error: cannot determine resolution for the macro `datetime`
   --> tests/integration/offset_date_time.rs:977:64
    |
977 |     assert!(SystemTime::from(datetime!(2019-01-01 0:00 UTC)) < datetime!(2019-02-01 0:00 UTC));
    |                                                                ^^^^^^^^
    |
    = note: import resolution is stuck, try simplifying macro imports

error: cannot determine resolution for the macro `datetime`
   --> tests/integration/offset_date_time.rs:978:30
    |
978 |     assert!(SystemTime::from(datetime!(2019-01-01 0:00 UTC)) < datetime!(2019-01-02 0:00 UTC));
    |                              ^^^^^^^^
    |
    = note: import resolution is stuck, try simplifying macro imports

error: cannot determine resolution for the macro `datetime`
   --> tests/integration/offset_date_time.rs:978:64
    |
978 |     assert!(SystemTime::from(datetime!(2019-01-01 0:00 UTC)) < datetime!(2019-01-02 0:00 UTC));
    |                                                                ^^^^^^^^
    |
    = note: import resolution is stuck, try simplifying macro imports

error: cannot determine resolution for the macro `datetime`
   --> tests/integration/offset_date_time.rs:979:30
    |
979 |     assert!(SystemTime::from(datetime!(2019-01-01 0:00 UTC)) < datetime!(2019-01-01 1:00:00 UTC));
    |                              ^^^^^^^^
    |
    = note: import resolution is stuck, try simplifying macro imports

error: cannot determine resolution for the macro `datetime`
   --> tests/integration/offset_date_time.rs:979:64
    |
979 |     assert!(SystemTime::from(datetime!(2019-01-01 0:00 UTC)) < datetime!(2019-01-01 1:00:00 UTC));
    |                                                                ^^^^^^^^
    |
    = note: import resolution is stuck, try simplifying macro imports

error: cannot determine resolution for the macro `datetime`
   --> tests/integration/offset_date_time.rs:980:30
    |
980 |     assert!(SystemTime::from(datetime!(2019-01-01 0:00 UTC)) < datetime!(2019-01-01 0:01:00 UTC));
    |                              ^^^^^^^^
    |
    = note: import resolution is stuck, try simplifying macro imports

error: cannot determine resolution for the macro `datetime`
   --> tests/integration/offset_date_time.rs:980:64
    |
980 |     assert!(SystemTime::from(datetime!(2019-01-01 0:00 UTC)) < datetime!(2019-01-01 0:01:00 UTC));
    |                                                                ^^^^^^^^
    |
    = note: import resolution is stuck, try simplifying macro imports

error: cannot determine resolution for the macro `datetime`
   --> tests/integration/offset_date_time.rs:981:30
    |
981 |     assert!(SystemTime::from(datetime!(2019-01-01 0:00 UTC)) < datetime!(2019-01-01 0:00:01 UTC));
    |                              ^^^^^^^^
    |
    = note: import resolution is stuck, try simplifying macro imports

error: cannot determine resolution for the macro `datetime`
   --> tests/integration/offset_date_time.rs:981:64
    |
981 |     assert!(SystemTime::from(datetime!(2019-01-01 0:00 UTC)) < datetime!(2019-01-01 0:00:01 UTC));
    |                                                                ^^^^^^^^
    |
    = note: import resolution is stuck, try simplifying macro imports

error: cannot determine resolution for the macro `datetime`
   --> tests/integration/offset_date_time.rs:983:26
    |
983 |         SystemTime::from(datetime!(2019-01-01 0:00 UTC))
    |                          ^^^^^^^^
    |
    = note: import resolution is stuck, try simplifying macro imports

error: cannot determine resolution for the macro `datetime`
   --> tests/integration/offset_date_time.rs:984:15
    |
984 |             < datetime!(2019-01-01 0:00:00.000_000_001 UTC)
    |               ^^^^^^^^
    |
    = note: import resolution is stuck, try simplifying macro imports

error: cannot determine resolution for the macro `datetime`
   --> tests/integration/offset_date_time.rs:986:30
    |
986 |     assert!(SystemTime::from(datetime!(2020-01-01 0:00 UTC)) > datetime!(2019-01-01 0:00 UTC));
    |                              ^^^^^^^^
    |
    = note: import resolution is stuck, try simplifying macro imports

error: cannot determine resolution for the macro `datetime`
   --> tests/integration/offset_date_time.rs:986:64
    |
986 |     assert!(SystemTime::from(datetime!(2020-01-01 0:00 UTC)) > datetime!(2019-01-01 0:00 UTC));
    |                                                                ^^^^^^^^
    |
    = note: import resolution is stuck, try simplifying macro imports

error: cannot determine resolution for the macro `datetime`
   --> tests/integration/offset_date_time.rs:987:30
    |
987 |     assert!(SystemTime::from(datetime!(2019-02-01 0:00 UTC)) > datetime!(2019-01-01 0:00 UTC));
    |                              ^^^^^^^^
    |
    = note: import resolution is stuck, try simplifying macro imports

error: cannot determine resolution for the macro `datetime`
   --> tests/integration/offset_date_time.rs:987:64
    |
987 |     assert!(SystemTime::from(datetime!(2019-02-01 0:00 UTC)) > datetime!(2019-01-01 0:00 UTC));
    |                                                                ^^^^^^^^
    |
    = note: import resolution is stuck, try simplifying macro imports

error: cannot determine resolution for the macro `datetime`
   --> tests/integration/offset_date_time.rs:988:30
    |
988 |     assert!(SystemTime::from(datetime!(2019-01-02 0:00 UTC)) > datetime!(2019-01-01 0:00 UTC));
    |                              ^^^^^^^^
    |
    = note: import resolution is stuck, try simplifying macro imports

error: cannot determine resolution for the macro `datetime`
   --> tests/integration/offset_date_time.rs:988:64
    |
988 |     assert!(SystemTime::from(datetime!(2019-01-02 0:00 UTC)) > datetime!(2019-01-01 0:00 UTC));
    |                                                                ^^^^^^^^
    |
    = note: import resolution is stuck, try simplifying macro imports

error: cannot determine resolution for the macro `datetime`
   --> tests/integration/offset_date_time.rs:989:30
    |
989 |     assert!(SystemTime::from(datetime!(2019-01-01 1:00:00 UTC)) > datetime!(2019-01-01 0:00 UTC));
    |                              ^^^^^^^^
    |
    = note: import resolution is stuck, try simplifying macro imports

error: cannot determine resolution for the macro `datetime`
   --> tests/integration/offset_date_time.rs:989:67
    |
989 |     assert!(SystemTime::from(datetime!(2019-01-01 1:00:00 UTC)) > datetime!(2019-01-01 0:00 UTC));
    |                                                                   ^^^^^^^^
    |
    = note: import resolution is stuck, try simplifying macro imports

error[E0599]: no method named `num_digits` found for type `u32` in the current scope
  --> src/tests.rs:43:23
   |
43 |     assert_eq!(99_u32.num_digits(), 2);
   |                       ^^^^^^^^^^ method not found in `u32`

error: cannot determine resolution for the macro `datetime`
   --> tests/integration/offset_date_time.rs:990:30
    |
990 |     assert!(SystemTime::from(datetime!(2019-01-01 0:01:00 UTC)) > datetime!(2019-01-01 0:00 UTC));
    |                              ^^^^^^^^
    |
    = note: import resolution is stuck, try simplifying macro imports

error: cannot determine resolution for the macro `datetime`
   --> tests/integration/offset_date_time.rs:990:67
    |
990 |     assert!(SystemTime::from(datetime!(2019-01-01 0:01:00 UTC)) > datetime!(2019-01-01 0:00 UTC));
    |                                                                   ^^^^^^^^
    |
    = note: import resolution is stuck, try simplifying macro imports

error: cannot determine resolution for the macro `datetime`
   --> tests/integration/offset_date_time.rs:991:30
    |
991 |     assert!(SystemTime::from(datetime!(2019-01-01 0:00:01 UTC)) > datetime!(2019-01-01 0:00 UTC));
    |                              ^^^^^^^^
    |
    = note: import resolution is stuck, try simplifying macro imports

error: cannot determine resolution for the macro `datetime`
   --> tests/integration/offset_date_time.rs:991:67
    |
991 |     assert!(SystemTime::from(datetime!(2019-01-01 0:00:01 UTC)) > datetime!(2019-01-01 0:00 UTC));
    |                                                                   ^^^^^^^^
    |
    = note: import resolution is stuck, try simplifying macro imports

error: cannot determine resolution for the macro `datetime`
   --> tests/integration/offset_date_time.rs:993:26
    |
993 |         SystemTime::from(datetime!(2019-01-01 0:00:00.001 UTC)) > datetime!(2019-01-01 0:00 UTC)
    |                          ^^^^^^^^
    |
    = note: import resolution is stuck, try simplifying macro imports

error: cannot determine resolution for the macro `datetime`
   --> tests/integration/offset_date_time.rs:993:67
    |
993 |         SystemTime::from(datetime!(2019-01-01 0:00:00.001 UTC)) > datetime!(2019-01-01 0:00 UTC)
    |                                                                   ^^^^^^^^
    |
    = note: import resolution is stuck, try simplifying macro imports

error: cannot determine resolution for the macro `datetime`
    --> tests/integration/offset_date_time.rs:1033:9
     |
1033 |         datetime!(2021 - 10 - 25 14:01:53.45 UTC).checked_add(5.nanoseconds()),
     |         ^^^^^^^^
     |
     = note: import resolution is stuck, try simplifying macro imports

error: cannot determine resolution for the macro `datetime`
    --> tests/integration/offset_date_time.rs:1034:14
     |
1034 |         Some(datetime!(2021 - 10 - 25 14:01:53.450_000_005 UTC))
     |              ^^^^^^^^
     |
     = note: import resolution is stuck, try simplifying macro imports

error: cannot determine resolution for the macro `datetime`
    --> tests/integration/offset_date_time.rs:1037:9
     |
1037 |         datetime!(2021 - 10 - 25 14:01:53.45 UTC).checked_add(4.seconds()),
     |         ^^^^^^^^
     |
     = note: import resolution is stuck, try simplifying macro imports

error: cannot determine resolution for the macro `datetime`
    --> tests/integration/offset_date_time.rs:1038:14
     |
1038 |         Some(datetime!(2021 - 10 - 25 14:01:57.45 UTC))
     |              ^^^^^^^^
     |
     = note: import resolution is stuck, try simplifying macro imports

error: cannot determine resolution for the macro `datetime`
    --> tests/integration/offset_date_time.rs:1041:9
     |
1041 |         datetime!(2021 - 10 - 25 14:01:53.45 UTC).checked_add(2.days()),
     |         ^^^^^^^^
     |
     = note: import resolution is stuck, try simplifying macro imports

error: cannot determine resolution for the macro `datetime`
    --> tests/integration/offset_date_time.rs:1042:14
     |
1042 |         Some(datetime!(2021 - 10 - 27 14:01:53.45 UTC))
     |              ^^^^^^^^
     |
     = note: import resolution is stuck, try simplifying macro imports

error: cannot determine resolution for the macro `datetime`
    --> tests/integration/offset_date_time.rs:1045:9
     |
1045 |         datetime!(2021 - 10 - 25 14:01:53.45 UTC).checked_add(1.weeks()),
     |         ^^^^^^^^
     |
     = note: import resolution is stuck, try simplifying macro imports

error: cannot determine resolution for the macro `datetime`
    --> tests/integration/offset_date_time.rs:1046:14
     |
1046 |         Some(datetime!(2021 - 11 - 01 14:01:53.45 UTC))
     |              ^^^^^^^^
     |
     = note: import resolution is stuck, try simplifying macro imports

error: cannot determine resolution for the macro `datetime`
    --> tests/integration/offset_date_time.rs:1049:9
     |
1049 |         datetime!(2021 - 10 - 25 14:01:53.45 UTC).checked_add((-5).nanoseconds()),
     |         ^^^^^^^^
     |
     = note: import resolution is stuck, try simplifying macro imports

error: cannot determine resolution for the macro `datetime`
    --> tests/integration/offset_date_time.rs:1050:14
     |
1050 |         Some(datetime!(2021 - 10 - 25 14:01:53.449_999_995 UTC))
     |              ^^^^^^^^
     |
     = note: import resolution is stuck, try simplifying macro imports

error: cannot determine resolution for the macro `datetime`
    --> tests/integration/offset_date_time.rs:1053:9
     |
1053 |         datetime!(2021 - 10 - 25 14:01:53.45 UTC).checked_add((-4).seconds()),
     |         ^^^^^^^^
     |
     = note: import resolution is stuck, try simplifying macro imports

error: cannot determine resolution for the macro `datetime`
    --> tests/integration/offset_date_time.rs:1054:14
     |
1054 |         Some(datetime!(2021 - 10 - 25 14:01:49.45 UTC))
     |              ^^^^^^^^
     |
     = note: import resolution is stuck, try simplifying macro imports

error: cannot determine resolution for the macro `datetime`
    --> tests/integration/offset_date_time.rs:1057:9
     |
1057 |         datetime!(2021 - 10 - 25 14:01:53.45 UTC).checked_add((-2).days()),
     |         ^^^^^^^^
     |
     = note: import resolution is stuck, try simplifying macro imports

error: cannot determine resolution for the macro `datetime`
    --> tests/integration/offset_date_time.rs:1058:14
     |
1058 |         Some(datetime!(2021 - 10 - 23 14:01:53.45 UTC))
     |              ^^^^^^^^
     |
     = note: import resolution is stuck, try simplifying macro imports

error: cannot determine resolution for the macro `datetime`
    --> tests/integration/offset_date_time.rs:1061:9
     |
1061 |         datetime!(2021 - 10 - 25 14:01:53.45 UTC).checked_add((-1).weeks()),
     |         ^^^^^^^^
     |
     = note: import resolution is stuck, try simplifying macro imports

error: cannot determine resolution for the macro `datetime`
    --> tests/integration/offset_date_time.rs:1062:14
     |
1062 |         Some(datetime!(2021 - 10 - 18 14:01:53.45 UTC))
     |              ^^^^^^^^
     |
     = note: import resolution is stuck, try simplifying macro imports

error: cannot determine resolution for the macro `datetime`
    --> tests/integration/offset_date_time.rs:1067:9
     |
1067 |         datetime!(-999_999 - 01 - 01 0:00 UTC).checked_add((-1).nanoseconds()),
     |         ^^^^^^^^
     |
     = note: import resolution is stuck, try simplifying macro imports

error: cannot determine resolution for the macro `datetime`
    --> tests/integration/offset_date_time.rs:1071:9
     |
1071 |         datetime!(-999_999 - 01 - 01 0:00 UTC).checked_add(Duration::MIN),
     |         ^^^^^^^^
     |
     = note: import resolution is stuck, try simplifying macro imports

error: cannot determine resolution for the macro `datetime`
    --> tests/integration/offset_date_time.rs:1075:9
     |
1075 |         datetime!(-999_990 - 01 - 01 0:00 UTC).checked_add((-530).weeks()),
     |         ^^^^^^^^
     |
     = note: import resolution is stuck, try simplifying macro imports

error: cannot determine resolution for the macro `datetime`
    --> tests/integration/offset_date_time.rs:1081:9
     |
1081 |         datetime!(+999_999 - 12 - 31 23:59:59.999_999_999 UTC).checked_add(1.nanoseconds()),
     |         ^^^^^^^^
     |
     = note: import resolution is stuck, try simplifying macro imports

error: cannot determine resolution for the macro `datetime`
    --> tests/integration/offset_date_time.rs:1085:9
     |
1085 |         datetime!(+999_999 - 12 - 31 23:59:59.999_999_999 UTC).checked_add(Duration::MAX),
     |         ^^^^^^^^
     |
     = note: import resolution is stuck, try simplifying macro imports

error: cannot determine resolution for the macro `datetime`
    --> tests/integration/offset_date_time.rs:1089:9
     |
1089 |         datetime!(+999_990 - 12 - 31 23:59:59.999_999_999 UTC).checked_add(530.weeks()),
     |         ^^^^^^^^
     |
     = note: import resolution is stuck, try simplifying macro imports

error: cannot determine resolution for the macro `datetime`
    --> tests/integration/offset_date_time.rs:1095:9
     |
1095 |         datetime!(+999_999 - 12 - 31 23:59:59.999_999_999 -10:00).checked_add(Duration::ZERO),
     |         ^^^^^^^^
     |
     = note: import resolution is stuck, try simplifying macro imports

error: cannot determine resolution for the macro `datetime`
    --> tests/integration/offset_date_time.rs:1096:14
     |
1096 |         Some(datetime!(+999_999 - 12 - 31 23:59:59.999_999_999 -10:00))
     |              ^^^^^^^^
     |
     = note: import resolution is stuck, try simplifying macro imports

error: cannot determine resolution for the macro `datetime`
    --> tests/integration/offset_date_time.rs:1099:9
     |
1099 |         datetime!(-999_999 - 01 - 01 0:00 +10:00).checked_add(Duration::ZERO),
     |         ^^^^^^^^
     |
     = note: import resolution is stuck, try simplifying macro imports

error: cannot determine resolution for the macro `datetime`
    --> tests/integration/offset_date_time.rs:1100:14
     |
1100 |         Some(datetime!(-999_999 - 01 - 01 0:00 +10:00))
     |              ^^^^^^^^
     |
     = note: import resolution is stuck, try simplifying macro imports

error: cannot determine resolution for the macro `datetime`
    --> tests/integration/offset_date_time.rs:1108:9
     |
1108 |         datetime!(2021 - 10 - 25 14:01:53.45 UTC).checked_sub((-5).nanoseconds()),
     |         ^^^^^^^^
     |
     = note: import resolution is stuck, try simplifying macro imports

error: cannot determine resolution for the macro `datetime`
    --> tests/integration/offset_date_time.rs:1109:14
     |
1109 |         Some(datetime!(2021 - 10 - 25 14:01:53.450_000_005 UTC))
     |              ^^^^^^^^
     |
     = note: import resolution is stuck, try simplifying macro imports

error: cannot determine resolution for the macro `datetime`
    --> tests/integration/offset_date_time.rs:1112:9
     |
1112 |         datetime!(2021 - 10 - 25 14:01:53.45 UTC).checked_sub((-4).seconds()),
     |         ^^^^^^^^
     |
     = note: import resolution is stuck, try simplifying macro imports

error: cannot determine resolution for the macro `datetime`
    --> tests/integration/offset_date_time.rs:1113:14
     |
1113 |         Some(datetime!(2021 - 10 - 25 14:01:57.45 UTC))
     |              ^^^^^^^^
     |
     = note: import resolution is stuck, try simplifying macro imports

error: cannot determine resolution for the macro `datetime`
    --> tests/integration/offset_date_time.rs:1116:9
     |
1116 |         datetime!(2021 - 10 - 25 14:01:53.45 UTC).checked_sub((-2).days()),
     |         ^^^^^^^^
     |
     = note: import resolution is stuck, try simplifying macro imports

error: cannot determine resolution for the macro `datetime`
    --> tests/integration/offset_date_time.rs:1117:14
     |
1117 |         Some(datetime!(2021 - 10 - 27 14:01:53.45 UTC))
     |              ^^^^^^^^
     |
     = note: import resolution is stuck, try simplifying macro imports

error: cannot determine resolution for the macro `datetime`
    --> tests/integration/offset_date_time.rs:1120:9
     |
1120 |         datetime!(2021 - 10 - 25 14:01:53.45 UTC).checked_sub((-1).weeks()),
     |         ^^^^^^^^
     |
     = note: import resolution is stuck, try simplifying macro imports

error: cannot determine resolution for the macro `datetime`
    --> tests/integration/offset_date_time.rs:1121:14
     |
1121 |         Some(datetime!(2021 - 11 - 01 14:01:53.45 UTC))
     |              ^^^^^^^^
     |
     = note: import resolution is stuck, try simplifying macro imports

error: cannot determine resolution for the macro `datetime`
    --> tests/integration/offset_date_time.rs:1124:9
     |
1124 |         datetime!(2021 - 10 - 25 14:01:53.45 UTC).checked_sub(5.nanoseconds()),
     |         ^^^^^^^^
     |
     = note: import resolution is stuck, try simplifying macro imports

error: cannot determine resolution for the macro `datetime`
    --> tests/integration/offset_date_time.rs:1125:14
     |
1125 |         Some(datetime!(2021 - 10 - 25 14:01:53.449_999_995 UTC))
     |              ^^^^^^^^
     |
     = note: import resolution is stuck, try simplifying macro imports

error: cannot determine resolution for the macro `datetime`
    --> tests/integration/offset_date_time.rs:1128:9
     |
1128 |         datetime!(2021 - 10 - 25 14:01:53.45 UTC).checked_sub(4.seconds()),
     |         ^^^^^^^^
     |
     = note: import resolution is stuck, try simplifying macro imports

error: cannot determine resolution for the macro `datetime`
    --> tests/integration/offset_date_time.rs:1129:14
     |
1129 |         Some(datetime!(2021 - 10 - 25 14:01:49.45 UTC))
     |              ^^^^^^^^
     |
     = note: import resolution is stuck, try simplifying macro imports

error: cannot determine resolution for the macro `datetime`
    --> tests/integration/offset_date_time.rs:1132:9
     |
1132 |         datetime!(2021 - 10 - 25 14:01:53.45 UTC).checked_sub(2.days()),
     |         ^^^^^^^^
     |
     = note: import resolution is stuck, try simplifying macro imports

error: cannot determine resolution for the macro `datetime`
    --> tests/integration/offset_date_time.rs:1133:14
     |
1133 |         Some(datetime!(2021 - 10 - 23 14:01:53.45 UTC))
     |              ^^^^^^^^
     |
     = note: import resolution is stuck, try simplifying macro imports

error: cannot determine resolution for the macro `datetime`
    --> tests/integration/offset_date_time.rs:1136:9
     |
1136 |         datetime!(2021 - 10 - 25 14:01:53.45 UTC).checked_sub(1.weeks()),
     |         ^^^^^^^^
     |
     = note: import resolution is stuck, try simplifying macro imports

error: cannot determine resolution for the macro `datetime`
    --> tests/integration/offset_date_time.rs:1137:14
     |
1137 |         Some(datetime!(2021 - 10 - 18 14:01:53.45 UTC))
     |              ^^^^^^^^
     |
     = note: import resolution is stuck, try simplifying macro imports

error: cannot determine resolution for the macro `datetime`
    --> tests/integration/offset_date_time.rs:1142:9
     |
1142 |         datetime!(-999_999 - 01 - 01 0:00 UTC).checked_sub(1.nanoseconds()),
     |         ^^^^^^^^
     |
     = note: import resolution is stuck, try simplifying macro imports

error: cannot determine resolution for the macro `datetime`
    --> tests/integration/offset_date_time.rs:1146:9
     |
1146 |         datetime!(-999_999 - 01 - 01 0:00 UTC).checked_sub(Duration::MAX),
     |         ^^^^^^^^
     |
     = note: import resolution is stuck, try simplifying macro imports

error: cannot determine resolution for the macro `datetime`
    --> tests/integration/offset_date_time.rs:1150:9
     |
1150 |         datetime!(-999_990 - 01 - 01 0:00 UTC).checked_sub(530.weeks()),
     |         ^^^^^^^^
     |
     = note: import resolution is stuck, try simplifying macro imports

error: cannot determine resolution for the macro `datetime`
    --> tests/integration/offset_date_time.rs:1156:9
     |
1156 |         datetime!(+999_999 - 12 - 31 23:59:59.999_999_999 UTC).checked_sub((-1).nanoseconds()),
     |         ^^^^^^^^
     |
     = note: import resolution is stuck, try simplifying macro imports

error: cannot determine resolution for the macro `datetime`
    --> tests/integration/offset_date_time.rs:1160:9
     |
1160 |         datetime!(+999_999 - 12 - 31 23:59:59.999_999_999 UTC).checked_sub(Duration::MIN),
     |         ^^^^^^^^
     |
     = note: import resolution is stuck, try simplifying macro imports

error: cannot determine resolution for the macro `datetime`
    --> tests/integration/offset_date_time.rs:1164:9
     |
1164 |         datetime!(+999_990 - 12 - 31 23:59:59.999_999_999 UTC).checked_sub((-530).weeks()),
     |         ^^^^^^^^
     |
     = note: import resolution is stuck, try simplifying macro imports

error: cannot determine resolution for the macro `datetime`
    --> tests/integration/offset_date_time.rs:1170:9
     |
1170 |         datetime!(+999_999 - 12 - 31 23:59:59.999_999_999 -10).checked_sub(Duration::ZERO),
     |         ^^^^^^^^
     |
     = note: import resolution is stuck, try simplifying macro imports

error: cannot determine resolution for the macro `datetime`
    --> tests/integration/offset_date_time.rs:1171:14
     |
1171 |         Some(datetime!(+999_999 - 12 - 31 23:59:59.999_999_999 -10))
     |              ^^^^^^^^
     |
     = note: import resolution is stuck, try simplifying macro imports

error: cannot determine resolution for the macro `datetime`
    --> tests/integration/offset_date_time.rs:1174:9
     |
1174 |         datetime!(-999_999 - 01 - 01 0:00 +10).checked_sub(Duration::ZERO),
     |         ^^^^^^^^
     |
     = note: import resolution is stuck, try simplifying macro imports

error: cannot determine resolution for the macro `datetime`
    --> tests/integration/offset_date_time.rs:1175:14
     |
1175 |         Some(datetime!(-999_999 - 01 - 01 0:00 +10))
     |              ^^^^^^^^
     |
     = note: import resolution is stuck, try simplifying macro imports

error: cannot determine resolution for the macro `datetime`
    --> tests/integration/offset_date_time.rs:1182:9
     |
1182 |         datetime!(2021 - 11 - 12 17:47 +10).saturating_add(2.days()),
     |         ^^^^^^^^
     |
     = note: import resolution is stuck, try simplifying macro imports

error: cannot determine resolution for the macro `datetime`
    --> tests/integration/offset_date_time.rs:1183:9
     |
1183 |         datetime!(2021 - 11 - 14 17:47 +10)
     |         ^^^^^^^^
     |
     = note: import resolution is stuck, try simplifying macro imports

error: cannot determine resolution for the macro `datetime`
    --> tests/integration/offset_date_time.rs:1186:9
     |
1186 |         datetime!(2021 - 11 - 12 17:47 +10).saturating_add((-2).days()),
     |         ^^^^^^^^
     |
     = note: import resolution is stuck, try simplifying macro imports

error: cannot determine resolution for the macro `datetime`
    --> tests/integration/offset_date_time.rs:1187:9
     |
1187 |         datetime!(2021 - 11 - 10 17:47 +10)
     |         ^^^^^^^^
     |
     = note: import resolution is stuck, try simplifying macro imports

error: cannot determine resolution for the macro `datetime`
    --> tests/integration/offset_date_time.rs:1192:9
     |
1192 |         datetime!(-999999 - 01 - 01 0:00 +10).saturating_add((-10).days()),
     |         ^^^^^^^^
     |
     = note: import resolution is stuck, try simplifying macro imports

error: cannot determine resolution for the macro `datetime`
    --> tests/integration/offset_date_time.rs:1193:9
     |
1193 |         datetime!(-999999 - 01 - 01 0:00 +10)
     |         ^^^^^^^^
     |
     = note: import resolution is stuck, try simplifying macro imports

error: cannot determine resolution for the macro `datetime`
    --> tests/integration/offset_date_time.rs:1198:9
     |
1198 |         datetime!(+999999 - 12 - 31 23:59:59.999_999_999 +10).saturating_add(10.days()),
     |         ^^^^^^^^
     |
     = note: import resolution is stuck, try simplifying macro imports

error: cannot determine resolution for the macro `datetime`
    --> tests/integration/offset_date_time.rs:1199:9
     |
1199 |         datetime!(+999999 - 12 - 31 23:59:59.999_999_999 +10)
     |         ^^^^^^^^
     |
     = note: import resolution is stuck, try simplifying macro imports

error: cannot determine resolution for the macro `datetime`
    --> tests/integration/offset_date_time.rs:1204:9
     |
1204 |         datetime!(-999999 - 01 - 01 0:00 +10).saturating_add(Duration::ZERO),
     |         ^^^^^^^^
     |
     = note: import resolution is stuck, try simplifying macro imports

error: cannot determine resolution for the macro `datetime`
    --> tests/integration/offset_date_time.rs:1205:9
     |
1205 |         datetime!(-999999 - 01 - 01 0:00 +10)
     |         ^^^^^^^^
     |
     = note: import resolution is stuck, try simplifying macro imports

error: cannot determine resolution for the macro `datetime`
    --> tests/integration/offset_date_time.rs:1208:9
     |
1208 |         datetime!(+999999 - 12 - 31 23:59:59.999_999_999 +10).saturating_add(Duration::ZERO),
     |         ^^^^^^^^
     |
     = note: import resolution is stuck, try simplifying macro imports

error: cannot determine resolution for the macro `datetime`
    --> tests/integration/offset_date_time.rs:1209:9
     |
1209 |         datetime!(+999999 - 12 - 31 23:59:59.999_999_999 +10)
     |         ^^^^^^^^
     |
     = note: import resolution is stuck, try simplifying macro imports

error: cannot determine resolution for the macro `datetime`
    --> tests/integration/offset_date_time.rs:1216:9
     |
1216 |         datetime!(2021 - 11 - 12 17:47 +10).saturating_sub(2.days()),
     |         ^^^^^^^^
     |
     = note: import resolution is stuck, try simplifying macro imports

error: cannot determine resolution for the macro `datetime`
    --> tests/integration/offset_date_time.rs:1217:9
     |
1217 |         datetime!(2021 - 11 - 10 17:47 +10)
     |         ^^^^^^^^
     |
     = note: import resolution is stuck, try simplifying macro imports

error: cannot determine resolution for the macro `datetime`
    --> tests/integration/offset_date_time.rs:1220:9
     |
1220 |         datetime!(2021 - 11 - 12 17:47 +10).saturating_sub((-2).days()),
     |         ^^^^^^^^
     |
     = note: import resolution is stuck, try simplifying macro imports

error: cannot determine resolution for the macro `datetime`
    --> tests/integration/offset_date_time.rs:1221:9
     |
1221 |         datetime!(2021 - 11 - 14 17:47 +10)
     |         ^^^^^^^^
     |
     = note: import resolution is stuck, try simplifying macro imports

error: cannot determine resolution for the macro `datetime`
    --> tests/integration/offset_date_time.rs:1226:9
     |
1226 |         datetime!(-999999 - 01 - 01 0:00 +10).saturating_sub(10.days()),
     |         ^^^^^^^^
     |
     = note: import resolution is stuck, try simplifying macro imports

error: cannot determine resolution for the macro `datetime`
    --> tests/integration/offset_date_time.rs:1227:9
     |
1227 |         datetime!(-999999 - 01 - 01 0:00 +10)
     |         ^^^^^^^^
     |
     = note: import resolution is stuck, try simplifying macro imports

error: cannot determine resolution for the macro `datetime`
    --> tests/integration/offset_date_time.rs:1232:9
     |
1232 |         datetime!(+999999 - 12 - 31 23:59:59.999_999_999 +10).saturating_sub((-10).days()),
     |         ^^^^^^^^
     |
     = note: import resolution is stuck, try simplifying macro imports

error: cannot determine resolution for the macro `datetime`
    --> tests/integration/offset_date_time.rs:1233:9
     |
1233 |         datetime!(+999999 - 12 - 31 23:59:59.999_999_999 +10)
     |         ^^^^^^^^
     |
     = note: import resolution is stuck, try simplifying macro imports

error: cannot determine resolution for the macro `datetime`
    --> tests/integration/offset_date_time.rs:1238:9
     |
1238 |         datetime!(-999999 - 01 - 01 0:00 +10).saturating_sub(Duration::ZERO),
     |         ^^^^^^^^
     |
     = note: import resolution is stuck, try simplifying macro imports

error: cannot determine resolution for the macro `datetime`
    --> tests/integration/offset_date_time.rs:1239:9
     |
1239 |         datetime!(-999999 - 01 - 01 0:00 +10)
     |         ^^^^^^^^
     |
     = note: import resolution is stuck, try simplifying macro imports

error: cannot determine resolution for the macro `datetime`
    --> tests/integration/offset_date_time.rs:1242:9
     |
1242 |         datetime!(+999999 - 12 - 31 23:59:59.999_999_999 +10).saturating_sub(Duration::ZERO),
     |         ^^^^^^^^
     |
     = note: import resolution is stuck, try simplifying macro imports

error: cannot determine resolution for the macro `datetime`
    --> tests/integration/offset_date_time.rs:1243:9
     |
1243 |         datetime!(+999999 - 12 - 31 23:59:59.999_999_999 +10)
     |         ^^^^^^^^
     |
     = note: import resolution is stuck, try simplifying macro imports

error: cannot determine resolution for the macro `datetime`
  --> tests/integration/parsing.rs:31:9
   |
31 |         datetime!(2021-01-02 03:04:05 UTC),
   |         ^^^^^^^^
   |
   = note: import resolution is stuck, try simplifying macro imports

error: cannot determine resolution for the macro `datetime`
  --> tests/integration/parsing.rs:35:9
   |
35 |         datetime!(2021-01-02 03:04:05 UTC),
   |         ^^^^^^^^
   |
   = note: import resolution is stuck, try simplifying macro imports

error: cannot determine resolution for the macro `datetime`
  --> tests/integration/parsing.rs:39:9
   |
39 |         datetime!(2021-01-02 03:04:05 UTC),
   |         ^^^^^^^^
   |
   = note: import resolution is stuck, try simplifying macro imports

error: cannot determine resolution for the macro `datetime`
  --> tests/integration/parsing.rs:43:9
   |
43 |         datetime!(2021-01-02 03:04:05 +06:07),
   |         ^^^^^^^^
   |
   = note: import resolution is stuck, try simplifying macro imports

error: cannot determine resolution for the macro `datetime`
  --> tests/integration/parsing.rs:47:9
   |
47 |         datetime!(2021-01-02 03:04:05 -06:07),
   |         ^^^^^^^^
   |
   = note: import resolution is stuck, try simplifying macro imports

error: cannot determine resolution for the macro `datetime`
  --> tests/integration/parsing.rs:51:9
   |
51 |         datetime!(2021-12-31 23:59:59.999_999_999 UTC),
   |         ^^^^^^^^
   |
   = note: import resolution is stuck, try simplifying macro imports

error: cannot determine resolution for the macro `datetime`
  --> tests/integration/parsing.rs:55:9
   |
55 |         datetime!(2021-12-31 23:59:59.999_999_999 UTC),
   |         ^^^^^^^^
   |
   = note: import resolution is stuck, try simplifying macro imports

error: cannot determine resolution for the macro `datetime`
  --> tests/integration/parsing.rs:59:9
   |
59 |         datetime!(2021-12-31 23:59:59.999_999_999 UTC),
   |         ^^^^^^^^
   |
   = note: import resolution is stuck, try simplifying macro imports

error: cannot determine resolution for the macro `datetime`
  --> tests/integration/parsing.rs:63:9
   |
63 |         datetime!(2021-12-31 23:59:59.999_999_999 UTC),
   |         ^^^^^^^^
   |
   = note: import resolution is stuck, try simplifying macro imports

error: cannot determine resolution for the macro `datetime`
  --> tests/integration/parsing.rs:67:9
   |
67 |         datetime!(2021-12-31 17:52:59.999_999_999 -06:07),
   |         ^^^^^^^^
   |
   = note: import resolution is stuck, try simplifying macro imports

error: cannot determine resolution for the macro `datetime`
  --> tests/integration/parsing.rs:71:9
   |
71 |         datetime!(2022-01-01 06:06:59.999_999_999 +06:07),
   |         ^^^^^^^^
   |
   = note: import resolution is stuck, try simplifying macro imports

error: cannot determine resolution for the macro `date`
  --> tests/integration/parsing.rs:76:9
   |
76 |         date!(2021 - 01 - 02)
   |         ^^^^
   |
   = note: import resolution is stuck, try simplifying macro imports

error: cannot determine resolution for the macro `date`
  --> tests/integration/parsing.rs:80:9
   |
80 |         date!(2021 - 01 - 02)
   |         ^^^^
   |
   = note: import resolution is stuck, try simplifying macro imports

error: cannot determine resolution for the macro `date`
  --> tests/integration/parsing.rs:84:9
   |
84 |         date!(2021 - 01 - 02)
   |         ^^^^
   |
   = note: import resolution is stuck, try simplifying macro imports

error: cannot determine resolution for the macro `date`
  --> tests/integration/parsing.rs:88:9
   |
88 |         date!(2021 - 01 - 02)
   |         ^^^^
   |
   = note: import resolution is stuck, try simplifying macro imports

error: cannot determine resolution for the macro `date`
  --> tests/integration/parsing.rs:92:9
   |
92 |         date!(1971 - 01 - 02)
   |         ^^^^
   |
   = note: import resolution is stuck, try simplifying macro imports

error: cannot determine resolution for the macro `datetime`
  --> tests/integration/parsing.rs:97:9
   |
97 |         datetime!(2021 - 01 - 02 03:04:05 UTC),
   |         ^^^^^^^^
   |
   = note: import resolution is stuck, try simplifying macro imports

error: cannot determine resolution for the macro `time`
   --> tests/integration/parsing.rs:110:9
    |
110 |         time!(03:04:05)
    |         ^^^^
    |
    = note: import resolution is stuck, try simplifying macro imports

error: cannot determine resolution for the macro `datetime`
   --> tests/integration/parsing.rs:236:9
    |
236 |         datetime!(2021-01-02 03:04:05 UTC),
    |         ^^^^^^^^
    |
    = note: import resolution is stuck, try simplifying macro imports

error: cannot determine resolution for the macro `datetime`
   --> tests/integration/parsing.rs:240:9
    |
240 |         datetime!(2021-12-31 23:59:59.999_999_999 UTC),
    |         ^^^^^^^^
    |
    = note: import resolution is stuck, try simplifying macro imports

error: cannot determine resolution for the macro `datetime`
   --> tests/integration/parsing.rs:244:9
    |
244 |         datetime!(2015-06-30 23:59:59.999_999_999 UTC),
    |         ^^^^^^^^
    |
    = note: import resolution is stuck, try simplifying macro imports

error: cannot determine resolution for the macro `datetime`
   --> tests/integration/parsing.rs:248:9
    |
248 |         datetime!(2021-01-02 03:04:05.1 UTC),
    |         ^^^^^^^^
    |
    = note: import resolution is stuck, try simplifying macro imports

error: cannot determine resolution for the macro `datetime`
   --> tests/integration/parsing.rs:252:9
    |
252 |         datetime!(2021-01-02 03:04:05.12 UTC),
    |         ^^^^^^^^
    |
    = note: import resolution is stuck, try simplifying macro imports

error: cannot determine resolution for the macro `datetime`
   --> tests/integration/parsing.rs:256:9
    |
256 |         datetime!(2021-01-02 03:04:05.123 UTC),
    |         ^^^^^^^^
    |
    = note: import resolution is stuck, try simplifying macro imports

error: cannot determine resolution for the macro `datetime`
   --> tests/integration/parsing.rs:260:9
    |
260 |         datetime!(2021-01-02 03:04:05.123_4 UTC),
    |         ^^^^^^^^
    |
    = note: import resolution is stuck, try simplifying macro imports

error: cannot determine resolution for the macro `datetime`
   --> tests/integration/parsing.rs:264:9
    |
264 |         datetime!(2021-01-02 03:04:05.123_45 UTC),
    |         ^^^^^^^^
    |
    = note: import resolution is stuck, try simplifying macro imports

error: cannot determine resolution for the macro `datetime`
   --> tests/integration/parsing.rs:268:9
    |
268 |         datetime!(2021-01-02 03:04:05.123_456 UTC),
    |         ^^^^^^^^
    |
    = note: import resolution is stuck, try simplifying macro imports

error: cannot determine resolution for the macro `datetime`
   --> tests/integration/parsing.rs:272:9
    |
272 |         datetime!(2021-01-02 03:04:05.123_456_7 UTC),
    |         ^^^^^^^^
    |
    = note: import resolution is stuck, try simplifying macro imports

error: cannot determine resolution for the macro `datetime`
   --> tests/integration/parsing.rs:276:9
    |
276 |         datetime!(2021-01-02 03:04:05.123_456_78 UTC),
    |         ^^^^^^^^
    |
    = note: import resolution is stuck, try simplifying macro imports

error: cannot determine resolution for the macro `datetime`
   --> tests/integration/parsing.rs:280:9
    |
280 |         datetime!(2021-01-02 03:04:05.123_456_789 UTC),
    |         ^^^^^^^^
    |
    = note: import resolution is stuck, try simplifying macro imports

error: cannot determine resolution for the macro `datetime`
   --> tests/integration/parsing.rs:284:9
    |
284 |         datetime!(2021-01-02 03:04:05.123_456_789 -01:02),
    |         ^^^^^^^^
    |
    = note: import resolution is stuck, try simplifying macro imports

error: cannot determine resolution for the macro `datetime`
   --> tests/integration/parsing.rs:288:9
    |
288 |         datetime!(2021-01-02 03:04:05.123_456_789 +01:02),
    |         ^^^^^^^^
    |
    = note: import resolution is stuck, try simplifying macro imports

error: cannot determine resolution for the macro `datetime`
   --> tests/integration/parsing.rs:292:9
    |
292 |         datetime!(2021-01-02 03:04:05.123 -00:01),
    |         ^^^^^^^^
    |
    = note: import resolution is stuck, try simplifying macro imports

error: cannot determine resolution for the macro `date`
   --> tests/integration/parsing.rs:297:9
    |
297 |         date!(2021 - 01 - 02),
    |         ^^^^
    |
    = note: import resolution is stuck, try simplifying macro imports

error: cannot determine resolution for the macro `date`
   --> tests/integration/parsing.rs:301:9
    |
301 |         date!(2021 - 01 - 02),
    |         ^^^^
    |
    = note: import resolution is stuck, try simplifying macro imports

error: cannot determine resolution for the macro `date`
   --> tests/integration/parsing.rs:305:9
    |
305 |         date!(2021 - 01 - 02),
    |         ^^^^
    |
    = note: import resolution is stuck, try simplifying macro imports

error: cannot determine resolution for the macro `offset`
   --> tests/integration/parsing.rs:310:9
    |
310 |         offset!(UTC),
    |         ^^^^^^
    |
    = note: import resolution is stuck, try simplifying macro imports

error: cannot determine resolution for the macro `offset`
   --> tests/integration/parsing.rs:314:9
    |
314 |         offset!(+01:02),
    |         ^^^^^^
    |
    = note: import resolution is stuck, try simplifying macro imports

error: cannot determine resolution for the macro `offset`
   --> tests/integration/parsing.rs:318:9
    |
318 |         offset!(-01:02),
    |         ^^^^^^
    |
    = note: import resolution is stuck, try simplifying macro imports

error: cannot determine resolution for the macro `offset`
   --> tests/integration/parsing.rs:322:9
    |
322 |         offset!(-00:01),
    |         ^^^^^^
    |
    = note: import resolution is stuck, try simplifying macro imports

error: cannot determine resolution for the macro `datetime`
   --> tests/integration/parsing.rs:524:12
    |
524 |         Ok(datetime!(2021-01-02 03:04:05 UTC))
    |            ^^^^^^^^
    |
    = note: import resolution is stuck, try simplifying macro imports

error: cannot determine resolution for the macro `datetime`
   --> tests/integration/parsing.rs:528:12
    |
528 |         Ok(datetime!(2021-002 03:04:05 UTC))
    |            ^^^^^^^^
    |
    = note: import resolution is stuck, try simplifying macro imports

error: cannot determine resolution for the macro `datetime`
   --> tests/integration/parsing.rs:532:12
    |
532 |         Ok(datetime!(2021-W 01-2 03:04:05 UTC))
    |            ^^^^^^^^
    |
    = note: import resolution is stuck, try simplifying macro imports

error: cannot determine resolution for the macro `datetime`
   --> tests/integration/parsing.rs:536:12
    |
536 |         Ok(datetime!(-002021-01-02 03:04:05 +01:00))
    |            ^^^^^^^^
    |
    = note: import resolution is stuck, try simplifying macro imports

error: cannot determine resolution for the macro `datetime`
   --> tests/integration/parsing.rs:540:12
    |
540 |         Ok(datetime!(2021-01-02 03:06:00 UTC))
    |            ^^^^^^^^
    |
    = note: import resolution is stuck, try simplifying macro imports

error: cannot determine resolution for the macro `datetime`
   --> tests/integration/parsing.rs:544:12
    |
544 |         Ok(datetime!(2021-002 03:04:06 UTC))
    |            ^^^^^^^^
    |
    = note: import resolution is stuck, try simplifying macro imports

error: cannot determine resolution for the macro `datetime`
   --> tests/integration/parsing.rs:548:12
    |
548 |         Ok(datetime!(2021-W 01-2 03:04:05.1 -01:00))
    |            ^^^^^^^^
    |
    = note: import resolution is stuck, try simplifying macro imports

error: cannot determine resolution for the macro `datetime`
   --> tests/integration/parsing.rs:552:12
    |
552 |         Ok(datetime!(2021-01-02 03:00:00 UTC))
    |            ^^^^^^^^
    |
    = note: import resolution is stuck, try simplifying macro imports

error: cannot determine resolution for the macro `datetime`
   --> tests/integration/parsing.rs:556:12
    |
556 |         Ok(datetime!(2021-01-02 03:04:00 UTC))
    |            ^^^^^^^^
    |
    = note: import resolution is stuck, try simplifying macro imports

error: cannot determine resolution for the macro `offset`
   --> tests/integration/parsing.rs:560:12
    |
560 |         Ok(offset!(+03:04))
    |            ^^^^^^
    |
    = note: import resolution is stuck, try simplifying macro imports

error: cannot determine resolution for the macro `datetime`
   --> tests/integration/parsing.rs:564:12
    |
564 |         Ok(datetime!(2022-07-22 12:52:50.349409000))
    |            ^^^^^^^^
    |
    = note: import resolution is stuck, try simplifying macro imports

error: cannot determine resolution for the macro `time`
   --> tests/integration/parsing.rs:621:58
    |
621 |         (fd::parse("[hour repr:12] [period]")?, "01 PM", time!(1 PM)),
    |                                                          ^^^^
    |
    = note: import resolution is stuck, try simplifying macro imports

error: cannot determine resolution for the macro `time`
   --> tests/integration/parsing.rs:625:13
    |
625 |             time!(13:02:03),
    |             ^^^^
    |
    = note: import resolution is stuck, try simplifying macro imports

error: cannot determine resolution for the macro `time`
   --> tests/integration/parsing.rs:630:13
    |
630 |             time!(1:02 PM),
    |             ^^^^
    |
    = note: import resolution is stuck, try simplifying macro imports

error: cannot determine resolution for the macro `time`
   --> tests/integration/parsing.rs:632:50
    |
632 |         (fd::parse("[hour]:[minute]")?, "01:02", time!(1:02)),
    |                                                  ^^^^
    |
    = note: import resolution is stuck, try simplifying macro imports

error: cannot determine resolution for the macro `time`
   --> tests/integration/parsing.rs:636:13
    |
636 |             time!(1:02 AM),
    |             ^^^^
    |
    = note: import resolution is stuck, try simplifying macro imports

error: cannot determine resolution for the macro `time`
   --> tests/integration/parsing.rs:638:50
    |
638 |         (fd::parse("[hour]:[minute]")?, "01:02", time!(1:02)),
    |                                                  ^^^^
    |
    = note: import resolution is stuck, try simplifying macro imports

error: cannot determine resolution for the macro `time`
   --> tests/integration/parsing.rs:639:58
    |
639 |         (fd::parse("[hour repr:12] [period]")?, "12 AM", time!(12 AM)),
    |                                                          ^^^^
    |
    = note: import resolution is stuck, try simplifying macro imports

error: cannot determine resolution for the macro `time`
   --> tests/integration/parsing.rs:640:58
    |
640 |         (fd::parse("[hour repr:12] [period]")?, "12 PM", time!(12 PM)),
    |                                                          ^^^^
    |
    = note: import resolution is stuck, try simplifying macro imports

error: cannot determine resolution for the macro `date`
   --> tests/integration/parsing.rs:742:13
    |
742 |             date!(2021 - 01 - 02),
    |             ^^^^
    |
    = note: import resolution is stuck, try simplifying macro imports

error: cannot determine resolution for the macro `date`
   --> tests/integration/parsing.rs:747:13
    |
747 |             date!(2021 - 002),
    |             ^^^^
    |
    = note: import resolution is stuck, try simplifying macro imports

error: cannot determine resolution for the macro `date`
   --> tests/integration/parsing.rs:752:13
    |
752 |             date!(2021 - 01 - 02),
    |             ^^^^
    |
    = note: import resolution is stuck, try simplifying macro imports

error: cannot determine resolution for the macro `date`
   --> tests/integration/parsing.rs:757:13
    |
757 |             date!(2021 - 01 - 02),
    |             ^^^^
    |
    = note: import resolution is stuck, try simplifying macro imports

error: cannot determine resolution for the macro `date`
   --> tests/integration/parsing.rs:762:13
    |
762 |             date!(2021 - 01 - 02),
    |             ^^^^
    |
    = note: import resolution is stuck, try simplifying macro imports

error: cannot determine resolution for the macro `date`
   --> tests/integration/parsing.rs:767:13
    |
767 |             date!(2023 - 01 - 02),
    |             ^^^^
    |
    = note: import resolution is stuck, try simplifying macro imports

error: cannot determine resolution for the macro `date`
   --> tests/integration/parsing.rs:772:13
    |
772 |             date!(2022 - 01 - 02),
    |             ^^^^
    |
    = note: import resolution is stuck, try simplifying macro imports

error: cannot determine resolution for the macro `date`
   --> tests/integration/parsing.rs:777:13
    |
777 |             date!(2026 - 01 - 02),
    |             ^^^^
    |
    = note: import resolution is stuck, try simplifying macro imports

error: cannot determine resolution for the macro `date`
   --> tests/integration/parsing.rs:782:13
    |
782 |             date!(2025 - 01 - 02),
    |             ^^^^
    |
    = note: import resolution is stuck, try simplifying macro imports

error: cannot determine resolution for the macro `date`
   --> tests/integration/parsing.rs:787:13
    |
787 |             date!(2019 - 01 - 02),
    |             ^^^^
    |
    = note: import resolution is stuck, try simplifying macro imports

error: cannot determine resolution for the macro `date`
   --> tests/integration/parsing.rs:792:13
    |
792 |             date!(2018 - 01 - 02),
    |             ^^^^
    |
    = note: import resolution is stuck, try simplifying macro imports

error: cannot determine resolution for the macro `date`
   --> tests/integration/parsing.rs:800:13
    |
800 |             date!(2018 - 01 - 02),
    |             ^^^^
    |
    = note: import resolution is stuck, try simplifying macro imports

error: cannot determine resolution for the macro `date`
  --> tests/integration/primitive_date_time.rs:10:32
   |
10 |         PrimitiveDateTime::new(date!(2019 - 01 - 01), time!(0:00)),
   |                                ^^^^
   |
   = note: import resolution is stuck, try simplifying macro imports

error: cannot determine resolution for the macro `time`
  --> tests/integration/primitive_date_time.rs:10:55
   |
10 |         PrimitiveDateTime::new(date!(2019 - 01 - 01), time!(0:00)),
   |                                                       ^^^^
   |
   = note: import resolution is stuck, try simplifying macro imports

error: cannot determine resolution for the macro `datetime`
  --> tests/integration/primitive_date_time.rs:11:9
   |
11 |         datetime!(2019-01-01 0:00),
   |         ^^^^^^^^
   |
   = note: import resolution is stuck, try simplifying macro imports

error: cannot determine resolution for the macro `datetime`
  --> tests/integration/primitive_date_time.rs:17:16
   |
17 |     assert_eq!(datetime!(2019-01-01 0:00).date(), date!(2019 - 01 - 01));
   |                ^^^^^^^^
   |
   = note: import resolution is stuck, try simplifying macro imports

error: cannot determine resolution for the macro `date`
  --> tests/integration/primitive_date_time.rs:17:51
   |
17 |     assert_eq!(datetime!(2019-01-01 0:00).date(), date!(2019 - 01 - 01));
   |                                                   ^^^^
   |
   = note: import resolution is stuck, try simplifying macro imports

error: cannot determine resolution for the macro `datetime`
  --> tests/integration/primitive_date_time.rs:22:16
   |
22 |     assert_eq!(datetime!(2019-01-01 0:00).time(), time!(0:00));
   |                ^^^^^^^^
   |
   = note: import resolution is stuck, try simplifying macro imports

error: cannot determine resolution for the macro `time`
  --> tests/integration/primitive_date_time.rs:22:51
   |
22 |     assert_eq!(datetime!(2019-01-01 0:00).time(), time!(0:00));
   |                                                   ^^^^
   |
   = note: import resolution is stuck, try simplifying macro imports

error: cannot determine resolution for the macro `datetime`
  --> tests/integration/primitive_date_time.rs:27:16
   |
27 |     assert_eq!(datetime!(2019-01-01 0:00).year(), 2019);
   |                ^^^^^^^^
   |
   = note: import resolution is stuck, try simplifying macro imports

error: cannot determine resolution for the macro `datetime`
  --> tests/integration/primitive_date_time.rs:28:16
   |
28 |     assert_eq!(datetime!(2019-12-31 0:00).year(), 2019);
   |                ^^^^^^^^
   |
   = note: import resolution is stuck, try simplifying macro imports

error: cannot determine resolution for the macro `datetime`
  --> tests/integration/primitive_date_time.rs:29:16
   |
29 |     assert_eq!(datetime!(2020-01-01 0:00).year(), 2020);
   |                ^^^^^^^^
   |
   = note: import resolution is stuck, try simplifying macro imports

error: cannot determine resolution for the macro `datetime`
  --> tests/integration/primitive_date_time.rs:34:16
   |
34 |     assert_eq!(datetime!(2019-01-01 0:00).month(), Month::January);
   |                ^^^^^^^^
   |
   = note: import resolution is stuck, try simplifying macro imports

error: cannot determine resolution for the macro `datetime`
  --> tests/integration/primitive_date_time.rs:35:16
   |
35 |     assert_eq!(datetime!(2019-12-31 0:00).month(), Month::December);
   |                ^^^^^^^^
   |
   = note: import resolution is stuck, try simplifying macro imports

error: cannot determine resolution for the macro `datetime`
  --> tests/integration/primitive_date_time.rs:40:16
   |
40 |     assert_eq!(datetime!(2019-01-01 0:00).day(), 1);
   |                ^^^^^^^^
   |
   = note: import resolution is stuck, try simplifying macro imports

error: cannot determine resolution for the macro `datetime`
  --> tests/integration/primitive_date_time.rs:41:16
   |
41 |     assert_eq!(datetime!(2019-12-31 0:00).day(), 31);
   |                ^^^^^^^^
   |
   = note: import resolution is stuck, try simplifying macro imports

error: cannot determine resolution for the macro `datetime`
  --> tests/integration/primitive_date_time.rs:46:16
   |
46 |     assert_eq!(datetime!(2019-01-01 0:00).ordinal(), 1);
   |                ^^^^^^^^
   |
   = note: import resolution is stuck, try simplifying macro imports

error: cannot determine resolution for the macro `datetime`
  --> tests/integration/primitive_date_time.rs:47:16
   |
47 |     assert_eq!(datetime!(2019-12-31 0:00).ordinal(), 365);
   |                ^^^^^^^^
   |
   = note: import resolution is stuck, try simplifying macro imports

error: cannot determine resolution for the macro `datetime`
  --> tests/integration/primitive_date_time.rs:52:16
   |
52 |     assert_eq!(datetime!(2019-01-01 0:00).iso_week(), 1);
   |                ^^^^^^^^
   |
   = note: import resolution is stuck, try simplifying macro imports

error: cannot determine resolution for the macro `datetime`
  --> tests/integration/primitive_date_time.rs:53:16
   |
53 |     assert_eq!(datetime!(2019-10-04 0:00).iso_week(), 40);
   |                ^^^^^^^^
   |
   = note: import resolution is stuck, try simplifying macro imports

error: cannot determine resolution for the macro `datetime`
  --> tests/integration/primitive_date_time.rs:54:16
   |
54 |     assert_eq!(datetime!(2020-01-01 0:00).iso_week(), 1);
   |                ^^^^^^^^
   |
   = note: import resolution is stuck, try simplifying macro imports

error: cannot determine resolution for the macro `datetime`
  --> tests/integration/primitive_date_time.rs:55:16
   |
55 |     assert_eq!(datetime!(2020-12-31 0:00).iso_week(), 53);
   |                ^^^^^^^^
   |
   = note: import resolution is stuck, try simplifying macro imports

error: cannot determine resolution for the macro `datetime`
  --> tests/integration/primitive_date_time.rs:56:16
   |
56 |     assert_eq!(datetime!(2021-01-01 0:00).iso_week(), 53);
   |                ^^^^^^^^
   |
   = note: import resolution is stuck, try simplifying macro imports

error: cannot determine resolution for the macro `datetime`
  --> tests/integration/primitive_date_time.rs:61:16
   |
61 |     assert_eq!(datetime!(2019-01-01 0:00).sunday_based_week(), 0);
   |                ^^^^^^^^
   |
   = note: import resolution is stuck, try simplifying macro imports

error: cannot determine resolution for the macro `datetime`
  --> tests/integration/primitive_date_time.rs:62:16
   |
62 |     assert_eq!(datetime!(2020-01-01 0:00).sunday_based_week(), 0);
   |                ^^^^^^^^
   |
   = note: import resolution is stuck, try simplifying macro imports

error: cannot determine resolution for the macro `datetime`
  --> tests/integration/primitive_date_time.rs:63:16
   |
63 |     assert_eq!(datetime!(2020-12-31 0:00).sunday_based_week(), 52);
   |                ^^^^^^^^
   |
   = note: import resolution is stuck, try simplifying macro imports

error: cannot determine resolution for the macro `datetime`
  --> tests/integration/primitive_date_time.rs:64:16
   |
64 |     assert_eq!(datetime!(2021-01-01 0:00).sunday_based_week(), 0);
   |                ^^^^^^^^
   |
   = note: import resolution is stuck, try simplifying macro imports

error: cannot determine resolution for the macro `datetime`
  --> tests/integration/primitive_date_time.rs:69:16
   |
69 |     assert_eq!(datetime!(2019-01-01 0:00).monday_based_week(), 0);
   |                ^^^^^^^^
   |
   = note: import resolution is stuck, try simplifying macro imports

error: cannot determine resolution for the macro `datetime`
  --> tests/integration/primitive_date_time.rs:70:16
   |
70 |     assert_eq!(datetime!(2020-01-01 0:00).monday_based_week(), 0);
   |                ^^^^^^^^
   |
   = note: import resolution is stuck, try simplifying macro imports

error: cannot determine resolution for the macro `datetime`
  --> tests/integration/primitive_date_time.rs:71:16
   |
71 |     assert_eq!(datetime!(2020-12-31 0:00).monday_based_week(), 52);
   |                ^^^^^^^^
   |
   = note: import resolution is stuck, try simplifying macro imports

error: cannot determine resolution for the macro `datetime`
  --> tests/integration/primitive_date_time.rs:72:16
   |
72 |     assert_eq!(datetime!(2021-01-01 0:00).monday_based_week(), 0);
   |                ^^^^^^^^
   |
   = note: import resolution is stuck, try simplifying macro imports

error: cannot determine resolution for the macro `datetime`
  --> tests/integration/primitive_date_time.rs:78:9
   |
78 |         datetime!(2019-01-02 0:00).to_calendar_date(),
   |         ^^^^^^^^
   |
   = note: import resolution is stuck, try simplifying macro imports

error: cannot determine resolution for the macro `datetime`
  --> tests/integration/primitive_date_time.rs:85:16
   |
85 |     assert_eq!(datetime!(2019-01-01 0:00).to_ordinal_date(), (2019, 1));
   |                ^^^^^^^^
   |
   = note: import resolution is stuck, try simplifying macro imports

error: cannot determine resolution for the macro `datetime`
  --> tests/integration/primitive_date_time.rs:92:9
   |
92 |         datetime!(2019-01-01 0:00).to_iso_week_date(),
   |         ^^^^^^^^
   |
   = note: import resolution is stuck, try simplifying macro imports

error: cannot determine resolution for the macro `datetime`
  --> tests/integration/primitive_date_time.rs:96:9
   |
96 |         datetime!(2019-10-04 0:00).to_iso_week_date(),
   |         ^^^^^^^^
   |
   = note: import resolution is stuck, try simplifying macro imports

error: cannot determine resolution for the macro `datetime`
   --> tests/integration/primitive_date_time.rs:100:9
    |
100 |         datetime!(2020-01-01 0:00).to_iso_week_date(),
    |         ^^^^^^^^
    |
    = note: import resolution is stuck, try simplifying macro imports

error: cannot determine resolution for the macro `datetime`
   --> tests/integration/primitive_date_time.rs:104:9
    |
104 |         datetime!(2020-12-31 0:00).to_iso_week_date(),
    |         ^^^^^^^^
    |
    = note: import resolution is stuck, try simplifying macro imports

error: cannot determine resolution for the macro `datetime`
   --> tests/integration/primitive_date_time.rs:108:9
    |
108 |         datetime!(2021-01-01 0:00).to_iso_week_date(),
    |         ^^^^^^^^
    |
    = note: import resolution is stuck, try simplifying macro imports

error: cannot determine resolution for the macro `datetime`
   --> tests/integration/primitive_date_time.rs:116:16
    |
116 |     assert_eq!(datetime!(2019-01-01 0:00).weekday(), Tuesday);
    |                ^^^^^^^^
    |
    = note: import resolution is stuck, try simplifying macro imports

error: cannot determine resolution for the macro `datetime`
   --> tests/integration/primitive_date_time.rs:117:16
    |
117 |     assert_eq!(datetime!(2019-02-01 0:00).weekday(), Friday);
    |                ^^^^^^^^
    |
    = note: import resolution is stuck, try simplifying macro imports

error: cannot determine resolution for the macro `datetime`
   --> tests/integration/primitive_date_time.rs:118:16
    |
118 |     assert_eq!(datetime!(2019-03-01 0:00).weekday(), Friday);
    |                ^^^^^^^^
    |
    = note: import resolution is stuck, try simplifying macro imports

error: cannot determine resolution for the macro `datetime`
   --> tests/integration/primitive_date_time.rs:119:16
    |
119 |     assert_eq!(datetime!(2019-04-01 0:00).weekday(), Monday);
    |                ^^^^^^^^
    |
    = note: import resolution is stuck, try simplifying macro imports

error: cannot determine resolution for the macro `datetime`
   --> tests/integration/primitive_date_time.rs:120:16
    |
120 |     assert_eq!(datetime!(2019-05-01 0:00).weekday(), Wednesday);
    |                ^^^^^^^^
    |
    = note: import resolution is stuck, try simplifying macro imports

error: cannot determine resolution for the macro `datetime`
   --> tests/integration/primitive_date_time.rs:121:16
    |
121 |     assert_eq!(datetime!(2019-06-01 0:00).weekday(), Saturday);
    |                ^^^^^^^^
    |
    = note: import resolution is stuck, try simplifying macro imports

error: cannot determine resolution for the macro `datetime`
   --> tests/integration/primitive_date_time.rs:122:16
    |
122 |     assert_eq!(datetime!(2019-07-01 0:00).weekday(), Monday);
    |                ^^^^^^^^
    |
    = note: import resolution is stuck, try simplifying macro imports

error: cannot determine resolution for the macro `datetime`
   --> tests/integration/primitive_date_time.rs:123:16
    |
123 |     assert_eq!(datetime!(2019-08-01 0:00).weekday(), Thursday);
    |                ^^^^^^^^
    |
    = note: import resolution is stuck, try simplifying macro imports

error: cannot determine resolution for the macro `datetime`
   --> tests/integration/primitive_date_time.rs:124:16
    |
124 |     assert_eq!(datetime!(2019-09-01 0:00).weekday(), Sunday);
    |                ^^^^^^^^
    |
    = note: import resolution is stuck, try simplifying macro imports

error: cannot determine resolution for the macro `datetime`
   --> tests/integration/primitive_date_time.rs:125:16
    |
125 |     assert_eq!(datetime!(2019-10-01 0:00).weekday(), Tuesday);
    |                ^^^^^^^^
    |
    = note: import resolution is stuck, try simplifying macro imports

error: cannot determine resolution for the macro `datetime`
   --> tests/integration/primitive_date_time.rs:126:16
    |
126 |     assert_eq!(datetime!(2019-11-01 0:00).weekday(), Friday);
    |                ^^^^^^^^
    |
    = note: import resolution is stuck, try simplifying macro imports

error: cannot determine resolution for the macro `datetime`
   --> tests/integration/primitive_date_time.rs:127:16
    |
127 |     assert_eq!(datetime!(2019-12-01 0:00).weekday(), Sunday);
    |                ^^^^^^^^
    |
    = note: import resolution is stuck, try simplifying macro imports

error: cannot determine resolution for the macro `datetime`
   --> tests/integration/primitive_date_time.rs:132:16
    |
132 |     assert_eq!(datetime!(-999_999-01-01 0:00).to_julian_day(), -363_521_074);
    |                ^^^^^^^^
    |
    = note: import resolution is stuck, try simplifying macro imports

error: cannot determine resolution for the macro `datetime`
   --> tests/integration/primitive_date_time.rs:133:16
    |
133 |     assert_eq!(datetime!(-4713-11-24 0:00).to_julian_day(), 0);
    |                ^^^^^^^^
    |
    = note: import resolution is stuck, try simplifying macro imports

error: cannot determine resolution for the macro `datetime`
   --> tests/integration/primitive_date_time.rs:134:16
    |
134 |     assert_eq!(datetime!(2000-01-01 0:00).to_julian_day(), 2_451_545);
    |                ^^^^^^^^
    |
    = note: import resolution is stuck, try simplifying macro imports

error: cannot determine resolution for the macro `datetime`
   --> tests/integration/primitive_date_time.rs:135:16
    |
135 |     assert_eq!(datetime!(2019-01-01 0:00).to_julian_day(), 2_458_485);
    |                ^^^^^^^^
    |
    = note: import resolution is stuck, try simplifying macro imports

error: cannot determine resolution for the macro `datetime`
   --> tests/integration/primitive_date_time.rs:136:16
    |
136 |     assert_eq!(datetime!(2019-12-31 0:00).to_julian_day(), 2_458_849);
    |                ^^^^^^^^
    |
    = note: import resolution is stuck, try simplifying macro imports

error: cannot determine resolution for the macro `datetime`
   --> tests/integration/primitive_date_time.rs:141:16
    |
141 |     assert_eq!(datetime!(2020-01-01 1:02:03).as_hms(), (1, 2, 3));
    |                ^^^^^^^^
    |
    = note: import resolution is stuck, try simplifying macro imports

error: cannot determine resolution for the macro `datetime`
   --> tests/integration/primitive_date_time.rs:147:9
    |
147 |         datetime!(2020-01-01 1:02:03.004).as_hms_milli(),
    |         ^^^^^^^^
    |
    = note: import resolution is stuck, try simplifying macro imports

error: cannot determine resolution for the macro `datetime`
   --> tests/integration/primitive_date_time.rs:155:9
    |
155 |         datetime!(2020-01-01 1:02:03.004_005).as_hms_micro(),
    |         ^^^^^^^^
    |
    = note: import resolution is stuck, try simplifying macro imports

error: cannot determine resolution for the macro `datetime`
   --> tests/integration/primitive_date_time.rs:163:9
    |
163 |         datetime!(2020-01-01 1:02:03.004_005_006).as_hms_nano(),
    |         ^^^^^^^^
    |
    = note: import resolution is stuck, try simplifying macro imports

error: cannot determine resolution for the macro `datetime`
   --> tests/integration/primitive_date_time.rs:170:16
    |
170 |     assert_eq!(datetime!(2019-01-01 0:00).hour(), 0);
    |                ^^^^^^^^
    |
    = note: import resolution is stuck, try simplifying macro imports

error: cannot determine resolution for the macro `datetime`
   --> tests/integration/primitive_date_time.rs:171:16
    |
171 |     assert_eq!(datetime!(2019-01-01 23:59:59).hour(), 23);
    |                ^^^^^^^^
    |
    = note: import resolution is stuck, try simplifying macro imports

error: cannot determine resolution for the macro `datetime`
   --> tests/integration/primitive_date_time.rs:176:16
    |
176 |     assert_eq!(datetime!(2019-01-01 0:00).minute(), 0);
    |                ^^^^^^^^
    |
    = note: import resolution is stuck, try simplifying macro imports

error[E0599]: no method named `num_digits` found for type `u32` in the current scope
  --> src/tests.rs:44:24
   |
44 |     assert_eq!(100_u32.num_digits(), 3);
   |                        ^^^^^^^^^^ method not found in `u32`

error: cannot determine resolution for the macro `datetime`
   --> tests/integration/primitive_date_time.rs:177:16
    |
177 |     assert_eq!(datetime!(2019-01-01 23:59:59).minute(), 59);
    |                ^^^^^^^^
    |
    = note: import resolution is stuck, try simplifying macro imports

error: cannot determine resolution for the macro `datetime`
   --> tests/integration/primitive_date_time.rs:182:16
    |
182 |     assert_eq!(datetime!(2019-01-01 0:00).second(), 0);
    |                ^^^^^^^^
    |
    = note: import resolution is stuck, try simplifying macro imports

error: cannot determine resolution for the macro `datetime`
   --> tests/integration/primitive_date_time.rs:183:16
    |
183 |     assert_eq!(datetime!(2019-01-01 23:59:59).second(), 59);
    |                ^^^^^^^^
    |
    = note: import resolution is stuck, try simplifying macro imports

error: cannot determine resolution for the macro `datetime`
   --> tests/integration/primitive_date_time.rs:188:16
    |
188 |     assert_eq!(datetime!(2019-01-01 0:00).millisecond(), 0);
    |                ^^^^^^^^
    |
    = note: import resolution is stuck, try simplifying macro imports

error: cannot determine resolution for the macro `datetime`
   --> tests/integration/primitive_date_time.rs:189:16
    |
189 |     assert_eq!(datetime!(2019-01-01 23:59:59.999).millisecond(), 999);
    |                ^^^^^^^^
    |
    = note: import resolution is stuck, try simplifying macro imports

error: cannot determine resolution for the macro `datetime`
   --> tests/integration/primitive_date_time.rs:194:16
    |
194 |     assert_eq!(datetime!(2019-01-01 0:00).microsecond(), 0);
    |                ^^^^^^^^
    |
    = note: import resolution is stuck, try simplifying macro imports

error: cannot determine resolution for the macro `datetime`
   --> tests/integration/primitive_date_time.rs:196:9
    |
196 |         datetime!(2019-01-01 23:59:59.999_999).microsecond(),
    |         ^^^^^^^^
    |
    = note: import resolution is stuck, try simplifying macro imports

error: cannot determine resolution for the macro `datetime`
   --> tests/integration/primitive_date_time.rs:203:16
    |
203 |     assert_eq!(datetime!(2019-01-01 0:00).nanosecond(), 0);
    |                ^^^^^^^^
    |
    = note: import resolution is stuck, try simplifying macro imports

error: cannot determine resolution for the macro `datetime`
   --> tests/integration/primitive_date_time.rs:205:9
    |
205 |         datetime!(2019-01-01 23:59:59.999_999_999).nanosecond(),
    |         ^^^^^^^^
    |
    = note: import resolution is stuck, try simplifying macro imports

error: cannot determine resolution for the macro `datetime`
   --> tests/integration/primitive_date_time.rs:213:9
    |
213 |         datetime!(2019-01-01 0:00)
    |         ^^^^^^^^
    |
    = note: import resolution is stuck, try simplifying macro imports

error: cannot determine resolution for the macro `offset`
   --> tests/integration/primitive_date_time.rs:214:28
    |
214 |             .assume_offset(offset!(UTC))
    |                            ^^^^^^
    |
    = note: import resolution is stuck, try simplifying macro imports

error: cannot determine resolution for the macro `datetime`
   --> tests/integration/primitive_date_time.rs:219:9
    |
219 |         datetime!(2019-01-01 0:00)
    |         ^^^^^^^^
    |
    = note: import resolution is stuck, try simplifying macro imports

error: cannot determine resolution for the macro `offset`
   --> tests/integration/primitive_date_time.rs:220:28
    |
220 |             .assume_offset(offset!(-1))
    |                            ^^^^^^
    |
    = note: import resolution is stuck, try simplifying macro imports

error: cannot determine resolution for the macro `datetime`
   --> tests/integration/primitive_date_time.rs:229:9
    |
229 |         datetime!(2019-01-01 0:00).assume_utc().unix_timestamp(),
    |         ^^^^^^^^
    |
    = note: import resolution is stuck, try simplifying macro imports

error: cannot determine resolution for the macro `datetime`
   --> tests/integration/primitive_date_time.rs:237:9
    |
237 |         datetime!(2020-01-01 12:00).replace_time(time!(5:00)),
    |         ^^^^^^^^
    |
    = note: import resolution is stuck, try simplifying macro imports

error: cannot determine resolution for the macro `time`
   --> tests/integration/primitive_date_time.rs:237:50
    |
237 |         datetime!(2020-01-01 12:00).replace_time(time!(5:00)),
    |                                                  ^^^^
    |
    = note: import resolution is stuck, try simplifying macro imports

error: cannot determine resolution for the macro `datetime`
   --> tests/integration/primitive_date_time.rs:238:9
    |
238 |         datetime!(2020-01-01 5:00)
    |         ^^^^^^^^
    |
    = note: import resolution is stuck, try simplifying macro imports

error: cannot determine resolution for the macro `datetime`
   --> tests/integration/primitive_date_time.rs:245:9
    |
245 |         datetime!(2020-01-01 12:00).replace_date(date!(2020 - 01 - 30)),
    |         ^^^^^^^^
    |
    = note: import resolution is stuck, try simplifying macro imports

error: cannot determine resolution for the macro `date`
   --> tests/integration/primitive_date_time.rs:245:50
    |
245 |         datetime!(2020-01-01 12:00).replace_date(date!(2020 - 01 - 30)),
    |                                                  ^^^^
    |
    = note: import resolution is stuck, try simplifying macro imports

error: cannot determine resolution for the macro `datetime`
   --> tests/integration/primitive_date_time.rs:246:9
    |
246 |         datetime!(2020-01-30 12:00)
    |         ^^^^^^^^
    |
    = note: import resolution is stuck, try simplifying macro imports

error: cannot determine resolution for the macro `datetime`
   --> tests/integration/primitive_date_time.rs:253:9
    |
253 |         datetime!(2022 - 02 - 18 12:00).replace_year(2019),
    |         ^^^^^^^^
    |
    = note: import resolution is stuck, try simplifying macro imports

error: cannot determine resolution for the macro `datetime`
   --> tests/integration/primitive_date_time.rs:254:12
    |
254 |         Ok(datetime!(2019 - 02 - 18 12:00))
    |            ^^^^^^^^
    |
    = note: import resolution is stuck, try simplifying macro imports

error: cannot determine resolution for the macro `datetime`
   --> tests/integration/primitive_date_time.rs:257:9
    |
257 |         datetime!(2022 - 02 - 18 12:00)
    |         ^^^^^^^^
    |
    = note: import resolution is stuck, try simplifying macro imports

error: cannot determine resolution for the macro `datetime`
   --> tests/integration/primitive_date_time.rs:262:9
    |
262 |         datetime!(2022 - 02 - 18 12:00)
    |         ^^^^^^^^
    |
    = note: import resolution is stuck, try simplifying macro imports

error: cannot determine resolution for the macro `datetime`
   --> tests/integration/primitive_date_time.rs:272:9
    |
272 |         datetime!(2022 - 02 - 18 12:00).replace_month(Month::January),
    |         ^^^^^^^^
    |
    = note: import resolution is stuck, try simplifying macro imports

error: cannot determine resolution for the macro `datetime`
   --> tests/integration/primitive_date_time.rs:273:12
    |
273 |         Ok(datetime!(2022 - 01 - 18 12:00))
    |            ^^^^^^^^
    |
    = note: import resolution is stuck, try simplifying macro imports

error: cannot determine resolution for the macro `datetime`
   --> tests/integration/primitive_date_time.rs:276:9
    |
276 |         datetime!(2022 - 01 - 30 12:00)
    |         ^^^^^^^^
    |
    = note: import resolution is stuck, try simplifying macro imports

error: cannot determine resolution for the macro `datetime`
   --> tests/integration/primitive_date_time.rs:286:9
    |
286 |         datetime!(2022 - 02 - 18 12:00).replace_day(1),
    |         ^^^^^^^^
    |
    = note: import resolution is stuck, try simplifying macro imports

error: cannot determine resolution for the macro `datetime`
   --> tests/integration/primitive_date_time.rs:287:12
    |
287 |         Ok(datetime!(2022 - 02 - 01 12:00))
    |            ^^^^^^^^
    |
    = note: import resolution is stuck, try simplifying macro imports

error: cannot determine resolution for the macro `datetime`
   --> tests/integration/primitive_date_time.rs:289:13
    |
289 |     assert!(datetime!(2022 - 02 - 18 12:00).replace_day(0).is_err()); // 00 isn't a valid day
    |             ^^^^^^^^
    |
    = note: import resolution is stuck, try simplifying macro imports

error: cannot determine resolution for the macro `datetime`
   --> tests/integration/primitive_date_time.rs:290:13
    |
290 |     assert!(datetime!(2022 - 02 - 18 12:00).replace_day(30).is_err()); // 30 isn't a valid day in February
    |             ^^^^^^^^
    |
    = note: import resolution is stuck, try simplifying macro imports

error: cannot determine resolution for the macro `datetime`
   --> tests/integration/primitive_date_time.rs:297:9
    |
297 |         datetime!(2022 - 02 - 18 01:02:03.004_005_006).replace_hour(7),
    |         ^^^^^^^^
    |
    = note: import resolution is stuck, try simplifying macro imports

error: cannot determine resolution for the macro `datetime`
   --> tests/integration/primitive_date_time.rs:298:12
    |
298 |         Ok(datetime!(2022 - 02 - 18 07:02:03.004_005_006))
    |            ^^^^^^^^
    |
    = note: import resolution is stuck, try simplifying macro imports

error: cannot determine resolution for the macro `datetime`
   --> tests/integration/primitive_date_time.rs:301:9
    |
301 |         datetime!(2022 - 02 - 18 01:02:03.004_005_006)
    |         ^^^^^^^^
    |
    = note: import resolution is stuck, try simplifying macro imports

error: cannot determine resolution for the macro `datetime`
   --> tests/integration/primitive_date_time.rs:311:9
    |
311 |         datetime!(2022 - 02 - 18 01:02:03.004_005_006).replace_minute(7),
    |         ^^^^^^^^
    |
    = note: import resolution is stuck, try simplifying macro imports

error: cannot determine resolution for the macro `datetime`
   --> tests/integration/primitive_date_time.rs:312:12
    |
312 |         Ok(datetime!(2022 - 02 - 18 01:07:03.004_005_006))
    |            ^^^^^^^^
    |
    = note: import resolution is stuck, try simplifying macro imports

error: cannot determine resolution for the macro `datetime`
   --> tests/integration/primitive_date_time.rs:315:9
    |
315 |         datetime!(2022 - 02 - 18 01:02:03.004_005_006)
    |         ^^^^^^^^
    |
    = note: import resolution is stuck, try simplifying macro imports

error: cannot determine resolution for the macro `datetime`
   --> tests/integration/primitive_date_time.rs:325:9
    |
325 |         datetime!(2022 - 02 - 18 01:02:03.004_005_006).replace_second(7),
    |         ^^^^^^^^
    |
    = note: import resolution is stuck, try simplifying macro imports

error: cannot determine resolution for the macro `datetime`
   --> tests/integration/primitive_date_time.rs:326:12
    |
326 |         Ok(datetime!(2022 - 02 - 18 01:02:07.004_005_006))
    |            ^^^^^^^^
    |
    = note: import resolution is stuck, try simplifying macro imports

error: cannot determine resolution for the macro `datetime`
   --> tests/integration/primitive_date_time.rs:329:9
    |
329 |         datetime!(2022 - 02 - 18 01:02:03.004_005_006)
    |         ^^^^^^^^
    |
    = note: import resolution is stuck, try simplifying macro imports

error: cannot determine resolution for the macro `datetime`
   --> tests/integration/primitive_date_time.rs:339:9
    |
339 |         datetime!(2022 - 02 - 18 01:02:03.004_005_006).replace_millisecond(7),
    |         ^^^^^^^^
    |
    = note: import resolution is stuck, try simplifying macro imports

error: cannot determine resolution for the macro `datetime`
   --> tests/integration/primitive_date_time.rs:340:12
    |
340 |         Ok(datetime!(2022 - 02 - 18 01:02:03.007))
    |            ^^^^^^^^
    |
    = note: import resolution is stuck, try simplifying macro imports

error: cannot determine resolution for the macro `datetime`
   --> tests/integration/primitive_date_time.rs:343:9
    |
343 |         datetime!(2022 - 02 - 18 01:02:03.004_005_006)
    |         ^^^^^^^^
    |
    = note: import resolution is stuck, try simplifying macro imports

error: cannot determine resolution for the macro `datetime`
   --> tests/integration/primitive_date_time.rs:353:9
    |
353 |         datetime!(2022 - 02 - 18 01:02:03.004_005_006).replace_microsecond(7_008),
    |         ^^^^^^^^
    |
    = note: import resolution is stuck, try simplifying macro imports

error: cannot determine resolution for the macro `datetime`
   --> tests/integration/primitive_date_time.rs:354:12
    |
354 |         Ok(datetime!(2022 - 02 - 18 01:02:03.007_008))
    |            ^^^^^^^^
    |
    = note: import resolution is stuck, try simplifying macro imports

error: cannot determine resolution for the macro `datetime`
   --> tests/integration/primitive_date_time.rs:357:9
    |
357 |         datetime!(2022 - 02 - 18 01:02:03.004_005_006)
    |         ^^^^^^^^
    |
    = note: import resolution is stuck, try simplifying macro imports

error: cannot determine resolution for the macro `datetime`
   --> tests/integration/primitive_date_time.rs:367:9
    |
367 |         datetime!(2022 - 02 - 18 01:02:03.004_005_006).replace_nanosecond(7_008_009),
    |         ^^^^^^^^
    |
    = note: import resolution is stuck, try simplifying macro imports

error: cannot determine resolution for the macro `datetime`
   --> tests/integration/primitive_date_time.rs:368:12
    |
368 |         Ok(datetime!(2022 - 02 - 18 01:02:03.007_008_009))
    |            ^^^^^^^^
    |
    = note: import resolution is stuck, try simplifying macro imports

error: cannot determine resolution for the macro `datetime`
   --> tests/integration/primitive_date_time.rs:371:9
    |
371 |         datetime!(2022 - 02 - 18 01:02:03.004_005_006)
    |         ^^^^^^^^
    |
    = note: import resolution is stuck, try simplifying macro imports

error: cannot determine resolution for the macro `datetime`
   --> tests/integration/primitive_date_time.rs:381:9
    |
381 |         datetime!(2019-01-01 0:00) + 5.days(),
    |         ^^^^^^^^
    |
    = note: import resolution is stuck, try simplifying macro imports

error: cannot determine resolution for the macro `datetime`
   --> tests/integration/primitive_date_time.rs:382:9
    |
382 |         datetime!(2019-01-06 0:00),
    |         ^^^^^^^^
    |
    = note: import resolution is stuck, try simplifying macro imports

error: cannot determine resolution for the macro `datetime`
   --> tests/integration/primitive_date_time.rs:385:9
    |
385 |         datetime!(2019-12-31 0:00) + 1.days(),
    |         ^^^^^^^^
    |
    = note: import resolution is stuck, try simplifying macro imports

error: cannot determine resolution for the macro `datetime`
   --> tests/integration/primitive_date_time.rs:386:9
    |
386 |         datetime!(2020-01-01 0:00),
    |         ^^^^^^^^
    |
    = note: import resolution is stuck, try simplifying macro imports

error: cannot determine resolution for the macro `datetime`
   --> tests/integration/primitive_date_time.rs:389:9
    |
389 |         datetime!(2019-12-31 23:59:59) + 2.seconds(),
    |         ^^^^^^^^
    |
    = note: import resolution is stuck, try simplifying macro imports

error: cannot determine resolution for the macro `datetime`
   --> tests/integration/primitive_date_time.rs:390:9
    |
390 |         datetime!(2020-01-01 0:00:01),
    |         ^^^^^^^^
    |
    = note: import resolution is stuck, try simplifying macro imports

error: cannot determine resolution for the macro `datetime`
   --> tests/integration/primitive_date_time.rs:393:9
    |
393 |         datetime!(2020-01-01 0:00:01) + (-2).seconds(),
    |         ^^^^^^^^
    |
    = note: import resolution is stuck, try simplifying macro imports

error: cannot determine resolution for the macro `datetime`
   --> tests/integration/primitive_date_time.rs:394:9
    |
394 |         datetime!(2019-12-31 23:59:59),
    |         ^^^^^^^^
    |
    = note: import resolution is stuck, try simplifying macro imports

error: cannot determine resolution for the macro `datetime`
   --> tests/integration/primitive_date_time.rs:397:9
    |
397 |         datetime!(1999-12-31 23:00) + 1.hours(),
    |         ^^^^^^^^
    |
    = note: import resolution is stuck, try simplifying macro imports

error: cannot determine resolution for the macro `datetime`
   --> tests/integration/primitive_date_time.rs:398:9
    |
398 |         datetime!(2000-01-01 0:00),
    |         ^^^^^^^^
    |
    = note: import resolution is stuck, try simplifying macro imports

error: cannot determine resolution for the macro `datetime`
   --> tests/integration/primitive_date_time.rs:405:9
    |
405 |         datetime!(2019-01-01 0:00) + 5.std_days(),
    |         ^^^^^^^^
    |
    = note: import resolution is stuck, try simplifying macro imports

error: cannot determine resolution for the macro `datetime`
   --> tests/integration/primitive_date_time.rs:406:9
    |
406 |         datetime!(2019-01-06 0:00),
    |         ^^^^^^^^
    |
    = note: import resolution is stuck, try simplifying macro imports

error: cannot determine resolution for the macro `datetime`
   --> tests/integration/primitive_date_time.rs:409:9
    |
409 |         datetime!(2019-12-31 0:00) + 1.std_days(),
    |         ^^^^^^^^
    |
    = note: import resolution is stuck, try simplifying macro imports

error: cannot determine resolution for the macro `datetime`
   --> tests/integration/primitive_date_time.rs:410:9
    |
410 |         datetime!(2020-01-01 0:00),
    |         ^^^^^^^^
    |
    = note: import resolution is stuck, try simplifying macro imports

error: cannot determine resolution for the macro `datetime`
   --> tests/integration/primitive_date_time.rs:413:9
    |
413 |         datetime!(2019-12-31 23:59:59) + 2.std_seconds(),
    |         ^^^^^^^^
    |
    = note: import resolution is stuck, try simplifying macro imports

error: cannot determine resolution for the macro `datetime`
   --> tests/integration/primitive_date_time.rs:414:9
    |
414 |         datetime!(2020-01-01 0:00:01),
    |         ^^^^^^^^
    |
    = note: import resolution is stuck, try simplifying macro imports

error: cannot determine resolution for the macro `datetime`
   --> tests/integration/primitive_date_time.rs:420:34
    |
420 |     let mut new_years_day_2019 = datetime!(2019-01-01 0:00);
    |                                  ^^^^^^^^
    |
    = note: import resolution is stuck, try simplifying macro imports

error: cannot determine resolution for the macro `datetime`
   --> tests/integration/primitive_date_time.rs:422:36
    |
422 |     assert_eq!(new_years_day_2019, datetime!(2019-01-06 0:00));
    |                                    ^^^^^^^^
    |
    = note: import resolution is stuck, try simplifying macro imports

error: cannot determine resolution for the macro `datetime`
   --> tests/integration/primitive_date_time.rs:424:39
    |
424 |     let mut new_years_eve_2020_days = datetime!(2019-12-31 0:00);
    |                                       ^^^^^^^^
    |
    = note: import resolution is stuck, try simplifying macro imports

error: cannot determine resolution for the macro `datetime`
   --> tests/integration/primitive_date_time.rs:426:41
    |
426 |     assert_eq!(new_years_eve_2020_days, datetime!(2020-01-01 0:00));
    |                                         ^^^^^^^^
    |
    = note: import resolution is stuck, try simplifying macro imports

error: cannot determine resolution for the macro `datetime`
   --> tests/integration/primitive_date_time.rs:428:42
    |
428 |     let mut new_years_eve_2020_seconds = datetime!(2019-12-31 23:59:59);
    |                                          ^^^^^^^^
    |
    = note: import resolution is stuck, try simplifying macro imports

error: cannot determine resolution for the macro `datetime`
   --> tests/integration/primitive_date_time.rs:430:44
    |
430 |     assert_eq!(new_years_eve_2020_seconds, datetime!(2020-01-01 0:00:01));
    |                                            ^^^^^^^^
    |
    = note: import resolution is stuck, try simplifying macro imports

error: cannot determine resolution for the macro `datetime`
   --> tests/integration/primitive_date_time.rs:432:39
    |
432 |     let mut new_years_day_2020_days = datetime!(2020-01-01 0:00:01);
    |                                       ^^^^^^^^
    |
    = note: import resolution is stuck, try simplifying macro imports

error: cannot determine resolution for the macro `datetime`
   --> tests/integration/primitive_date_time.rs:434:41
    |
434 |     assert_eq!(new_years_day_2020_days, datetime!(2019-12-31 23:59:59));
    |                                         ^^^^^^^^
    |
    = note: import resolution is stuck, try simplifying macro imports

error: cannot determine resolution for the macro `datetime`
   --> tests/integration/primitive_date_time.rs:439:20
    |
439 |     let mut ny19 = datetime!(2019-01-01 0:00);
    |                    ^^^^^^^^
    |
    = note: import resolution is stuck, try simplifying macro imports

error: cannot determine resolution for the macro `datetime`
   --> tests/integration/primitive_date_time.rs:441:22
    |
441 |     assert_eq!(ny19, datetime!(2019-01-06 0:00));
    |                      ^^^^^^^^
    |
    = note: import resolution is stuck, try simplifying macro imports

error: cannot determine resolution for the macro `datetime`
   --> tests/integration/primitive_date_time.rs:443:21
    |
443 |     let mut nye20 = datetime!(2019-12-31 0:00);
    |                     ^^^^^^^^
    |
    = note: import resolution is stuck, try simplifying macro imports

error: cannot determine resolution for the macro `datetime`
   --> tests/integration/primitive_date_time.rs:445:23
    |
445 |     assert_eq!(nye20, datetime!(2020-01-01 0:00));
    |                       ^^^^^^^^
    |
    = note: import resolution is stuck, try simplifying macro imports

error: cannot determine resolution for the macro `datetime`
   --> tests/integration/primitive_date_time.rs:447:22
    |
447 |     let mut nye20t = datetime!(2019-12-31 23:59:59);
    |                      ^^^^^^^^
    |
    = note: import resolution is stuck, try simplifying macro imports

error: cannot determine resolution for the macro `datetime`
   --> tests/integration/primitive_date_time.rs:449:24
    |
449 |     assert_eq!(nye20t, datetime!(2020-01-01 0:00:01));
    |                        ^^^^^^^^
    |
    = note: import resolution is stuck, try simplifying macro imports

error: cannot determine resolution for the macro `datetime`
   --> tests/integration/primitive_date_time.rs:455:9
    |
455 |         datetime!(2019-01-06 0:00) - 5.days(),
    |         ^^^^^^^^
    |
    = note: import resolution is stuck, try simplifying macro imports

error: cannot determine resolution for the macro `datetime`
   --> tests/integration/primitive_date_time.rs:456:9
    |
456 |         datetime!(2019-01-01 0:00),
    |         ^^^^^^^^
    |
    = note: import resolution is stuck, try simplifying macro imports

error: cannot determine resolution for the macro `datetime`
   --> tests/integration/primitive_date_time.rs:459:9
    |
459 |         datetime!(2020-01-01 0:00) - 1.days(),
    |         ^^^^^^^^
    |
    = note: import resolution is stuck, try simplifying macro imports

error: cannot determine resolution for the macro `datetime`
   --> tests/integration/primitive_date_time.rs:460:9
    |
460 |         datetime!(2019-12-31 0:00),
    |         ^^^^^^^^
    |
    = note: import resolution is stuck, try simplifying macro imports

error: cannot determine resolution for the macro `datetime`
   --> tests/integration/primitive_date_time.rs:463:9
    |
463 |         datetime!(2020-01-01 0:00:01) - 2.seconds(),
    |         ^^^^^^^^
    |
    = note: import resolution is stuck, try simplifying macro imports

error: cannot determine resolution for the macro `datetime`
   --> tests/integration/primitive_date_time.rs:464:9
    |
464 |         datetime!(2019-12-31 23:59:59),
    |         ^^^^^^^^
    |
    = note: import resolution is stuck, try simplifying macro imports

error: cannot determine resolution for the macro `datetime`
   --> tests/integration/primitive_date_time.rs:467:9
    |
467 |         datetime!(2019-12-31 23:59:59) - (-2).seconds(),
    |         ^^^^^^^^
    |
    = note: import resolution is stuck, try simplifying macro imports

error: cannot determine resolution for the macro `datetime`
   --> tests/integration/primitive_date_time.rs:468:9
    |
468 |         datetime!(2020-01-01 0:00:01),
    |         ^^^^^^^^
    |
    = note: import resolution is stuck, try simplifying macro imports

error: cannot determine resolution for the macro `datetime`
   --> tests/integration/primitive_date_time.rs:471:9
    |
471 |         datetime!(1999-12-31 23:00) - (-1).hours(),
    |         ^^^^^^^^
    |
    = note: import resolution is stuck, try simplifying macro imports

error: cannot determine resolution for the macro `datetime`
   --> tests/integration/primitive_date_time.rs:472:9
    |
472 |         datetime!(2000-01-01 0:00),
    |         ^^^^^^^^
    |
    = note: import resolution is stuck, try simplifying macro imports

error: cannot determine resolution for the macro `datetime`
   --> tests/integration/primitive_date_time.rs:479:9
    |
479 |         datetime!(2019-01-06 0:00) - 5.std_days(),
    |         ^^^^^^^^
    |
    = note: import resolution is stuck, try simplifying macro imports

error: cannot determine resolution for the macro `datetime`
   --> tests/integration/primitive_date_time.rs:480:9
    |
480 |         datetime!(2019-01-01 0:00),
    |         ^^^^^^^^
    |
    = note: import resolution is stuck, try simplifying macro imports

error: cannot determine resolution for the macro `datetime`
   --> tests/integration/primitive_date_time.rs:483:9
    |
483 |         datetime!(2020-01-01 0:00) - 1.std_days(),
    |         ^^^^^^^^
    |
    = note: import resolution is stuck, try simplifying macro imports

error: cannot determine resolution for the macro `datetime`
   --> tests/integration/primitive_date_time.rs:484:9
    |
484 |         datetime!(2019-12-31 0:00),
    |         ^^^^^^^^
    |
    = note: import resolution is stuck, try simplifying macro imports

error: cannot determine resolution for the macro `datetime`
   --> tests/integration/primitive_date_time.rs:487:9
    |
487 |         datetime!(2020-01-01 0:00:01) - 2.std_seconds(),
    |         ^^^^^^^^
    |
    = note: import resolution is stuck, try simplifying macro imports

error: cannot determine resolution for the macro `datetime`
   --> tests/integration/primitive_date_time.rs:488:9
    |
488 |         datetime!(2019-12-31 23:59:59),
    |         ^^^^^^^^
    |
    = note: import resolution is stuck, try simplifying macro imports

error: cannot determine resolution for the macro `datetime`
   --> tests/integration/primitive_date_time.rs:494:34
    |
494 |     let mut new_years_day_2019 = datetime!(2019-01-06 0:00);
    |                                  ^^^^^^^^
    |
    = note: import resolution is stuck, try simplifying macro imports

error: cannot determine resolution for the macro `datetime`
   --> tests/integration/primitive_date_time.rs:496:36
    |
496 |     assert_eq!(new_years_day_2019, datetime!(2019-01-01 0:00));
    |                                    ^^^^^^^^
    |
    = note: import resolution is stuck, try simplifying macro imports

error: cannot determine resolution for the macro `datetime`
   --> tests/integration/primitive_date_time.rs:498:39
    |
498 |     let mut new_years_day_2020_days = datetime!(2020-01-01 0:00);
    |                                       ^^^^^^^^
    |
    = note: import resolution is stuck, try simplifying macro imports

error: cannot determine resolution for the macro `datetime`
   --> tests/integration/primitive_date_time.rs:500:41
    |
500 |     assert_eq!(new_years_day_2020_days, datetime!(2019-12-31 0:00));
    |                                         ^^^^^^^^
    |
    = note: import resolution is stuck, try simplifying macro imports

error: cannot determine resolution for the macro `datetime`
   --> tests/integration/primitive_date_time.rs:502:42
    |
502 |     let mut new_years_day_2020_seconds = datetime!(2020-01-01 0:00:01);
    |                                          ^^^^^^^^
    |
    = note: import resolution is stuck, try simplifying macro imports

error: cannot determine resolution for the macro `datetime`
   --> tests/integration/primitive_date_time.rs:504:44
    |
504 |     assert_eq!(new_years_day_2020_seconds, datetime!(2019-12-31 23:59:59));
    |                                            ^^^^^^^^
    |
    = note: import resolution is stuck, try simplifying macro imports

error: cannot determine resolution for the macro `datetime`
   --> tests/integration/primitive_date_time.rs:506:42
    |
506 |     let mut new_years_eve_2020_seconds = datetime!(2019-12-31 23:59:59);
    |                                          ^^^^^^^^
    |
    = note: import resolution is stuck, try simplifying macro imports

error: cannot determine resolution for the macro `datetime`
   --> tests/integration/primitive_date_time.rs:508:44
    |
508 |     assert_eq!(new_years_eve_2020_seconds, datetime!(2020-01-01 0:00:01));
    |                                            ^^^^^^^^
    |
    = note: import resolution is stuck, try simplifying macro imports

error: cannot determine resolution for the macro `datetime`
   --> tests/integration/primitive_date_time.rs:513:20
    |
513 |     let mut ny19 = datetime!(2019-01-06 0:00);
    |                    ^^^^^^^^
    |
    = note: import resolution is stuck, try simplifying macro imports

error: cannot determine resolution for the macro `datetime`
   --> tests/integration/primitive_date_time.rs:515:22
    |
515 |     assert_eq!(ny19, datetime!(2019-01-01 0:00));
    |                      ^^^^^^^^
    |
    = note: import resolution is stuck, try simplifying macro imports

error: cannot determine resolution for the macro `datetime`
   --> tests/integration/primitive_date_time.rs:517:20
    |
517 |     let mut ny20 = datetime!(2020-01-01 0:00);
    |                    ^^^^^^^^
    |
    = note: import resolution is stuck, try simplifying macro imports

error: cannot determine resolution for the macro `datetime`
   --> tests/integration/primitive_date_time.rs:519:22
    |
519 |     assert_eq!(ny20, datetime!(2019-12-31 0:00));
    |                      ^^^^^^^^
    |
    = note: import resolution is stuck, try simplifying macro imports

error: cannot determine resolution for the macro `datetime`
   --> tests/integration/primitive_date_time.rs:521:21
    |
521 |     let mut ny20t = datetime!(2020-01-01 0:00:01);
    |                     ^^^^^^^^
    |
    = note: import resolution is stuck, try simplifying macro imports

error: cannot determine resolution for the macro `datetime`
   --> tests/integration/primitive_date_time.rs:523:23
    |
523 |     assert_eq!(ny20t, datetime!(2019-12-31 23:59:59));
    |                       ^^^^^^^^
    |
    = note: import resolution is stuck, try simplifying macro imports

error: cannot determine resolution for the macro `datetime`
   --> tests/integration/primitive_date_time.rs:529:9
    |
529 |         datetime!(2019-01-02 0:00) - datetime!(2019-01-01 0:00),
    |         ^^^^^^^^
    |
    = note: import resolution is stuck, try simplifying macro imports

error: cannot determine resolution for the macro `datetime`
   --> tests/integration/primitive_date_time.rs:529:38
    |
529 |         datetime!(2019-01-02 0:00) - datetime!(2019-01-01 0:00),
    |                                      ^^^^^^^^
    |
    = note: import resolution is stuck, try simplifying macro imports

error: cannot determine resolution for the macro `datetime`
   --> tests/integration/primitive_date_time.rs:533:9
    |
533 |         datetime!(2019-01-01 0:00) - datetime!(2019-01-02 0:00),
    |         ^^^^^^^^
    |
    = note: import resolution is stuck, try simplifying macro imports

error: cannot determine resolution for the macro `datetime`
   --> tests/integration/primitive_date_time.rs:533:38
    |
533 |         datetime!(2019-01-01 0:00) - datetime!(2019-01-02 0:00),
    |                                      ^^^^^^^^
    |
    = note: import resolution is stuck, try simplifying macro imports

error: cannot determine resolution for the macro `datetime`
   --> tests/integration/primitive_date_time.rs:537:9
    |
537 |         datetime!(2020-01-01 0:00) - datetime!(2019-12-31 0:00),
    |         ^^^^^^^^
    |
    = note: import resolution is stuck, try simplifying macro imports

error: cannot determine resolution for the macro `datetime`
   --> tests/integration/primitive_date_time.rs:537:38
    |
537 |         datetime!(2020-01-01 0:00) - datetime!(2019-12-31 0:00),
    |                                      ^^^^^^^^
    |
    = note: import resolution is stuck, try simplifying macro imports

error: cannot determine resolution for the macro `datetime`
   --> tests/integration/primitive_date_time.rs:541:9
    |
541 |         datetime!(2019-12-31 0:00) - datetime!(2020-01-01 0:00),
    |         ^^^^^^^^
    |
    = note: import resolution is stuck, try simplifying macro imports

error: cannot determine resolution for the macro `datetime`
   --> tests/integration/primitive_date_time.rs:541:38
    |
541 |         datetime!(2019-12-31 0:00) - datetime!(2020-01-01 0:00),
    |                                      ^^^^^^^^
    |
    = note: import resolution is stuck, try simplifying macro imports

error: cannot determine resolution for the macro `datetime`
   --> tests/integration/primitive_date_time.rs:550:9
    |
550 |         datetime!(2019-01-01 0:00).partial_cmp(&datetime!(2019-01-01 0:00)),
    |         ^^^^^^^^
    |
    = note: import resolution is stuck, try simplifying macro imports

error: cannot determine resolution for the macro `datetime`
   --> tests/integration/primitive_date_time.rs:550:49
    |
550 |         datetime!(2019-01-01 0:00).partial_cmp(&datetime!(2019-01-01 0:00)),
    |                                                 ^^^^^^^^
    |
    = note: import resolution is stuck, try simplifying macro imports

error: cannot determine resolution for the macro `datetime`
   --> tests/integration/primitive_date_time.rs:554:9
    |
554 |         datetime!(2019-01-01 0:00).partial_cmp(&datetime!(2020-01-01 0:00)),
    |         ^^^^^^^^
    |
    = note: import resolution is stuck, try simplifying macro imports

error: cannot determine resolution for the macro `datetime`
   --> tests/integration/primitive_date_time.rs:554:49
    |
554 |         datetime!(2019-01-01 0:00).partial_cmp(&datetime!(2020-01-01 0:00)),
    |                                                 ^^^^^^^^
    |
    = note: import resolution is stuck, try simplifying macro imports

error: cannot determine resolution for the macro `datetime`
   --> tests/integration/primitive_date_time.rs:558:9
    |
558 |         datetime!(2019-01-01 0:00).partial_cmp(&datetime!(2019-02-01 0:00)),
    |         ^^^^^^^^
    |
    = note: import resolution is stuck, try simplifying macro imports

error: cannot determine resolution for the macro `datetime`
   --> tests/integration/primitive_date_time.rs:558:49
    |
558 |         datetime!(2019-01-01 0:00).partial_cmp(&datetime!(2019-02-01 0:00)),
    |                                                 ^^^^^^^^
    |
    = note: import resolution is stuck, try simplifying macro imports

error: cannot determine resolution for the macro `datetime`
   --> tests/integration/primitive_date_time.rs:562:9
    |
562 |         datetime!(2019-01-01 0:00).partial_cmp(&datetime!(2019-01-02 0:00)),
    |         ^^^^^^^^
    |
    = note: import resolution is stuck, try simplifying macro imports

error: cannot determine resolution for the macro `datetime`
   --> tests/integration/primitive_date_time.rs:562:49
    |
562 |         datetime!(2019-01-01 0:00).partial_cmp(&datetime!(2019-01-02 0:00)),
    |                                                 ^^^^^^^^
    |
    = note: import resolution is stuck, try simplifying macro imports

error: cannot determine resolution for the macro `datetime`
   --> tests/integration/primitive_date_time.rs:566:9
    |
566 |         datetime!(2019-01-01 0:00).partial_cmp(&datetime!(2019-01-01 1:00)),
    |         ^^^^^^^^
    |
    = note: import resolution is stuck, try simplifying macro imports

error: cannot determine resolution for the macro `datetime`
   --> tests/integration/primitive_date_time.rs:566:49
    |
566 |         datetime!(2019-01-01 0:00).partial_cmp(&datetime!(2019-01-01 1:00)),
    |                                                 ^^^^^^^^
    |
    = note: import resolution is stuck, try simplifying macro imports

error: cannot determine resolution for the macro `datetime`
   --> tests/integration/primitive_date_time.rs:570:9
    |
570 |         datetime!(2019-01-01 0:00).partial_cmp(&datetime!(2019-01-01 0:01)),
    |         ^^^^^^^^
    |
    = note: import resolution is stuck, try simplifying macro imports

error: cannot determine resolution for the macro `datetime`
   --> tests/integration/primitive_date_time.rs:570:49
    |
570 |         datetime!(2019-01-01 0:00).partial_cmp(&datetime!(2019-01-01 0:01)),
    |                                                 ^^^^^^^^
    |
    = note: import resolution is stuck, try simplifying macro imports

error: cannot determine resolution for the macro `datetime`
   --> tests/integration/primitive_date_time.rs:574:9
    |
574 |         datetime!(2019-01-01 0:00).partial_cmp(&datetime!(2019-01-01 0:00:01)),
    |         ^^^^^^^^
    |
    = note: import resolution is stuck, try simplifying macro imports

error: cannot determine resolution for the macro `datetime`
   --> tests/integration/primitive_date_time.rs:574:49
    |
574 |         datetime!(2019-01-01 0:00).partial_cmp(&datetime!(2019-01-01 0:00:01)),
    |                                                 ^^^^^^^^
    |
    = note: import resolution is stuck, try simplifying macro imports

error: cannot determine resolution for the macro `datetime`
   --> tests/integration/primitive_date_time.rs:578:9
    |
578 |         datetime!(2019-01-01 0:00).partial_cmp(&datetime!(2019-01-01 0:00:00.000_000_001)),
    |         ^^^^^^^^
    |
    = note: import resolution is stuck, try simplifying macro imports

error: cannot determine resolution for the macro `datetime`
   --> tests/integration/primitive_date_time.rs:578:49
    |
578 |         datetime!(2019-01-01 0:00).partial_cmp(&datetime!(2019-01-01 0:00:00.000_000_001)),
    |                                                 ^^^^^^^^
    |
    = note: import resolution is stuck, try simplifying macro imports

error: cannot determine resolution for the macro `datetime`
   --> tests/integration/primitive_date_time.rs:582:9
    |
582 |         datetime!(2020-01-01 0:00).partial_cmp(&datetime!(2019-01-01 0:00)),
    |         ^^^^^^^^
    |
    = note: import resolution is stuck, try simplifying macro imports

error: cannot determine resolution for the macro `datetime`
   --> tests/integration/primitive_date_time.rs:582:49
    |
582 |         datetime!(2020-01-01 0:00).partial_cmp(&datetime!(2019-01-01 0:00)),
    |                                                 ^^^^^^^^
    |
    = note: import resolution is stuck, try simplifying macro imports

error: cannot determine resolution for the macro `datetime`
   --> tests/integration/primitive_date_time.rs:586:9
    |
586 |         datetime!(2019-02-01 0:00).partial_cmp(&datetime!(2019-01-01 0:00)),
    |         ^^^^^^^^
    |
    = note: import resolution is stuck, try simplifying macro imports

error: cannot determine resolution for the macro `datetime`
   --> tests/integration/primitive_date_time.rs:586:49
    |
586 |         datetime!(2019-02-01 0:00).partial_cmp(&datetime!(2019-01-01 0:00)),
    |                                                 ^^^^^^^^
    |
    = note: import resolution is stuck, try simplifying macro imports

error: cannot determine resolution for the macro `datetime`
   --> tests/integration/primitive_date_time.rs:590:9
    |
590 |         datetime!(2019-01-02 0:00).partial_cmp(&datetime!(2019-01-01 0:00)),
    |         ^^^^^^^^
    |
    = note: import resolution is stuck, try simplifying macro imports

error: cannot determine resolution for the macro `datetime`
   --> tests/integration/primitive_date_time.rs:590:49
    |
590 |         datetime!(2019-01-02 0:00).partial_cmp(&datetime!(2019-01-01 0:00)),
    |                                                 ^^^^^^^^
    |
    = note: import resolution is stuck, try simplifying macro imports

error: cannot determine resolution for the macro `datetime`
   --> tests/integration/primitive_date_time.rs:594:9
    |
594 |         datetime!(2019-01-01 1:00).partial_cmp(&datetime!(2019-01-01 0:00)),
    |         ^^^^^^^^
    |
    = note: import resolution is stuck, try simplifying macro imports

error: cannot determine resolution for the macro `datetime`
   --> tests/integration/primitive_date_time.rs:594:49
    |
594 |         datetime!(2019-01-01 1:00).partial_cmp(&datetime!(2019-01-01 0:00)),
    |                                                 ^^^^^^^^
    |
    = note: import resolution is stuck, try simplifying macro imports

error: cannot determine resolution for the macro `datetime`
   --> tests/integration/primitive_date_time.rs:598:9
    |
598 |         datetime!(2019-01-01 0:01).partial_cmp(&datetime!(2019-01-01 0:00)),
    |         ^^^^^^^^
    |
    = note: import resolution is stuck, try simplifying macro imports

error: cannot determine resolution for the macro `datetime`
   --> tests/integration/primitive_date_time.rs:598:49
    |
598 |         datetime!(2019-01-01 0:01).partial_cmp(&datetime!(2019-01-01 0:00)),
    |                                                 ^^^^^^^^
    |
    = note: import resolution is stuck, try simplifying macro imports

error: cannot determine resolution for the macro `datetime`
   --> tests/integration/primitive_date_time.rs:602:9
    |
602 |         datetime!(2019-01-01 0:00:01).partial_cmp(&datetime!(2019-01-01 0:00)),
    |         ^^^^^^^^
    |
    = note: import resolution is stuck, try simplifying macro imports

error: cannot determine resolution for the macro `datetime`
   --> tests/integration/primitive_date_time.rs:602:52
    |
602 |         datetime!(2019-01-01 0:00:01).partial_cmp(&datetime!(2019-01-01 0:00)),
    |                                                    ^^^^^^^^
    |
    = note: import resolution is stuck, try simplifying macro imports

error: cannot determine resolution for the macro `datetime`
   --> tests/integration/primitive_date_time.rs:606:9
    |
606 |         datetime!(2019-01-01 0:00:00.000_000_001).partial_cmp(&datetime!(2019-01-01 0:00)),
    |         ^^^^^^^^
    |
    = note: import resolution is stuck, try simplifying macro imports

error: cannot determine resolution for the macro `datetime`
   --> tests/integration/primitive_date_time.rs:606:64
    |
606 |         datetime!(2019-01-01 0:00:00.000_000_001).partial_cmp(&datetime!(2019-01-01 0:00)),
    |                                                                ^^^^^^^^
    |
    = note: import resolution is stuck, try simplifying macro imports

error: cannot determine resolution for the macro `datetime`
   --> tests/integration/primitive_date_time.rs:615:9
    |
615 |         datetime!(2021 - 10 - 25 14:01:53.45).checked_add(5.nanoseconds()),
    |         ^^^^^^^^
    |
    = note: import resolution is stuck, try simplifying macro imports

error: cannot determine resolution for the macro `datetime`
   --> tests/integration/primitive_date_time.rs:616:14
    |
616 |         Some(datetime!(2021 - 10 - 25 14:01:53.450_000_005))
    |              ^^^^^^^^
    |
    = note: import resolution is stuck, try simplifying macro imports

error: cannot determine resolution for the macro `datetime`
   --> tests/integration/primitive_date_time.rs:619:9
    |
619 |         datetime!(2021 - 10 - 25 14:01:53.45).checked_add(4.seconds()),
    |         ^^^^^^^^
    |
    = note: import resolution is stuck, try simplifying macro imports

error: cannot determine resolution for the macro `datetime`
   --> tests/integration/primitive_date_time.rs:620:14
    |
620 |         Some(datetime!(2021 - 10 - 25 14:01:57.45))
    |              ^^^^^^^^
    |
    = note: import resolution is stuck, try simplifying macro imports

error: cannot determine resolution for the macro `datetime`
   --> tests/integration/primitive_date_time.rs:623:9
    |
623 |         datetime!(2021 - 10 - 25 14:01:53.45).checked_add(2.days()),
    |         ^^^^^^^^
    |
    = note: import resolution is stuck, try simplifying macro imports

error: cannot determine resolution for the macro `datetime`
   --> tests/integration/primitive_date_time.rs:624:14
    |
624 |         Some(datetime!(2021 - 10 - 27 14:01:53.45))
    |              ^^^^^^^^
    |
    = note: import resolution is stuck, try simplifying macro imports

error: cannot determine resolution for the macro `datetime`
   --> tests/integration/primitive_date_time.rs:627:9
    |
627 |         datetime!(2021 - 10 - 25 14:01:53.45).checked_add(1.weeks()),
    |         ^^^^^^^^
    |
    = note: import resolution is stuck, try simplifying macro imports

error: cannot determine resolution for the macro `datetime`
   --> tests/integration/primitive_date_time.rs:628:14
    |
628 |         Some(datetime!(2021 - 11 - 01 14:01:53.45))
    |              ^^^^^^^^
    |
    = note: import resolution is stuck, try simplifying macro imports

error: cannot determine resolution for the macro `datetime`
   --> tests/integration/primitive_date_time.rs:631:9
    |
631 |         datetime!(2021 - 10 - 25 14:01:53.45).checked_add((-5).nanoseconds()),
    |         ^^^^^^^^
    |
    = note: import resolution is stuck, try simplifying macro imports

error: cannot determine resolution for the macro `datetime`
   --> tests/integration/primitive_date_time.rs:632:14
    |
632 |         Some(datetime!(2021 - 10 - 25 14:01:53.449_999_995))
    |              ^^^^^^^^
    |
    = note: import resolution is stuck, try simplifying macro imports

error: cannot determine resolution for the macro `datetime`
   --> tests/integration/primitive_date_time.rs:635:9
    |
635 |         datetime!(2021 - 10 - 25 14:01:53.45).checked_add((-4).seconds()),
    |         ^^^^^^^^
    |
    = note: import resolution is stuck, try simplifying macro imports

error: cannot determine resolution for the macro `datetime`
   --> tests/integration/primitive_date_time.rs:636:14
    |
636 |         Some(datetime!(2021 - 10 - 25 14:01:49.45))
    |              ^^^^^^^^
    |
    = note: import resolution is stuck, try simplifying macro imports

error: cannot determine resolution for the macro `datetime`
   --> tests/integration/primitive_date_time.rs:639:9
    |
639 |         datetime!(2021 - 10 - 25 14:01:53.45).checked_add((-2).days()),
    |         ^^^^^^^^
    |
    = note: import resolution is stuck, try simplifying macro imports

error: cannot determine resolution for the macro `datetime`
   --> tests/integration/primitive_date_time.rs:640:14
    |
640 |         Some(datetime!(2021 - 10 - 23 14:01:53.45))
    |              ^^^^^^^^
    |
    = note: import resolution is stuck, try simplifying macro imports

error: cannot determine resolution for the macro `datetime`
   --> tests/integration/primitive_date_time.rs:643:9
    |
643 |         datetime!(2021 - 10 - 25 14:01:53.45).checked_add((-1).weeks()),
    |         ^^^^^^^^
    |
    = note: import resolution is stuck, try simplifying macro imports

error: cannot determine resolution for the macro `datetime`
   --> tests/integration/primitive_date_time.rs:644:14
    |
644 |         Some(datetime!(2021 - 10 - 18 14:01:53.45))
    |              ^^^^^^^^
    |
    = note: import resolution is stuck, try simplifying macro imports

error: cannot determine resolution for the macro `datetime`
   --> tests/integration/primitive_date_time.rs:649:9
    |
649 |         datetime!(-999_999 - 01 - 01 0:00).checked_add((-1).nanoseconds()),
    |         ^^^^^^^^
    |
    = note: import resolution is stuck, try simplifying macro imports

error: cannot determine resolution for the macro `datetime`
   --> tests/integration/primitive_date_time.rs:653:9
    |
653 |         datetime!(-999_999 - 01 - 01 0:00).checked_add(Duration::MIN),
    |         ^^^^^^^^
    |
    = note: import resolution is stuck, try simplifying macro imports

error: cannot determine resolution for the macro `datetime`
   --> tests/integration/primitive_date_time.rs:657:9
    |
657 |         datetime!(-999_990 - 01 - 01 0:00).checked_add((-530).weeks()),
    |         ^^^^^^^^
    |
    = note: import resolution is stuck, try simplifying macro imports

error: cannot determine resolution for the macro `datetime`
   --> tests/integration/primitive_date_time.rs:663:9
    |
663 |         datetime!(+999_999 - 12 - 31 23:59:59.999_999_999).checked_add(1.nanoseconds()),
    |         ^^^^^^^^
    |
    = note: import resolution is stuck, try simplifying macro imports

error: cannot determine resolution for the macro `datetime`
   --> tests/integration/primitive_date_time.rs:667:9
    |
667 |         datetime!(+999_999 - 12 - 31 23:59:59.999_999_999).checked_add(Duration::MAX),
    |         ^^^^^^^^
    |
    = note: import resolution is stuck, try simplifying macro imports

error: cannot determine resolution for the macro `datetime`
   --> tests/integration/primitive_date_time.rs:671:9
    |
671 |         datetime!(+999_990 - 12 - 31 23:59:59.999_999_999).checked_add(530.weeks()),
    |         ^^^^^^^^
    |
    = note: import resolution is stuck, try simplifying macro imports

error: cannot determine resolution for the macro `datetime`
   --> tests/integration/primitive_date_time.rs:680:9
    |
680 |         datetime!(2021 - 10 - 25 14:01:53.45).checked_sub((-5).nanoseconds()),
    |         ^^^^^^^^
    |
    = note: import resolution is stuck, try simplifying macro imports

error: cannot determine resolution for the macro `datetime`
   --> tests/integration/primitive_date_time.rs:681:14
    |
681 |         Some(datetime!(2021 - 10 - 25 14:01:53.450_000_005))
    |              ^^^^^^^^
    |
    = note: import resolution is stuck, try simplifying macro imports

error: cannot determine resolution for the macro `datetime`
   --> tests/integration/primitive_date_time.rs:684:9
    |
684 |         datetime!(2021 - 10 - 25 14:01:53.45).checked_sub((-4).seconds()),
    |         ^^^^^^^^
    |
    = note: import resolution is stuck, try simplifying macro imports

error: cannot determine resolution for the macro `datetime`
   --> tests/integration/primitive_date_time.rs:685:14
    |
685 |         Some(datetime!(2021 - 10 - 25 14:01:57.45))
    |              ^^^^^^^^
    |
    = note: import resolution is stuck, try simplifying macro imports

error: cannot determine resolution for the macro `datetime`
   --> tests/integration/primitive_date_time.rs:688:9
    |
688 |         datetime!(2021 - 10 - 25 14:01:53.45).checked_sub((-2).days()),
    |         ^^^^^^^^
    |
    = note: import resolution is stuck, try simplifying macro imports

error: cannot determine resolution for the macro `datetime`
   --> tests/integration/primitive_date_time.rs:689:14
    |
689 |         Some(datetime!(2021 - 10 - 27 14:01:53.45))
    |              ^^^^^^^^
    |
    = note: import resolution is stuck, try simplifying macro imports

error: cannot determine resolution for the macro `datetime`
   --> tests/integration/primitive_date_time.rs:692:9
    |
692 |         datetime!(2021 - 10 - 25 14:01:53.45).checked_sub((-1).weeks()),
    |         ^^^^^^^^
    |
    = note: import resolution is stuck, try simplifying macro imports

error: cannot determine resolution for the macro `datetime`
   --> tests/integration/primitive_date_time.rs:693:14
    |
693 |         Some(datetime!(2021 - 11 - 01 14:01:53.45))
    |              ^^^^^^^^
    |
    = note: import resolution is stuck, try simplifying macro imports

error: cannot determine resolution for the macro `datetime`
   --> tests/integration/primitive_date_time.rs:696:9
    |
696 |         datetime!(2021 - 10 - 25 14:01:53.45).checked_sub(5.nanoseconds()),
    |         ^^^^^^^^
    |
    = note: import resolution is stuck, try simplifying macro imports

error: cannot determine resolution for the macro `datetime`
   --> tests/integration/primitive_date_time.rs:697:14
    |
697 |         Some(datetime!(2021 - 10 - 25 14:01:53.449_999_995))
    |              ^^^^^^^^
    |
    = note: import resolution is stuck, try simplifying macro imports

error: cannot determine resolution for the macro `datetime`
   --> tests/integration/primitive_date_time.rs:700:9
    |
700 |         datetime!(2021 - 10 - 25 14:01:53.45).checked_sub(4.seconds()),
    |         ^^^^^^^^
    |
    = note: import resolution is stuck, try simplifying macro imports

error: cannot determine resolution for the macro `datetime`
   --> tests/integration/primitive_date_time.rs:701:14
    |
701 |         Some(datetime!(2021 - 10 - 25 14:01:49.45))
    |              ^^^^^^^^
    |
    = note: import resolution is stuck, try simplifying macro imports

error: cannot determine resolution for the macro `datetime`
   --> tests/integration/primitive_date_time.rs:704:9
    |
704 |         datetime!(2021 - 10 - 25 14:01:53.45).checked_sub(2.days()),
    |         ^^^^^^^^
    |
    = note: import resolution is stuck, try simplifying macro imports

error: cannot determine resolution for the macro `datetime`
   --> tests/integration/primitive_date_time.rs:705:14
    |
705 |         Some(datetime!(2021 - 10 - 23 14:01:53.45))
    |              ^^^^^^^^
    |
    = note: import resolution is stuck, try simplifying macro imports

error: cannot determine resolution for the macro `datetime`
   --> tests/integration/primitive_date_time.rs:708:9
    |
708 |         datetime!(2021 - 10 - 25 14:01:53.45).checked_sub(1.weeks()),
    |         ^^^^^^^^
    |
    = note: import resolution is stuck, try simplifying macro imports

error: cannot determine resolution for the macro `datetime`
   --> tests/integration/primitive_date_time.rs:709:14
    |
709 |         Some(datetime!(2021 - 10 - 18 14:01:53.45))
    |              ^^^^^^^^
    |
    = note: import resolution is stuck, try simplifying macro imports

error: cannot determine resolution for the macro `datetime`
   --> tests/integration/primitive_date_time.rs:714:9
    |
714 |         datetime!(-999_999 - 01 - 01 0:00).checked_sub(1.nanoseconds()),
    |         ^^^^^^^^
    |
    = note: import resolution is stuck, try simplifying macro imports

error: cannot determine resolution for the macro `datetime`
   --> tests/integration/primitive_date_time.rs:718:9
    |
718 |         datetime!(-999_999 - 01 - 01 0:00).checked_sub(Duration::MAX),
    |         ^^^^^^^^
    |
    = note: import resolution is stuck, try simplifying macro imports

error: cannot determine resolution for the macro `datetime`
   --> tests/integration/primitive_date_time.rs:722:9
    |
722 |         datetime!(-999_990 - 01 - 01 0:00).checked_sub(530.weeks()),
    |         ^^^^^^^^
    |
    = note: import resolution is stuck, try simplifying macro imports

error: cannot determine resolution for the macro `datetime`
   --> tests/integration/primitive_date_time.rs:728:9
    |
728 |         datetime!(+999_999 - 12 - 31 23:59:59.999_999_999).checked_sub((-1).nanoseconds()),
    |         ^^^^^^^^
    |
    = note: import resolution is stuck, try simplifying macro imports

error: cannot determine resolution for the macro `datetime`
   --> tests/integration/primitive_date_time.rs:732:9
    |
732 |         datetime!(+999_999 - 12 - 31 23:59:59.999_999_999).checked_sub(Duration::MIN),
    |         ^^^^^^^^
    |
    = note: import resolution is stuck, try simplifying macro imports

error: cannot determine resolution for the macro `datetime`
   --> tests/integration/primitive_date_time.rs:736:9
    |
736 |         datetime!(+999_990 - 12 - 31 23:59:59.999_999_999).checked_sub((-530).weeks()),
    |         ^^^^^^^^
    |
    = note: import resolution is stuck, try simplifying macro imports

error: cannot determine resolution for the macro `datetime`
   --> tests/integration/primitive_date_time.rs:744:9
    |
744 |         datetime!(2021 - 11 - 12 17:47).saturating_add(2.days()),
    |         ^^^^^^^^
    |
    = note: import resolution is stuck, try simplifying macro imports

error: cannot determine resolution for the macro `datetime`
   --> tests/integration/primitive_date_time.rs:745:9
    |
745 |         datetime!(2021 - 11 - 14 17:47)
    |         ^^^^^^^^
    |
    = note: import resolution is stuck, try simplifying macro imports

error: cannot determine resolution for the macro `datetime`
   --> tests/integration/primitive_date_time.rs:748:9
    |
748 |         datetime!(2021 - 11 - 12 17:47).saturating_add((-2).days()),
    |         ^^^^^^^^
    |
    = note: import resolution is stuck, try simplifying macro imports

error: cannot determine resolution for the macro `datetime`
   --> tests/integration/primitive_date_time.rs:749:9
    |
749 |         datetime!(2021 - 11 - 10 17:47)
    |         ^^^^^^^^
    |
    = note: import resolution is stuck, try simplifying macro imports

error: cannot determine resolution for the macro `datetime`
   --> tests/integration/primitive_date_time.rs:778:9
    |
778 |         datetime!(2021 - 11 - 12 17:47).saturating_sub(2.days()),
    |         ^^^^^^^^
    |
    = note: import resolution is stuck, try simplifying macro imports

error: cannot determine resolution for the macro `datetime`
   --> tests/integration/primitive_date_time.rs:779:9
    |
779 |         datetime!(2021 - 11 - 10 17:47)
    |         ^^^^^^^^
    |
    = note: import resolution is stuck, try simplifying macro imports

error: cannot determine resolution for the macro `datetime`
   --> tests/integration/primitive_date_time.rs:782:9
    |
782 |         datetime!(2021 - 11 - 12 17:47).saturating_sub((-2).days()),
    |         ^^^^^^^^
    |
    = note: import resolution is stuck, try simplifying macro imports

error: cannot determine resolution for the macro `datetime`
   --> tests/integration/primitive_date_time.rs:783:9
    |
783 |         datetime!(2021 - 11 - 14 17:47)
    |         ^^^^^^^^
    |
    = note: import resolution is stuck, try simplifying macro imports

error: cannot determine resolution for the macro `format_description`
  --> tests/integration/serde/error_conditions.rs:18:13
   |
18 |             format_description!("nonempty format description"),
   |             ^^^^^^^^^^^^^^^^^^
   |
   = note: import resolution is stuck, try simplifying macro imports

error: cannot determine resolution for the macro `datetime`
  --> tests/integration/serde/error_conditions.rs:33:13
   |
33 |         dt: datetime!(2000-01-01 00:00 -4:00),
   |             ^^^^^^^^
   |
   = note: import resolution is stuck, try simplifying macro imports

error: cannot determine resolution for the macro `datetime`
  --> tests/integration/serde/iso8601.rs:20:13
   |
20 |         dt: datetime!(2000-01-01 00:00:00 UTC),
   |             ^^^^^^^^
   |
   = note: import resolution is stuck, try simplifying macro imports

error[E0599]: no method named `num_digits` found for type `u32` in the current scope
  --> src/tests.rs:45:24
   |
45 |     assert_eq!(999_u32.num_digits(), 3);
   |                        ^^^^^^^^^^ method not found in `u32`

error: cannot determine resolution for the macro `datetime`
  --> tests/integration/serde/iso8601.rs:21:25
   |
21 |         option_dt: Some(datetime!(2000-01-01 00:00:00 UTC)),
   |                         ^^^^^^^^
   |
   = note: import resolution is stuck, try simplifying macro imports

error: cannot determine resolution for the macro `datetime`
  --> tests/integration/serde/iso8601.rs:39:13
   |
39 |         dt: datetime!(2000-01-01 00:00:00 UTC),
   |             ^^^^^^^^
   |
   = note: import resolution is stuck, try simplifying macro imports

error: cannot determine resolution for the macro `datetime`
  --> tests/integration/serde/iso8601.rs:61:13
   |
61 |         dt: datetime!(2000-01-01 00:00:00 +00:00:01),
   |             ^^^^^^^^
   |
   = note: import resolution is stuck, try simplifying macro imports

error: cannot determine resolution for the macro `time`
  --> tests/integration/serde/json.rs:61:16
   |
61 |     let time = time!(12:40:20);
   |                ^^^^
   |
   = note: import resolution is stuck, try simplifying macro imports

error: cannot determine resolution for the macro `datetime`
  --> tests/integration/serde/json.rs:75:14
   |
75 |     let dt = datetime!(2022-05-20 12:40:20);
   |              ^^^^^^^^
   |
   = note: import resolution is stuck, try simplifying macro imports

error: cannot determine resolution for the macro `datetime`
  --> tests/integration/serde/json.rs:98:14
   |
98 |     let dt = datetime!(2022-05-20 12:40:20).assume_utc();
   |              ^^^^^^^^
   |
   = note: import resolution is stuck, try simplifying macro imports

error: cannot determine resolution for the macro `date`
   --> tests/integration/serde/json.rs:138:16
    |
138 |     let date = date!(2022 - 04 - 05);
    |                ^^^^
    |
    = note: import resolution is stuck, try simplifying macro imports

error: cannot determine resolution for the macro `datetime`
  --> tests/integration/serde/macros.rs:43:20
   |
43 |         offset_dt: datetime!(2000-01-01 00:00 -4:00),
   |                    ^^^^^^^^
   |
   = note: import resolution is stuck, try simplifying macro imports

error: cannot determine resolution for the macro `datetime`
  --> tests/integration/serde/macros.rs:44:28
   |
44 |         primitive_dt: Some(datetime!(2000-01-01 00:00)),
   |                            ^^^^^^^^
   |
   = note: import resolution is stuck, try simplifying macro imports

error: cannot determine resolution for the macro `date`
  --> tests/integration/serde/macros.rs:45:15
   |
45 |         date: date!(2000 - 01 - 01),
   |               ^^^^
   |
   = note: import resolution is stuck, try simplifying macro imports

error: cannot determine resolution for the macro `offset`
  --> tests/integration/serde/macros.rs:47:17
   |
47 |         offset: offset!(-4),
   |                 ^^^^^^
   |
   = note: import resolution is stuck, try simplifying macro imports

error: cannot determine resolution for the macro `datetime`
   --> tests/integration/serde/macros.rs:146:13
    |
146 |         dt: datetime!(2000-01-01 00:00),
    |             ^^^^^^^^
    |
    = note: import resolution is stuck, try simplifying macro imports

error: cannot determine resolution for the macro `datetime`
  --> tests/integration/serde/rfc2822.rs:18:13
   |
18 |         dt: datetime!(2000-01-01 00:00:00 UTC),
   |             ^^^^^^^^
   |
   = note: import resolution is stuck, try simplifying macro imports

error: cannot determine resolution for the macro `datetime`
  --> tests/integration/serde/rfc2822.rs:19:25
   |
19 |         option_dt: Some(datetime!(2000-01-01 00:00:00 UTC)),
   |                         ^^^^^^^^
   |
   = note: import resolution is stuck, try simplifying macro imports

error: cannot determine resolution for the macro `datetime`
  --> tests/integration/serde/rfc2822.rs:50:17
   |
50 |             dt: datetime!(2000-01-01 00:00:00 UTC),
   |                 ^^^^^^^^
   |
   = note: import resolution is stuck, try simplifying macro imports

error: cannot determine resolution for the macro `datetime`
  --> tests/integration/serde/rfc3339.rs:20:13
   |
20 |         dt: datetime!(2000-01-01 00:00:00 UTC),
   |             ^^^^^^^^
   |
   = note: import resolution is stuck, try simplifying macro imports

error: cannot determine resolution for the macro `datetime`
  --> tests/integration/serde/rfc3339.rs:21:25
   |
21 |         option_dt: Some(datetime!(2000-01-01 00:00:00 UTC)),
   |                         ^^^^^^^^
   |
   = note: import resolution is stuck, try simplifying macro imports

error: cannot determine resolution for the macro `datetime`
  --> tests/integration/serde/rfc3339.rs:39:13
   |
39 |         dt: datetime!(2000-01-01 00:00:00 UTC),
   |             ^^^^^^^^
   |
   = note: import resolution is stuck, try simplifying macro imports

error: cannot determine resolution for the macro `datetime`
  --> tests/integration/serde/rfc3339.rs:69:13
   |
69 |         dt: datetime!(2000-01-01 00:00:00 +00:00:01),
   |             ^^^^^^^^
   |
   = note: import resolution is stuck, try simplifying macro imports

error: cannot determine resolution for the macro `datetime`
  --> tests/integration/serde/rfc3339.rs:95:17
   |
95 |             dt: datetime!(2000-01-01 00:00:00 UTC),
   |                 ^^^^^^^^
   |
   = note: import resolution is stuck, try simplifying macro imports

error: cannot determine resolution for the macro `datetime`
   --> tests/integration/serde/rfc3339.rs:128:19
    |
128 |             date: datetime!(2022-05-01 10:20:42.123 UTC),
    |                   ^^^^^^^^
    |
    = note: import resolution is stuck, try simplifying macro imports

error: cannot determine resolution for the macro `datetime`
   --> tests/integration/serde/rfc3339.rs:135:19
    |
135 |             date: datetime!(2022-05-01 10:20:42.123 UTC),
    |                   ^^^^^^^^
    |
    = note: import resolution is stuck, try simplifying macro imports

error: cannot determine resolution for the macro `datetime`
   --> tests/integration/serde/rfc3339.rs:136:30
    |
136 |             maybe_date: Some(datetime!(2022-05-01 10:20:42.123 UTC))
    |                              ^^^^^^^^
    |
    = note: import resolution is stuck, try simplifying macro imports

error: cannot determine resolution for the macro `datetime`
  --> tests/integration/serde/timestamps.rs:16:13
   |
16 |         dt: datetime!(2000-01-01 00:00:00 UTC),
   |             ^^^^^^^^
   |
   = note: import resolution is stuck, try simplifying macro imports

error: cannot determine resolution for the macro `time`
  --> tests/integration/serde/mod.rs:27:10
   |
27 |         &time!(23:58:59.123_456_789).compact(),
   |          ^^^^
   |
   = note: import resolution is stuck, try simplifying macro imports

error: cannot determine resolution for the macro `time`
  --> tests/integration/serde/mod.rs:42:10
   |
42 |         &time!(23:58:59.123_456_789).readable(),
   |          ^^^^
   |
   = note: import resolution is stuck, try simplifying macro imports

error: cannot determine resolution for the macro `date`
   --> tests/integration/serde/mod.rs:148:10
    |
148 |         &date!(-9999 - 001).compact(),
    |          ^^^^
    |
    = note: import resolution is stuck, try simplifying macro imports

error: cannot determine resolution for the macro `date`
   --> tests/integration/serde/mod.rs:157:10
    |
157 |         &date!(+9999-365).compact(),
    |          ^^^^
    |
    = note: import resolution is stuck, try simplifying macro imports

error: cannot determine resolution for the macro `date`
   --> tests/integration/serde/mod.rs:166:10
    |
166 |         &date!(-9999 - 001).readable(),
    |          ^^^^
    |
    = note: import resolution is stuck, try simplifying macro imports

error: cannot determine resolution for the macro `date`
   --> tests/integration/serde/mod.rs:170:10
    |
170 |         &date!(+9999-365).readable(),
    |          ^^^^
    |
    = note: import resolution is stuck, try simplifying macro imports

error: cannot determine resolution for the macro `datetime`
   --> tests/integration/serde/mod.rs:211:10
    |
211 |         &datetime!(-9999-001 0:00).compact(),
    |          ^^^^^^^^
    |
    = note: import resolution is stuck, try simplifying macro imports

error: cannot determine resolution for the macro `datetime`
   --> tests/integration/serde/mod.rs:224:10
    |
224 |         &datetime!(+9999-365 23:58:59.123_456_789).compact(),
    |          ^^^^^^^^
    |
    = note: import resolution is stuck, try simplifying macro imports

error: cannot determine resolution for the macro `datetime`
   --> tests/integration/serde/mod.rs:237:10
    |
237 |         &datetime!(-9999-001 0:00).readable(),
    |          ^^^^^^^^
    |
    = note: import resolution is stuck, try simplifying macro imports

error: cannot determine resolution for the macro `datetime`
   --> tests/integration/serde/mod.rs:241:10
    |
241 |         &datetime!(+9999-365 23:58:59.123_456_789).readable(),
    |          ^^^^^^^^
    |
    = note: import resolution is stuck, try simplifying macro imports

error: cannot determine resolution for the macro `datetime`
   --> tests/integration/serde/mod.rs:392:10
    |
392 |         &datetime!(-9999-001 0:00 UTC)
    |          ^^^^^^^^
    |
    = note: import resolution is stuck, try simplifying macro imports

error: cannot determine resolution for the macro `offset`
   --> tests/integration/serde/mod.rs:393:24
    |
393 |             .to_offset(offset!(+23:58:59))
    |                        ^^^^^^
    |
    = note: import resolution is stuck, try simplifying macro imports

error: cannot determine resolution for the macro `datetime`
   --> tests/integration/serde/mod.rs:410:10
    |
410 |         &datetime!(+9999-365 23:58:59.123_456_789 UTC)
    |          ^^^^^^^^
    |
    = note: import resolution is stuck, try simplifying macro imports

error: cannot determine resolution for the macro `offset`
   --> tests/integration/serde/mod.rs:411:24
    |
411 |             .to_offset(offset!(-23:58:59))
    |                        ^^^^^^
    |
    = note: import resolution is stuck, try simplifying macro imports

error: cannot determine resolution for the macro `datetime`
   --> tests/integration/serde/mod.rs:428:10
    |
428 |         &datetime!(-9999-001 0:00 UTC)
    |          ^^^^^^^^
    |
    = note: import resolution is stuck, try simplifying macro imports

error: cannot determine resolution for the macro `offset`
   --> tests/integration/serde/mod.rs:429:24
    |
429 |             .to_offset(offset!(+23:58:59))
    |                        ^^^^^^
    |
    = note: import resolution is stuck, try simplifying macro imports

error: cannot determine resolution for the macro `datetime`
   --> tests/integration/serde/mod.rs:434:10
    |
434 |         &datetime!(+9999-365 23:58:59.123_456_789 UTC)
    |          ^^^^^^^^
    |
    = note: import resolution is stuck, try simplifying macro imports

error: cannot determine resolution for the macro `offset`
   --> tests/integration/serde/mod.rs:435:24
    |
435 |             .to_offset(offset!(-23:58:59))
    |                        ^^^^^^
    |
    = note: import resolution is stuck, try simplifying macro imports

error: cannot determine resolution for the macro `offset`
   --> tests/integration/serde/mod.rs:716:10
    |
716 |         &offset!(-23:58:59).compact(),
    |          ^^^^^^
    |
    = note: import resolution is stuck, try simplifying macro imports

error: cannot determine resolution for the macro `offset`
   --> tests/integration/serde/mod.rs:726:10
    |
726 |         &offset!(+23:58:59).compact(),
    |          ^^^^^^
    |
    = note: import resolution is stuck, try simplifying macro imports

error: cannot determine resolution for the macro `offset`
   --> tests/integration/serde/mod.rs:736:10
    |
736 |         &offset!(-23:58:59).readable(),
    |          ^^^^^^
    |
    = note: import resolution is stuck, try simplifying macro imports

error: cannot determine resolution for the macro `offset`
   --> tests/integration/serde/mod.rs:740:10
    |
740 |         &offset!(+23:58:59).readable(),
    |          ^^^^^^
    |
    = note: import resolution is stuck, try simplifying macro imports

error: cannot determine resolution for the macro `datetime`
  --> tests/integration/serde_helpers.rs:23:13
   |
23 |             datetime!(2021-01-02 03:04:05 UTC),
   |             ^^^^^^^^
   |
   = note: import resolution is stuck, try simplifying macro imports

error: cannot determine resolution for the macro `datetime`
  --> tests/integration/serde_helpers.rs:24:18
   |
24 |             Some(datetime!(2021-01-02 03:04:05 UTC)),
   |                  ^^^^^^^^
   |
   = note: import resolution is stuck, try simplifying macro imports

error: cannot determine resolution for the macro `datetime`
  --> tests/integration/serde_helpers.rs:26:13
   |
26 |             datetime!(2021-01-02 03:04:05 UTC),
   |             ^^^^^^^^
   |
   = note: import resolution is stuck, try simplifying macro imports

error: cannot determine resolution for the macro `datetime`
  --> tests/integration/serde_helpers.rs:27:18
   |
27 |             Some(datetime!(2021-01-02 03:04:05 UTC)),
   |                  ^^^^^^^^
   |
   = note: import resolution is stuck, try simplifying macro imports

error: cannot determine resolution for the macro `datetime`
  --> tests/integration/serde_helpers.rs:29:13
   |
29 |             datetime!(2021-01-02 03:04:05 UTC),
   |             ^^^^^^^^
   |
   = note: import resolution is stuck, try simplifying macro imports

error: cannot determine resolution for the macro `datetime`
  --> tests/integration/serde_helpers.rs:30:18
   |
30 |             Some(datetime!(2021-01-02 03:04:05 UTC)),
   |                  ^^^^^^^^
   |
   = note: import resolution is stuck, try simplifying macro imports

error: cannot determine resolution for the macro `datetime`
  --> tests/integration/serde_helpers.rs:66:13
   |
66 |             datetime!(2021-01-02 03:04:05 +0:00:01),
   |             ^^^^^^^^
   |
   = note: import resolution is stuck, try simplifying macro imports

error: cannot determine resolution for the macro `datetime`
  --> tests/integration/serde_helpers.rs:67:18
   |
67 |             Some(datetime!(2021-01-02 03:04:05 UTC)),
   |                  ^^^^^^^^
   |
   = note: import resolution is stuck, try simplifying macro imports

error: cannot determine resolution for the macro `datetime`
  --> tests/integration/serde_helpers.rs:78:13
   |
78 |             datetime!(2021-01-02 03:04:05 UTC),
   |             ^^^^^^^^
   |
   = note: import resolution is stuck, try simplifying macro imports

error: cannot determine resolution for the macro `datetime`
  --> tests/integration/serde_helpers.rs:79:18
   |
79 |             Some(datetime!(2021-01-02 03:04:05 +0:00:01)),
   |                  ^^^^^^^^
   |
   = note: import resolution is stuck, try simplifying macro imports

error: cannot determine resolution for the macro `datetime`
   --> tests/integration/serde_helpers.rs:137:13
    |
137 |             datetime!(2021-01-02 03:04:05 +0:00:01),
    |             ^^^^^^^^
    |
    = note: import resolution is stuck, try simplifying macro imports

error: cannot determine resolution for the macro `datetime`
   --> tests/integration/serde_helpers.rs:138:18
    |
138 |             Some(datetime!(2021-01-02 03:04:05 UTC)),
    |                  ^^^^^^^^
    |
    = note: import resolution is stuck, try simplifying macro imports

error: cannot determine resolution for the macro `datetime`
   --> tests/integration/serde_helpers.rs:149:13
    |
149 |             datetime!(2021-01-02 03:04:05 UTC),
    |             ^^^^^^^^
    |
    = note: import resolution is stuck, try simplifying macro imports

error: cannot determine resolution for the macro `datetime`
   --> tests/integration/serde_helpers.rs:150:18
    |
150 |             Some(datetime!(2021-01-02 03:04:05 +0:00:01)),
    |                  ^^^^^^^^
    |
    = note: import resolution is stuck, try simplifying macro imports

error: cannot determine resolution for the macro `time`
  --> tests/integration/time.rs:68:16
   |
68 |     assert_eq!(time!(1:02:03).as_hms(), (1, 2, 3));
   |                ^^^^
   |
   = note: import resolution is stuck, try simplifying macro imports

error: cannot determine resolution for the macro `time`
  --> tests/integration/time.rs:73:16
   |
73 |     assert_eq!(time!(1:02:03.004).as_hms_milli(), (1, 2, 3, 4));
   |                ^^^^
   |
   = note: import resolution is stuck, try simplifying macro imports

error: cannot determine resolution for the macro `time`
  --> tests/integration/time.rs:78:16
   |
78 |     assert_eq!(time!(1:02:03.004_005).as_hms_micro(), (1, 2, 3, 4_005));
   |                ^^^^
   |
   = note: import resolution is stuck, try simplifying macro imports

error: cannot determine resolution for the macro `time`
  --> tests/integration/time.rs:84:9
   |
84 |         time!(1:02:03.004_005_006).as_hms_nano(),
   |         ^^^^
   |
   = note: import resolution is stuck, try simplifying macro imports

error: cannot determine resolution for the macro `time`
   --> tests/integration/time.rs:152:9
    |
152 |         time!(1:02:03.004_005_006).replace_hour(7)?,
    |         ^^^^
    |
    = note: import resolution is stuck, try simplifying macro imports

error: cannot determine resolution for the macro `time`
   --> tests/integration/time.rs:153:9
    |
153 |         time!(7:02:03.004_005_006)
    |         ^^^^
    |
    = note: import resolution is stuck, try simplifying macro imports

error: cannot determine resolution for the macro `time`
   --> tests/integration/time.rs:155:13
    |
155 |     assert!(time!(1:02:03.004_005_006).replace_hour(24).is_err());
    |             ^^^^
    |
    = note: import resolution is stuck, try simplifying macro imports

error: cannot determine resolution for the macro `time`
   --> tests/integration/time.rs:162:9
    |
162 |         time!(1:02:03.004_005_006).replace_minute(7)?,
    |         ^^^^
    |
    = note: import resolution is stuck, try simplifying macro imports

error: cannot determine resolution for the macro `time`
   --> tests/integration/time.rs:163:9
    |
163 |         time!(1:07:03.004_005_006)
    |         ^^^^
    |
    = note: import resolution is stuck, try simplifying macro imports

error: cannot determine resolution for the macro `time`
   --> tests/integration/time.rs:165:13
    |
165 |     assert!(time!(1:02:03.004_005_006).replace_minute(60).is_err());
    |             ^^^^
    |
    = note: import resolution is stuck, try simplifying macro imports

error: cannot determine resolution for the macro `time`
   --> tests/integration/time.rs:172:9
    |
172 |         time!(1:02:03.004_005_006).replace_second(7)?,
    |         ^^^^
    |
    = note: import resolution is stuck, try simplifying macro imports

error: cannot determine resolution for the macro `time`
   --> tests/integration/time.rs:173:9
    |
173 |         time!(1:02:07.004_005_006)
    |         ^^^^
    |
    = note: import resolution is stuck, try simplifying macro imports

error: cannot determine resolution for the macro `time`
   --> tests/integration/time.rs:175:13
    |
175 |     assert!(time!(1:02:03.004_005_006).replace_second(60).is_err());
    |             ^^^^
    |
    = note: import resolution is stuck, try simplifying macro imports

error: cannot determine resolution for the macro `time`
   --> tests/integration/time.rs:182:9
    |
182 |         time!(1:02:03.004_005_006).replace_millisecond(7)?,
    |         ^^^^
    |
    = note: import resolution is stuck, try simplifying macro imports

error: cannot determine resolution for the macro `time`
   --> tests/integration/time.rs:183:9
    |
183 |         time!(1:02:03.007)
    |         ^^^^
    |
    = note: import resolution is stuck, try simplifying macro imports

error: cannot determine resolution for the macro `time`
   --> tests/integration/time.rs:186:9
    |
186 |         time!(1:02:03.004_005_006)
    |         ^^^^
    |
    = note: import resolution is stuck, try simplifying macro imports

error: cannot determine resolution for the macro `time`
   --> tests/integration/time.rs:196:9
    |
196 |         time!(1:02:03.004_005_006).replace_microsecond(7_008)?,
    |         ^^^^
    |
    = note: import resolution is stuck, try simplifying macro imports

error[E0599]: no method named `num_digits` found for type `u32` in the current scope
  --> src/tests.rs:46:26
   |
46 |     assert_eq!(1_000_u32.num_digits(), 4);
   |                          ^^^^^^^^^^ method not found in `u32`

error: cannot determine resolution for the macro `time`
   --> tests/integration/time.rs:197:9
    |
197 |         time!(1:02:03.007_008)
    |         ^^^^
    |
    = note: import resolution is stuck, try simplifying macro imports

error: cannot determine resolution for the macro `time`
   --> tests/integration/time.rs:200:9
    |
200 |         time!(1:02:03.004_005_006)
    |         ^^^^
    |
    = note: import resolution is stuck, try simplifying macro imports

error: cannot determine resolution for the macro `time`
   --> tests/integration/time.rs:210:9
    |
210 |         time!(1:02:03.004_005_006).replace_nanosecond(7_008_009)?,
    |         ^^^^
    |
    = note: import resolution is stuck, try simplifying macro imports

error: cannot determine resolution for the macro `time`
   --> tests/integration/time.rs:211:9
    |
211 |         time!(1:02:03.007_008_009)
    |         ^^^^
    |
    = note: import resolution is stuck, try simplifying macro imports

error: cannot determine resolution for the macro `time`
   --> tests/integration/time.rs:214:9
    |
214 |         time!(1:02:03.004_005_006)
    |         ^^^^
    |
    = note: import resolution is stuck, try simplifying macro imports

error: cannot determine resolution for the macro `time`
   --> tests/integration/time.rs:223:16
    |
223 |     assert_eq!(time!(0:00) + 1.seconds(), time!(0:00:01));
    |                ^^^^
    |
    = note: import resolution is stuck, try simplifying macro imports

error: cannot determine resolution for the macro `time`
   --> tests/integration/time.rs:223:43
    |
223 |     assert_eq!(time!(0:00) + 1.seconds(), time!(0:00:01));
    |                                           ^^^^
    |
    = note: import resolution is stuck, try simplifying macro imports

error: cannot determine resolution for the macro `time`
   --> tests/integration/time.rs:224:16
    |
224 |     assert_eq!(time!(0:00) + 1.minutes(), time!(0:01));
    |                ^^^^
    |
    = note: import resolution is stuck, try simplifying macro imports

error: cannot determine resolution for the macro `time`
   --> tests/integration/time.rs:224:43
    |
224 |     assert_eq!(time!(0:00) + 1.minutes(), time!(0:01));
    |                                           ^^^^
    |
    = note: import resolution is stuck, try simplifying macro imports

error: cannot determine resolution for the macro `time`
   --> tests/integration/time.rs:225:16
    |
225 |     assert_eq!(time!(0:00) + 1.hours(), time!(1:00));
    |                ^^^^
    |
    = note: import resolution is stuck, try simplifying macro imports

error: cannot determine resolution for the macro `time`
   --> tests/integration/time.rs:225:41
    |
225 |     assert_eq!(time!(0:00) + 1.hours(), time!(1:00));
    |                                         ^^^^
    |
    = note: import resolution is stuck, try simplifying macro imports

error: cannot determine resolution for the macro `time`
   --> tests/integration/time.rs:226:16
    |
226 |     assert_eq!(time!(0:00) + 1.days(), time!(0:00));
    |                ^^^^
    |
    = note: import resolution is stuck, try simplifying macro imports

error: cannot determine resolution for the macro `time`
   --> tests/integration/time.rs:226:40
    |
226 |     assert_eq!(time!(0:00) + 1.days(), time!(0:00));
    |                                        ^^^^
    |
    = note: import resolution is stuck, try simplifying macro imports

error: cannot determine resolution for the macro `time`
   --> tests/integration/time.rs:231:20
    |
231 |     let mut time = time!(0:00);
    |                    ^^^^
    |
    = note: import resolution is stuck, try simplifying macro imports

error: cannot determine resolution for the macro `time`
   --> tests/integration/time.rs:234:22
    |
234 |     assert_eq!(time, time!(0:00:01));
    |                      ^^^^
    |
    = note: import resolution is stuck, try simplifying macro imports

error: cannot determine resolution for the macro `time`
   --> tests/integration/time.rs:237:22
    |
237 |     assert_eq!(time, time!(0:01:01));
    |                      ^^^^
    |
    = note: import resolution is stuck, try simplifying macro imports

error: cannot determine resolution for the macro `time`
   --> tests/integration/time.rs:240:22
    |
240 |     assert_eq!(time, time!(1:01:01));
    |                      ^^^^
    |
    = note: import resolution is stuck, try simplifying macro imports

error: cannot determine resolution for the macro `time`
   --> tests/integration/time.rs:243:22
    |
243 |     assert_eq!(time, time!(1:01:01));
    |                      ^^^^
    |
    = note: import resolution is stuck, try simplifying macro imports

error: cannot determine resolution for the macro `time`
   --> tests/integration/time.rs:248:16
    |
248 |     assert_eq!(time!(12:00) - 1.hours(), time!(11:00));
    |                ^^^^
    |
    = note: import resolution is stuck, try simplifying macro imports

error: cannot determine resolution for the macro `time`
   --> tests/integration/time.rs:248:42
    |
248 |     assert_eq!(time!(12:00) - 1.hours(), time!(11:00));
    |                                          ^^^^
    |
    = note: import resolution is stuck, try simplifying macro imports

error: cannot determine resolution for the macro `time`
   --> tests/integration/time.rs:251:16
    |
251 |     assert_eq!(time!(0:00) - 1.seconds(), time!(23:59:59));
    |                ^^^^
    |
    = note: import resolution is stuck, try simplifying macro imports

error: cannot determine resolution for the macro `time`
   --> tests/integration/time.rs:251:43
    |
251 |     assert_eq!(time!(0:00) - 1.seconds(), time!(23:59:59));
    |                                           ^^^^
    |
    = note: import resolution is stuck, try simplifying macro imports

error: cannot determine resolution for the macro `time`
   --> tests/integration/time.rs:252:16
    |
252 |     assert_eq!(time!(0:00) - 1.minutes(), time!(23:59));
    |                ^^^^
    |
    = note: import resolution is stuck, try simplifying macro imports

error: cannot determine resolution for the macro `time`
   --> tests/integration/time.rs:252:43
    |
252 |     assert_eq!(time!(0:00) - 1.minutes(), time!(23:59));
    |                                           ^^^^
    |
    = note: import resolution is stuck, try simplifying macro imports

error: cannot determine resolution for the macro `time`
   --> tests/integration/time.rs:253:16
    |
253 |     assert_eq!(time!(0:00) - 1.hours(), time!(23:00));
    |                ^^^^
    |
    = note: import resolution is stuck, try simplifying macro imports

error: cannot determine resolution for the macro `time`
   --> tests/integration/time.rs:253:41
    |
253 |     assert_eq!(time!(0:00) - 1.hours(), time!(23:00));
    |                                         ^^^^
    |
    = note: import resolution is stuck, try simplifying macro imports

error: cannot determine resolution for the macro `time`
   --> tests/integration/time.rs:254:16
    |
254 |     assert_eq!(time!(0:00) - 1.days(), time!(0:00));
    |                ^^^^
    |
    = note: import resolution is stuck, try simplifying macro imports

error: cannot determine resolution for the macro `time`
   --> tests/integration/time.rs:254:40
    |
254 |     assert_eq!(time!(0:00) - 1.days(), time!(0:00));
    |                                        ^^^^
    |
    = note: import resolution is stuck, try simplifying macro imports

error: cannot determine resolution for the macro `time`
   --> tests/integration/time.rs:259:20
    |
259 |     let mut time = time!(0:00);
    |                    ^^^^
    |
    = note: import resolution is stuck, try simplifying macro imports

error: cannot determine resolution for the macro `time`
   --> tests/integration/time.rs:262:22
    |
262 |     assert_eq!(time, time!(23:59:59));
    |                      ^^^^
    |
    = note: import resolution is stuck, try simplifying macro imports

error: cannot determine resolution for the macro `time`
   --> tests/integration/time.rs:265:22
    |
265 |     assert_eq!(time, time!(23:58:59));
    |                      ^^^^
    |
    = note: import resolution is stuck, try simplifying macro imports

error: cannot determine resolution for the macro `time`
   --> tests/integration/time.rs:268:22
    |
268 |     assert_eq!(time, time!(22:58:59));
    |                      ^^^^
    |
    = note: import resolution is stuck, try simplifying macro imports

error: cannot determine resolution for the macro `time`
   --> tests/integration/time.rs:271:22
    |
271 |     assert_eq!(time, time!(22:58:59));
    |                      ^^^^
    |
    = note: import resolution is stuck, try simplifying macro imports

error: cannot determine resolution for the macro `time`
   --> tests/integration/time.rs:276:16
    |
276 |     assert_eq!(time!(0:00) + 1.std_milliseconds(), time!(0:00:00.001));
    |                ^^^^
    |
    = note: import resolution is stuck, try simplifying macro imports

error: cannot determine resolution for the macro `time`
   --> tests/integration/time.rs:276:52
    |
276 |     assert_eq!(time!(0:00) + 1.std_milliseconds(), time!(0:00:00.001));
    |                                                    ^^^^
    |
    = note: import resolution is stuck, try simplifying macro imports

error: cannot determine resolution for the macro `time`
   --> tests/integration/time.rs:277:16
    |
277 |     assert_eq!(time!(0:00) + 1.std_seconds(), time!(0:00:01));
    |                ^^^^
    |
    = note: import resolution is stuck, try simplifying macro imports

error: cannot determine resolution for the macro `time`
   --> tests/integration/time.rs:277:47
    |
277 |     assert_eq!(time!(0:00) + 1.std_seconds(), time!(0:00:01));
    |                                               ^^^^
    |
    = note: import resolution is stuck, try simplifying macro imports

error: cannot determine resolution for the macro `time`
   --> tests/integration/time.rs:278:16
    |
278 |     assert_eq!(time!(0:00) + 1.std_minutes(), time!(0:01));
    |                ^^^^
    |
    = note: import resolution is stuck, try simplifying macro imports

error: cannot determine resolution for the macro `time`
   --> tests/integration/time.rs:278:47
    |
278 |     assert_eq!(time!(0:00) + 1.std_minutes(), time!(0:01));
    |                                               ^^^^
    |
    = note: import resolution is stuck, try simplifying macro imports

error: cannot determine resolution for the macro `time`
   --> tests/integration/time.rs:279:16
    |
279 |     assert_eq!(time!(0:00) + 1.std_hours(), time!(1:00));
    |                ^^^^
    |
    = note: import resolution is stuck, try simplifying macro imports

error: cannot determine resolution for the macro `time`
   --> tests/integration/time.rs:279:45
    |
279 |     assert_eq!(time!(0:00) + 1.std_hours(), time!(1:00));
    |                                             ^^^^
    |
    = note: import resolution is stuck, try simplifying macro imports

error: cannot determine resolution for the macro `time`
   --> tests/integration/time.rs:280:16
    |
280 |     assert_eq!(time!(0:00) + 1.std_days(), time!(0:00));
    |                ^^^^
    |
    = note: import resolution is stuck, try simplifying macro imports

error: cannot determine resolution for the macro `time`
   --> tests/integration/time.rs:280:44
    |
280 |     assert_eq!(time!(0:00) + 1.std_days(), time!(0:00));
    |                                            ^^^^
    |
    = note: import resolution is stuck, try simplifying macro imports

error: cannot determine resolution for the macro `time`
   --> tests/integration/time.rs:285:20
    |
285 |     let mut time = time!(0:00);
    |                    ^^^^
    |
    = note: import resolution is stuck, try simplifying macro imports

error: cannot determine resolution for the macro `time`
   --> tests/integration/time.rs:288:22
    |
288 |     assert_eq!(time, time!(0:00:01));
    |                      ^^^^
    |
    = note: import resolution is stuck, try simplifying macro imports

error: cannot determine resolution for the macro `time`
   --> tests/integration/time.rs:291:22
    |
291 |     assert_eq!(time, time!(0:01:01));
    |                      ^^^^
    |
    = note: import resolution is stuck, try simplifying macro imports

error: cannot determine resolution for the macro `time`
   --> tests/integration/time.rs:294:22
    |
294 |     assert_eq!(time, time!(1:01:01));
    |                      ^^^^
    |
    = note: import resolution is stuck, try simplifying macro imports

error: cannot determine resolution for the macro `time`
   --> tests/integration/time.rs:297:22
    |
297 |     assert_eq!(time, time!(1:01:01));
    |                      ^^^^
    |
    = note: import resolution is stuck, try simplifying macro imports

error: cannot determine resolution for the macro `time`
   --> tests/integration/time.rs:302:16
    |
302 |     assert_eq!(time!(12:00) - 1.std_hours(), time!(11:00));
    |                ^^^^
    |
    = note: import resolution is stuck, try simplifying macro imports

error: cannot determine resolution for the macro `time`
   --> tests/integration/time.rs:302:46
    |
302 |     assert_eq!(time!(12:00) - 1.std_hours(), time!(11:00));
    |                                              ^^^^
    |
    = note: import resolution is stuck, try simplifying macro imports

error: cannot determine resolution for the macro `time`
   --> tests/integration/time.rs:305:16
    |
305 |     assert_eq!(time!(0:00) - 1.std_milliseconds(), time!(23:59:59.999));
    |                ^^^^
    |
    = note: import resolution is stuck, try simplifying macro imports

error: cannot determine resolution for the macro `time`
   --> tests/integration/time.rs:305:52
    |
305 |     assert_eq!(time!(0:00) - 1.std_milliseconds(), time!(23:59:59.999));
    |                                                    ^^^^
    |
    = note: import resolution is stuck, try simplifying macro imports

error: cannot determine resolution for the macro `time`
   --> tests/integration/time.rs:306:16
    |
306 |     assert_eq!(time!(0:00) - 1.std_seconds(), time!(23:59:59));
    |                ^^^^
    |
    = note: import resolution is stuck, try simplifying macro imports

error: cannot determine resolution for the macro `time`
   --> tests/integration/time.rs:306:47
    |
306 |     assert_eq!(time!(0:00) - 1.std_seconds(), time!(23:59:59));
    |                                               ^^^^
    |
    = note: import resolution is stuck, try simplifying macro imports

error: cannot determine resolution for the macro `time`
   --> tests/integration/time.rs:307:16
    |
307 |     assert_eq!(time!(0:00) - 1.std_minutes(), time!(23:59));
    |                ^^^^
    |
    = note: import resolution is stuck, try simplifying macro imports

error: cannot determine resolution for the macro `time`
   --> tests/integration/time.rs:307:47
    |
307 |     assert_eq!(time!(0:00) - 1.std_minutes(), time!(23:59));
    |                                               ^^^^
    |
    = note: import resolution is stuck, try simplifying macro imports

error: cannot determine resolution for the macro `time`
   --> tests/integration/time.rs:308:16
    |
308 |     assert_eq!(time!(0:00) - 1.std_hours(), time!(23:00));
    |                ^^^^
    |
    = note: import resolution is stuck, try simplifying macro imports

error: cannot determine resolution for the macro `time`
   --> tests/integration/time.rs:308:45
    |
308 |     assert_eq!(time!(0:00) - 1.std_hours(), time!(23:00));
    |                                             ^^^^
    |
    = note: import resolution is stuck, try simplifying macro imports

error: cannot determine resolution for the macro `time`
   --> tests/integration/time.rs:309:16
    |
309 |     assert_eq!(time!(0:00) - 1.std_days(), time!(0:00));
    |                ^^^^
    |
    = note: import resolution is stuck, try simplifying macro imports

error: cannot determine resolution for the macro `time`
   --> tests/integration/time.rs:309:44
    |
309 |     assert_eq!(time!(0:00) - 1.std_days(), time!(0:00));
    |                                            ^^^^
    |
    = note: import resolution is stuck, try simplifying macro imports

error: cannot determine resolution for the macro `time`
   --> tests/integration/time.rs:314:20
    |
314 |     let mut time = time!(0:00);
    |                    ^^^^
    |
    = note: import resolution is stuck, try simplifying macro imports

error: cannot determine resolution for the macro `time`
   --> tests/integration/time.rs:317:22
    |
317 |     assert_eq!(time, time!(23:59:59));
    |                      ^^^^
    |
    = note: import resolution is stuck, try simplifying macro imports

error: cannot determine resolution for the macro `time`
   --> tests/integration/time.rs:320:22
    |
320 |     assert_eq!(time, time!(23:58:59));
    |                      ^^^^
    |
    = note: import resolution is stuck, try simplifying macro imports

error: cannot determine resolution for the macro `time`
   --> tests/integration/time.rs:323:22
    |
323 |     assert_eq!(time, time!(22:58:59));
    |                      ^^^^
    |
    = note: import resolution is stuck, try simplifying macro imports

error: cannot determine resolution for the macro `time`
   --> tests/integration/time.rs:326:22
    |
326 |     assert_eq!(time, time!(22:58:59));
    |                      ^^^^
    |
    = note: import resolution is stuck, try simplifying macro imports

error: cannot determine resolution for the macro `time`
   --> tests/integration/time.rs:331:16
    |
331 |     assert_eq!(time!(0:00) - time!(0:00), 0.seconds());
    |                ^^^^
    |
    = note: import resolution is stuck, try simplifying macro imports

error: cannot determine resolution for the macro `time`
   --> tests/integration/time.rs:331:30
    |
331 |     assert_eq!(time!(0:00) - time!(0:00), 0.seconds());
    |                              ^^^^
    |
    = note: import resolution is stuck, try simplifying macro imports

error: cannot determine resolution for the macro `time`
   --> tests/integration/time.rs:332:16
    |
332 |     assert_eq!(time!(1:00) - time!(0:00), 1.hours());
    |                ^^^^
    |
    = note: import resolution is stuck, try simplifying macro imports

error: cannot determine resolution for the macro `time`
   --> tests/integration/time.rs:332:30
    |
332 |     assert_eq!(time!(1:00) - time!(0:00), 1.hours());
    |                              ^^^^
    |
    = note: import resolution is stuck, try simplifying macro imports

error: cannot determine resolution for the macro `time`
   --> tests/integration/time.rs:333:16
    |
333 |     assert_eq!(time!(1:00) - time!(0:00:01), 59.minutes() + 59.seconds());
    |                ^^^^
    |
    = note: import resolution is stuck, try simplifying macro imports

error: cannot determine resolution for the macro `time`
   --> tests/integration/time.rs:333:30
    |
333 |     assert_eq!(time!(1:00) - time!(0:00:01), 59.minutes() + 59.seconds());
    |                              ^^^^
    |
    = note: import resolution is stuck, try simplifying macro imports

error: cannot determine resolution for the macro `time`
   --> tests/integration/time.rs:338:13
    |
338 |     assert!(time!(0:00) < time!(0:00:00.000_000_001));
    |             ^^^^
    |
    = note: import resolution is stuck, try simplifying macro imports

error: cannot determine resolution for the macro `time`
   --> tests/integration/time.rs:338:27
    |
338 |     assert!(time!(0:00) < time!(0:00:00.000_000_001));
    |                           ^^^^
    |
    = note: import resolution is stuck, try simplifying macro imports

error: cannot determine resolution for the macro `time`
   --> tests/integration/time.rs:339:13
    |
339 |     assert!(time!(0:00) < time!(0:00:01));
    |             ^^^^
    |
    = note: import resolution is stuck, try simplifying macro imports

error: cannot determine resolution for the macro `time`
   --> tests/integration/time.rs:339:27
    |
339 |     assert!(time!(0:00) < time!(0:00:01));
    |                           ^^^^
    |
    = note: import resolution is stuck, try simplifying macro imports

error: cannot determine resolution for the macro `time`
   --> tests/integration/time.rs:340:13
    |
340 |     assert!(time!(12:00) > time!(11:00));
    |             ^^^^
    |
    = note: import resolution is stuck, try simplifying macro imports

error: cannot determine resolution for the macro `time`
   --> tests/integration/time.rs:340:28
    |
340 |     assert!(time!(12:00) > time!(11:00));
    |                            ^^^^
    |
    = note: import resolution is stuck, try simplifying macro imports

error: cannot determine resolution for the macro `time`
   --> tests/integration/time.rs:341:16
    |
341 |     assert_eq!(time!(0:00), time!(0:00));
    |                ^^^^
    |
    = note: import resolution is stuck, try simplifying macro imports

error: cannot determine resolution for the macro `time`
   --> tests/integration/time.rs:341:29
    |
341 |     assert_eq!(time!(0:00), time!(0:00));
    |                             ^^^^
    |
    = note: import resolution is stuck, try simplifying macro imports

error: cannot determine resolution for the macro `time`
   --> tests/integration/time.rs:346:16
    |
346 |     assert_eq!(time!(0:00) - time!(01:00:00.1), (-3600.1).seconds());
    |                ^^^^
    |
    = note: import resolution is stuck, try simplifying macro imports

error: cannot determine resolution for the macro `time`
   --> tests/integration/time.rs:346:30
    |
346 |     assert_eq!(time!(0:00) - time!(01:00:00.1), (-3600.1).seconds());
    |                              ^^^^
    |
    = note: import resolution is stuck, try simplifying macro imports

error: cannot determine resolution for the macro `time`
   --> tests/integration/time.rs:348:9
    |
348 |         time!(0:00) - time!(23:59:59.999_999_999),
    |         ^^^^
    |
    = note: import resolution is stuck, try simplifying macro imports

error: cannot determine resolution for the macro `time`
   --> tests/integration/time.rs:348:23
    |
348 |         time!(0:00) - time!(23:59:59.999_999_999),
    |                       ^^^^
    |
    = note: import resolution is stuck, try simplifying macro imports

error: cannot determine resolution for the macro `offset`
 --> tests/integration/utc_offset.rs:6:16
  |
6 |     assert_eq!(offset!(UTC), offset!(+0));
  |                ^^^^^^
  |
  = note: import resolution is stuck, try simplifying macro imports

error: cannot determine resolution for the macro `offset`
 --> tests/integration/utc_offset.rs:6:30
  |
6 |     assert_eq!(offset!(UTC), offset!(+0));
  |                              ^^^^^^
  |
  = note: import resolution is stuck, try simplifying macro imports

error: cannot determine resolution for the macro `offset`
  --> tests/integration/utc_offset.rs:11:49
   |
11 |     assert_eq!(UtcOffset::from_hms(0, 0, 0), Ok(offset!(UTC)));
   |                                                 ^^^^^^
   |
   = note: import resolution is stuck, try simplifying macro imports

error: cannot determine resolution for the macro `offset`
  --> tests/integration/utc_offset.rs:12:49
   |
12 |     assert_eq!(UtcOffset::from_hms(0, 0, 1), Ok(offset!(+0:00:01)));
   |                                                 ^^^^^^
   |
   = note: import resolution is stuck, try simplifying macro imports

error: cannot determine resolution for the macro `offset`
  --> tests/integration/utc_offset.rs:13:50
   |
13 |     assert_eq!(UtcOffset::from_hms(0, 0, -1), Ok(offset!(-0:00:01)));
   |                                                  ^^^^^^
   |
   = note: import resolution is stuck, try simplifying macro imports

error: cannot determine resolution for the macro `offset`
  --> tests/integration/utc_offset.rs:14:49
   |
14 |     assert_eq!(UtcOffset::from_hms(1, 0, 0), Ok(offset!(+1)));
   |                                                 ^^^^^^
   |
   = note: import resolution is stuck, try simplifying macro imports

error: cannot determine resolution for the macro `offset`
  --> tests/integration/utc_offset.rs:15:50
   |
15 |     assert_eq!(UtcOffset::from_hms(-1, 0, 0), Ok(offset!(-1)));
   |                                                  ^^^^^^
   |
   = note: import resolution is stuck, try simplifying macro imports

error: cannot determine resolution for the macro `offset`
  --> tests/integration/utc_offset.rs:16:51
   |
16 |     assert_eq!(UtcOffset::from_hms(23, 59, 0), Ok(offset!(+23:59)));
   |                                                   ^^^^^^
   |
   = note: import resolution is stuck, try simplifying macro imports

error: cannot determine resolution for the macro `offset`
  --> tests/integration/utc_offset.rs:17:53
   |
17 |     assert_eq!(UtcOffset::from_hms(-23, -59, 0), Ok(offset!(-23:59)));
   |                                                     ^^^^^^
   |
   = note: import resolution is stuck, try simplifying macro imports

error: cannot determine resolution for the macro `offset`
  --> tests/integration/utc_offset.rs:18:52
   |
18 |     assert_eq!(UtcOffset::from_hms(23, 59, 59), Ok(offset!(+23:59:59)));
   |                                                    ^^^^^^
   |
   = note: import resolution is stuck, try simplifying macro imports

error: cannot determine resolution for the macro `offset`
  --> tests/integration/utc_offset.rs:19:55
   |
19 |     assert_eq!(UtcOffset::from_hms(-23, -59, -59), Ok(offset!(-23:59:59)));
   |                                                       ^^^^^^
   |
   = note: import resolution is stuck, try simplifying macro imports

error: cannot determine resolution for the macro `offset`
  --> tests/integration/utc_offset.rs:28:53
   |
28 |     assert_eq!(UtcOffset::from_whole_seconds(0), Ok(offset!(UTC)));
   |                                                     ^^^^^^
   |
   = note: import resolution is stuck, try simplifying macro imports

error: cannot determine resolution for the macro `offset`
  --> tests/integration/utc_offset.rs:29:53
   |
29 |     assert_eq!(UtcOffset::from_whole_seconds(1), Ok(offset!(+0:00:01)));
   |                                                     ^^^^^^
   |
   = note: import resolution is stuck, try simplifying macro imports

error: cannot determine resolution for the macro `offset`
  --> tests/integration/utc_offset.rs:30:54
   |
30 |     assert_eq!(UtcOffset::from_whole_seconds(-1), Ok(offset!(-0:00:01)));
   |                                                      ^^^^^^
   |
   = note: import resolution is stuck, try simplifying macro imports

error: cannot determine resolution for the macro `offset`
  --> tests/integration/utc_offset.rs:31:57
   |
31 |     assert_eq!(UtcOffset::from_whole_seconds(3_600), Ok(offset!(+1)));
   |                                                         ^^^^^^
   |
   = note: import resolution is stuck, try simplifying macro imports

error: cannot determine resolution for the macro `offset`
  --> tests/integration/utc_offset.rs:32:58
   |
32 |     assert_eq!(UtcOffset::from_whole_seconds(-3_600), Ok(offset!(-1)));
   |                                                          ^^^^^^
   |
   = note: import resolution is stuck, try simplifying macro imports

error: cannot determine resolution for the macro `offset`
  --> tests/integration/utc_offset.rs:33:58
   |
33 |     assert_eq!(UtcOffset::from_whole_seconds(86_340), Ok(offset!(+23:59)));
   |                                                          ^^^^^^
   |
   = note: import resolution is stuck, try simplifying macro imports

error: cannot determine resolution for the macro `offset`
  --> tests/integration/utc_offset.rs:34:59
   |
34 |     assert_eq!(UtcOffset::from_whole_seconds(-86_340), Ok(offset!(-23:59)));
   |                                                           ^^^^^^
   |
   = note: import resolution is stuck, try simplifying macro imports

error: cannot determine resolution for the macro `offset`
  --> tests/integration/utc_offset.rs:37:12
   |
37 |         Ok(offset!(+23:59:59))
   |            ^^^^^^
   |
   = note: import resolution is stuck, try simplifying macro imports

error: cannot determine resolution for the macro `offset`
  --> tests/integration/utc_offset.rs:41:12
   |
41 |         Ok(offset!(-23:59:59))
   |            ^^^^^^
   |
   = note: import resolution is stuck, try simplifying macro imports

error: cannot determine resolution for the macro `offset`
  --> tests/integration/utc_offset.rs:47:16
   |
47 |     assert_eq!(offset!(UTC).as_hms(), (0, 0, 0));
   |                ^^^^^^
   |
   = note: import resolution is stuck, try simplifying macro imports

error: cannot determine resolution for the macro `offset`
  --> tests/integration/utc_offset.rs:48:16
   |
48 |     assert_eq!(offset!(+0:00:01).as_hms(), (0, 0, 1));
   |                ^^^^^^
   |
   = note: import resolution is stuck, try simplifying macro imports

error: cannot determine resolution for the macro `offset`
  --> tests/integration/utc_offset.rs:49:16
   |
49 |     assert_eq!(offset!(-0:00:01).as_hms(), (0, 0, -1));
   |                ^^^^^^
   |
   = note: import resolution is stuck, try simplifying macro imports

error: cannot determine resolution for the macro `offset`
  --> tests/integration/utc_offset.rs:50:16
   |
50 |     assert_eq!(offset!(+1).as_hms(), (1, 0, 0));
   |                ^^^^^^
   |
   = note: import resolution is stuck, try simplifying macro imports

error: cannot determine resolution for the macro `offset`
  --> tests/integration/utc_offset.rs:51:16
   |
51 |     assert_eq!(offset!(-1).as_hms(), (-1, 0, 0));
   |                ^^^^^^
   |
   = note: import resolution is stuck, try simplifying macro imports

error: cannot determine resolution for the macro `offset`
  --> tests/integration/utc_offset.rs:52:16
   |
52 |     assert_eq!(offset!(+23:59).as_hms(), (23, 59, 0));
   |                ^^^^^^
   |
   = note: import resolution is stuck, try simplifying macro imports

error: cannot determine resolution for the macro `offset`
  --> tests/integration/utc_offset.rs:53:16
   |
53 |     assert_eq!(offset!(-23:59).as_hms(), (-23, -59, 0));
   |                ^^^^^^
   |
   = note: import resolution is stuck, try simplifying macro imports

error: cannot determine resolution for the macro `offset`
  --> tests/integration/utc_offset.rs:54:16
   |
54 |     assert_eq!(offset!(+23:59:59).as_hms(), (23, 59, 59));
   |                ^^^^^^
   |
   = note: import resolution is stuck, try simplifying macro imports

error: cannot determine resolution for the macro `offset`
  --> tests/integration/utc_offset.rs:55:16
   |
55 |     assert_eq!(offset!(-23:59:59).as_hms(), (-23, -59, -59));
   |                ^^^^^^
   |
   = note: import resolution is stuck, try simplifying macro imports

error: cannot determine resolution for the macro `offset`
  --> tests/integration/utc_offset.rs:60:16
   |
60 |     assert_eq!(offset!(+1:02:03).whole_hours(), 1);
   |                ^^^^^^
   |
   = note: import resolution is stuck, try simplifying macro imports

error: cannot determine resolution for the macro `offset`
  --> tests/integration/utc_offset.rs:61:16
   |
61 |     assert_eq!(offset!(-1:02:03).whole_hours(), -1);
   |                ^^^^^^
   |
   = note: import resolution is stuck, try simplifying macro imports

error: cannot determine resolution for the macro `offset`
  --> tests/integration/utc_offset.rs:66:16
   |
66 |     assert_eq!(offset!(+1:02:03).whole_minutes(), 62);
   |                ^^^^^^
   |
   = note: import resolution is stuck, try simplifying macro imports

error: cannot determine resolution for the macro `offset`
  --> tests/integration/utc_offset.rs:67:16
   |
67 |     assert_eq!(offset!(-1:02:03).whole_minutes(), -62);
   |                ^^^^^^
   |
   = note: import resolution is stuck, try simplifying macro imports

error: cannot determine resolution for the macro `offset`
  --> tests/integration/utc_offset.rs:72:16
   |
72 |     assert_eq!(offset!(+1:02:03).minutes_past_hour(), 2);
   |                ^^^^^^
   |
   = note: import resolution is stuck, try simplifying macro imports

error: cannot determine resolution for the macro `offset`
  --> tests/integration/utc_offset.rs:73:16
   |
73 |     assert_eq!(offset!(-1:02:03).minutes_past_hour(), -2);
   |                ^^^^^^
   |
   = note: import resolution is stuck, try simplifying macro imports

error: cannot determine resolution for the macro `offset`
  --> tests/integration/utc_offset.rs:78:16
   |
78 |     assert_eq!(offset!(UTC).whole_seconds(), 0);
   |                ^^^^^^
   |
   = note: import resolution is stuck, try simplifying macro imports

error: cannot determine resolution for the macro `offset`
  --> tests/integration/utc_offset.rs:79:16
   |
79 |     assert_eq!(offset!(+0:00:01).whole_seconds(), 1);
   |                ^^^^^^
   |
   = note: import resolution is stuck, try simplifying macro imports

error: cannot determine resolution for the macro `offset`
  --> tests/integration/utc_offset.rs:80:16
   |
80 |     assert_eq!(offset!(-0:00:01).whole_seconds(), -1);
   |                ^^^^^^
   |
   = note: import resolution is stuck, try simplifying macro imports

error: cannot determine resolution for the macro `offset`
  --> tests/integration/utc_offset.rs:81:16
   |
81 |     assert_eq!(offset!(+1).whole_seconds(), 3_600);
   |                ^^^^^^
   |
   = note: import resolution is stuck, try simplifying macro imports

error: cannot determine resolution for the macro `offset`
  --> tests/integration/utc_offset.rs:82:16
   |
82 |     assert_eq!(offset!(-1).whole_seconds(), -3_600);
   |                ^^^^^^
   |
   = note: import resolution is stuck, try simplifying macro imports

error: cannot determine resolution for the macro `offset`
  --> tests/integration/utc_offset.rs:83:16
   |
83 |     assert_eq!(offset!(+23:59).whole_seconds(), 86_340);
   |                ^^^^^^
   |
   = note: import resolution is stuck, try simplifying macro imports

error: cannot determine resolution for the macro `offset`
  --> tests/integration/utc_offset.rs:84:16
   |
84 |     assert_eq!(offset!(-23:59).whole_seconds(), -86_340);
   |                ^^^^^^
   |
   = note: import resolution is stuck, try simplifying macro imports

error: cannot determine resolution for the macro `offset`
  --> tests/integration/utc_offset.rs:85:16
   |
85 |     assert_eq!(offset!(+23:59:59).whole_seconds(), 86_399);
   |                ^^^^^^
   |
   = note: import resolution is stuck, try simplifying macro imports

error: cannot determine resolution for the macro `offset`
  --> tests/integration/utc_offset.rs:86:16
   |
86 |     assert_eq!(offset!(-23:59:59).whole_seconds(), -86_399);
   |                ^^^^^^
   |
   = note: import resolution is stuck, try simplifying macro imports

error: cannot determine resolution for the macro `offset`
  --> tests/integration/utc_offset.rs:91:16
   |
91 |     assert_eq!(offset!(+1:02:03).seconds_past_minute(), 3);
   |                ^^^^^^
   |
   = note: import resolution is stuck, try simplifying macro imports

error: cannot determine resolution for the macro `offset`
  --> tests/integration/utc_offset.rs:92:16
   |
92 |     assert_eq!(offset!(-1:02:03).seconds_past_minute(), -3);
   |                ^^^^^^
   |
   = note: import resolution is stuck, try simplifying macro imports

error: cannot determine resolution for the macro `offset`
  --> tests/integration/utc_offset.rs:97:13
   |
97 |     assert!(offset!(UTC).is_utc());
   |             ^^^^^^
   |
   = note: import resolution is stuck, try simplifying macro imports

error: cannot determine resolution for the macro `offset`
  --> tests/integration/utc_offset.rs:98:14
   |
98 |     assert!(!offset!(+0:00:01).is_utc());
   |              ^^^^^^
   |
   = note: import resolution is stuck, try simplifying macro imports

error: cannot determine resolution for the macro `offset`
  --> tests/integration/utc_offset.rs:99:14
   |
99 |     assert!(!offset!(-0:00:01).is_utc());
   |              ^^^^^^
   |
   = note: import resolution is stuck, try simplifying macro imports

error: cannot determine resolution for the macro `offset`
   --> tests/integration/utc_offset.rs:100:14
    |
100 |     assert!(!offset!(+1).is_utc());
    |              ^^^^^^
    |
    = note: import resolution is stuck, try simplifying macro imports

error: cannot determine resolution for the macro `offset`
   --> tests/integration/utc_offset.rs:101:14
    |
101 |     assert!(!offset!(-1).is_utc());
    |              ^^^^^^
    |
    = note: import resolution is stuck, try simplifying macro imports

error: cannot determine resolution for the macro `offset`
   --> tests/integration/utc_offset.rs:102:14
    |
102 |     assert!(!offset!(+23:59).is_utc());
    |              ^^^^^^
    |
    = note: import resolution is stuck, try simplifying macro imports

error: cannot determine resolution for the macro `offset`
   --> tests/integration/utc_offset.rs:103:14
    |
103 |     assert!(!offset!(-23:59).is_utc());
    |              ^^^^^^
    |
    = note: import resolution is stuck, try simplifying macro imports

error: cannot determine resolution for the macro `offset`
   --> tests/integration/utc_offset.rs:104:14
    |
104 |     assert!(!offset!(+23:59:59).is_utc());
    |              ^^^^^^
    |
    = note: import resolution is stuck, try simplifying macro imports

error: cannot determine resolution for the macro `offset`
   --> tests/integration/utc_offset.rs:105:14
    |
105 |     assert!(!offset!(-23:59:59).is_utc());
    |              ^^^^^^
    |
    = note: import resolution is stuck, try simplifying macro imports

error: cannot determine resolution for the macro `offset`
   --> tests/integration/utc_offset.rs:110:14
    |
110 |     assert!(!offset!(UTC).is_positive());
    |              ^^^^^^
    |
    = note: import resolution is stuck, try simplifying macro imports

error: cannot determine resolution for the macro `offset`
   --> tests/integration/utc_offset.rs:111:13
    |
111 |     assert!(offset!(+0:00:01).is_positive());
    |             ^^^^^^
    |
    = note: import resolution is stuck, try simplifying macro imports

error: cannot determine resolution for the macro `offset`
   --> tests/integration/utc_offset.rs:112:14
    |
112 |     assert!(!offset!(-0:00:01).is_positive());
    |              ^^^^^^
    |
    = note: import resolution is stuck, try simplifying macro imports

error: cannot determine resolution for the macro `offset`
   --> tests/integration/utc_offset.rs:113:13
    |
113 |     assert!(offset!(+1).is_positive());
    |             ^^^^^^
    |
    = note: import resolution is stuck, try simplifying macro imports

error: cannot determine resolution for the macro `offset`
   --> tests/integration/utc_offset.rs:114:14
    |
114 |     assert!(!offset!(-1).is_positive());
    |              ^^^^^^
    |
    = note: import resolution is stuck, try simplifying macro imports

error: cannot determine resolution for the macro `offset`
   --> tests/integration/utc_offset.rs:115:13
    |
115 |     assert!(offset!(+23:59).is_positive());
    |             ^^^^^^
    |
    = note: import resolution is stuck, try simplifying macro imports

error: cannot determine resolution for the macro `offset`
   --> tests/integration/utc_offset.rs:116:14
    |
116 |     assert!(!offset!(-23:59).is_positive());
    |              ^^^^^^
    |
    = note: import resolution is stuck, try simplifying macro imports

error: cannot determine resolution for the macro `offset`
   --> tests/integration/utc_offset.rs:117:13
    |
117 |     assert!(offset!(+23:59:59).is_positive());
    |             ^^^^^^
    |
    = note: import resolution is stuck, try simplifying macro imports

error: cannot determine resolution for the macro `offset`
   --> tests/integration/utc_offset.rs:118:14
    |
118 |     assert!(!offset!(-23:59:59).is_positive());
    |              ^^^^^^
    |
    = note: import resolution is stuck, try simplifying macro imports

error: cannot determine resolution for the macro `offset`
   --> tests/integration/utc_offset.rs:123:14
    |
123 |     assert!(!offset!(UTC).is_negative());
    |              ^^^^^^
    |
    = note: import resolution is stuck, try simplifying macro imports

error: cannot determine resolution for the macro `offset`
   --> tests/integration/utc_offset.rs:124:14
    |
124 |     assert!(!offset!(+0:00:01).is_negative());
    |              ^^^^^^
    |
    = note: import resolution is stuck, try simplifying macro imports

error: cannot determine resolution for the macro `offset`
   --> tests/integration/utc_offset.rs:125:13
    |
125 |     assert!(offset!(-0:00:01).is_negative());
    |             ^^^^^^
    |
    = note: import resolution is stuck, try simplifying macro imports

error: cannot determine resolution for the macro `offset`
   --> tests/integration/utc_offset.rs:126:14
    |
126 |     assert!(!offset!(+1).is_negative());
    |              ^^^^^^
    |
    = note: import resolution is stuck, try simplifying macro imports

error: cannot determine resolution for the macro `offset`
   --> tests/integration/utc_offset.rs:127:13
    |
127 |     assert!(offset!(-1).is_negative());
    |             ^^^^^^
    |
    = note: import resolution is stuck, try simplifying macro imports

error: cannot determine resolution for the macro `offset`
   --> tests/integration/utc_offset.rs:128:14
    |
128 |     assert!(!offset!(+23:59).is_negative());
    |              ^^^^^^
    |
    = note: import resolution is stuck, try simplifying macro imports

error: cannot determine resolution for the macro `offset`
   --> tests/integration/utc_offset.rs:129:13
    |
129 |     assert!(offset!(-23:59).is_negative());
    |             ^^^^^^
    |
    = note: import resolution is stuck, try simplifying macro imports

error: cannot determine resolution for the macro `offset`
   --> tests/integration/utc_offset.rs:130:14
    |
130 |     assert!(!offset!(+23:59:59).is_negative());
    |              ^^^^^^
    |
    = note: import resolution is stuck, try simplifying macro imports

error: cannot determine resolution for the macro `offset`
   --> tests/integration/utc_offset.rs:131:13
    |
131 |     assert!(offset!(-23:59:59).is_negative());
    |             ^^^^^^
    |
    = note: import resolution is stuck, try simplifying macro imports

error: cannot determine resolution for the macro `offset`
   --> tests/integration/utc_offset.rs:136:17
    |
136 |     assert_eq!(-offset!(UTC), offset!(UTC));
    |                 ^^^^^^
    |
    = note: import resolution is stuck, try simplifying macro imports

error: cannot determine resolution for the macro `offset`
   --> tests/integration/utc_offset.rs:136:31
    |
136 |     assert_eq!(-offset!(UTC), offset!(UTC));
    |                               ^^^^^^
    |
    = note: import resolution is stuck, try simplifying macro imports

error: cannot determine resolution for the macro `offset`
   --> tests/integration/utc_offset.rs:137:17
    |
137 |     assert_eq!(-offset!(+0:00:01), offset!(-0:00:01));
    |                 ^^^^^^
    |
    = note: import resolution is stuck, try simplifying macro imports

error: cannot determine resolution for the macro `offset`
   --> tests/integration/utc_offset.rs:137:36
    |
137 |     assert_eq!(-offset!(+0:00:01), offset!(-0:00:01));
    |                                    ^^^^^^
    |
    = note: import resolution is stuck, try simplifying macro imports

error: cannot determine resolution for the macro `offset`
   --> tests/integration/utc_offset.rs:138:17
    |
138 |     assert_eq!(-offset!(-0:00:01), offset!(+0:00:01));
    |                 ^^^^^^
    |
    = note: import resolution is stuck, try simplifying macro imports

error: cannot determine resolution for the macro `offset`
   --> tests/integration/utc_offset.rs:138:36
    |
138 |     assert_eq!(-offset!(-0:00:01), offset!(+0:00:01));
    |                                    ^^^^^^
    |
    = note: import resolution is stuck, try simplifying macro imports

error: cannot determine resolution for the macro `offset`
   --> tests/integration/utc_offset.rs:139:17
    |
139 |     assert_eq!(-offset!(+1), offset!(-1));
    |                 ^^^^^^
    |
    = note: import resolution is stuck, try simplifying macro imports

error: cannot determine resolution for the macro `offset`
   --> tests/integration/utc_offset.rs:139:30
    |
139 |     assert_eq!(-offset!(+1), offset!(-1));
    |                              ^^^^^^
    |
    = note: import resolution is stuck, try simplifying macro imports

error: cannot determine resolution for the macro `offset`
   --> tests/integration/utc_offset.rs:140:17
    |
140 |     assert_eq!(-offset!(-1), offset!(+1));
    |                 ^^^^^^
    |
    = note: import resolution is stuck, try simplifying macro imports

error: cannot determine resolution for the macro `offset`
   --> tests/integration/utc_offset.rs:140:30
    |
140 |     assert_eq!(-offset!(-1), offset!(+1));
    |                              ^^^^^^
    |
    = note: import resolution is stuck, try simplifying macro imports

error: cannot determine resolution for the macro `offset`
   --> tests/integration/utc_offset.rs:141:17
    |
141 |     assert_eq!(-offset!(+23:59), offset!(-23:59));
    |                 ^^^^^^
    |
    = note: import resolution is stuck, try simplifying macro imports

error: cannot determine resolution for the macro `offset`
   --> tests/integration/utc_offset.rs:141:34
    |
141 |     assert_eq!(-offset!(+23:59), offset!(-23:59));
    |                                  ^^^^^^
    |
    = note: import resolution is stuck, try simplifying macro imports

error: cannot determine resolution for the macro `offset`
   --> tests/integration/utc_offset.rs:142:17
    |
142 |     assert_eq!(-offset!(-23:59), offset!(+23:59));
    |                 ^^^^^^
    |
    = note: import resolution is stuck, try simplifying macro imports

error: cannot determine resolution for the macro `offset`
   --> tests/integration/utc_offset.rs:142:34
    |
142 |     assert_eq!(-offset!(-23:59), offset!(+23:59));
    |                                  ^^^^^^
    |
    = note: import resolution is stuck, try simplifying macro imports

error: cannot determine resolution for the macro `offset`
   --> tests/integration/utc_offset.rs:143:17
    |
143 |     assert_eq!(-offset!(+23:59:59), offset!(-23:59:59));
    |                 ^^^^^^
    |
    = note: import resolution is stuck, try simplifying macro imports

error[E0599]: no method named `num_digits` found for type `u32` in the current scope
  --> src/tests.rs:47:26
   |
47 |     assert_eq!(9_999_u32.num_digits(), 4);
   |                          ^^^^^^^^^^ method not found in `u32`

error: cannot determine resolution for the macro `offset`
   --> tests/integration/utc_offset.rs:143:37
    |
143 |     assert_eq!(-offset!(+23:59:59), offset!(-23:59:59));
    |                                     ^^^^^^
    |
    = note: import resolution is stuck, try simplifying macro imports

error: cannot determine resolution for the macro `offset`
   --> tests/integration/utc_offset.rs:144:17
    |
144 |     assert_eq!(-offset!(-23:59:59), offset!(+23:59:59));
    |                 ^^^^^^
    |
    = note: import resolution is stuck, try simplifying macro imports

error: cannot determine resolution for the macro `offset`
   --> tests/integration/utc_offset.rs:144:37
    |
144 |     assert_eq!(-offset!(-23:59:59), offset!(+23:59:59));
    |                                     ^^^^^^
    |
    = note: import resolution is stuck, try simplifying macro imports

error[E0599]: no method named `num_digits` found for type `u32` in the current scope
  --> src/tests.rs:48:27
   |
48 |     assert_eq!(10_000_u32.num_digits(), 5);
   |                           ^^^^^^^^^^ method not found in `u32`

error[E0599]: no method named `num_digits` found for type `u32` in the current scope
  --> src/tests.rs:49:27
   |
49 |     assert_eq!(99_999_u32.num_digits(), 5);
   |                           ^^^^^^^^^^ method not found in `u32`

error[E0599]: no method named `num_digits` found for type `u32` in the current scope
  --> src/tests.rs:50:28
   |
50 |     assert_eq!(100_000_u32.num_digits(), 6);
   |                            ^^^^^^^^^^ method not found in `u32`

error[E0599]: no method named `num_digits` found for type `u32` in the current scope
  --> src/tests.rs:51:28
   |
51 |     assert_eq!(999_999_u32.num_digits(), 6);
   |                            ^^^^^^^^^^ method not found in `u32`

error[E0599]: no method named `num_digits` found for type `u32` in the current scope
  --> src/tests.rs:52:30
   |
52 |     assert_eq!(1_000_000_u32.num_digits(), 7);
   |                              ^^^^^^^^^^ method not found in `u32`

error[E0599]: no method named `num_digits` found for type `u32` in the current scope
  --> src/tests.rs:53:30
   |
53 |     assert_eq!(9_999_999_u32.num_digits(), 7);
   |                              ^^^^^^^^^^ method not found in `u32`

error[E0599]: no method named `num_digits` found for type `u32` in the current scope
  --> src/tests.rs:54:31
   |
54 |     assert_eq!(10_000_000_u32.num_digits(), 8);
   |                               ^^^^^^^^^^ method not found in `u32`

error[E0599]: no method named `num_digits` found for type `u32` in the current scope
  --> src/tests.rs:55:31
   |
55 |     assert_eq!(99_999_999_u32.num_digits(), 8);
   |                               ^^^^^^^^^^ method not found in `u32`

error[E0433]: failed to resolve: could not find `format_description` in `time`
  --> tests/integration/error.rs:39:24
   |
39 |         .format(&time::format_description::well_known::Rfc3339)
   |                        ^^^^^^^^^^^^^^^^^^ could not find `format_description` in `time`

error[E0599]: no method named `num_digits` found for type `u32` in the current scope
  --> src/tests.rs:56:32
   |
56 |     assert_eq!(100_000_000_u32.num_digits(), 9);
   |                                ^^^^^^^^^^ method not found in `u32`

error[E0599]: no method named `num_digits` found for type `u32` in the current scope
  --> src/tests.rs:57:32
   |
57 |     assert_eq!(999_999_999_u32.num_digits(), 9);
   |                                ^^^^^^^^^^ method not found in `u32`

error[E0433]: failed to resolve: could not find `format_description` in `time`
  --> tests/integration/main.rs:65:33
   |
65 |           let mut value = ::time::format_description::modifier::$name::default();
   |                                   ^^^^^^^^^^^^^^^^^^ could not find `format_description` in `time`
   |
  ::: tests/integration/macros.rs:34:50
   |
34 |               FormatItem::Component(Component::Day(modifier!(Day {
   |  __________________________________________________-
35 | |                 padding: Padding::Space,
36 | |             }))),
   | |______________- in this macro invocation
   |
   = note: this error originates in the macro `modifier` (in Nightly builds, run with -Z macro-backtrace for more info)

error[E0433]: failed to resolve: could not find `format_description` in `time`
  --> tests/integration/main.rs:65:33
   |
65 |           let mut value = ::time::format_description::modifier::$name::default();
   |                                   ^^^^^^^^^^^^^^^^^^ could not find `format_description` in `time`
   |
  ::: tests/integration/macros.rs:37:50
   |
37 |               FormatItem::Component(Component::Day(modifier!(Day {
   |  __________________________________________________-
38 | |                 padding: Padding::Zero,
39 | |             }))),
   | |______________- in this macro invocation
   |
   = note: this error originates in the macro `modifier` (in Nightly builds, run with -Z macro-backtrace for more info)

error[E0433]: failed to resolve: could not find `format_description` in `time`
  --> tests/integration/main.rs:65:33
   |
65 |           let mut value = ::time::format_description::modifier::$name::default();
   |                                   ^^^^^^^^^^^^^^^^^^ could not find `format_description` in `time`
   |
  ::: tests/integration/macros.rs:40:50
   |
40 |               FormatItem::Component(Component::Day(modifier!(Day {
   |  __________________________________________________-
41 | |                 padding: Padding::None,
42 | |             })))
   | |______________- in this macro invocation
   |
   = note: this error originates in the macro `modifier` (in Nightly builds, run with -Z macro-backtrace for more info)

error[E0599]: no method named `num_digits` found for type `u32` in the current scope
  --> src/tests.rs:58:34
   |
58 |     assert_eq!(1_000_000_000_u32.num_digits(), 10);
   |                                  ^^^^^^^^^^ method not found in `u32`

error[E0433]: failed to resolve: could not find `format_description` in `time`
  --> tests/integration/main.rs:65:33
   |
65 |           let mut value = ::time::format_description::modifier::$name::default();
   |                                   ^^^^^^^^^^^^^^^^^^ could not find `format_description` in `time`
   |
  ::: tests/integration/macros.rs:50:59
   |
50 |               FormatItem::Component(Component::OffsetMinute(modifier!(OffsetMinute {
   |  ___________________________________________________________-
51 | |                 padding: Padding::Space,
52 | |             }))),
   | |______________- in this macro invocation
   |
   = note: this error originates in the macro `modifier` (in Nightly builds, run with -Z macro-backtrace for more info)

error[E0433]: failed to resolve: could not find `format_description` in `time`
  --> tests/integration/main.rs:65:33
   |
65 |           let mut value = ::time::format_description::modifier::$name::default();
   |                                   ^^^^^^^^^^^^^^^^^^ could not find `format_description` in `time`
   |
  ::: tests/integration/macros.rs:53:59
   |
53 |               FormatItem::Component(Component::OffsetMinute(modifier!(OffsetMinute {
   |  ___________________________________________________________-
54 | |                 padding: Padding::Zero,
55 | |             }))),
   | |______________- in this macro invocation
   |
   = note: this error originates in the macro `modifier` (in Nightly builds, run with -Z macro-backtrace for more info)

error[E0433]: failed to resolve: could not find `format_description` in `time`
  --> tests/integration/main.rs:65:33
   |
65 |           let mut value = ::time::format_description::modifier::$name::default();
   |                                   ^^^^^^^^^^^^^^^^^^ could not find `format_description` in `time`
   |
  ::: tests/integration/macros.rs:56:59
   |
56 |               FormatItem::Component(Component::OffsetMinute(modifier!(OffsetMinute {
   |  ___________________________________________________________-
57 | |                 padding: Padding::None,
58 | |             })))
   | |______________- in this macro invocation
   |
   = note: this error originates in the macro `modifier` (in Nightly builds, run with -Z macro-backtrace for more info)

error[E0433]: failed to resolve: could not find `format_description` in `time`
  --> tests/integration/main.rs:65:33
   |
65 |           let mut value = ::time::format_description::modifier::$name::default();
   |                                   ^^^^^^^^^^^^^^^^^^ could not find `format_description` in `time`
   |
  ::: tests/integration/macros.rs:66:59
   |
66 |               FormatItem::Component(Component::OffsetSecond(modifier!(OffsetSecond {
   |  ___________________________________________________________-
67 | |                 padding: Padding::Space,
68 | |             }))),
   | |______________- in this macro invocation
   |
   = note: this error originates in the macro `modifier` (in Nightly builds, run with -Z macro-backtrace for more info)

error[E0433]: failed to resolve: could not find `format_description` in `time`
  --> tests/integration/main.rs:65:33
   |
65 |           let mut value = ::time::format_description::modifier::$name::default();
   |                                   ^^^^^^^^^^^^^^^^^^ could not find `format_description` in `time`
   |
  ::: tests/integration/macros.rs:69:59
   |
69 |               FormatItem::Component(Component::OffsetSecond(modifier!(OffsetSecond {
   |  ___________________________________________________________-
70 | |                 padding: Padding::Zero,
71 | |             }))),
   | |______________- in this macro invocation
   |
   = note: this error originates in the macro `modifier` (in Nightly builds, run with -Z macro-backtrace for more info)

error[E0433]: failed to resolve: could not find `format_description` in `time`
  --> tests/integration/main.rs:65:33
   |
65 |           let mut value = ::time::format_description::modifier::$name::default();
   |                                   ^^^^^^^^^^^^^^^^^^ could not find `format_description` in `time`
   |
  ::: tests/integration/macros.rs:72:59
   |
72 |               FormatItem::Component(Component::OffsetSecond(modifier!(OffsetSecond {
   |  ___________________________________________________________-
73 | |                 padding: Padding::None,
74 | |             }))),
   | |______________- in this macro invocation
   |
   = note: this error originates in the macro `modifier` (in Nightly builds, run with -Z macro-backtrace for more info)

error[E0433]: failed to resolve: could not find `format_description` in `time`
  --> tests/integration/main.rs:65:33
   |
65 |           let mut value = ::time::format_description::modifier::$name::default();
   |                                   ^^^^^^^^^^^^^^^^^^ could not find `format_description` in `time`
   |
  ::: tests/integration/macros.rs:80:54
   |
80 |               FormatItem::Component(Component::Ordinal(modifier!(Ordinal {
   |  ______________________________________________________-
81 | |                 padding: Padding::Space,
82 | |             }))),
   | |______________- in this macro invocation
   |
   = note: this error originates in the macro `modifier` (in Nightly builds, run with -Z macro-backtrace for more info)

error[E0433]: failed to resolve: could not find `format_description` in `time`
  --> tests/integration/main.rs:65:33
   |
65 |           let mut value = ::time::format_description::modifier::$name::default();
   |                                   ^^^^^^^^^^^^^^^^^^ could not find `format_description` in `time`
   |
  ::: tests/integration/macros.rs:83:54
   |
83 |               FormatItem::Component(Component::Ordinal(modifier!(Ordinal {
   |  ______________________________________________________-
84 | |                 padding: Padding::Zero,
85 | |             }))),
   | |______________- in this macro invocation
   |
   = note: this error originates in the macro `modifier` (in Nightly builds, run with -Z macro-backtrace for more info)

error[E0433]: failed to resolve: could not find `format_description` in `time`
  --> tests/integration/main.rs:65:33
   |
65 |           let mut value = ::time::format_description::modifier::$name::default();
   |                                   ^^^^^^^^^^^^^^^^^^ could not find `format_description` in `time`
   |
  ::: tests/integration/macros.rs:86:54
   |
86 |               FormatItem::Component(Component::Ordinal(modifier!(Ordinal {
   |  ______________________________________________________-
87 | |                 padding: Padding::None,
88 | |             }))),
   | |______________- in this macro invocation
   |
   = note: this error originates in the macro `modifier` (in Nightly builds, run with -Z macro-backtrace for more info)

error[E0433]: failed to resolve: could not find `format_description` in `time`
   --> tests/integration/main.rs:65:33
    |
65  |           let mut value = ::time::format_description::modifier::$name::default();
    |                                   ^^^^^^^^^^^^^^^^^^ could not find `format_description` in `time`
    |
   ::: tests/integration/macros.rs:100:55
    |
100 |           &[FormatItem::Component(Component::WeekNumber(modifier!(
    |  _______________________________________________________-
101 | |             WeekNumber {
102 | |                 padding: Padding::Zero,
103 | |                 repr: WeekNumberRepr::Iso,
104 | |             }
105 | |         )))]
    | |_________- in this macro invocation
    |
    = note: this error originates in the macro `modifier` (in Nightly builds, run with -Z macro-backtrace for more info)

error[E0433]: failed to resolve: could not find `format_description` in `time`
   --> tests/integration/main.rs:65:33
    |
65  |           let mut value = ::time::format_description::modifier::$name::default();
    |                                   ^^^^^^^^^^^^^^^^^^ could not find `format_description` in `time`
    |
   ::: tests/integration/macros.rs:118:49
    |
118 |           &[FormatItem::Component(Component::Year(modifier!(Year {
    |  _________________________________________________-
119 | |             repr: YearRepr::Full,
120 | |             iso_week_based: false,
121 | |             padding: Padding::Zero,
122 | |             sign_is_mandatory: false,
123 | |         })))]
    | |__________- in this macro invocation
    |
    = note: this error originates in the macro `modifier` (in Nightly builds, run with -Z macro-backtrace for more info)

Some errors have detailed explanations: E0432, E0433, E0599.
For more information about an error, try `rustc --explain E0432`.
error: could not compile `time` due to 40 previous errors
warning: build failed, waiting for other jobs to finish...
error[E0433]: failed to resolve: could not find `format_description` in `time`
   --> tests/integration/main.rs:65:33
    |
65  |           let mut value = ::time::format_description::modifier::$name::default();
    |                                   ^^^^^^^^^^^^^^^^^^ could not find `format_description` in `time`
    |
   ::: tests/integration/parse_format_description.rs:158:54
    |
158 |           Ok(vec![FormatItem::Component(Component::Day(modifier!(
    |  ______________________________________________________-
159 | |             Day {
160 | |                 padding: Padding::Zero
161 | |             }
162 | |         )))])
    | |_________- in this macro invocation
    |
    = note: this error originates in the macro `modifier` (in Nightly builds, run with -Z macro-backtrace for more info)

error[E0433]: failed to resolve: could not find `format_description` in `time`
   --> tests/integration/main.rs:65:33
    |
65  |           let mut value = ::time::format_description::modifier::$name::default();
    |                                   ^^^^^^^^^^^^^^^^^^ could not find `format_description` in `time`
    |
   ::: tests/integration/parse_format_description.rs:166:55
    |
166 |           Ok(vec![FormatItem::Component(Component::Hour(modifier!(
    |  _______________________________________________________-
167 | |             Hour {
168 | |                 padding: Padding::Zero,
169 | |                 is_12_hour_clock: false
170 | |             }
171 | |         )))])
    | |_________- in this macro invocation
    |
    = note: this error originates in the macro `modifier` (in Nightly builds, run with -Z macro-backtrace for more info)

error[E0433]: failed to resolve: could not find `format_description` in `time`
   --> tests/integration/main.rs:65:33
    |
65  |           let mut value = ::time::format_description::modifier::$name::default();
    |                                   ^^^^^^^^^^^^^^^^^^ could not find `format_description` in `time`
    |
   ::: tests/integration/parse_format_description.rs:175:57
    |
175 |           Ok(vec![FormatItem::Component(Component::Minute(modifier!(
    |  _________________________________________________________-
176 | |             Minute {
177 | |                 padding: Padding::Zero
178 | |             }
179 | |         )))])
    | |_________- in this macro invocation
    |
    = note: this error originates in the macro `modifier` (in Nightly builds, run with -Z macro-backtrace for more info)

error[E0433]: failed to resolve: could not find `format_description` in `time`
   --> tests/integration/main.rs:65:33
    |
65  |           let mut value = ::time::format_description::modifier::$name::default();
    |                                   ^^^^^^^^^^^^^^^^^^ could not find `format_description` in `time`
    |
   ::: tests/integration/parse_format_description.rs:193:13
    |
193 | /             modifier!(OffsetHour {
194 | |                 sign_is_mandatory: false,
195 | |                 padding: Padding::Zero
196 | |             })
    | |______________- in this macro invocation
    |
    = note: this error originates in the macro `modifier` (in Nightly builds, run with -Z macro-backtrace for more info)

error[E0433]: failed to resolve: could not find `format_description` in `time`
   --> tests/integration/main.rs:65:33
    |
65  |           let mut value = ::time::format_description::modifier::$name::default();
    |                                   ^^^^^^^^^^^^^^^^^^ could not find `format_description` in `time`
    |
   ::: tests/integration/parse_format_description.rs:202:13
    |
202 | /             modifier!(OffsetMinute {
203 | |                 padding: Padding::Zero
204 | |             })
    | |______________- in this macro invocation
    |
    = note: this error originates in the macro `modifier` (in Nightly builds, run with -Z macro-backtrace for more info)

error[E0433]: failed to resolve: could not find `format_description` in `time`
   --> tests/integration/main.rs:65:33
    |
65  |           let mut value = ::time::format_description::modifier::$name::default();
    |                                   ^^^^^^^^^^^^^^^^^^ could not find `format_description` in `time`
    |
   ::: tests/integration/parse_format_description.rs:210:13
    |
210 | /             modifier!(OffsetSecond {
211 | |                 padding: Padding::Zero
212 | |             })
    | |______________- in this macro invocation
    |
    = note: this error originates in the macro `modifier` (in Nightly builds, run with -Z macro-backtrace for more info)

error[E0433]: failed to resolve: could not find `format_description` in `time`
   --> tests/integration/main.rs:65:33
    |
65  |           let mut value = ::time::format_description::modifier::$name::default();
    |                                   ^^^^^^^^^^^^^^^^^^ could not find `format_description` in `time`
    |
   ::: tests/integration/parse_format_description.rs:217:58
    |
217 |           Ok(vec![FormatItem::Component(Component::Ordinal(modifier!(
    |  __________________________________________________________-
218 | |             Ordinal {
219 | |                 padding: Padding::Zero
220 | |             }
221 | |         )))])
    | |_________- in this macro invocation
    |
    = note: this error originates in the macro `modifier` (in Nightly builds, run with -Z macro-backtrace for more info)

error[E0433]: failed to resolve: could not find `format_description` in `time`
   --> tests/integration/main.rs:65:33
    |
65  |           let mut value = ::time::format_description::modifier::$name::default();
    |                                   ^^^^^^^^^^^^^^^^^^ could not find `format_description` in `time`
    |
   ::: tests/integration/parse_format_description.rs:225:57
    |
225 |           Ok(vec![FormatItem::Component(Component::Period(modifier!(
    |  _________________________________________________________-
226 | |             Period { is_uppercase: true }
227 | |         )))])
    | |_________- in this macro invocation
    |
    = note: this error originates in the macro `modifier` (in Nightly builds, run with -Z macro-backtrace for more info)

error[E0433]: failed to resolve: could not find `format_description` in `time`
   --> tests/integration/main.rs:65:33
    |
65  |           let mut value = ::time::format_description::modifier::$name::default();
    |                                   ^^^^^^^^^^^^^^^^^^ could not find `format_description` in `time`
    |
   ::: tests/integration/parse_format_description.rs:231:57
    |
231 |           Ok(vec![FormatItem::Component(Component::Second(modifier!(
    |  _________________________________________________________-
232 | |             Second {
233 | |                 padding: Padding::Zero
234 | |             }
235 | |         )))])
    | |_________- in this macro invocation
    |
    = note: this error originates in the macro `modifier` (in Nightly builds, run with -Z macro-backtrace for more info)

error[E0433]: failed to resolve: could not find `format_description` in `time`
   --> tests/integration/main.rs:65:33
    |
65  |           let mut value = ::time::format_description::modifier::$name::default();
    |                                   ^^^^^^^^^^^^^^^^^^ could not find `format_description` in `time`
    |
   ::: tests/integration/parse_format_description.rs:240:13
    |
240 | /             modifier!(Subsecond {
241 | |                 digits: SubsecondDigits::OneOrMore
242 | |             })
    | |______________- in this macro invocation
    |
    = note: this error originates in the macro `modifier` (in Nightly builds, run with -Z macro-backtrace for more info)

error[E0433]: failed to resolve: could not find `format_description` in `time`
   --> tests/integration/main.rs:65:33
    |
65  |           let mut value = ::time::format_description::modifier::$name::default();
    |                                   ^^^^^^^^^^^^^^^^^^ could not find `format_description` in `time`
    |
   ::: tests/integration/parse_format_description.rs:257:13
    |
257 | /             modifier!(WeekNumber {
258 | |                 padding: Padding::Zero,
259 | |                 repr: WeekNumberRepr::Iso
260 | |             })
    | |______________- in this macro invocation
    |
    = note: this error originates in the macro `modifier` (in Nightly builds, run with -Z macro-backtrace for more info)

error[E0433]: failed to resolve: could not find `format_description` in `time`
   --> tests/integration/main.rs:65:33
    |
65  |           let mut value = ::time::format_description::modifier::$name::default();
    |                                   ^^^^^^^^^^^^^^^^^^ could not find `format_description` in `time`
    |
   ::: tests/integration/parse_format_description.rs:265:55
    |
265 |           Ok(vec![FormatItem::Component(Component::Year(modifier!(
    |  _______________________________________________________-
266 | |             Year {
267 | |                 padding: Padding::Zero,
268 | |                 repr: YearRepr::Full,
...   |
271 | |             }
272 | |         )))])
    | |_________- in this macro invocation
    |
    = note: this error originates in the macro `modifier` (in Nightly builds, run with -Z macro-backtrace for more info)

error[E0433]: failed to resolve: could not find `format_description` in `time`
   --> tests/integration/main.rs:65:33
    |
65  |           let mut value = ::time::format_description::modifier::$name::default();
    |                                   ^^^^^^^^^^^^^^^^^^ could not find `format_description` in `time`
    |
   ::: tests/integration/parse_format_description.rs:302:58
    |
302 |               Ok(vec![FormatItem::Component(Component::Day(modifier!(
    |  __________________________________________________________-
303 | |                 Day { padding }
304 | |             )))])
    | |_____________- in this macro invocation
    |
    = note: this error originates in the macro `modifier` (in Nightly builds, run with -Z macro-backtrace for more info)

error[E0433]: failed to resolve: could not find `format_description` in `time`
   --> tests/integration/main.rs:65:33
    |
65  |           let mut value = ::time::format_description::modifier::$name::default();
    |                                   ^^^^^^^^^^^^^^^^^^ could not find `format_description` in `time`
    |
   ::: tests/integration/parse_format_description.rs:308:61
    |
308 |               Ok(vec![FormatItem::Component(Component::Minute(modifier!(
    |  _____________________________________________________________-
309 | |                 Minute { padding }
310 | |             )))])
    | |_____________- in this macro invocation
    |
    = note: this error originates in the macro `modifier` (in Nightly builds, run with -Z macro-backtrace for more info)

error[E0433]: failed to resolve: could not find `format_description` in `time`
   --> tests/integration/main.rs:65:33
    |
65  |         let mut value = ::time::format_description::modifier::$name::default();
    |                                 ^^^^^^^^^^^^^^^^^^ could not find `format_description` in `time`
    |
   ::: tests/integration/parse_format_description.rs:315:17
    |
315 |                 modifier!(OffsetMinute { padding })
    |                 ----------------------------------- in this macro invocation
    |
    = note: this error originates in the macro `modifier` (in Nightly builds, run with -Z macro-backtrace for more info)

error[E0433]: failed to resolve: could not find `format_description` in `time`
   --> tests/integration/main.rs:65:33
    |
65  |         let mut value = ::time::format_description::modifier::$name::default();
    |                                 ^^^^^^^^^^^^^^^^^^ could not find `format_description` in `time`
    |
   ::: tests/integration/parse_format_description.rs:321:17
    |
321 |                 modifier!(OffsetSecond { padding })
    |                 ----------------------------------- in this macro invocation
    |
    = note: this error originates in the macro `modifier` (in Nightly builds, run with -Z macro-backtrace for more info)

error[E0433]: failed to resolve: could not find `format_description` in `time`
   --> tests/integration/main.rs:65:33
    |
65  |           let mut value = ::time::format_description::modifier::$name::default();
    |                                   ^^^^^^^^^^^^^^^^^^ could not find `format_description` in `time`
    |
   ::: tests/integration/parse_format_description.rs:326:62
    |
326 |               Ok(vec![FormatItem::Component(Component::Ordinal(modifier!(
    |  ______________________________________________________________-
327 | |                 Ordinal { padding }
328 | |             )))])
    | |_____________- in this macro invocation
    |
    = note: this error originates in the macro `modifier` (in Nightly builds, run with -Z macro-backtrace for more info)

error[E0433]: failed to resolve: could not find `format_description` in `time`
   --> tests/integration/main.rs:65:33
    |
65  |           let mut value = ::time::format_description::modifier::$name::default();
    |                                   ^^^^^^^^^^^^^^^^^^ could not find `format_description` in `time`
    |
   ::: tests/integration/parse_format_description.rs:332:61
    |
332 |               Ok(vec![FormatItem::Component(Component::Second(modifier!(
    |  _____________________________________________________________-
333 | |                 Second { padding }
334 | |             )))])
    | |_____________- in this macro invocation
    |
    = note: this error originates in the macro `modifier` (in Nightly builds, run with -Z macro-backtrace for more info)

error[E0433]: failed to resolve: could not find `format_description` in `time`
   --> tests/integration/main.rs:65:33
    |
65  |           let mut value = ::time::format_description::modifier::$name::default();
    |                                   ^^^^^^^^^^^^^^^^^^ could not find `format_description` in `time`
    |
   ::: tests/integration/parse_format_description.rs:340:63
    |
340 |                   Ok(vec![FormatItem::Component(Component::Hour(modifier!(
    |  _______________________________________________________________-
341 | |                     Hour {
342 | |                         padding,
343 | |                         is_12_hour_clock
344 | |                     }
345 | |                 )))])
    | |_________________- in this macro invocation
    |
    = note: this error originates in the macro `modifier` (in Nightly builds, run with -Z macro-backtrace for more info)

error[E0433]: failed to resolve: could not find `format_description` in `time`
   --> tests/integration/main.rs:65:33
    |
65  |           let mut value = ::time::format_description::modifier::$name::default();
    |                                   ^^^^^^^^^^^^^^^^^^ could not find `format_description` in `time`
    |
   ::: tests/integration/parse_format_description.rs:368:69
    |
368 |                       Ok(vec![FormatItem::Component(Component::Period(modifier!(
    |  _____________________________________________________________________-
369 | |                         Period {
370 | |                             is_uppercase,
371 | |                             case_sensitive
372 | |                         }
373 | |                     )))])
    | |_____________________- in this macro invocation
    |
    = note: this error originates in the macro `modifier` (in Nightly builds, run with -Z macro-backtrace for more info)

error[E0433]: failed to resolve: could not find `format_description` in `time`
   --> tests/integration/main.rs:65:33
    |
65  |         let mut value = ::time::format_description::modifier::$name::default();
    |                                 ^^^^^^^^^^^^^^^^^^ could not find `format_description` in `time`
    |
   ::: tests/integration/parse_format_description.rs:397:21
    |
397 |                     modifier!(WeekNumber { padding, repr })
    |                     --------------------------------------- in this macro invocation
    |
    = note: this error originates in the macro `modifier` (in Nightly builds, run with -Z macro-backtrace for more info)

error[E0433]: failed to resolve: could not find `format_description` in `time`
   --> tests/integration/main.rs:65:33
    |
65  |           let mut value = ::time::format_description::modifier::$name::default();
    |                                   ^^^^^^^^^^^^^^^^^^ could not find `format_description` in `time`
    |
   ::: tests/integration/parse_format_description.rs:407:21
    |
407 | /                     modifier!(OffsetHour {
408 | |                         sign_is_mandatory,
409 | |                         padding
410 | |                     })
    | |______________________- in this macro invocation
    |
    = note: this error originates in the macro `modifier` (in Nightly builds, run with -Z macro-backtrace for more info)

error[E0433]: failed to resolve: could not find `format_description` in `time`
   --> tests/integration/main.rs:65:33
    |
65  |           let mut value = ::time::format_description::modifier::$name::default();
    |                                   ^^^^^^^^^^^^^^^^^^ could not find `format_description` in `time`
    |
   ::: tests/integration/parse_format_description.rs:421:71
    |
421 |                           Ok(vec![FormatItem::Component(Component::Year(modifier!(
    |  _______________________________________________________________________-
422 | |                             Year {
423 | |                                 padding,
424 | |                                 repr,
...   |
427 | |                             }
428 | |                         )))])
    | |_________________________- in this macro invocation
    |
    = note: this error originates in the macro `modifier` (in Nightly builds, run with -Z macro-backtrace for more info)

error[E0433]: failed to resolve: could not find `format_description` in `time`
   --> tests/integration/main.rs:65:33
    |
65  |         let mut value = ::time::format_description::modifier::$name::default();
    |                                 ^^^^^^^^^^^^^^^^^^ could not find `format_description` in `time`
    |
   ::: tests/integration/parse_format_description.rs:439:17
    |
439 |                 modifier!(Subsecond { digits })
    |                 ------------------------------- in this macro invocation
    |
    = note: this error originates in the macro `modifier` (in Nightly builds, run with -Z macro-backtrace for more info)

error[E0433]: failed to resolve: could not find `format_description` in `time`
   --> tests/integration/main.rs:65:33
    |
65  |           let mut value = ::time::format_description::modifier::$name::default();
    |                                   ^^^^^^^^^^^^^^^^^^ could not find `format_description` in `time`
    |
   ::: tests/integration/parse_format_description.rs:475:51
    |
475 |               FormatItem::Component(Component::Year(modifier!(Year {
    |  ___________________________________________________-
476 | |                 padding: Padding::Zero,
477 | |                 repr: YearRepr::Full,
478 | |                 iso_week_based: false,
479 | |                 sign_is_mandatory: false
480 | |             }))),
    | |______________- in this macro invocation
    |
    = note: this error originates in the macro `modifier` (in Nightly builds, run with -Z macro-backtrace for more info)

error[E0433]: failed to resolve: could not find `format_description` in `time`
   --> tests/integration/main.rs:65:33
    |
65  |           let mut value = ::time::format_description::modifier::$name::default();
    |                                   ^^^^^^^^^^^^^^^^^^ could not find `format_description` in `time`
    |
   ::: tests/integration/parse_format_description.rs:487:50
    |
487 |               FormatItem::Component(Component::Day(modifier!(Day {
    |  __________________________________________________-
488 | |                 padding: Padding::Zero
489 | |             }))),
    | |______________- in this macro invocation
    |
    = note: this error originates in the macro `modifier` (in Nightly builds, run with -Z macro-backtrace for more info)

error[E0433]: failed to resolve: could not find `format_description` in `time`
   --> tests/integration/main.rs:65:33
    |
65  |           let mut value = ::time::format_description::modifier::$name::default();
    |                                   ^^^^^^^^^^^^^^^^^^ could not find `format_description` in `time`
    |
   ::: tests/integration/parse_format_description.rs:491:51
    |
491 |               FormatItem::Component(Component::Hour(modifier!(Hour {
    |  ___________________________________________________-
492 | |                 padding: Padding::Zero,
493 | |                 is_12_hour_clock: false
494 | |             }))),
    | |______________- in this macro invocation
    |
    = note: this error originates in the macro `modifier` (in Nightly builds, run with -Z macro-backtrace for more info)

error[E0433]: failed to resolve: could not find `format_description` in `time`
   --> tests/integration/main.rs:65:33
    |
65  |           let mut value = ::time::format_description::modifier::$name::default();
    |                                   ^^^^^^^^^^^^^^^^^^ could not find `format_description` in `time`
    |
   ::: tests/integration/parse_format_description.rs:496:53
    |
496 |               FormatItem::Component(Component::Minute(modifier!(Minute {
    |  _____________________________________________________-
497 | |                 padding: Padding::Zero
498 | |             }))),
    | |______________- in this macro invocation
    |
    = note: this error originates in the macro `modifier` (in Nightly builds, run with -Z macro-backtrace for more info)

error[E0433]: failed to resolve: could not find `format_description` in `time`
   --> tests/integration/main.rs:65:33
    |
65  |           let mut value = ::time::format_description::modifier::$name::default();
    |                                   ^^^^^^^^^^^^^^^^^^ could not find `format_description` in `time`
    |
   ::: tests/integration/parse_format_description.rs:500:53
    |
500 |               FormatItem::Component(Component::Second(modifier!(Second {
    |  _____________________________________________________-
501 | |                 padding: Padding::Zero
502 | |             }))),
    | |______________- in this macro invocation
    |
    = note: this error originates in the macro `modifier` (in Nightly builds, run with -Z macro-backtrace for more info)

error[E0433]: failed to resolve: could not find `format_description` in `time`
   --> tests/integration/main.rs:65:33
    |
65  |           let mut value = ::time::format_description::modifier::$name::default();
    |                                   ^^^^^^^^^^^^^^^^^^ could not find `format_description` in `time`
    |
   ::: tests/integration/parse_format_description.rs:504:56
    |
504 |               FormatItem::Component(Component::Subsecond(modifier!(Subsecond {
    |  ________________________________________________________-
505 | |                 digits: SubsecondDigits::OneOrMore
506 | |             }))),
    | |______________- in this macro invocation
    |
    = note: this error originates in the macro `modifier` (in Nightly builds, run with -Z macro-backtrace for more info)

error[E0433]: failed to resolve: could not find `format_description` in `time`
   --> tests/integration/main.rs:65:33
    |
65  |           let mut value = ::time::format_description::modifier::$name::default();
    |                                   ^^^^^^^^^^^^^^^^^^ could not find `format_description` in `time`
    |
   ::: tests/integration/parse_format_description.rs:507:57
    |
507 |               FormatItem::Component(Component::OffsetHour(modifier!(OffsetHour {
    |  _________________________________________________________-
508 | |                 padding: Padding::Zero,
509 | |                 sign_is_mandatory: true
510 | |             }))),
    | |______________- in this macro invocation
    |
    = note: this error originates in the macro `modifier` (in Nightly builds, run with -Z macro-backtrace for more info)

error[E0433]: failed to resolve: could not find `format_description` in `time`
   --> tests/integration/main.rs:65:33
    |
65  |           let mut value = ::time::format_description::modifier::$name::default();
    |                                   ^^^^^^^^^^^^^^^^^^ could not find `format_description` in `time`
    |
   ::: tests/integration/parse_format_description.rs:512:59
    |
512 |               FormatItem::Component(Component::OffsetMinute(modifier!(OffsetMinute {
    |  ___________________________________________________________-
513 | |                 padding: Padding::Zero
514 | |             })))
    | |______________- in this macro invocation
    |
    = note: this error originates in the macro `modifier` (in Nightly builds, run with -Z macro-backtrace for more info)

error[E0433]: failed to resolve: could not find `ParseFromDescription` in `error`
   --> tests/integration/parsed.rs:151:28
    |
151 |                 Err(error::ParseFromDescription::InvalidComponent(
    |                            ^^^^^^^^^^^^^^^^^^^^ could not find `ParseFromDescription` in `error`
...
158 |     assert_invalid_component!("day", Component::Day(<_>::default()));
    |     ---------------------------------------------------------------- in this macro invocation
    |
    = note: this error originates in the macro `assert_invalid_component` (in Nightly builds, run with -Z macro-backtrace for more info)

error[E0433]: failed to resolve: could not find `ParseFromDescription` in `error`
   --> tests/integration/parsed.rs:151:28
    |
151 |                 Err(error::ParseFromDescription::InvalidComponent(
    |                            ^^^^^^^^^^^^^^^^^^^^ could not find `ParseFromDescription` in `error`
...
159 |     assert_invalid_component!("month", Component::Month(<_>::default()));
    |     -------------------------------------------------------------------- in this macro invocation
    |
    = note: this error originates in the macro `assert_invalid_component` (in Nightly builds, run with -Z macro-backtrace for more info)

error[E0433]: failed to resolve: could not find `ParseFromDescription` in `error`
   --> tests/integration/parsed.rs:151:28
    |
151 |                 Err(error::ParseFromDescription::InvalidComponent(
    |                            ^^^^^^^^^^^^^^^^^^^^ could not find `ParseFromDescription` in `error`
...
160 |     assert_invalid_component!("ordinal", Component::Ordinal(<_>::default()));
    |     ------------------------------------------------------------------------ in this macro invocation
    |
    = note: this error originates in the macro `assert_invalid_component` (in Nightly builds, run with -Z macro-backtrace for more info)

error[E0433]: failed to resolve: could not find `ParseFromDescription` in `error`
   --> tests/integration/parsed.rs:151:28
    |
151 |                 Err(error::ParseFromDescription::InvalidComponent(
    |                            ^^^^^^^^^^^^^^^^^^^^ could not find `ParseFromDescription` in `error`
...
161 |     assert_invalid_component!("weekday", Component::Weekday(<_>::default()));
    |     ------------------------------------------------------------------------ in this macro invocation
    |
    = note: this error originates in the macro `assert_invalid_component` (in Nightly builds, run with -Z macro-backtrace for more info)

error[E0433]: failed to resolve: could not find `ParseFromDescription` in `error`
   --> tests/integration/parsed.rs:151:28
    |
151 |                 Err(error::ParseFromDescription::InvalidComponent(
    |                            ^^^^^^^^^^^^^^^^^^^^ could not find `ParseFromDescription` in `error`
...
162 |     assert_invalid_component!("week number", Component::WeekNumber(<_>::default()));
    |     ------------------------------------------------------------------------------- in this macro invocation
    |
    = note: this error originates in the macro `assert_invalid_component` (in Nightly builds, run with -Z macro-backtrace for more info)

error[E0433]: failed to resolve: could not find `ParseFromDescription` in `error`
   --> tests/integration/parsed.rs:151:28
    |
151 |                 Err(error::ParseFromDescription::InvalidComponent(
    |                            ^^^^^^^^^^^^^^^^^^^^ could not find `ParseFromDescription` in `error`
...
163 |     assert_invalid_component!("year", Component::Year(<_>::default()));
    |     ------------------------------------------------------------------ in this macro invocation
    |
    = note: this error originates in the macro `assert_invalid_component` (in Nightly builds, run with -Z macro-backtrace for more info)

error[E0433]: failed to resolve: could not find `ParseFromDescription` in `error`
   --> tests/integration/parsed.rs:151:28
    |
151 |                 Err(error::ParseFromDescription::InvalidComponent(
    |                            ^^^^^^^^^^^^^^^^^^^^ could not find `ParseFromDescription` in `error`
...
164 |     assert_invalid_component!("minute", Component::Minute(<_>::default()));
    |     ---------------------------------------------------------------------- in this macro invocation
    |
    = note: this error originates in the macro `assert_invalid_component` (in Nightly builds, run with -Z macro-backtrace for more info)

error[E0433]: failed to resolve: could not find `ParseFromDescription` in `error`
   --> tests/integration/parsed.rs:151:28
    |
151 |                 Err(error::ParseFromDescription::InvalidComponent(
    |                            ^^^^^^^^^^^^^^^^^^^^ could not find `ParseFromDescription` in `error`
...
165 |     assert_invalid_component!("period", Component::Period(<_>::default()));
    |     ---------------------------------------------------------------------- in this macro invocation
    |
    = note: this error originates in the macro `assert_invalid_component` (in Nightly builds, run with -Z macro-backtrace for more info)

error[E0433]: failed to resolve: could not find `ParseFromDescription` in `error`
   --> tests/integration/parsed.rs:151:28
    |
151 |                 Err(error::ParseFromDescription::InvalidComponent(
    |                            ^^^^^^^^^^^^^^^^^^^^ could not find `ParseFromDescription` in `error`
...
166 |     assert_invalid_component!("second", Component::Second(<_>::default()));
    |     ---------------------------------------------------------------------- in this macro invocation
    |
    = note: this error originates in the macro `assert_invalid_component` (in Nightly builds, run with -Z macro-backtrace for more info)

error[E0433]: failed to resolve: could not find `ParseFromDescription` in `error`
   --> tests/integration/parsed.rs:151:28
    |
151 |                 Err(error::ParseFromDescription::InvalidComponent(
    |                            ^^^^^^^^^^^^^^^^^^^^ could not find `ParseFromDescription` in `error`
...
167 |     assert_invalid_component!("subsecond", Component::Subsecond(<_>::default()));
    |     ---------------------------------------------------------------------------- in this macro invocation
    |
    = note: this error originates in the macro `assert_invalid_component` (in Nightly builds, run with -Z macro-backtrace for more info)

error[E0433]: failed to resolve: could not find `ParseFromDescription` in `error`
   --> tests/integration/parsed.rs:151:28
    |
151 |                 Err(error::ParseFromDescription::InvalidComponent(
    |                            ^^^^^^^^^^^^^^^^^^^^ could not find `ParseFromDescription` in `error`
...
168 |     assert_invalid_component!("offset hour", Component::OffsetHour(<_>::default()));
    |     ------------------------------------------------------------------------------- in this macro invocation
    |
    = note: this error originates in the macro `assert_invalid_component` (in Nightly builds, run with -Z macro-backtrace for more info)

error[E0433]: failed to resolve: could not find `ParseFromDescription` in `error`
   --> tests/integration/parsed.rs:151:28
    |
151 |                 Err(error::ParseFromDescription::InvalidComponent(
    |                            ^^^^^^^^^^^^^^^^^^^^ could not find `ParseFromDescription` in `error`
...
169 |     assert_invalid_component!("offset minute", Component::OffsetMinute(<_>::default()));
    |     ----------------------------------------------------------------------------------- in this macro invocation
    |
    = note: this error originates in the macro `assert_invalid_component` (in Nightly builds, run with -Z macro-backtrace for more info)

error[E0433]: failed to resolve: could not find `ParseFromDescription` in `error`
   --> tests/integration/parsed.rs:151:28
    |
151 |                 Err(error::ParseFromDescription::InvalidComponent(
    |                            ^^^^^^^^^^^^^^^^^^^^ could not find `ParseFromDescription` in `error`
...
170 |     assert_invalid_component!("offset second", Component::OffsetSecond(<_>::default()));
    |     ----------------------------------------------------------------------------------- in this macro invocation
    |
    = note: this error originates in the macro `assert_invalid_component` (in Nightly builds, run with -Z macro-backtrace for more info)

error[E0433]: failed to resolve: could not find `format_description` in `time`
   --> tests/integration/main.rs:65:33
    |
65  |           let mut value = ::time::format_description::modifier::$name::default();
    |                                   ^^^^^^^^^^^^^^^^^^ could not find `format_description` in `time`
    |
   ::: tests/integration/parsed.rs:174:31
    |
174 |           Component::WeekNumber(modifier!(WeekNumber {
    |  _______________________________-
175 | |             repr: WeekNumberRepr::Iso,
176 | |         })),
    | |__________- in this macro invocation
    |
    = note: this error originates in the macro `modifier` (in Nightly builds, run with -Z macro-backtrace for more info)

error[E0433]: failed to resolve: could not find `ParseFromDescription` in `error`
   --> tests/integration/parsed.rs:151:28
    |
151 |                   Err(error::ParseFromDescription::InvalidComponent(
    |                              ^^^^^^^^^^^^^^^^^^^^ could not find `ParseFromDescription` in `error`
...
172 | /     assert_invalid_component!(
173 | |         "week number",
174 | |         Component::WeekNumber(modifier!(WeekNumber {
175 | |             repr: WeekNumberRepr::Iso,
176 | |         })),
177 | |         b"00"
178 | |     );
    | |_____- in this macro invocation
    |
    = note: this error originates in the macro `assert_invalid_component` (in Nightly builds, run with -Z macro-backtrace for more info)

error[E0433]: failed to resolve: could not find `format_description` in `time`
   --> tests/integration/main.rs:65:33
    |
65  |           let mut value = ::time::format_description::modifier::$name::default();
    |                                   ^^^^^^^^^^^^^^^^^^ could not find `format_description` in `time`
    |
   ::: tests/integration/parsed.rs:181:25
    |
181 |           Component::Hour(modifier!(Hour {
    |  _________________________-
182 | |             is_12_hour_clock: true,
183 | |         })),
    | |__________- in this macro invocation
    |
    = note: this error originates in the macro `modifier` (in Nightly builds, run with -Z macro-backtrace for more info)

error[E0433]: failed to resolve: could not find `ParseFromDescription` in `error`
   --> tests/integration/parsed.rs:151:28
    |
151 |                   Err(error::ParseFromDescription::InvalidComponent(
    |                              ^^^^^^^^^^^^^^^^^^^^ could not find `ParseFromDescription` in `error`
...
179 | /     assert_invalid_component!(
180 | |         "hour",
181 | |         Component::Hour(modifier!(Hour {
182 | |             is_12_hour_clock: true,
183 | |         })),
184 | |         b"00"
185 | |     );
    | |_____- in this macro invocation
    |
    = note: this error originates in the macro `assert_invalid_component` (in Nightly builds, run with -Z macro-backtrace for more info)

error[E0433]: failed to resolve: could not find `format_description` in `time`
   --> tests/integration/main.rs:65:33
    |
65  |           let mut value = ::time::format_description::modifier::$name::default();
    |                                   ^^^^^^^^^^^^^^^^^^ could not find `format_description` in `time`
    |
   ::: tests/integration/parsing.rs:970:25
    |
970 |           Component::Year(modifier!(Year {
    |  _________________________-
971 | |             padding: modifier::Padding::Zero,
972 | |             repr: modifier::YearRepr::Full,
973 | |             iso_week_based: false,
974 | |             sign_is_mandatory: false,
975 | |         })),
    | |__________- in this macro invocation
    |
    = note: this error originates in the macro `modifier` (in Nightly builds, run with -Z macro-backtrace for more info)

error[E0433]: failed to resolve: could not find `format_description` in `time`
   --> tests/integration/main.rs:65:33
    |
65  |           let mut value = ::time::format_description::modifier::$name::default();
    |                                   ^^^^^^^^^^^^^^^^^^ could not find `format_description` in `time`
    |
   ::: tests/integration/parsing.rs:980:25
    |
980 |           Component::Year(modifier!(Year {
    |  _________________________-
981 | |             padding: modifier::Padding::Zero,
982 | |             repr: modifier::YearRepr::LastTwo,
983 | |             iso_week_based: false,
984 | |             sign_is_mandatory: false,
985 | |         })),
    | |__________- in this macro invocation
    |
    = note: this error originates in the macro `modifier` (in Nightly builds, run with -Z macro-backtrace for more info)

error[E0433]: failed to resolve: could not find `format_description` in `time`
   --> tests/integration/main.rs:65:33
    |
65  |           let mut value = ::time::format_description::modifier::$name::default();
    |                                   ^^^^^^^^^^^^^^^^^^ could not find `format_description` in `time`
    |
   ::: tests/integration/parsing.rs:990:25
    |
990 |           Component::Year(modifier!(Year {
    |  _________________________-
991 | |             padding: modifier::Padding::Zero,
992 | |             repr: modifier::YearRepr::Full,
993 | |             iso_week_based: true,
994 | |             sign_is_mandatory: false,
995 | |         })),
    | |__________- in this macro invocation
    |
    = note: this error originates in the macro `modifier` (in Nightly builds, run with -Z macro-backtrace for more info)

error[E0433]: failed to resolve: could not find `format_description` in `time`
    --> tests/integration/main.rs:65:33
     |
65   |           let mut value = ::time::format_description::modifier::$name::default();
     |                                   ^^^^^^^^^^^^^^^^^^ could not find `format_description` in `time`
     |
    ::: tests/integration/parsing.rs:1000:25
     |
1000 |           Component::Year(modifier!(Year {
     |  _________________________-
1001 | |             padding: modifier::Padding::Zero,
1002 | |             repr: modifier::YearRepr::LastTwo,
1003 | |             iso_week_based: true,
1004 | |             sign_is_mandatory: false,
1005 | |         })),
     | |__________- in this macro invocation
     |
     = note: this error originates in the macro `modifier` (in Nightly builds, run with -Z macro-backtrace for more info)

error[E0433]: failed to resolve: could not find `format_description` in `time`
    --> tests/integration/main.rs:65:33
     |
65   |           let mut value = ::time::format_description::modifier::$name::default();
     |                                   ^^^^^^^^^^^^^^^^^^ could not find `format_description` in `time`
     |
    ::: tests/integration/parsing.rs:1054:28
     |
1054 |           Component::Ordinal(modifier!(Ordinal {
     |  ____________________________-
1055 | |             padding: modifier::Padding::Zero,
1056 | |         })),
     | |__________- in this macro invocation
     |
     = note: this error originates in the macro `modifier` (in Nightly builds, run with -Z macro-backtrace for more info)

error[E0433]: failed to resolve: could not find `format_description` in `time`
    --> tests/integration/main.rs:65:33
     |
65   |           let mut value = ::time::format_description::modifier::$name::default();
     |                                   ^^^^^^^^^^^^^^^^^^ could not find `format_description` in `time`
     |
    ::: tests/integration/parsing.rs:1129:31
     |
1129 |           Component::WeekNumber(modifier!(WeekNumber {
     |  _______________________________-
1130 | |             padding: modifier::Padding::None,
1131 | |             repr: modifier::WeekNumberRepr::Sunday,
1132 | |         })),
     | |__________- in this macro invocation
     |
     = note: this error originates in the macro `modifier` (in Nightly builds, run with -Z macro-backtrace for more info)

error[E0433]: failed to resolve: could not find `format_description` in `time`
    --> tests/integration/main.rs:65:33
     |
65   |           let mut value = ::time::format_description::modifier::$name::default();
     |                                   ^^^^^^^^^^^^^^^^^^ could not find `format_description` in `time`
     |
    ::: tests/integration/parsing.rs:1137:31
     |
1137 |           Component::WeekNumber(modifier!(WeekNumber {
     |  _______________________________-
1138 | |             padding: modifier::Padding::None,
1139 | |             repr: modifier::WeekNumberRepr::Monday,
1140 | |         })),
     | |__________- in this macro invocation
     |
     = note: this error originates in the macro `modifier` (in Nightly builds, run with -Z macro-backtrace for more info)

error[E0433]: failed to resolve: could not find `format_description` in `time`
    --> tests/integration/main.rs:65:33
     |
65   |           let mut value = ::time::format_description::modifier::$name::default();
     |                                   ^^^^^^^^^^^^^^^^^^ could not find `format_description` in `time`
     |
    ::: tests/integration/parsing.rs:1145:31
     |
1145 |           Component::WeekNumber(modifier!(WeekNumber {
     |  _______________________________-
1146 | |             padding: modifier::Padding::None,
1147 | |             repr: modifier::WeekNumberRepr::Iso,
1148 | |         })),
     | |__________- in this macro invocation
     |
     = note: this error originates in the macro `modifier` (in Nightly builds, run with -Z macro-backtrace for more info)

error[E0433]: failed to resolve: could not find `format_description` in `time`
    --> tests/integration/main.rs:65:33
     |
65   |           let mut value = ::time::format_description::modifier::$name::default();
     |                                   ^^^^^^^^^^^^^^^^^^ could not find `format_description` in `time`
     |
    ::: tests/integration/parsing.rs:1153:30
     |
1153 |           Component::Subsecond(modifier!(Subsecond {
     |  ______________________________-
1154 | |             digits: modifier::SubsecondDigits::One
1155 | |         })),
     | |__________- in this macro invocation
     |
     = note: this error originates in the macro `modifier` (in Nightly builds, run with -Z macro-backtrace for more info)

error[E0433]: failed to resolve: could not find `format_description` in `time`
    --> tests/integration/main.rs:65:33
     |
65   |           let mut value = ::time::format_description::modifier::$name::default();
     |                                   ^^^^^^^^^^^^^^^^^^ could not find `format_description` in `time`
     |
    ::: tests/integration/parsing.rs:1160:30
     |
1160 |           Component::Subsecond(modifier!(Subsecond {
     |  ______________________________-
1161 | |             digits: modifier::SubsecondDigits::Two
1162 | |         })),
     | |__________- in this macro invocation
     |
     = note: this error originates in the macro `modifier` (in Nightly builds, run with -Z macro-backtrace for more info)

error[E0433]: failed to resolve: could not find `format_description` in `time`
    --> tests/integration/main.rs:65:33
     |
65   |           let mut value = ::time::format_description::modifier::$name::default();
     |                                   ^^^^^^^^^^^^^^^^^^ could not find `format_description` in `time`
     |
    ::: tests/integration/parsing.rs:1167:30
     |
1167 |           Component::Subsecond(modifier!(Subsecond {
     |  ______________________________-
1168 | |             digits: modifier::SubsecondDigits::Three
1169 | |         })),
     | |__________- in this macro invocation
     |
     = note: this error originates in the macro `modifier` (in Nightly builds, run with -Z macro-backtrace for more info)

error[E0433]: failed to resolve: could not find `format_description` in `time`
    --> tests/integration/main.rs:65:33
     |
65   |           let mut value = ::time::format_description::modifier::$name::default();
     |                                   ^^^^^^^^^^^^^^^^^^ could not find `format_description` in `time`
     |
    ::: tests/integration/parsing.rs:1174:30
     |
1174 |           Component::Subsecond(modifier!(Subsecond {
     |  ______________________________-
1175 | |             digits: modifier::SubsecondDigits::Four
1176 | |         })),
     | |__________- in this macro invocation
     |
     = note: this error originates in the macro `modifier` (in Nightly builds, run with -Z macro-backtrace for more info)

error[E0433]: failed to resolve: could not find `format_description` in `time`
    --> tests/integration/main.rs:65:33
     |
65   |           let mut value = ::time::format_description::modifier::$name::default();
     |                                   ^^^^^^^^^^^^^^^^^^ could not find `format_description` in `time`
     |
    ::: tests/integration/parsing.rs:1181:30
     |
1181 |           Component::Subsecond(modifier!(Subsecond {
     |  ______________________________-
1182 | |             digits: modifier::SubsecondDigits::Five
1183 | |         })),
     | |__________- in this macro invocation
     |
     = note: this error originates in the macro `modifier` (in Nightly builds, run with -Z macro-backtrace for more info)

error[E0433]: failed to resolve: could not find `format_description` in `time`
    --> tests/integration/main.rs:65:33
     |
65   |           let mut value = ::time::format_description::modifier::$name::default();
     |                                   ^^^^^^^^^^^^^^^^^^ could not find `format_description` in `time`
     |
    ::: tests/integration/parsing.rs:1188:30
     |
1188 |           Component::Subsecond(modifier!(Subsecond {
     |  ______________________________-
1189 | |             digits: modifier::SubsecondDigits::Six
1190 | |         })),
     | |__________- in this macro invocation
     |
     = note: this error originates in the macro `modifier` (in Nightly builds, run with -Z macro-backtrace for more info)

error[E0433]: failed to resolve: could not find `format_description` in `time`
    --> tests/integration/main.rs:65:33
     |
65   |           let mut value = ::time::format_description::modifier::$name::default();
     |                                   ^^^^^^^^^^^^^^^^^^ could not find `format_description` in `time`
     |
    ::: tests/integration/parsing.rs:1195:30
     |
1195 |           Component::Subsecond(modifier!(Subsecond {
     |  ______________________________-
1196 | |             digits: modifier::SubsecondDigits::Seven
1197 | |         })),
     | |__________- in this macro invocation
     |
     = note: this error originates in the macro `modifier` (in Nightly builds, run with -Z macro-backtrace for more info)

error[E0433]: failed to resolve: could not find `format_description` in `time`
    --> tests/integration/main.rs:65:33
     |
65   |           let mut value = ::time::format_description::modifier::$name::default();
     |                                   ^^^^^^^^^^^^^^^^^^ could not find `format_description` in `time`
     |
    ::: tests/integration/parsing.rs:1202:30
     |
1202 |           Component::Subsecond(modifier!(Subsecond {
     |  ______________________________-
1203 | |             digits: modifier::SubsecondDigits::Eight
1204 | |         })),
     | |__________- in this macro invocation
     |
     = note: this error originates in the macro `modifier` (in Nightly builds, run with -Z macro-backtrace for more info)

error[E0433]: failed to resolve: could not find `format_description` in `time`
    --> tests/integration/main.rs:65:33
     |
65   |           let mut value = ::time::format_description::modifier::$name::default();
     |                                   ^^^^^^^^^^^^^^^^^^ could not find `format_description` in `time`
     |
    ::: tests/integration/parsing.rs:1209:30
     |
1209 |           Component::Subsecond(modifier!(Subsecond {
     |  ______________________________-
1210 | |             digits: modifier::SubsecondDigits::Nine
1211 | |         })),
     | |__________- in this macro invocation
     |
     = note: this error originates in the macro `modifier` (in Nightly builds, run with -Z macro-backtrace for more info)

error[E0433]: failed to resolve: could not find `format_description` in `time`
    --> tests/integration/main.rs:65:33
     |
65   |           let mut value = ::time::format_description::modifier::$name::default();
     |                                   ^^^^^^^^^^^^^^^^^^ could not find `format_description` in `time`
     |
    ::: tests/integration/parsing.rs:1216:30
     |
1216 |           Component::Subsecond(modifier!(Subsecond {
     |  ______________________________-
1217 | |             digits: modifier::SubsecondDigits::OneOrMore
1218 | |         })),
     | |__________- in this macro invocation
     |
     = note: this error originates in the macro `modifier` (in Nightly builds, run with -Z macro-backtrace for more info)

error[E0433]: failed to resolve: could not find `format_description` in `time`
    --> tests/integration/main.rs:65:33
     |
65   |           let mut value = ::time::format_description::modifier::$name::default();
     |                                   ^^^^^^^^^^^^^^^^^^ could not find `format_description` in `time`
     |
    ::: tests/integration/parsing.rs:1223:27
     |
1223 |           Component::Period(modifier!(Period {
     |  ___________________________-
1224 | |             is_uppercase: false,
1225 | |             case_sensitive: true,
1226 | |         })),
     | |__________- in this macro invocation
     |
     = note: this error originates in the macro `modifier` (in Nightly builds, run with -Z macro-backtrace for more info)

error[E0433]: failed to resolve: could not find `format_description` in `time`
    --> tests/integration/main.rs:65:33
     |
65   |           let mut value = ::time::format_description::modifier::$name::default();
     |                                   ^^^^^^^^^^^^^^^^^^ could not find `format_description` in `time`
     |
    ::: tests/integration/parsing.rs:1231:27
     |
1231 |           Component::Period(modifier!(Period {
     |  ___________________________-
1232 | |             is_uppercase: false,
1233 | |             case_sensitive: false,
1234 | |         })),
     | |__________- in this macro invocation
     |
     = note: this error originates in the macro `modifier` (in Nightly builds, run with -Z macro-backtrace for more info)

error[E0433]: failed to resolve: could not find `Format` in `error`
  --> tests/integration/serde/error_conditions.rs:20:25
   |
20 |         .map_err(error::Format::into_invalid_serde_value::<S>)
   |                         ^^^^^^ could not find `Format` in `error`

error[E0433]: failed to resolve: use of undeclared crate or module `offset_dt_format`
  --> tests/integration/serde/macros.rs:28:20
   |
28 |     #[serde(with = "offset_dt_format")]
   |                    ^^^^^^^^^^^^^^^^^^ use of undeclared crate or module `offset_dt_format`

error[E0433]: failed to resolve: use of undeclared crate or module `primitive_dt_format`
  --> tests/integration/serde/macros.rs:30:20
   |
30 |     #[serde(with = "primitive_dt_format::option")]
   |                    ^^^^^^^^^^^^^^^^^^^^^^^^^^^^^ use of undeclared crate or module `primitive_dt_format`

error[E0433]: failed to resolve: use of undeclared crate or module `date_format`
  --> tests/integration/serde/macros.rs:32:20
   |
32 |     #[serde(with = "date_format")]
   |                    ^^^^^^^^^^^^^ use of undeclared crate or module `date_format`

error[E0433]: failed to resolve: use of undeclared crate or module `time_format`
  --> tests/integration/serde/macros.rs:34:20
   |
34 |     #[serde(with = "time_format::option")]
   |                    ^^^^^^^^^^^^^^^^^^^^^ use of undeclared crate or module `time_format`

error[E0433]: failed to resolve: use of undeclared crate or module `offset_format`
  --> tests/integration/serde/macros.rs:36:20
   |
36 |     #[serde(with = "offset_format")]
   |                    ^^^^^^^^^^^^^^^ use of undeclared crate or module `offset_format`

error[E0433]: failed to resolve: use of undeclared crate or module `primitive_date_time_format_bad`
   --> tests/integration/serde/macros.rs:139:20
    |
139 |     #[serde(with = "primitive_date_time_format_bad")]
    |                    ^^^^^^^^^^^^^^^^^^^^^^^^^^^^^^^^ use of undeclared crate or module `primitive_date_time_format_bad`

error[E0433]: failed to resolve: could not find `serde` in `time`
   --> tests/integration/serde/rfc3339.rs:116:24
    |
116 |         #[serde(with = "time::serde::rfc3339")]
    |                        ^^^^^^^^^^^^^^^^^^^^^^ could not find `serde` in `time`

error[E0433]: failed to resolve: could not find `serde` in `time`
   --> tests/integration/serde/rfc3339.rs:118:24
    |
118 |         #[serde(with = "time::serde::rfc3339::option", default)]
    |                        ^^^^^^^^^^^^^^^^^^^^^^^^^^^^^^ could not find `serde` in `time`

error[E0433]: failed to resolve: could not find `serde` in `time`
  --> tests/integration/serde_helpers.rs:10:24
   |
10 |         #[serde(with = "time::serde::rfc2822")] OffsetDateTime,
   |                        ^^^^^^^^^^^^^^^^^^^^^^ could not find `serde` in `time`

error[E0433]: failed to resolve: could not find `serde` in `time`
  --> tests/integration/serde_helpers.rs:11:24
   |
11 |         #[serde(with = "time::serde::rfc2822::option")] Option<OffsetDateTime>,
   |                        ^^^^^^^^^^^^^^^^^^^^^^^^^^^^^^ could not find `serde` in `time`

error[E0433]: failed to resolve: could not find `serde` in `time`
  --> tests/integration/serde_helpers.rs:12:24
   |
12 |         #[serde(with = "time::serde::rfc2822::option")] Option<OffsetDateTime>,
   |                        ^^^^^^^^^^^^^^^^^^^^^^^^^^^^^^ could not find `serde` in `time`

error[E0433]: failed to resolve: could not find `serde` in `time`
  --> tests/integration/serde_helpers.rs:13:24
   |
13 |         #[serde(with = "time::serde::rfc3339")] OffsetDateTime,
   |                        ^^^^^^^^^^^^^^^^^^^^^^ could not find `serde` in `time`

error[E0433]: failed to resolve: could not find `serde` in `time`
  --> tests/integration/serde_helpers.rs:14:24
   |
14 |         #[serde(with = "time::serde::rfc3339::option")] Option<OffsetDateTime>,
   |                        ^^^^^^^^^^^^^^^^^^^^^^^^^^^^^^ could not find `serde` in `time`

error[E0433]: failed to resolve: could not find `serde` in `time`
  --> tests/integration/serde_helpers.rs:15:24
   |
15 |         #[serde(with = "time::serde::rfc3339::option")] Option<OffsetDateTime>,
   |                        ^^^^^^^^^^^^^^^^^^^^^^^^^^^^^^ could not find `serde` in `time`

error[E0433]: failed to resolve: could not find `serde` in `time`
  --> tests/integration/serde_helpers.rs:16:24
   |
16 |         #[serde(with = "time::serde::timestamp")] OffsetDateTime,
   |                        ^^^^^^^^^^^^^^^^^^^^^^^^ could not find `serde` in `time`

error[E0433]: failed to resolve: could not find `serde` in `time`
  --> tests/integration/serde_helpers.rs:17:24
   |
17 |         #[serde(with = "time::serde::timestamp::option")] Option<OffsetDateTime>,
   |                        ^^^^^^^^^^^^^^^^^^^^^^^^^^^^^^^^ could not find `serde` in `time`

error[E0433]: failed to resolve: could not find `serde` in `time`
  --> tests/integration/serde_helpers.rs:18:24
   |
18 |         #[serde(with = "time::serde::timestamp::option")] Option<OffsetDateTime>,
   |                        ^^^^^^^^^^^^^^^^^^^^^^^^^^^^^^^^ could not find `serde` in `time`

error[E0433]: failed to resolve: could not find `serde` in `time`
  --> tests/integration/serde_helpers.rs:59:24
   |
59 |         #[serde(with = "time::serde::rfc2822")] OffsetDateTime,
   |                        ^^^^^^^^^^^^^^^^^^^^^^ could not find `serde` in `time`

error[E0433]: failed to resolve: could not find `serde` in `time`
  --> tests/integration/serde_helpers.rs:60:24
   |
60 |         #[serde(with = "time::serde::rfc2822::option")] Option<OffsetDateTime>,
   |                        ^^^^^^^^^^^^^^^^^^^^^^^^^^^^^^ could not find `serde` in `time`

error[E0433]: failed to resolve: could not find `serde` in `time`
  --> tests/integration/serde_helpers.rs:61:24
   |
61 |         #[serde(with = "time::serde::rfc2822::option")] Option<OffsetDateTime>,
   |                        ^^^^^^^^^^^^^^^^^^^^^^^^^^^^^^ could not find `serde` in `time`

error[E0433]: failed to resolve: could not find `serde` in `time`
   --> tests/integration/serde_helpers.rs:130:24
    |
130 |         #[serde(with = "time::serde::rfc3339")] OffsetDateTime,
    |                        ^^^^^^^^^^^^^^^^^^^^^^ could not find `serde` in `time`

error[E0433]: failed to resolve: could not find `serde` in `time`
   --> tests/integration/serde_helpers.rs:131:24
    |
131 |         #[serde(with = "time::serde::rfc3339::option")] Option<OffsetDateTime>,
    |                        ^^^^^^^^^^^^^^^^^^^^^^^^^^^^^^ could not find `serde` in `time`

error[E0433]: failed to resolve: could not find `serde` in `time`
   --> tests/integration/serde_helpers.rs:132:24
    |
132 |         #[serde(with = "time::serde::rfc3339::option")] Option<OffsetDateTime>,
    |                        ^^^^^^^^^^^^^^^^^^^^^^^^^^^^^^ could not find `serde` in `time`

error[E0433]: failed to resolve: could not find `serde` in `time`
   --> tests/integration/serde_helpers.rs:201:37
    |
201 |     struct Timestamp(#[serde(with = "time::serde::timestamp")] OffsetDateTime);
    |                                     ^^^^^^^^^^^^^^^^^^^^^^^^ could not find `serde` in `time`

error[E0433]: failed to resolve: could not find `serde` in `time`
   --> tests/integration/serde_helpers.rs:205:40
    |
205 |     struct OptTimestamp(#[serde(with = "time::serde::timestamp::option")] Option<OffsetDateTime>);
    |                                        ^^^^^^^^^^^^^^^^^^^^^^^^^^^^^^^^ could not find `serde` in `time`

error[E0425]: cannot find value `Monday` in this scope
   --> tests/integration/date.rs:428:47
    |
428 |     assert!(Date::from_iso_week_date(2019, 1, Monday).is_ok());
    |                                               ^^^^^^ not found in this scope
    |
help: consider importing this unit variant
    |
1   | use time::Weekday::Monday;
    |

error[E0425]: cannot find value `Tuesday` in this scope
   --> tests/integration/date.rs:429:47
    |
429 |     assert!(Date::from_iso_week_date(2019, 1, Tuesday).is_ok());
    |                                               ^^^^^^^ not found in this scope
    |
help: consider importing this unit variant
    |
1   | use time::Weekday::Tuesday;
    |

error[E0425]: cannot find value `Friday` in this scope
   --> tests/integration/date.rs:430:48
    |
430 |     assert!(Date::from_iso_week_date(2020, 53, Friday).is_ok());
    |                                                ^^^^^^ not found in this scope
    |
help: consider importing this unit variant
    |
1   | use time::Weekday::Friday;
    |

error[E0425]: cannot find value `Monday` in this scope
   --> tests/integration/date.rs:431:48
    |
431 |     assert!(Date::from_iso_week_date(-9999, 1, Monday).is_ok());
    |                                                ^^^^^^ not found in this scope
    |
help: consider importing this unit variant
    |
1   | use time::Weekday::Monday;
    |

error[E0425]: cannot find value `Monday` in this scope
   --> tests/integration/date.rs:433:48
    |
433 |     assert!(Date::from_iso_week_date(2019, 53, Monday).is_err());
    |                                                ^^^^^^ not found in this scope
    |
help: consider importing this unit variant
    |
1   | use time::Weekday::Monday;
    |

error[E0425]: cannot find value `Saturday` in this scope
   --> tests/integration/date.rs:436:42
    |
436 |         Date::from_iso_week_date(-1, 52, Saturday),
    |                                          ^^^^^^^^ not found in this scope
    |
help: consider importing this unit variant
    |
1   | use time::Weekday::Saturday;
    |

error[E0425]: cannot find value `Tuesday` in this scope
   --> tests/integration/date.rs:533:68
    |
533 |     assert_eq!(date!(2019 - 01 - 01).to_iso_week_date(), (2019, 1, Tuesday));
    |                                                                    ^^^^^^^ not found in this scope
    |
help: consider importing this unit variant
    |
1   | use time::Weekday::Tuesday;
    |

error[E0425]: cannot find value `Friday` in this scope
   --> tests/integration/date.rs:534:69
    |
534 |     assert_eq!(date!(2019 - 10 - 04).to_iso_week_date(), (2019, 40, Friday));
    |                                                                     ^^^^^^ not found in this scope
    |
help: consider importing this unit variant
    |
1   | use time::Weekday::Friday;
    |

error[E0425]: cannot find value `Wednesday` in this scope
   --> tests/integration/date.rs:537:19
    |
537 |         (2020, 1, Wednesday)
    |                   ^^^^^^^^^ not found in this scope
    |
help: consider importing this unit variant
    |
1   | use time::Weekday::Wednesday;
    |

error[E0425]: cannot find value `Thursday` in this scope
   --> tests/integration/date.rs:541:20
    |
541 |         (2020, 53, Thursday)
    |                    ^^^^^^^^ not found in this scope
    |
help: consider importing this unit variant
    |
1   | use time::Weekday::Thursday;
    |

error[E0425]: cannot find value `Friday` in this scope
   --> tests/integration/date.rs:543:69
    |
543 |     assert_eq!(date!(2021 - 01 - 01).to_iso_week_date(), (2020, 53, Friday));
    |                                                                     ^^^^^^ not found in this scope
    |
help: consider importing this unit variant
    |
1   | use time::Weekday::Friday;
    |

error[E0425]: cannot find value `Saturday` in this scope
   --> tests/integration/date.rs:544:67
    |
544 |     assert_eq!(date!(0000 - 01 - 01).to_iso_week_date(), (-1, 52, Saturday));
    |                                                                   ^^^^^^^^ not found in this scope
    |
help: consider importing this unit variant
    |
1   | use time::Weekday::Saturday;
    |

error[E0425]: cannot find value `Tuesday` in this scope
   --> tests/integration/date.rs:550:49
    |
550 |     assert_eq!(date!(2019 - 01 - 01).weekday(), Tuesday);
    |                                                 ^^^^^^^ not found in this scope
    |
help: consider importing this unit variant
    |
1   | use time::Weekday::Tuesday;
    |

error[E0425]: cannot find value `Friday` in this scope
   --> tests/integration/date.rs:551:49
    |
551 |     assert_eq!(date!(2019 - 02 - 01).weekday(), Friday);
    |                                                 ^^^^^^ not found in this scope
    |
help: consider importing this unit variant
    |
1   | use time::Weekday::Friday;
    |

error[E0425]: cannot find value `Friday` in this scope
   --> tests/integration/date.rs:552:49
    |
552 |     assert_eq!(date!(2019 - 03 - 01).weekday(), Friday);
    |                                                 ^^^^^^ not found in this scope
    |
help: consider importing this unit variant
    |
1   | use time::Weekday::Friday;
    |

error[E0425]: cannot find value `Monday` in this scope
   --> tests/integration/date.rs:553:49
    |
553 |     assert_eq!(date!(2019 - 04 - 01).weekday(), Monday);
    |                                                 ^^^^^^ not found in this scope
    |
help: consider importing this unit variant
    |
1   | use time::Weekday::Monday;
    |

error[E0425]: cannot find value `Wednesday` in this scope
   --> tests/integration/date.rs:554:49
    |
554 |     assert_eq!(date!(2019 - 05 - 01).weekday(), Wednesday);
    |                                                 ^^^^^^^^^ not found in this scope
    |
help: consider importing this unit variant
    |
1   | use time::Weekday::Wednesday;
    |

error[E0425]: cannot find value `Saturday` in this scope
   --> tests/integration/date.rs:555:49
    |
555 |     assert_eq!(date!(2019 - 06 - 01).weekday(), Saturday);
    |                                                 ^^^^^^^^ not found in this scope
    |
help: consider importing this unit variant
    |
1   | use time::Weekday::Saturday;
    |

error[E0425]: cannot find value `Monday` in this scope
   --> tests/integration/date.rs:556:49
    |
556 |     assert_eq!(date!(2019 - 07 - 01).weekday(), Monday);
    |                                                 ^^^^^^ not found in this scope
    |
help: consider importing this unit variant
    |
1   | use time::Weekday::Monday;
    |

error[E0425]: cannot find value `Thursday` in this scope
   --> tests/integration/date.rs:557:49
    |
557 |     assert_eq!(date!(2019 - 08 - 01).weekday(), Thursday);
    |                                                 ^^^^^^^^ not found in this scope
    |
help: consider importing this unit variant
    |
1   | use time::Weekday::Thursday;
    |

error[E0425]: cannot find value `Sunday` in this scope
   --> tests/integration/date.rs:558:49
    |
558 |     assert_eq!(date!(2019 - 09 - 01).weekday(), Sunday);
    |                                                 ^^^^^^ not found in this scope
    |
help: consider importing this unit variant
    |
1   | use time::Weekday::Sunday;
    |

error[E0425]: cannot find value `Tuesday` in this scope
   --> tests/integration/date.rs:559:49
    |
559 |     assert_eq!(date!(2019 - 10 - 01).weekday(), Tuesday);
    |                                                 ^^^^^^^ not found in this scope
    |
help: consider importing this unit variant
    |
1   | use time::Weekday::Tuesday;
    |

error[E0425]: cannot find value `Friday` in this scope
   --> tests/integration/date.rs:560:49
    |
560 |     assert_eq!(date!(2019 - 11 - 01).weekday(), Friday);
    |                                                 ^^^^^^ not found in this scope
    |
help: consider importing this unit variant
    |
1   | use time::Weekday::Friday;
    |

error[E0425]: cannot find value `Sunday` in this scope
   --> tests/integration/date.rs:561:49
    |
561 |     assert_eq!(date!(2019 - 12 - 01).weekday(), Sunday);
    |                                                 ^^^^^^ not found in this scope
    |
help: consider importing this unit variant
    |
1   | use time::Weekday::Sunday;
    |

error[E0433]: failed to resolve: could not find `format_description` in `time`
  --> tests/integration/macros.rs:93:60
   |
93 |         &[FormatItem::Component(Component::Month(modifier!(Month {
   |                                                            ^^^^^ not found in `time::format_description::modifier`
   |
help: consider importing this enum
   |
1  | use time::Month;
   |
help: if you import `Month`, refer to it directly
  --> tests/integration/main.rs:65:25

65 -         let mut value = ::time::format_description::modifier::$name::default();
65 +         let mut value = ::time::format_description::modifier::$name::default();
   |

error[E0433]: failed to resolve: could not find `format_description` in `time`
   --> tests/integration/macros.rs:110:13
    |
110 |             Weekday {
    |             ^^^^^^^ not found in `time::format_description::modifier`
    |
help: consider importing this enum
    |
1   | use time::Weekday;
    |
help: if you import `Weekday`, refer to it directly
   --> |tests/integration/main.rs:65:25

65  -         let mut value = ::time::format_description::modifier::$name::default();
65  +         let mut value = ::time::format_description::modifier::$name::default();
    |

error[E0412]: cannot find type `IndeterminateOffset` in module `error`
  --> tests/integration/meta.rs:47:30
   |
47 |     assert_alignment!(error::IndeterminateOffset, 1);
   |                              ^^^^^^^^^^^^^^^^^^^ not found in `error`

error[E0412]: cannot find type `Format` in module `error`
  --> tests/integration/meta.rs:77:30
   |
77 |     assert_alignment!(error::Format, 8);
   |                              ^^^^^^ not found in `error`
   |
note: enum `crate::serde::json::Format` exists but is inaccessible
  --> tests/integration/serde/json.rs:8:1
   |
8  | enum Format {
   | ^^^^^^^^^^^ not accessible

error[E0412]: cannot find type `InvalidFormatDescription` in module `error`
  --> tests/integration/meta.rs:78:30
   |
78 |     assert_alignment!(error::InvalidFormatDescription, 8);
   |                              ^^^^^^^^^^^^^^^^^^^^^^^^ not found in `error`

error[E0412]: cannot find type `Parse` in module `error`
  --> tests/integration/meta.rs:79:30
   |
79 |     assert_alignment!(error::Parse, 8);
   |                              ^^^^^ not found in `error`

error[E0412]: cannot find type `ParseFromDescription` in module `error`
  --> tests/integration/meta.rs:80:30
   |
80 |     assert_alignment!(error::ParseFromDescription, 8);
   |                              ^^^^^^^^^^^^^^^^^^^^ not found in `error`

error[E0412]: cannot find type `TryFromParsed` in module `error`
  --> tests/integration/meta.rs:81:30
   |
81 |     assert_alignment!(error::TryFromParsed, 8);
   |                              ^^^^^^^^^^^^^ not found in `error`

error[E0412]: cannot find type `IndeterminateOffset` in module `error`
   --> tests/integration/meta.rs:123:25
    |
123 |     assert_size!(error::IndeterminateOffset, 0, 1);
    |                         ^^^^^^^^^^^^^^^^^^^ not found in `error`

error[E0412]: cannot find type `Format` in module `error`
   --> tests/integration/meta.rs:154:25
    |
154 |     assert_size!(error::Format, 24, 24);
    |                         ^^^^^^ not found in `error`
    |
note: enum `crate::serde::json::Format` exists but is inaccessible
   --> tests/integration/serde/json.rs:8:1
    |
8   | enum Format {
    | ^^^^^^^^^^^ not accessible

error[E0412]: cannot find type `InvalidFormatDescription` in module `error`
   --> tests/integration/meta.rs:155:25
    |
155 |     assert_size!(error::InvalidFormatDescription, 40, 40);
    |                         ^^^^^^^^^^^^^^^^^^^^^^^^ not found in `error`

error[E0412]: cannot find type `ParseFromDescription` in module `error`
   --> tests/integration/meta.rs:157:25
    |
157 |     assert_size!(error::ParseFromDescription, 16, 24);
    |                         ^^^^^^^^^^^^^^^^^^^^ not found in `error`

error[E0412]: cannot find type `TryFromParsed` in module `error`
   --> tests/integration/meta.rs:158:25
    |
158 |     assert_size!(error::TryFromParsed, 48, 48);
    |                         ^^^^^^^^^^^^^ not found in `error`

error[E0412]: cannot find type `TryFromParsed` in module `error`
   --> tests/integration/meta.rs:209:36
    |
209 |     TryFrom<Parsed, Error = error::TryFromParsed>,
    |                                    ^^^^^^^^^^^^^ not found in `error`

error[E0412]: cannot find type `TryFromParsed` in module `error`
   --> tests/integration/meta.rs:339:36
    |
339 |     TryFrom<Parsed, Error = error::TryFromParsed>,
    |                                    ^^^^^^^^^^^^^ not found in `error`

error[E0412]: cannot find type `TryFromParsed` in module `error`
   --> tests/integration/meta.rs:368:36
    |
368 |     TryFrom<Parsed, Error = error::TryFromParsed>,
    |                                    ^^^^^^^^^^^^^ not found in `error`

error[E0412]: cannot find type `TryFromParsed` in module `error`
   --> tests/integration/meta.rs:397:36
    |
397 |     TryFrom<Parsed, Error = error::TryFromParsed>,
    |                                    ^^^^^^^^^^^^^ not found in `error`

error[E0412]: cannot find type `TryFromParsed` in module `error`
   --> tests/integration/meta.rs:418:36
    |
418 |     TryFrom<Parsed, Error = error::TryFromParsed>,
    |                                    ^^^^^^^^^^^^^ not found in `error`

error[E0412]: cannot find type `TryFromParsed` in module `error`
   --> tests/integration/meta.rs:436:20
    |
436 |     TryFrom<error::TryFromParsed, Error = error::DifferentVariant>,
    |                    ^^^^^^^^^^^^^ not found in `error`

error[E0412]: cannot find type `IndeterminateOffset` in module `error`
   --> tests/integration/meta.rs:480:22
    |
480 |     PartialEq<error::IndeterminateOffset>,
    |                      ^^^^^^^^^^^^^^^^^^^ not found in `error`

error[E0412]: cannot find type `IndeterminateOffset` in module `error`
   --> tests/integration/meta.rs:475:23
    |
475 | assert_impl! { error::IndeterminateOffset:
    |                       ^^^^^^^^^^^^^^^^^^^ not found in `error`

error[E0412]: cannot find type `Format` in module `error`
   --> tests/integration/meta.rs:821:17
    |
821 |     From<error::Format>,
    |                 ^^^^^^ not found in `error`
    |
note: enum `crate::serde::json::Format` exists but is inaccessible
   --> tests/integration/serde/json.rs:8:1
    |
8   | enum Format {
    | ^^^^^^^^^^^ not accessible

error[E0412]: cannot find type `IndeterminateOffset` in module `error`
   --> tests/integration/meta.rs:822:17
    |
822 |     From<error::IndeterminateOffset>,
    |                 ^^^^^^^^^^^^^^^^^^^ not found in `error`

error[E0412]: cannot find type `InvalidFormatDescription` in module `error`
   --> tests/integration/meta.rs:823:17
    |
823 |     From<error::InvalidFormatDescription>,
    |                 ^^^^^^^^^^^^^^^^^^^^^^^^ not found in `error`

error[E0412]: cannot find type `Parse` in module `error`
   --> tests/integration/meta.rs:824:17
    |
824 |     From<error::Parse>,
    |                 ^^^^^ not found in `error`

error[E0412]: cannot find type `ParseFromDescription` in module `error`
   --> tests/integration/meta.rs:825:17
    |
825 |     From<error::ParseFromDescription>,
    |                 ^^^^^^^^^^^^^^^^^^^^ not found in `error`

error[E0412]: cannot find type `TryFromParsed` in module `error`
   --> tests/integration/meta.rs:826:17
    |
826 |     From<error::TryFromParsed>,
    |                 ^^^^^^^^^^^^^ not found in `error`

error[E0412]: cannot find type `Format` in module `error`
   --> tests/integration/meta.rs:831:23
    |
831 | assert_impl! { error::Format:
    |                       ^^^^^^ not found in `error`
    |
note: enum `crate::serde::json::Format` exists but is inaccessible
   --> tests/integration/serde/json.rs:8:1
    |
8   | enum Format {
    | ^^^^^^^^^^^ not accessible

error[E0412]: cannot find type `InvalidFormatDescription` in module `error`
   --> tests/integration/meta.rs:846:22
    |
846 |     PartialEq<error::InvalidFormatDescription>,
    |                      ^^^^^^^^^^^^^^^^^^^^^^^^ not found in `error`

error[E0412]: cannot find type `InvalidFormatDescription` in module `error`
   --> tests/integration/meta.rs:841:23
    |
841 | assert_impl! { error::InvalidFormatDescription:
    |                       ^^^^^^^^^^^^^^^^^^^^^^^^ not found in `error`

error[E0412]: cannot find type `ParseFromDescription` in module `error`
   --> tests/integration/meta.rs:860:17
    |
860 |     From<error::ParseFromDescription>,
    |                 ^^^^^^^^^^^^^^^^^^^^ not found in `error`

error[E0412]: cannot find type `TryFromParsed` in module `error`
   --> tests/integration/meta.rs:861:17
    |
861 |     From<error::TryFromParsed>,
    |                 ^^^^^^^^^^^^^ not found in `error`

error[E0412]: cannot find type `Parse` in module `error`
   --> tests/integration/meta.rs:862:22
    |
862 |     PartialEq<error::Parse>,
    |                      ^^^^^ not found in `error`

error[E0412]: cannot find type `Parse` in module `error`
   --> tests/integration/meta.rs:855:23
    |
855 | assert_impl! { error::Parse:
    |                       ^^^^^ not found in `error`

error[E0412]: cannot find type `ParseFromDescription` in module `error`
   --> tests/integration/meta.rs:877:22
    |
877 |     PartialEq<error::ParseFromDescription>,
    |                      ^^^^^^^^^^^^^^^^^^^^ not found in `error`

error[E0412]: cannot find type `Parse` in module `error`
   --> tests/integration/meta.rs:879:20
    |
879 |     TryFrom<error::Parse, Error = error::DifferentVariant>,
    |                    ^^^^^ not found in `error`

error[E0412]: cannot find type `ParseFromDescription` in module `error`
   --> tests/integration/meta.rs:872:23
    |
872 | assert_impl! { error::ParseFromDescription:
    |                       ^^^^^^^^^^^^^^^^^^^^ not found in `error`

error[E0412]: cannot find type `TryFromParsed` in module `error`
   --> tests/integration/meta.rs:894:22
    |
894 |     PartialEq<error::TryFromParsed>,
    |                      ^^^^^^^^^^^^^ not found in `error`

error[E0412]: cannot find type `Parse` in module `error`
   --> tests/integration/meta.rs:896:20
    |
896 |     TryFrom<error::Parse, Error = error::DifferentVariant>,
    |                    ^^^^^ not found in `error`

error[E0412]: cannot find type `TryFromParsed` in module `error`
   --> tests/integration/meta.rs:888:23
    |
888 | assert_impl! { error::TryFromParsed:
    |                       ^^^^^^^^^^^^^ not found in `error`

error[E0425]: cannot find value `Tuesday` in this scope
   --> tests/integration/offset_date_time.rs:229:19
    |
229 |         (2019, 1, Tuesday)
    |                   ^^^^^^^ not found in this scope
    |
help: consider importing this unit variant
    |
1   | use time::Weekday::Tuesday;
    |

error[E0425]: cannot find value `Friday` in this scope
   --> tests/integration/offset_date_time.rs:233:20
    |
233 |         (2019, 40, Friday)
    |                    ^^^^^^ not found in this scope
    |
help: consider importing this unit variant
    |
1   | use time::Weekday::Friday;
    |

error[E0425]: cannot find value `Wednesday` in this scope
   --> tests/integration/offset_date_time.rs:237:19
    |
237 |         (2020, 1, Wednesday)
    |                   ^^^^^^^^^ not found in this scope
    |
help: consider importing this unit variant
    |
1   | use time::Weekday::Wednesday;
    |

error[E0425]: cannot find value `Thursday` in this scope
   --> tests/integration/offset_date_time.rs:241:20
    |
241 |         (2020, 53, Thursday)
    |                    ^^^^^^^^ not found in this scope
    |
help: consider importing this unit variant
    |
1   | use time::Weekday::Thursday;
    |

error[E0425]: cannot find value `Friday` in this scope
   --> tests/integration/offset_date_time.rs:245:20
    |
245 |         (2020, 53, Friday)
    |                    ^^^^^^ not found in this scope
    |
help: consider importing this unit variant
    |
1   | use time::Weekday::Friday;
    |

error[E0425]: cannot find value `Tuesday` in this scope
   --> tests/integration/offset_date_time.rs:252:58
    |
252 |     assert_eq!(datetime!(2019-01-01 0:00 UTC).weekday(), Tuesday);
    |                                                          ^^^^^^^ not found in this scope
    |
help: consider importing this unit variant
    |
1   | use time::Weekday::Tuesday;
    |

error[E0425]: cannot find value `Friday` in this scope
   --> tests/integration/offset_date_time.rs:253:58
    |
253 |     assert_eq!(datetime!(2019-02-01 0:00 UTC).weekday(), Friday);
    |                                                          ^^^^^^ not found in this scope
    |
help: consider importing this unit variant
    |
1   | use time::Weekday::Friday;
    |

error[E0425]: cannot find value `Friday` in this scope
   --> tests/integration/offset_date_time.rs:254:58
    |
254 |     assert_eq!(datetime!(2019-03-01 0:00 UTC).weekday(), Friday);
    |                                                          ^^^^^^ not found in this scope
    |
help: consider importing this unit variant
    |
1   | use time::Weekday::Friday;
    |

error[E0433]: failed to resolve: could not find `format_description` in `time`
   --> tests/integration/parse_format_description.rs:184:13
    |
184 |             Month {
    |             ^^^^^ not found in `time::format_description::modifier`
    |
help: consider importing this enum
    |
111 | use time::Month;
    |
help: if you import `Month`, refer to it directly
   --> |tests/integration/main.rs:65:25

65  -         let mut value = ::time::format_description::modifier::$name::default();
65  +         let mut value = ::time::format_description::modifier::$name::default();
    |

error[E0433]: failed to resolve: could not find `format_description` in `time`
   --> tests/integration/parse_format_description.rs:248:13
    |
248 |             Weekday {
    |             ^^^^^^^ not found in `time::format_description::modifier`
    |
help: consider importing this enum
    |
111 | use time::Weekday;
    |
help: if you import `Weekday`, refer to it directly
   --> |tests/integration/main.rs:65:25

65  -         let mut value = ::time::format_description::modifier::$name::default();
65  +         let mut value = ::time::format_description::modifier::$name::default();
    |

error[E0422]: cannot find struct, variant or union type `InvalidComponentName` in this scope
   --> tests/integration/parse_format_description.rs:281:13
    |
281 |         Err(InvalidComponentName { name, index: 2, .. }) if name == "invalid"
    |             ^^^^^^^^^^^^^^^^^^^^ not found in this scope

error[E0422]: cannot find struct, variant or union type `UnclosedOpeningBracket` in this scope
   --> tests/integration/parse_format_description.rs:285:13
    |
285 |         Err(UnclosedOpeningBracket { index: 0, .. })
    |             ^^^^^^^^^^^^^^^^^^^^^^ not found in this scope

error[E0422]: cannot find struct, variant or union type `MissingComponentName` in this scope
   --> tests/integration/parse_format_description.rs:289:13
    |
289 |         Err(MissingComponentName { index: 1, .. })
    |             ^^^^^^^^^^^^^^^^^^^^ not found in this scope

error[E0422]: cannot find struct, variant or union type `InvalidModifier` in this scope
   --> tests/integration/parse_format_description.rs:293:13
    |
293 |         Err(InvalidModifier { value, index: 5,.. }) if value == "sign:mandatory"
    |             ^^^^^^^^^^^^^^^ not found in this scope

error[E0433]: failed to resolve: could not find `format_description` in `time`
   --> tests/integration/parse_format_description.rs:355:25
    |
355 |                         Month {
    |                         ^^^^^ not found in `time::format_description::modifier`
    |
help: consider importing this enum
    |
111 | use time::Month;
    |
help: if you import `Month`, refer to it directly
   --> |tests/integration/main.rs:65:25

65  -         let mut value = ::time::format_description::modifier::$name::default();
65  +         let mut value = ::time::format_description::modifier::$name::default();
    |

error[E0433]: failed to resolve: could not find `format_description` in `time`
   --> tests/integration/parse_format_description.rs:383:29
    |
383 | ...                   Weekday {
    |                       ^^^^^^^ not found in `time::format_description::modifier`
    |
help: consider importing this enum
    |
111 | use time::Weekday;
    |
help: if you import `Weekday`, refer to it directly
   --> |tests/integration/main.rs:65:25

65  -         let mut value = ::time::format_description::modifier::$name::default();
65  +         let mut value = ::time::format_description::modifier::$name::default();
    |

error[E0433]: failed to resolve: could not find `format_description` in `time`
   --> tests/integration/parse_format_description.rs:482:62
    |
482 |             FormatItem::Component(Component::Month(modifier!(Month {
    |                                                              ^^^^^ not found in `time::format_description::modifier`
    |
help: consider importing this enum
    |
111 | use time::Month;
    |
help: if you import `Month`, refer to it directly
   --> |tests/integration/main.rs:65:25

65  -         let mut value = ::time::format_description::modifier::$name::default();
65  +         let mut value = ::time::format_description::modifier::$name::default();
    |

error[E0433]: failed to resolve: could not find `format_description` in `time`
    --> tests/integration/parsing.rs:1010:36
     |
1010 |         Component::Month(modifier!(Month {
     |                                    ^^^^^ not found in `time::format_description::modifier`
     |
help: consider importing this enum
     |
1    | use time::Month;
     |
help: if you import `Month`, refer to it directly
    -->  |tests/integration/main.rs:65:25

65   -         let mut value = ::time::format_description::modifier::$name::default();
65   +         let mut value = ::time::format_description::modifier::$name::default();
     |

error[E0433]: failed to resolve: could not find `format_description` in `time`
    --> tests/integration/parsing.rs:1018:36
     |
1018 |         Component::Month(modifier!(Month {
     |                                    ^^^^^ not found in `time::format_description::modifier`
     |
help: consider importing this enum
     |
1    | use time::Month;
     |
help: if you import `Month`, refer to it directly
    -->  |tests/integration/main.rs:65:25

65   -         let mut value = ::time::format_description::modifier::$name::default();
65   +         let mut value = ::time::format_description::modifier::$name::default();
     |

error[E0433]: failed to resolve: could not find `format_description` in `time`
    --> tests/integration/parsing.rs:1027:36
     |
1027 |         Component::Month(modifier!(Month {
     |                                    ^^^^^ not found in `time::format_description::modifier`
     |
help: consider importing this enum
     |
1    | use time::Month;
     |
help: if you import `Month`, refer to it directly
    -->  |tests/integration/main.rs:65:25

65   -         let mut value = ::time::format_description::modifier::$name::default();
65   +         let mut value = ::time::format_description::modifier::$name::default();
     |

error[E0433]: failed to resolve: could not find `format_description` in `time`
    --> tests/integration/parsing.rs:1036:36
     |
1036 |         Component::Month(modifier!(Month {
     |                                    ^^^^^ not found in `time::format_description::modifier`
     |
help: consider importing this enum
     |
1    | use time::Month;
     |
help: if you import `Month`, refer to it directly
    -->  |tests/integration/main.rs:65:25

65   -         let mut value = ::time::format_description::modifier::$name::default();
65   +         let mut value = ::time::format_description::modifier::$name::default();
     |

error[E0433]: failed to resolve: could not find `format_description` in `time`
    --> tests/integration/parsing.rs:1045:36
     |
1045 |         Component::Month(modifier!(Month {
     |                                    ^^^^^ not found in `time::format_description::modifier`
     |
help: consider importing this enum
     |
1    | use time::Month;
     |
help: if you import `Month`, refer to it directly
    -->  |tests/integration/main.rs:65:25

65   -         let mut value = ::time::format_description::modifier::$name::default();
65   +         let mut value = ::time::format_description::modifier::$name::default();
     |

error[E0433]: failed to resolve: could not find `format_description` in `time`
    --> tests/integration/parsing.rs:1061:38
     |
1061 |         Component::Weekday(modifier!(Weekday {
     |                                      ^^^^^^^ not found in `time::format_description::modifier`
     |
help: consider importing this enum
     |
1    | use time::Weekday;
     |
help: if you import `Weekday`, refer to it directly
    -->  |tests/integration/main.rs:65:25

65   -         let mut value = ::time::format_description::modifier::$name::default();
65   +         let mut value = ::time::format_description::modifier::$name::default();
     |

error[E0433]: failed to resolve: could not find `format_description` in `time`
    --> tests/integration/parsing.rs:1070:38
     |
1070 |         Component::Weekday(modifier!(Weekday {
     |                                      ^^^^^^^ not found in `time::format_description::modifier`
     |
help: consider importing this enum
     |
1    | use time::Weekday;
     |
help: if you import `Weekday`, refer to it directly
    -->  |tests/integration/main.rs:65:25

65   -         let mut value = ::time::format_description::modifier::$name::default();
65   +         let mut value = ::time::format_description::modifier::$name::default();
     |

error[E0433]: failed to resolve: could not find `format_description` in `time`
    --> tests/integration/parsing.rs:1079:38
     |
1079 |         Component::Weekday(modifier!(Weekday {
     |                                      ^^^^^^^ not found in `time::format_description::modifier`
     |
help: consider importing this enum
     |
1    | use time::Weekday;
     |
help: if you import `Weekday`, refer to it directly
    -->  |tests/integration/main.rs:65:25

65   -         let mut value = ::time::format_description::modifier::$name::default();
65   +         let mut value = ::time::format_description::modifier::$name::default();
     |

error[E0433]: failed to resolve: could not find `format_description` in `time`
    --> tests/integration/parsing.rs:1088:38
     |
1088 |         Component::Weekday(modifier!(Weekday {
     |                                      ^^^^^^^ not found in `time::format_description::modifier`
     |
help: consider importing this enum
     |
1    | use time::Weekday;
     |
help: if you import `Weekday`, refer to it directly
    -->  |tests/integration/main.rs:65:25

65   -         let mut value = ::time::format_description::modifier::$name::default();
65   +         let mut value = ::time::format_description::modifier::$name::default();
     |

error[E0433]: failed to resolve: could not find `format_description` in `time`
    --> tests/integration/parsing.rs:1097:38
     |
1097 |         Component::Weekday(modifier!(Weekday {
     |                                      ^^^^^^^ not found in `time::format_description::modifier`
     |
help: consider importing this enum
     |
1    | use time::Weekday;
     |
help: if you import `Weekday`, refer to it directly
    -->  |tests/integration/main.rs:65:25

65   -         let mut value = ::time::format_description::modifier::$name::default();
65   +         let mut value = ::time::format_description::modifier::$name::default();
     |

error[E0433]: failed to resolve: could not find `format_description` in `time`
    --> tests/integration/parsing.rs:1105:38
     |
1105 |         Component::Weekday(modifier!(Weekday {
     |                                      ^^^^^^^ not found in `time::format_description::modifier`
     |
help: consider importing this enum
     |
1    | use time::Weekday;
     |
help: if you import `Weekday`, refer to it directly
    -->  |tests/integration/main.rs:65:25

65   -         let mut value = ::time::format_description::modifier::$name::default();
65   +         let mut value = ::time::format_description::modifier::$name::default();
     |

error[E0433]: failed to resolve: could not find `format_description` in `time`
    --> tests/integration/parsing.rs:1113:38
     |
1113 |         Component::Weekday(modifier!(Weekday {
     |                                      ^^^^^^^ not found in `time::format_description::modifier`
     |
help: consider importing this enum
     |
1    | use time::Weekday;
     |
help: if you import `Weekday`, refer to it directly
    -->  |tests/integration/main.rs:65:25

65   -         let mut value = ::time::format_description::modifier::$name::default();
65   +         let mut value = ::time::format_description::modifier::$name::default();
     |

error[E0433]: failed to resolve: could not find `format_description` in `time`
    --> tests/integration/parsing.rs:1121:38
     |
1121 |         Component::Weekday(modifier!(Weekday {
     |                                      ^^^^^^^ not found in `time::format_description::modifier`
     |
help: consider importing this enum
     |
1    | use time::Weekday;
     |
help: if you import `Weekday`, refer to it directly
    -->  |tests/integration/main.rs:65:25

65   -         let mut value = ::time::format_description::modifier::$name::default();
65   +         let mut value = ::time::format_description::modifier::$name::default();
     |

error[E0425]: cannot find value `Tuesday` in this scope
  --> tests/integration/primitive_date_time.rs:93:19
   |
93 |         (2019, 1, Tuesday)
   |                   ^^^^^^^ not found in this scope
   |
help: consider importing this unit variant
   |
1  | use time::Weekday::Tuesday;
   |

error[E0425]: cannot find value `Friday` in this scope
  --> tests/integration/primitive_date_time.rs:97:20
   |
97 |         (2019, 40, Friday)
   |                    ^^^^^^ not found in this scope
   |
help: consider importing this unit variant
   |
1  | use time::Weekday::Friday;
   |

error[E0425]: cannot find value `Wednesday` in this scope
   --> tests/integration/primitive_date_time.rs:101:19
    |
101 |         (2020, 1, Wednesday)
    |                   ^^^^^^^^^ not found in this scope
    |
help: consider importing this unit variant
    |
1   | use time::Weekday::Wednesday;
    |

error[E0425]: cannot find value `Thursday` in this scope
   --> tests/integration/primitive_date_time.rs:105:20
    |
105 |         (2020, 53, Thursday)
    |                    ^^^^^^^^ not found in this scope
    |
help: consider importing this unit variant
    |
1   | use time::Weekday::Thursday;
    |

error[E0425]: cannot find value `Friday` in this scope
   --> tests/integration/primitive_date_time.rs:109:20
    |
109 |         (2020, 53, Friday)
    |                    ^^^^^^ not found in this scope
    |
help: consider importing this unit variant
    |
1   | use time::Weekday::Friday;
    |

error[E0425]: cannot find value `Tuesday` in this scope
   --> tests/integration/primitive_date_time.rs:116:54
    |
116 |     assert_eq!(datetime!(2019-01-01 0:00).weekday(), Tuesday);
    |                                                      ^^^^^^^ not found in this scope
    |
help: consider importing this unit variant
    |
1   | use time::Weekday::Tuesday;
    |

error[E0425]: cannot find value `Friday` in this scope
   --> tests/integration/primitive_date_time.rs:117:54
    |
117 |     assert_eq!(datetime!(2019-02-01 0:00).weekday(), Friday);
    |                                                      ^^^^^^ not found in this scope
    |
help: consider importing this unit variant
    |
1   | use time::Weekday::Friday;
    |

error[E0425]: cannot find value `Friday` in this scope
   --> tests/integration/primitive_date_time.rs:118:54
    |
118 |     assert_eq!(datetime!(2019-03-01 0:00).weekday(), Friday);
    |                                                      ^^^^^^ not found in this scope
    |
help: consider importing this unit variant
    |
1   | use time::Weekday::Friday;
    |

error[E0425]: cannot find value `Monday` in this scope
   --> tests/integration/primitive_date_time.rs:119:54
    |
119 |     assert_eq!(datetime!(2019-04-01 0:00).weekday(), Monday);
    |                                                      ^^^^^^ not found in this scope
    |
help: consider importing this unit variant
    |
1   | use time::Weekday::Monday;
    |

error[E0425]: cannot find value `Wednesday` in this scope
   --> tests/integration/primitive_date_time.rs:120:54
    |
120 |     assert_eq!(datetime!(2019-05-01 0:00).weekday(), Wednesday);
    |                                                      ^^^^^^^^^ not found in this scope
    |
help: consider importing this unit variant
    |
1   | use time::Weekday::Wednesday;
    |

error[E0425]: cannot find value `Saturday` in this scope
   --> tests/integration/primitive_date_time.rs:121:54
    |
121 |     assert_eq!(datetime!(2019-06-01 0:00).weekday(), Saturday);
    |                                                      ^^^^^^^^ not found in this scope
    |
help: consider importing this unit variant
    |
1   | use time::Weekday::Saturday;
    |

error[E0425]: cannot find value `Monday` in this scope
   --> tests/integration/primitive_date_time.rs:122:54
    |
122 |     assert_eq!(datetime!(2019-07-01 0:00).weekday(), Monday);
    |                                                      ^^^^^^ not found in this scope
    |
help: consider importing this unit variant
    |
1   | use time::Weekday::Monday;
    |

error[E0425]: cannot find value `Thursday` in this scope
   --> tests/integration/primitive_date_time.rs:123:54
    |
123 |     assert_eq!(datetime!(2019-08-01 0:00).weekday(), Thursday);
    |                                                      ^^^^^^^^ not found in this scope
    |
help: consider importing this unit variant
    |
1   | use time::Weekday::Thursday;
    |

error[E0425]: cannot find value `Sunday` in this scope
   --> tests/integration/primitive_date_time.rs:124:54
    |
124 |     assert_eq!(datetime!(2019-09-01 0:00).weekday(), Sunday);
    |                                                      ^^^^^^ not found in this scope
    |
help: consider importing this unit variant
    |
1   | use time::Weekday::Sunday;
    |

error[E0425]: cannot find value `Tuesday` in this scope
   --> tests/integration/primitive_date_time.rs:125:54
    |
125 |     assert_eq!(datetime!(2019-10-01 0:00).weekday(), Tuesday);
    |                                                      ^^^^^^^ not found in this scope
    |
help: consider importing this unit variant
    |
1   | use time::Weekday::Tuesday;
    |

error[E0425]: cannot find value `Friday` in this scope
   --> tests/integration/primitive_date_time.rs:126:54
    |
126 |     assert_eq!(datetime!(2019-11-01 0:00).weekday(), Friday);
    |                                                      ^^^^^^ not found in this scope
    |
help: consider importing this unit variant
    |
1   | use time::Weekday::Friday;
    |

error[E0425]: cannot find value `Sunday` in this scope
   --> tests/integration/primitive_date_time.rs:127:54
    |
127 |     assert_eq!(datetime!(2019-12-01 0:00).weekday(), Sunday);
    |                                                      ^^^^^^ not found in this scope
    |
help: consider importing this unit variant
    |
1   | use time::Weekday::Sunday;
    |

error[E0425]: cannot find value `Monday` in this scope
  --> tests/integration/serde/json.rs:35:26
   |
35 |     assert_eq!(serialize(Monday.compact())?, "1");
   |                          ^^^^^^ not found in this scope
   |
help: consider importing this unit variant
   |
1  | use time::Weekday::Monday;
   |

error[E0425]: cannot find value `Monday` in this scope
  --> tests/integration/serde/json.rs:36:55
   |
36 |     assert_eq!(deserialize::<Weekday>("1", Compact)?, Monday);
   |                                                       ^^^^^^ not found in this scope
   |
help: consider importing this unit variant
   |
1  | use time::Weekday::Monday;
   |

error[E0425]: cannot find value `Monday` in this scope
  --> tests/integration/serde/json.rs:38:26
   |
38 |     assert_eq!(serialize(Monday.readable())?, "\"Monday\"");
   |                          ^^^^^^ not found in this scope
   |
help: consider importing this unit variant
   |
1  | use time::Weekday::Monday;
   |

error[E0425]: cannot find value `Monday` in this scope
  --> tests/integration/serde/json.rs:39:65
   |
39 |     assert_eq!(deserialize::<Weekday>("\"Monday\"", Readable)?, Monday);
   |                                                                 ^^^^^^ not found in this scope
   |
help: consider importing this unit variant
   |
1  | use time::Weekday::Monday;
   |

error[E0425]: cannot find value `Monday` in this scope
  --> tests/integration/serde/json.rs:40:56
   |
40 |     assert_eq!(deserialize::<Weekday>("1", Readable)?, Monday);
   |                                                        ^^^^^^ not found in this scope
   |
help: consider importing this unit variant
   |
1  | use time::Weekday::Monday;
   |

error[E0425]: cannot find value `March` in this scope
  --> tests/integration/serde/json.rs:49:26
   |
49 |     assert_eq!(serialize(March.compact())?, "3");
   |                          ^^^^^ not found in this scope
   |
help: consider importing this unit variant
   |
1  | use time::Month::March;
   |

error[E0425]: cannot find value `March` in this scope
  --> tests/integration/serde/json.rs:50:53
   |
50 |     assert_eq!(deserialize::<Month>("3", Compact)?, March);
   |                                                     ^^^^^ not found in this scope
   |
help: consider importing this unit variant
   |
1  | use time::Month::March;
   |

error[E0425]: cannot find value `March` in this scope
  --> tests/integration/serde/json.rs:52:26
   |
52 |     assert_eq!(serialize(March.readable())?, "\"March\"");
   |                          ^^^^^ not found in this scope
   |
help: consider importing this unit variant
   |
1  | use time::Month::March;
   |

error[E0425]: cannot find value `March` in this scope
  --> tests/integration/serde/json.rs:53:62
   |
53 |     assert_eq!(deserialize::<Month>("\"March\"", Readable)?, March);
   |                                                              ^^^^^ not found in this scope
   |
help: consider importing this unit variant
   |
1  | use time::Month::March;
   |

error[E0425]: cannot find value `March` in this scope
  --> tests/integration/serde/json.rs:54:54
   |
54 |     assert_eq!(deserialize::<Month>("3", Readable)?, March);
   |                                                      ^^^^^ not found in this scope
   |
help: consider importing this unit variant
   |
1  | use time::Month::March;
   |

error[E0425]: cannot find value `Monday` in this scope
   --> tests/integration/serde/mod.rs:896:20
    |
896 |     assert_tokens(&Monday.compact(), &[Token::U8(1)]);
    |                    ^^^^^^ not found in this scope
    |
help: consider importing this unit variant
    |
1   | use time::Weekday::Monday;
    |

error[E0425]: cannot find value `Tuesday` in this scope
   --> tests/integration/serde/mod.rs:897:20
    |
897 |     assert_tokens(&Tuesday.compact(), &[Token::U8(2)]);
    |                    ^^^^^^^ not found in this scope
    |
help: consider importing this unit variant
    |
1   | use time::Weekday::Tuesday;
    |

error[E0425]: cannot find value `Wednesday` in this scope
   --> tests/integration/serde/mod.rs:898:20
    |
898 |     assert_tokens(&Wednesday.compact(), &[Token::U8(3)]);
    |                    ^^^^^^^^^ not found in this scope
    |
help: consider importing this unit variant
    |
1   | use time::Weekday::Wednesday;
    |

error[E0425]: cannot find value `Thursday` in this scope
   --> tests/integration/serde/mod.rs:899:20
    |
899 |     assert_tokens(&Thursday.compact(), &[Token::U8(4)]);
    |                    ^^^^^^^^ not found in this scope
    |
help: consider importing this unit variant
    |
1   | use time::Weekday::Thursday;
    |

error[E0425]: cannot find value `Friday` in this scope
   --> tests/integration/serde/mod.rs:900:20
    |
900 |     assert_tokens(&Friday.compact(), &[Token::U8(5)]);
    |                    ^^^^^^ not found in this scope
    |
help: consider importing this unit variant
    |
1   | use time::Weekday::Friday;
    |

error[E0425]: cannot find value `Saturday` in this scope
   --> tests/integration/serde/mod.rs:901:20
    |
901 |     assert_tokens(&Saturday.compact(), &[Token::U8(6)]);
    |                    ^^^^^^^^ not found in this scope
    |
help: consider importing this unit variant
    |
1   | use time::Weekday::Saturday;
    |

error[E0425]: cannot find value `Sunday` in this scope
   --> tests/integration/serde/mod.rs:902:20
    |
902 |     assert_tokens(&Sunday.compact(), &[Token::U8(7)]);
    |                    ^^^^^^ not found in this scope
    |
help: consider importing this unit variant
    |
1   | use time::Weekday::Sunday;
    |

error[E0425]: cannot find value `Monday` in this scope
   --> tests/integration/serde/mod.rs:904:20
    |
904 |     assert_tokens(&Monday.readable(), &[Token::BorrowedStr("Monday")]);
    |                    ^^^^^^ not found in this scope
    |
help: consider importing this unit variant
    |
1   | use time::Weekday::Monday;
    |

error[E0425]: cannot find value `Tuesday` in this scope
   --> tests/integration/serde/mod.rs:905:20
    |
905 |     assert_tokens(&Tuesday.readable(), &[Token::BorrowedStr("Tuesday")]);
    |                    ^^^^^^^ not found in this scope
    |
help: consider importing this unit variant
    |
1   | use time::Weekday::Tuesday;
    |

error[E0425]: cannot find value `Wednesday` in this scope
   --> tests/integration/serde/mod.rs:906:20
    |
906 |     assert_tokens(&Wednesday.readable(), &[Token::BorrowedStr("Wednesday")]);
    |                    ^^^^^^^^^ not found in this scope
    |
help: consider importing this unit variant
    |
1   | use time::Weekday::Wednesday;
    |

error[E0425]: cannot find value `Thursday` in this scope
   --> tests/integration/serde/mod.rs:907:20
    |
907 |     assert_tokens(&Thursday.readable(), &[Token::BorrowedStr("Thursday")]);
    |                    ^^^^^^^^ not found in this scope
    |
help: consider importing this unit variant
    |
1   | use time::Weekday::Thursday;
    |

error[E0425]: cannot find value `Friday` in this scope
   --> tests/integration/serde/mod.rs:908:20
    |
908 |     assert_tokens(&Friday.readable(), &[Token::BorrowedStr("Friday")]);
    |                    ^^^^^^ not found in this scope
    |
help: consider importing this unit variant
    |
1   | use time::Weekday::Friday;
    |

error[E0425]: cannot find value `Saturday` in this scope
   --> tests/integration/serde/mod.rs:909:20
    |
909 |     assert_tokens(&Saturday.readable(), &[Token::BorrowedStr("Saturday")]);
    |                    ^^^^^^^^ not found in this scope
    |
help: consider importing this unit variant
    |
1   | use time::Weekday::Saturday;
    |

error[E0425]: cannot find value `Sunday` in this scope
   --> tests/integration/serde/mod.rs:910:20
    |
910 |     assert_tokens(&Sunday.readable(), &[Token::BorrowedStr("Sunday")]);
    |                    ^^^^^^ not found in this scope
    |
help: consider importing this unit variant
    |
1   | use time::Weekday::Sunday;
    |

error[E0425]: cannot find value `January` in this scope
   --> tests/integration/serde/mod.rs:936:20
    |
936 |     assert_tokens(&January.compact(), &[Token::U8(1)]);
    |                    ^^^^^^^ not found in this scope
    |
help: consider importing this unit variant
    |
1   | use time::Month::January;
    |

error[E0425]: cannot find value `February` in this scope
   --> tests/integration/serde/mod.rs:937:20
    |
937 |     assert_tokens(&February.compact(), &[Token::U8(2)]);
    |                    ^^^^^^^^ not found in this scope
    |
help: consider importing this unit variant
    |
1   | use time::Month::February;
    |

error[E0425]: cannot find value `March` in this scope
   --> tests/integration/serde/mod.rs:938:20
    |
938 |     assert_tokens(&March.compact(), &[Token::U8(3)]);
    |                    ^^^^^ not found in this scope
    |
help: consider importing this unit variant
    |
1   | use time::Month::March;
    |

error[E0425]: cannot find value `April` in this scope
   --> tests/integration/serde/mod.rs:939:20
    |
939 |     assert_tokens(&April.compact(), &[Token::U8(4)]);
    |                    ^^^^^ not found in this scope
    |
help: consider importing this unit variant
    |
1   | use time::Month::April;
    |

error[E0425]: cannot find value `May` in this scope
   --> tests/integration/serde/mod.rs:940:20
    |
940 |     assert_tokens(&May.compact(), &[Token::U8(5)]);
    |                    ^^^ not found in this scope
    |
help: consider importing this unit variant
    |
1   | use time::Month::May;
    |

error[E0425]: cannot find value `June` in this scope
   --> tests/integration/serde/mod.rs:941:20
    |
941 |     assert_tokens(&June.compact(), &[Token::U8(6)]);
    |                    ^^^^ not found in this scope
    |
help: consider importing this unit variant
    |
1   | use time::Month::June;
    |

error[E0425]: cannot find value `July` in this scope
   --> tests/integration/serde/mod.rs:942:20
    |
942 |     assert_tokens(&July.compact(), &[Token::U8(7)]);
    |                    ^^^^ not found in this scope
    |
help: consider importing this unit variant
    |
1   | use time::Month::July;
    |

error[E0425]: cannot find value `August` in this scope
   --> tests/integration/serde/mod.rs:943:20
    |
943 |     assert_tokens(&August.compact(), &[Token::U8(8)]);
    |                    ^^^^^^ not found in this scope
    |
help: consider importing this unit variant
    |
1   | use time::Month::August;
    |

error[E0425]: cannot find value `September` in this scope
   --> tests/integration/serde/mod.rs:944:20
    |
944 |     assert_tokens(&September.compact(), &[Token::U8(9)]);
    |                    ^^^^^^^^^ not found in this scope
    |
help: consider importing this unit variant
    |
1   | use time::Month::September;
    |

error[E0425]: cannot find value `October` in this scope
   --> tests/integration/serde/mod.rs:945:20
    |
945 |     assert_tokens(&October.compact(), &[Token::U8(10)]);
    |                    ^^^^^^^ not found in this scope
    |
help: consider importing this unit variant
    |
1   | use time::Month::October;
    |

error[E0425]: cannot find value `November` in this scope
   --> tests/integration/serde/mod.rs:946:20
    |
946 |     assert_tokens(&November.compact(), &[Token::U8(11)]);
    |                    ^^^^^^^^ not found in this scope
    |
help: consider importing this unit variant
    |
1   | use time::Month::November;
    |

error[E0425]: cannot find value `December` in this scope
   --> tests/integration/serde/mod.rs:947:20
    |
947 |     assert_tokens(&December.compact(), &[Token::U8(12)]);
    |                    ^^^^^^^^ not found in this scope
    |
help: consider importing this unit variant
    |
1   | use time::Month::December;
    |

error[E0425]: cannot find value `January` in this scope
   --> tests/integration/serde/mod.rs:949:20
    |
949 |     assert_tokens(&January.readable(), &[Token::BorrowedStr("January")]);
    |                    ^^^^^^^ not found in this scope
    |
help: consider importing this unit variant
    |
1   | use time::Month::January;
    |

error[E0425]: cannot find value `February` in this scope
   --> tests/integration/serde/mod.rs:950:20
    |
950 |     assert_tokens(&February.readable(), &[Token::BorrowedStr("February")]);
    |                    ^^^^^^^^ not found in this scope
    |
help: consider importing this unit variant
    |
1   | use time::Month::February;
    |

error[E0425]: cannot find value `March` in this scope
   --> tests/integration/serde/mod.rs:951:20
    |
951 |     assert_tokens(&March.readable(), &[Token::BorrowedStr("March")]);
    |                    ^^^^^ not found in this scope
    |
help: consider importing this unit variant
    |
1   | use time::Month::March;
    |

error[E0425]: cannot find value `April` in this scope
   --> tests/integration/serde/mod.rs:952:20
    |
952 |     assert_tokens(&April.readable(), &[Token::BorrowedStr("April")]);
    |                    ^^^^^ not found in this scope
    |
help: consider importing this unit variant
    |
1   | use time::Month::April;
    |

error[E0425]: cannot find value `May` in this scope
   --> tests/integration/serde/mod.rs:953:20
    |
953 |     assert_tokens(&May.readable(), &[Token::BorrowedStr("May")]);
    |                    ^^^ not found in this scope
    |
help: consider importing this unit variant
    |
1   | use time::Month::May;
    |

error[E0425]: cannot find value `June` in this scope
   --> tests/integration/serde/mod.rs:954:20
    |
954 |     assert_tokens(&June.readable(), &[Token::BorrowedStr("June")]);
    |                    ^^^^ not found in this scope
    |
help: consider importing this unit variant
    |
1   | use time::Month::June;
    |

error[E0425]: cannot find value `July` in this scope
   --> tests/integration/serde/mod.rs:955:20
    |
955 |     assert_tokens(&July.readable(), &[Token::BorrowedStr("July")]);
    |                    ^^^^ not found in this scope
    |
help: consider importing this unit variant
    |
1   | use time::Month::July;
    |

error[E0425]: cannot find value `August` in this scope
   --> tests/integration/serde/mod.rs:956:20
    |
956 |     assert_tokens(&August.readable(), &[Token::BorrowedStr("August")]);
    |                    ^^^^^^ not found in this scope
    |
help: consider importing this unit variant
    |
1   | use time::Month::August;
    |

error[E0425]: cannot find value `September` in this scope
   --> tests/integration/serde/mod.rs:957:20
    |
957 |     assert_tokens(&September.readable(), &[Token::BorrowedStr("September")]);
    |                    ^^^^^^^^^ not found in this scope
    |
help: consider importing this unit variant
    |
1   | use time::Month::September;
    |

error[E0425]: cannot find value `October` in this scope
   --> tests/integration/serde/mod.rs:958:20
    |
958 |     assert_tokens(&October.readable(), &[Token::BorrowedStr("October")]);
    |                    ^^^^^^^ not found in this scope
    |
help: consider importing this unit variant
    |
1   | use time::Month::October;
    |

error[E0425]: cannot find value `November` in this scope
   --> tests/integration/serde/mod.rs:959:20
    |
959 |     assert_tokens(&November.readable(), &[Token::BorrowedStr("November")]);
    |                    ^^^^^^^^ not found in this scope
    |
help: consider importing this unit variant
    |
1   | use time::Month::November;
    |

error[E0425]: cannot find value `December` in this scope
   --> tests/integration/serde/mod.rs:960:20
    |
960 |     assert_tokens(&December.readable(), &[Token::BorrowedStr("December")]);
    |                    ^^^^^^^^ not found in this scope
    |
help: consider importing this unit variant
    |
1   | use time::Month::December;
    |

error[E0659]: `time` is ambiguous
 --> tests/integration/date.rs:5:5
  |
5 | use time::ext::{NumericalDuration, NumericalStdDuration};
  |     ^^^^ ambiguous name
  |
  = note: ambiguous because of multiple potential import sources
  = note: `time` could refer to a crate passed with `--extern`
  = help: use `::time` to refer to this crate unambiguously
note: `time` could also refer to the unresolved item imported here
 --> tests/integration/date.rs:6:36
  |
6 | use time::macros::{date, datetime, time};
  |                                    ^^^^
  = help: use `self::time` to refer to this unresolved item unambiguously

error[E0659]: `time` is ambiguous
 --> tests/integration/date.rs:6:5
  |
6 | use time::macros::{date, datetime, time};
  |     ^^^^ ambiguous name
  |
  = note: ambiguous because of multiple potential import sources
  = note: `time` could refer to a crate passed with `--extern`
  = help: use `::time` to refer to this crate unambiguously
note: `time` could also refer to the unresolved item imported here
 --> tests/integration/date.rs:6:36
  |
6 | use time::macros::{date, datetime, time};
  |                                    ^^^^
  = help: use `self::time` to refer to this unresolved item unambiguously

error[E0659]: `time` is ambiguous
 --> tests/integration/date.rs:7:5
  |
7 | use time::{util, Date, Duration, Month, Weekday};
  |     ^^^^ ambiguous name
  |
  = note: ambiguous because of multiple potential import sources
  = note: `time` could refer to a crate passed with `--extern`
  = help: use `::time` to refer to this crate unambiguously
note: `time` could also refer to the unresolved item imported here
 --> tests/integration/date.rs:6:36
  |
6 | use time::macros::{date, datetime, time};
  |                                    ^^^^
  = help: use `self::time` to refer to this unresolved item unambiguously

error[E0659]: `time` is ambiguous
 --> tests/integration/derives.rs:5:5
  |
5 | use time::error::{self, ConversionRange, IndeterminateOffset, TryFromParsed};
  |     ^^^^ ambiguous name
  |
  = note: ambiguous because of multiple potential import sources
  = note: `time` could refer to a crate passed with `--extern`
  = help: use `::time` to refer to this crate unambiguously
note: `time` could also refer to the unresolved item imported here
 --> tests/integration/derives.rs:8:34
  |
8 | use time::macros::{date, offset, time};
  |                                  ^^^^
  = help: use `self::time` to refer to this unresolved item unambiguously

error[E0659]: `time` is ambiguous
 --> tests/integration/derives.rs:6:5
  |
6 | use time::ext::NumericalDuration;
  |     ^^^^ ambiguous name
  |
  = note: ambiguous because of multiple potential import sources
  = note: `time` could refer to a crate passed with `--extern`
  = help: use `::time` to refer to this crate unambiguously
note: `time` could also refer to the unresolved item imported here
 --> tests/integration/derives.rs:8:34
  |
8 | use time::macros::{date, offset, time};
  |                                  ^^^^
  = help: use `self::time` to refer to this unresolved item unambiguously

error[E0659]: `time` is ambiguous
 --> tests/integration/derives.rs:7:5
  |
7 | use time::format_description::{self, modifier, well_known, Component, FormatItem};
  |     ^^^^ ambiguous name
  |
  = note: ambiguous because of multiple potential import sources
  = note: `time` could refer to a crate passed with `--extern`
  = help: use `::time` to refer to this crate unambiguously
note: `time` could also refer to the unresolved item imported here
 --> tests/integration/derives.rs:8:34
  |
8 | use time::macros::{date, offset, time};
  |                                  ^^^^
  = help: use `self::time` to refer to this unresolved item unambiguously

error[E0659]: `time` is ambiguous
 --> tests/integration/derives.rs:8:5
  |
8 | use time::macros::{date, offset, time};
  |     ^^^^ ambiguous name
  |
  = note: ambiguous because of multiple potential import sources
  = note: `time` could refer to a crate passed with `--extern`
  = help: use `::time` to refer to this crate unambiguously
note: `time` could also refer to the unresolved item imported here
 --> tests/integration/derives.rs:8:34
  |
8 | use time::macros::{date, offset, time};
  |                                  ^^^^
  = help: use `self::time` to refer to this unresolved item unambiguously

error[E0659]: `time` is ambiguous
 --> tests/integration/derives.rs:9:5
  |
9 | use time::parsing::Parsed;
  |     ^^^^ ambiguous name
  |
  = note: ambiguous because of multiple potential import sources
  = note: `time` could refer to a crate passed with `--extern`
  = help: use `::time` to refer to this crate unambiguously
note: `time` could also refer to the unresolved item imported here
 --> tests/integration/derives.rs:8:34
  |
8 | use time::macros::{date, offset, time};
  |                                  ^^^^
  = help: use `self::time` to refer to this unresolved item unambiguously

error[E0659]: `time` is ambiguous
  --> tests/integration/derives.rs:10:5
   |
10 | use time::{Duration, Error, Instant, Month, Time, Weekday};
   |     ^^^^ ambiguous name
   |
   = note: ambiguous because of multiple potential import sources
   = note: `time` could refer to a crate passed with `--extern`
   = help: use `::time` to refer to this crate unambiguously
note: `time` could also refer to the unresolved item imported here
  --> tests/integration/derives.rs:8:34
   |
8  | use time::macros::{date, offset, time};
   |                                  ^^^^
   = help: use `self::time` to refer to this unresolved item unambiguously

error[E0659]: `time` is ambiguous
 --> tests/integration/formatting.rs:3:5
  |
3 | use time::format_description::well_known::iso8601::{DateKind, OffsetPrecision, TimePrecision};
  |     ^^^^ ambiguous name
  |
  = note: ambiguous because of multiple potential import sources
  = note: `time` could refer to a crate passed with `--extern`
  = help: use `::time` to refer to this crate unambiguously
note: `time` could also refer to the unresolved item imported here
 --> tests/integration/formatting.rs:6:70
  |
6 | use time::macros::{date, datetime, format_description as fd, offset, time};
  |                                                                      ^^^^
  = help: use `self::time` to refer to this unresolved item unambiguously

error[E0659]: `time` is ambiguous
 --> tests/integration/formatting.rs:4:5
  |
4 | use time::format_description::well_known::{iso8601, Iso8601, Rfc2822, Rfc3339};
  |     ^^^^ ambiguous name
  |
  = note: ambiguous because of multiple potential import sources
  = note: `time` could refer to a crate passed with `--extern`
  = help: use `::time` to refer to this crate unambiguously
note: `time` could also refer to the unresolved item imported here
 --> tests/integration/formatting.rs:6:70
  |
6 | use time::macros::{date, datetime, format_description as fd, offset, time};
  |                                                                      ^^^^
  = help: use `self::time` to refer to this unresolved item unambiguously

error[E0659]: `time` is ambiguous
 --> tests/integration/formatting.rs:5:5
  |
5 | use time::format_description::{self, FormatItem};
  |     ^^^^ ambiguous name
  |
  = note: ambiguous because of multiple potential import sources
  = note: `time` could refer to a crate passed with `--extern`
  = help: use `::time` to refer to this crate unambiguously
note: `time` could also refer to the unresolved item imported here
 --> tests/integration/formatting.rs:6:70
  |
6 | use time::macros::{date, datetime, format_description as fd, offset, time};
  |                                                                      ^^^^
  = help: use `self::time` to refer to this unresolved item unambiguously

error[E0659]: `time` is ambiguous
 --> tests/integration/formatting.rs:6:5
  |
6 | use time::macros::{date, datetime, format_description as fd, offset, time};
  |     ^^^^ ambiguous name
  |
  = note: ambiguous because of multiple potential import sources
  = note: `time` could refer to a crate passed with `--extern`
  = help: use `::time` to refer to this crate unambiguously
note: `time` could also refer to the unresolved item imported here
 --> tests/integration/formatting.rs:6:70
  |
6 | use time::macros::{date, datetime, format_description as fd, offset, time};
  |                                                                      ^^^^
  = help: use `self::time` to refer to this unresolved item unambiguously

error[E0659]: `time` is ambiguous
 --> tests/integration/formatting.rs:7:5
  |
7 | use time::{OffsetDateTime, Time};
  |     ^^^^ ambiguous name
  |
  = note: ambiguous because of multiple potential import sources
  = note: `time` could refer to a crate passed with `--extern`
  = help: use `::time` to refer to this crate unambiguously
note: `time` could also refer to the unresolved item imported here
 --> tests/integration/formatting.rs:6:70
  |
6 | use time::macros::{date, datetime, format_description as fd, offset, time};
  |                                                                      ^^^^
  = help: use `self::time` to refer to this unresolved item unambiguously

error[E0659]: `time` is ambiguous
 --> tests/integration/macros.rs:1:5
  |
1 | use time::format_description::modifier::{
  |     ^^^^ ambiguous name
  |
  = note: ambiguous because of multiple potential import sources
  = note: `time` could refer to a crate passed with `--extern`
  = help: use `::time` to refer to this crate unambiguously
note: `time` could also refer to the unresolved item imported here
 --> tests/integration/macros.rs:5:46
  |
5 | use time::macros::{date, format_description, time};
  |                                              ^^^^
  = help: use `self::time` to refer to this unresolved item unambiguously

error[E0659]: `time` is ambiguous
 --> tests/integration/macros.rs:4:5
  |
4 | use time::format_description::{Component, FormatItem};
  |     ^^^^ ambiguous name
  |
  = note: ambiguous because of multiple potential import sources
  = note: `time` could refer to a crate passed with `--extern`
  = help: use `::time` to refer to this crate unambiguously
note: `time` could also refer to the unresolved item imported here
 --> tests/integration/macros.rs:5:46
  |
5 | use time::macros::{date, format_description, time};
  |                                              ^^^^
  = help: use `self::time` to refer to this unresolved item unambiguously

error[E0659]: `time` is ambiguous
 --> tests/integration/macros.rs:5:5
  |
5 | use time::macros::{date, format_description, time};
  |     ^^^^ ambiguous name
  |
  = note: ambiguous because of multiple potential import sources
  = note: `time` could refer to a crate passed with `--extern`
  = help: use `::time` to refer to this crate unambiguously
note: `time` could also refer to the unresolved item imported here
 --> tests/integration/macros.rs:5:46
  |
5 | use time::macros::{date, format_description, time};
  |                                              ^^^^
  = help: use `self::time` to refer to this unresolved item unambiguously

error[E0659]: `time` is ambiguous
 --> tests/integration/macros.rs:6:5
  |
6 | use time::{Date, Time};
  |     ^^^^ ambiguous name
  |
  = note: ambiguous because of multiple potential import sources
  = note: `time` could refer to a crate passed with `--extern`
  = help: use `::time` to refer to this crate unambiguously
note: `time` could also refer to the unresolved item imported here
 --> tests/integration/macros.rs:5:46
  |
5 | use time::macros::{date, format_description, time};
  |                                              ^^^^
  = help: use `self::time` to refer to this unresolved item unambiguously

error[E0659]: `time` is ambiguous
 --> tests/integration/offset_date_time.rs:4:5
  |
4 | use time::ext::{NumericalDuration, NumericalStdDuration};
  |     ^^^^ ambiguous name
  |
  = note: ambiguous because of multiple potential import sources
  = note: `time` could refer to a crate passed with `--extern`
  = help: use `::time` to refer to this crate unambiguously
note: `time` could also refer to the unresolved item imported here
 --> tests/integration/offset_date_time.rs:5:44
  |
5 | use time::macros::{date, datetime, offset, time};
  |                                            ^^^^
  = help: use `self::time` to refer to this unresolved item unambiguously

error[E0659]: `time` is ambiguous
 --> tests/integration/offset_date_time.rs:5:5
  |
5 | use time::macros::{date, datetime, offset, time};
  |     ^^^^ ambiguous name
  |
  = note: ambiguous because of multiple potential import sources
  = note: `time` could refer to a crate passed with `--extern`
  = help: use `::time` to refer to this crate unambiguously
note: `time` could also refer to the unresolved item imported here
 --> tests/integration/offset_date_time.rs:5:44
  |
5 | use time::macros::{date, datetime, offset, time};
  |                                            ^^^^
  = help: use `self::time` to refer to this unresolved item unambiguously

error[E0659]: `time` is ambiguous
 --> tests/integration/offset_date_time.rs:6:5
  |
6 | use time::{Date, Duration, Month, OffsetDateTime, PrimitiveDateTime, Result, Weekday};
  |     ^^^^ ambiguous name
  |
  = note: ambiguous because of multiple potential import sources
  = note: `time` could refer to a crate passed with `--extern`
  = help: use `::time` to refer to this crate unambiguously
note: `time` could also refer to the unresolved item imported here
 --> tests/integration/offset_date_time.rs:5:44
  |
5 | use time::macros::{date, datetime, offset, time};
  |                                            ^^^^
  = help: use `self::time` to refer to this unresolved item unambiguously

error[E0659]: `time` is ambiguous
 --> tests/integration/parsing.rs:3:5
  |
3 | use time::format_description::well_known::{Iso8601, Rfc2822, Rfc3339};
  |     ^^^^ ambiguous name
  |
  = note: ambiguous because of multiple potential import sources
  = note: `time` could refer to a crate passed with `--extern`
  = help: use `::time` to refer to this crate unambiguously
note: `time` could also refer to the unresolved item imported here
 --> tests/integration/parsing.rs:5:44
  |
5 | use time::macros::{date, datetime, offset, time};
  |                                            ^^^^
  = help: use `self::time` to refer to this unresolved item unambiguously

error[E0659]: `time` is ambiguous
 --> tests/integration/parsing.rs:4:5
  |
4 | use time::format_description::{modifier, Component, FormatItem};
  |     ^^^^ ambiguous name
  |
  = note: ambiguous because of multiple potential import sources
  = note: `time` could refer to a crate passed with `--extern`
  = help: use `::time` to refer to this crate unambiguously
note: `time` could also refer to the unresolved item imported here
 --> tests/integration/parsing.rs:5:44
  |
5 | use time::macros::{date, datetime, offset, time};
  |                                            ^^^^
  = help: use `self::time` to refer to this unresolved item unambiguously

error[E0659]: `time` is ambiguous
 --> tests/integration/parsing.rs:5:5
  |
5 | use time::macros::{date, datetime, offset, time};
  |     ^^^^ ambiguous name
  |
  = note: ambiguous because of multiple potential import sources
  = note: `time` could refer to a crate passed with `--extern`
  = help: use `::time` to refer to this crate unambiguously
note: `time` could also refer to the unresolved item imported here
 --> tests/integration/parsing.rs:5:44
  |
5 | use time::macros::{date, datetime, offset, time};
  |                                            ^^^^
  = help: use `self::time` to refer to this unresolved item unambiguously

error[E0659]: `time` is ambiguous
 --> tests/integration/parsing.rs:6:5
  |
6 | use time::parsing::Parsed;
  |     ^^^^ ambiguous name
  |
  = note: ambiguous because of multiple potential import sources
  = note: `time` could refer to a crate passed with `--extern`
  = help: use `::time` to refer to this crate unambiguously
note: `time` could also refer to the unresolved item imported here
 --> tests/integration/parsing.rs:5:44
  |
5 | use time::macros::{date, datetime, offset, time};
  |                                            ^^^^
  = help: use `self::time` to refer to this unresolved item unambiguously

error[E0659]: `time` is ambiguous
 --> tests/integration/parsing.rs:7:5
  |
7 | use time::{
  |     ^^^^ ambiguous name
  |
  = note: ambiguous because of multiple potential import sources
  = note: `time` could refer to a crate passed with `--extern`
  = help: use `::time` to refer to this crate unambiguously
note: `time` could also refer to the unresolved item imported here
 --> tests/integration/parsing.rs:5:44
  |
5 | use time::macros::{date, datetime, offset, time};
  |                                            ^^^^
  = help: use `self::time` to refer to this unresolved item unambiguously

error[E0659]: `time` is ambiguous
 --> tests/integration/primitive_date_time.rs:3:5
  |
3 | use time::ext::{NumericalDuration, NumericalStdDuration};
  |     ^^^^ ambiguous name
  |
  = note: ambiguous because of multiple potential import sources
  = note: `time` could refer to a crate passed with `--extern`
  = help: use `::time` to refer to this crate unambiguously
note: `time` could also refer to the unresolved item imported here
 --> tests/integration/primitive_date_time.rs:4:44
  |
4 | use time::macros::{date, datetime, offset, time};
  |                                            ^^^^
  = help: use `self::time` to refer to this unresolved item unambiguously

error[E0659]: `time` is ambiguous
 --> tests/integration/primitive_date_time.rs:4:5
  |
4 | use time::macros::{date, datetime, offset, time};
  |     ^^^^ ambiguous name
  |
  = note: ambiguous because of multiple potential import sources
  = note: `time` could refer to a crate passed with `--extern`
  = help: use `::time` to refer to this crate unambiguously
note: `time` could also refer to the unresolved item imported here
 --> tests/integration/primitive_date_time.rs:4:44
  |
4 | use time::macros::{date, datetime, offset, time};
  |                                            ^^^^
  = help: use `self::time` to refer to this unresolved item unambiguously

error[E0659]: `time` is ambiguous
 --> tests/integration/primitive_date_time.rs:5:5
  |
5 | use time::{Duration, Month, PrimitiveDateTime, Result, Weekday};
  |     ^^^^ ambiguous name
  |
  = note: ambiguous because of multiple potential import sources
  = note: `time` could refer to a crate passed with `--extern`
  = help: use `::time` to refer to this crate unambiguously
note: `time` could also refer to the unresolved item imported here
 --> tests/integration/primitive_date_time.rs:4:44
  |
4 | use time::macros::{date, datetime, offset, time};
  |                                            ^^^^
  = help: use `self::time` to refer to this unresolved item unambiguously

error[E0659]: `time` is ambiguous
 --> tests/integration/serde/mod.rs:2:5
  |
2 | use time::macros::{date, datetime, offset, time};
  |     ^^^^ ambiguous name
  |
  = note: ambiguous because of multiple potential import sources
  = note: `time` could refer to a crate passed with `--extern`
  = help: use `::time` to refer to this crate unambiguously
note: `time` could also refer to the unresolved item imported here
 --> tests/integration/serde/mod.rs:2:44
  |
2 | use time::macros::{date, datetime, offset, time};
  |                                            ^^^^
  = help: use `self::time` to refer to this unresolved item unambiguously

error[E0659]: `time` is ambiguous
 --> tests/integration/serde/mod.rs:3:5
  |
3 | use time::{Date, Duration, Month, OffsetDateTime, PrimitiveDateTime, Time, UtcOffset, Weekday};
  |     ^^^^ ambiguous name
  |
  = note: ambiguous because of multiple potential import sources
  = note: `time` could refer to a crate passed with `--extern`
  = help: use `::time` to refer to this crate unambiguously
note: `time` could also refer to the unresolved item imported here
 --> tests/integration/serde/mod.rs:2:44
  |
2 | use time::macros::{date, datetime, offset, time};
  |                                            ^^^^
  = help: use `self::time` to refer to this unresolved item unambiguously

error[E0659]: `time` is ambiguous
 --> tests/integration/serde/json.rs:5:5
  |
5 | use time::macros::{date, datetime, time};
  |     ^^^^ ambiguous name
  |
  = note: ambiguous because of multiple potential import sources
  = note: `time` could refer to a crate passed with `--extern`
  = help: use `::time` to refer to this crate unambiguously
note: `time` could also refer to the unresolved item imported here
 --> tests/integration/serde/json.rs:5:36
  |
5 | use time::macros::{date, datetime, time};
  |                                    ^^^^
  = help: use `self::time` to refer to this unresolved item unambiguously

error[E0659]: `time` is ambiguous
 --> tests/integration/serde/json.rs:6:5
  |
6 | use time::{Date, Duration, Month, OffsetDateTime, PrimitiveDateTime, Time, Weekday};
  |     ^^^^ ambiguous name
  |
  = note: ambiguous because of multiple potential import sources
  = note: `time` could refer to a crate passed with `--extern`
  = help: use `::time` to refer to this crate unambiguously
note: `time` could also refer to the unresolved item imported here
 --> tests/integration/serde/json.rs:5:36
  |
5 | use time::macros::{date, datetime, time};
  |                                    ^^^^
  = help: use `self::time` to refer to this unresolved item unambiguously

error[E0659]: `time` is ambiguous
 --> tests/integration/time.rs:1:5
  |
1 | use time::ext::{NumericalDuration, NumericalStdDuration};
  |     ^^^^ ambiguous name
  |
  = note: ambiguous because of multiple potential import sources
  = note: `time` could refer to a crate passed with `--extern`
  = help: use `::time` to refer to this crate unambiguously
note: `time` could also refer to the unresolved item imported here
 --> tests/integration/time.rs:2:5
  |
2 | use time::macros::time;
  |     ^^^^^^^^^^^^^^^^^^
  = help: use `self::time` to refer to this unresolved item unambiguously

error[E0659]: `time` is ambiguous
 --> tests/integration/time.rs:3:5
  |
3 | use time::{Result, Time};
  |     ^^^^ ambiguous name
  |
  = note: ambiguous because of multiple potential import sources
  = note: `time` could refer to a crate passed with `--extern`
  = help: use `::time` to refer to this crate unambiguously
note: `time` could also refer to the unresolved item imported here
 --> tests/integration/time.rs:2:5
  |
2 | use time::macros::time;
  |     ^^^^^^^^^^^^^^^^^^
  = help: use `self::time` to refer to this unresolved item unambiguously

error[E0659]: `modifier` is ambiguous
   --> tests/integration/parsing.rs:970:25
    |
970 |         Component::Year(modifier!(Year {
    |                         ^^^^^^^^ ambiguous name
    |
    = note: ambiguous because of a conflict between a `macro_rules` name and a non-`macro_rules` name from another module
note: `modifier` could refer to the macro defined here
   --> tests/integration/main.rs:61:1
    |
61  | / macro_rules! modifier {
62  | |     ($name:ident {
63  | |         $($field:ident $(: $value:expr)?),+ $(,)?
64  | |     }) => {{
...   |
71  | |     (@value $field:ident $value:expr) => ($value);
72  | | }
    | |_^
note: `modifier` could also refer to the unresolved item imported here
   --> tests/integration/parsing.rs:4:32
    |
4   | use time::format_description::{modifier, Component, FormatItem};
    |                                ^^^^^^^^
    = help: use `self::modifier` to refer to this unresolved item unambiguously

error[E0659]: `modifier` is ambiguous
   --> tests/integration/main.rs:66:26
    |
66  |           $(value.$field = modifier!(@value $field $($value)?);)+
    |                            ^^^^^^^^ ambiguous name
    |
   ::: tests/integration/parsing.rs:970:25
    |
970 |           Component::Year(modifier!(Year {
    |  _________________________-
971 | |             padding: modifier::Padding::Zero,
972 | |             repr: modifier::YearRepr::Full,
973 | |             iso_week_based: false,
974 | |             sign_is_mandatory: false,
975 | |         })),
    | |__________- in this macro invocation
    |
    = note: ambiguous because of a conflict between a `macro_rules` name and a non-`macro_rules` name from another module
note: `modifier` could refer to the macro defined here
   --> tests/integration/main.rs:61:1
    |
61  | / macro_rules! modifier {
62  | |     ($name:ident {
63  | |         $($field:ident $(: $value:expr)?),+ $(,)?
64  | |     }) => {{
...   |
71  | |     (@value $field:ident $value:expr) => ($value);
72  | | }
    | |_^
note: `modifier` could also refer to the unresolved item imported here
   --> tests/integration/parsing.rs:4:32
    |
4   | use time::format_description::{modifier, Component, FormatItem};
    |                                ^^^^^^^^
    = help: use `self::modifier` to refer to this unresolved item unambiguously
    = note: this error originates in the macro `modifier` (in Nightly builds, run with -Z macro-backtrace for more info)

error[E0659]: `modifier` is ambiguous
   --> tests/integration/parsing.rs:980:25
    |
980 |         Component::Year(modifier!(Year {
    |                         ^^^^^^^^ ambiguous name
    |
    = note: ambiguous because of a conflict between a `macro_rules` name and a non-`macro_rules` name from another module
note: `modifier` could refer to the macro defined here
   --> tests/integration/main.rs:61:1
    |
61  | / macro_rules! modifier {
62  | |     ($name:ident {
63  | |         $($field:ident $(: $value:expr)?),+ $(,)?
64  | |     }) => {{
...   |
71  | |     (@value $field:ident $value:expr) => ($value);
72  | | }
    | |_^
note: `modifier` could also refer to the unresolved item imported here
   --> tests/integration/parsing.rs:4:32
    |
4   | use time::format_description::{modifier, Component, FormatItem};
    |                                ^^^^^^^^
    = help: use `self::modifier` to refer to this unresolved item unambiguously

error[E0659]: `modifier` is ambiguous
   --> tests/integration/main.rs:66:26
    |
66  |           $(value.$field = modifier!(@value $field $($value)?);)+
    |                            ^^^^^^^^ ambiguous name
    |
   ::: tests/integration/parsing.rs:980:25
    |
980 |           Component::Year(modifier!(Year {
    |  _________________________-
981 | |             padding: modifier::Padding::Zero,
982 | |             repr: modifier::YearRepr::LastTwo,
983 | |             iso_week_based: false,
984 | |             sign_is_mandatory: false,
985 | |         })),
    | |__________- in this macro invocation
    |
    = note: ambiguous because of a conflict between a `macro_rules` name and a non-`macro_rules` name from another module
note: `modifier` could refer to the macro defined here
   --> tests/integration/main.rs:61:1
    |
61  | / macro_rules! modifier {
62  | |     ($name:ident {
63  | |         $($field:ident $(: $value:expr)?),+ $(,)?
64  | |     }) => {{
...   |
71  | |     (@value $field:ident $value:expr) => ($value);
72  | | }
    | |_^
note: `modifier` could also refer to the unresolved item imported here
   --> tests/integration/parsing.rs:4:32
    |
4   | use time::format_description::{modifier, Component, FormatItem};
    |                                ^^^^^^^^
    = help: use `self::modifier` to refer to this unresolved item unambiguously
    = note: this error originates in the macro `modifier` (in Nightly builds, run with -Z macro-backtrace for more info)

error[E0659]: `modifier` is ambiguous
   --> tests/integration/parsing.rs:990:25
    |
990 |         Component::Year(modifier!(Year {
    |                         ^^^^^^^^ ambiguous name
    |
    = note: ambiguous because of a conflict between a `macro_rules` name and a non-`macro_rules` name from another module
note: `modifier` could refer to the macro defined here
   --> tests/integration/main.rs:61:1
    |
61  | / macro_rules! modifier {
62  | |     ($name:ident {
63  | |         $($field:ident $(: $value:expr)?),+ $(,)?
64  | |     }) => {{
...   |
71  | |     (@value $field:ident $value:expr) => ($value);
72  | | }
    | |_^
note: `modifier` could also refer to the unresolved item imported here
   --> tests/integration/parsing.rs:4:32
    |
4   | use time::format_description::{modifier, Component, FormatItem};
    |                                ^^^^^^^^
    = help: use `self::modifier` to refer to this unresolved item unambiguously

error[E0659]: `modifier` is ambiguous
   --> tests/integration/main.rs:66:26
    |
66  |           $(value.$field = modifier!(@value $field $($value)?);)+
    |                            ^^^^^^^^ ambiguous name
    |
   ::: tests/integration/parsing.rs:990:25
    |
990 |           Component::Year(modifier!(Year {
    |  _________________________-
991 | |             padding: modifier::Padding::Zero,
992 | |             repr: modifier::YearRepr::Full,
993 | |             iso_week_based: true,
994 | |             sign_is_mandatory: false,
995 | |         })),
    | |__________- in this macro invocation
    |
    = note: ambiguous because of a conflict between a `macro_rules` name and a non-`macro_rules` name from another module
note: `modifier` could refer to the macro defined here
   --> tests/integration/main.rs:61:1
    |
61  | / macro_rules! modifier {
62  | |     ($name:ident {
63  | |         $($field:ident $(: $value:expr)?),+ $(,)?
64  | |     }) => {{
...   |
71  | |     (@value $field:ident $value:expr) => ($value);
72  | | }
    | |_^
note: `modifier` could also refer to the unresolved item imported here
   --> tests/integration/parsing.rs:4:32
    |
4   | use time::format_description::{modifier, Component, FormatItem};
    |                                ^^^^^^^^
    = help: use `self::modifier` to refer to this unresolved item unambiguously
    = note: this error originates in the macro `modifier` (in Nightly builds, run with -Z macro-backtrace for more info)

error[E0659]: `modifier` is ambiguous
    --> tests/integration/parsing.rs:1000:25
     |
1000 |         Component::Year(modifier!(Year {
     |                         ^^^^^^^^ ambiguous name
     |
     = note: ambiguous because of a conflict between a `macro_rules` name and a non-`macro_rules` name from another module
note: `modifier` could refer to the macro defined here
    --> tests/integration/main.rs:61:1
     |
61   | / macro_rules! modifier {
62   | |     ($name:ident {
63   | |         $($field:ident $(: $value:expr)?),+ $(,)?
64   | |     }) => {{
...    |
71   | |     (@value $field:ident $value:expr) => ($value);
72   | | }
     | |_^
note: `modifier` could also refer to the unresolved item imported here
    --> tests/integration/parsing.rs:4:32
     |
4    | use time::format_description::{modifier, Component, FormatItem};
     |                                ^^^^^^^^
     = help: use `self::modifier` to refer to this unresolved item unambiguously

error[E0659]: `modifier` is ambiguous
    --> tests/integration/main.rs:66:26
     |
66   |           $(value.$field = modifier!(@value $field $($value)?);)+
     |                            ^^^^^^^^ ambiguous name
     |
    ::: tests/integration/parsing.rs:1000:25
     |
1000 |           Component::Year(modifier!(Year {
     |  _________________________-
1001 | |             padding: modifier::Padding::Zero,
1002 | |             repr: modifier::YearRepr::LastTwo,
1003 | |             iso_week_based: true,
1004 | |             sign_is_mandatory: false,
1005 | |         })),
     | |__________- in this macro invocation
     |
     = note: ambiguous because of a conflict between a `macro_rules` name and a non-`macro_rules` name from another module
note: `modifier` could refer to the macro defined here
    --> tests/integration/main.rs:61:1
     |
61   | / macro_rules! modifier {
62   | |     ($name:ident {
63   | |         $($field:ident $(: $value:expr)?),+ $(,)?
64   | |     }) => {{
...    |
71   | |     (@value $field:ident $value:expr) => ($value);
72   | | }
     | |_^
note: `modifier` could also refer to the unresolved item imported here
    --> tests/integration/parsing.rs:4:32
     |
4    | use time::format_description::{modifier, Component, FormatItem};
     |                                ^^^^^^^^
     = help: use `self::modifier` to refer to this unresolved item unambiguously
     = note: this error originates in the macro `modifier` (in Nightly builds, run with -Z macro-backtrace for more info)

error[E0659]: `modifier` is ambiguous
    --> tests/integration/parsing.rs:1010:26
     |
1010 |         Component::Month(modifier!(Month {
     |                          ^^^^^^^^ ambiguous name
     |
     = note: ambiguous because of a conflict between a `macro_rules` name and a non-`macro_rules` name from another module
note: `modifier` could refer to the macro defined here
    --> tests/integration/main.rs:61:1
     |
61   | / macro_rules! modifier {
62   | |     ($name:ident {
63   | |         $($field:ident $(: $value:expr)?),+ $(,)?
64   | |     }) => {{
...    |
71   | |     (@value $field:ident $value:expr) => ($value);
72   | | }
     | |_^
note: `modifier` could also refer to the unresolved item imported here
    --> tests/integration/parsing.rs:4:32
     |
4    | use time::format_description::{modifier, Component, FormatItem};
     |                                ^^^^^^^^
     = help: use `self::modifier` to refer to this unresolved item unambiguously

error[E0659]: `modifier` is ambiguous
    --> tests/integration/main.rs:66:26
     |
66   |           $(value.$field = modifier!(@value $field $($value)?);)+
     |                            ^^^^^^^^ ambiguous name
     |
    ::: tests/integration/parsing.rs:1010:26
     |
1010 |           Component::Month(modifier!(Month {
     |  __________________________-
1011 | |             padding: modifier::Padding::Space,
1012 | |             repr: modifier::MonthRepr::Numerical,
1013 | |         })),
     | |__________- in this macro invocation
     |
     = note: ambiguous because of a conflict between a `macro_rules` name and a non-`macro_rules` name from another module
note: `modifier` could refer to the macro defined here
    --> tests/integration/main.rs:61:1
     |
61   | / macro_rules! modifier {
62   | |     ($name:ident {
63   | |         $($field:ident $(: $value:expr)?),+ $(,)?
64   | |     }) => {{
...    |
71   | |     (@value $field:ident $value:expr) => ($value);
72   | | }
     | |_^
note: `modifier` could also refer to the unresolved item imported here
    --> tests/integration/parsing.rs:4:32
     |
4    | use time::format_description::{modifier, Component, FormatItem};
     |                                ^^^^^^^^
     = help: use `self::modifier` to refer to this unresolved item unambiguously
     = note: this error originates in the macro `modifier` (in Nightly builds, run with -Z macro-backtrace for more info)

error[E0659]: `modifier` is ambiguous
    --> tests/integration/parsing.rs:1018:26
     |
1018 |         Component::Month(modifier!(Month {
     |                          ^^^^^^^^ ambiguous name
     |
     = note: ambiguous because of a conflict between a `macro_rules` name and a non-`macro_rules` name from another module
note: `modifier` could refer to the macro defined here
    --> tests/integration/main.rs:61:1
     |
61   | / macro_rules! modifier {
62   | |     ($name:ident {
63   | |         $($field:ident $(: $value:expr)?),+ $(,)?
64   | |     }) => {{
...    |
71   | |     (@value $field:ident $value:expr) => ($value);
72   | | }
     | |_^
note: `modifier` could also refer to the unresolved item imported here
    --> tests/integration/parsing.rs:4:32
     |
4    | use time::format_description::{modifier, Component, FormatItem};
     |                                ^^^^^^^^
     = help: use `self::modifier` to refer to this unresolved item unambiguously

error[E0659]: `modifier` is ambiguous
    --> tests/integration/main.rs:66:26
     |
66   |           $(value.$field = modifier!(@value $field $($value)?);)+
     |                            ^^^^^^^^ ambiguous name
     |
    ::: tests/integration/parsing.rs:1018:26
     |
1018 |           Component::Month(modifier!(Month {
     |  __________________________-
1019 | |             padding: modifier::Padding::None,
1020 | |             repr: modifier::MonthRepr::Short,
1021 | |             case_sensitive: true,
1022 | |         })),
     | |__________- in this macro invocation
     |
     = note: ambiguous because of a conflict between a `macro_rules` name and a non-`macro_rules` name from another module
note: `modifier` could refer to the macro defined here
    --> tests/integration/main.rs:61:1
     |
61   | / macro_rules! modifier {
62   | |     ($name:ident {
63   | |         $($field:ident $(: $value:expr)?),+ $(,)?
64   | |     }) => {{
...    |
71   | |     (@value $field:ident $value:expr) => ($value);
72   | | }
     | |_^
note: `modifier` could also refer to the unresolved item imported here
    --> tests/integration/parsing.rs:4:32
     |
4    | use time::format_description::{modifier, Component, FormatItem};
     |                                ^^^^^^^^
     = help: use `self::modifier` to refer to this unresolved item unambiguously
     = note: this error originates in the macro `modifier` (in Nightly builds, run with -Z macro-backtrace for more info)

error[E0659]: `modifier` is ambiguous
    --> tests/integration/parsing.rs:1027:26
     |
1027 |         Component::Month(modifier!(Month {
     |                          ^^^^^^^^ ambiguous name
     |
     = note: ambiguous because of a conflict between a `macro_rules` name and a non-`macro_rules` name from another module
note: `modifier` could refer to the macro defined here
    --> tests/integration/main.rs:61:1
     |
61   | / macro_rules! modifier {
62   | |     ($name:ident {
63   | |         $($field:ident $(: $value:expr)?),+ $(,)?
64   | |     }) => {{
...    |
71   | |     (@value $field:ident $value:expr) => ($value);
72   | | }
     | |_^
note: `modifier` could also refer to the unresolved item imported here
    --> tests/integration/parsing.rs:4:32
     |
4    | use time::format_description::{modifier, Component, FormatItem};
     |                                ^^^^^^^^
     = help: use `self::modifier` to refer to this unresolved item unambiguously

error[E0659]: `modifier` is ambiguous
    --> tests/integration/main.rs:66:26
     |
66   |           $(value.$field = modifier!(@value $field $($value)?);)+
     |                            ^^^^^^^^ ambiguous name
     |
    ::: tests/integration/parsing.rs:1027:26
     |
1027 |           Component::Month(modifier!(Month {
     |  __________________________-
1028 | |             padding: modifier::Padding::None,
1029 | |             repr: modifier::MonthRepr::Short,
1030 | |             case_sensitive: false,
1031 | |         })),
     | |__________- in this macro invocation
     |
     = note: ambiguous because of a conflict between a `macro_rules` name and a non-`macro_rules` name from another module
note: `modifier` could refer to the macro defined here
    --> tests/integration/main.rs:61:1
     |
61   | / macro_rules! modifier {
62   | |     ($name:ident {
63   | |         $($field:ident $(: $value:expr)?),+ $(,)?
64   | |     }) => {{
...    |
71   | |     (@value $field:ident $value:expr) => ($value);
72   | | }
     | |_^
note: `modifier` could also refer to the unresolved item imported here
    --> tests/integration/parsing.rs:4:32
     |
4    | use time::format_description::{modifier, Component, FormatItem};
     |                                ^^^^^^^^
     = help: use `self::modifier` to refer to this unresolved item unambiguously
     = note: this error originates in the macro `modifier` (in Nightly builds, run with -Z macro-backtrace for more info)

error[E0659]: `modifier` is ambiguous
    --> tests/integration/parsing.rs:1036:26
     |
1036 |         Component::Month(modifier!(Month {
     |                          ^^^^^^^^ ambiguous name
     |
     = note: ambiguous because of a conflict between a `macro_rules` name and a non-`macro_rules` name from another module
note: `modifier` could refer to the macro defined here
    --> tests/integration/main.rs:61:1
     |
61   | / macro_rules! modifier {
62   | |     ($name:ident {
63   | |         $($field:ident $(: $value:expr)?),+ $(,)?
64   | |     }) => {{
...    |
71   | |     (@value $field:ident $value:expr) => ($value);
72   | | }
     | |_^
note: `modifier` could also refer to the unresolved item imported here
    --> tests/integration/parsing.rs:4:32
     |
4    | use time::format_description::{modifier, Component, FormatItem};
     |                                ^^^^^^^^
     = help: use `self::modifier` to refer to this unresolved item unambiguously

error[E0659]: `modifier` is ambiguous
    --> tests/integration/main.rs:66:26
     |
66   |           $(value.$field = modifier!(@value $field $($value)?);)+
     |                            ^^^^^^^^ ambiguous name
     |
    ::: tests/integration/parsing.rs:1036:26
     |
1036 |           Component::Month(modifier!(Month {
     |  __________________________-
1037 | |             padding: modifier::Padding::None,
1038 | |             repr: modifier::MonthRepr::Long,
1039 | |             case_sensitive: true,
1040 | |         })),
     | |__________- in this macro invocation
     |
     = note: ambiguous because of a conflict between a `macro_rules` name and a non-`macro_rules` name from another module
note: `modifier` could refer to the macro defined here
    --> tests/integration/main.rs:61:1
     |
61   | / macro_rules! modifier {
62   | |     ($name:ident {
63   | |         $($field:ident $(: $value:expr)?),+ $(,)?
64   | |     }) => {{
...    |
71   | |     (@value $field:ident $value:expr) => ($value);
72   | | }
     | |_^
note: `modifier` could also refer to the unresolved item imported here
    --> tests/integration/parsing.rs:4:32
     |
4    | use time::format_description::{modifier, Component, FormatItem};
     |                                ^^^^^^^^
     = help: use `self::modifier` to refer to this unresolved item unambiguously
     = note: this error originates in the macro `modifier` (in Nightly builds, run with -Z macro-backtrace for more info)

error[E0659]: `modifier` is ambiguous
    --> tests/integration/parsing.rs:1045:26
     |
1045 |         Component::Month(modifier!(Month {
     |                          ^^^^^^^^ ambiguous name
     |
     = note: ambiguous because of a conflict between a `macro_rules` name and a non-`macro_rules` name from another module
note: `modifier` could refer to the macro defined here
    --> tests/integration/main.rs:61:1
     |
61   | / macro_rules! modifier {
62   | |     ($name:ident {
63   | |         $($field:ident $(: $value:expr)?),+ $(,)?
64   | |     }) => {{
...    |
71   | |     (@value $field:ident $value:expr) => ($value);
72   | | }
     | |_^
note: `modifier` could also refer to the unresolved item imported here
    --> tests/integration/parsing.rs:4:32
     |
4    | use time::format_description::{modifier, Component, FormatItem};
     |                                ^^^^^^^^
     = help: use `self::modifier` to refer to this unresolved item unambiguously

error[E0659]: `modifier` is ambiguous
    --> tests/integration/main.rs:66:26
     |
66   |           $(value.$field = modifier!(@value $field $($value)?);)+
     |                            ^^^^^^^^ ambiguous name
     |
    ::: tests/integration/parsing.rs:1045:26
     |
1045 |           Component::Month(modifier!(Month {
     |  __________________________-
1046 | |             padding: modifier::Padding::None,
1047 | |             repr: modifier::MonthRepr::Long,
1048 | |             case_sensitive: false,
1049 | |         })),
     | |__________- in this macro invocation
     |
     = note: ambiguous because of a conflict between a `macro_rules` name and a non-`macro_rules` name from another module
note: `modifier` could refer to the macro defined here
    --> tests/integration/main.rs:61:1
     |
61   | / macro_rules! modifier {
62   | |     ($name:ident {
63   | |         $($field:ident $(: $value:expr)?),+ $(,)?
64   | |     }) => {{
...    |
71   | |     (@value $field:ident $value:expr) => ($value);
72   | | }
     | |_^
note: `modifier` could also refer to the unresolved item imported here
    --> tests/integration/parsing.rs:4:32
     |
4    | use time::format_description::{modifier, Component, FormatItem};
     |                                ^^^^^^^^
     = help: use `self::modifier` to refer to this unresolved item unambiguously
     = note: this error originates in the macro `modifier` (in Nightly builds, run with -Z macro-backtrace for more info)

error[E0659]: `modifier` is ambiguous
    --> tests/integration/parsing.rs:1054:28
     |
1054 |         Component::Ordinal(modifier!(Ordinal {
     |                            ^^^^^^^^ ambiguous name
     |
     = note: ambiguous because of a conflict between a `macro_rules` name and a non-`macro_rules` name from another module
note: `modifier` could refer to the macro defined here
    --> tests/integration/main.rs:61:1
     |
61   | / macro_rules! modifier {
62   | |     ($name:ident {
63   | |         $($field:ident $(: $value:expr)?),+ $(,)?
64   | |     }) => {{
...    |
71   | |     (@value $field:ident $value:expr) => ($value);
72   | | }
     | |_^
note: `modifier` could also refer to the unresolved item imported here
    --> tests/integration/parsing.rs:4:32
     |
4    | use time::format_description::{modifier, Component, FormatItem};
     |                                ^^^^^^^^
     = help: use `self::modifier` to refer to this unresolved item unambiguously

error[E0659]: `modifier` is ambiguous
    --> tests/integration/main.rs:66:26
     |
66   |           $(value.$field = modifier!(@value $field $($value)?);)+
     |                            ^^^^^^^^ ambiguous name
     |
    ::: tests/integration/parsing.rs:1054:28
     |
1054 |           Component::Ordinal(modifier!(Ordinal {
     |  ____________________________-
1055 | |             padding: modifier::Padding::Zero,
1056 | |         })),
     | |__________- in this macro invocation
     |
     = note: ambiguous because of a conflict between a `macro_rules` name and a non-`macro_rules` name from another module
note: `modifier` could refer to the macro defined here
    --> tests/integration/main.rs:61:1
     |
61   | / macro_rules! modifier {
62   | |     ($name:ident {
63   | |         $($field:ident $(: $value:expr)?),+ $(,)?
64   | |     }) => {{
...    |
71   | |     (@value $field:ident $value:expr) => ($value);
72   | | }
     | |_^
note: `modifier` could also refer to the unresolved item imported here
    --> tests/integration/parsing.rs:4:32
     |
4    | use time::format_description::{modifier, Component, FormatItem};
     |                                ^^^^^^^^
     = help: use `self::modifier` to refer to this unresolved item unambiguously
     = note: this error originates in the macro `modifier` (in Nightly builds, run with -Z macro-backtrace for more info)

error[E0659]: `modifier` is ambiguous
    --> tests/integration/parsing.rs:1061:28
     |
1061 |         Component::Weekday(modifier!(Weekday {
     |                            ^^^^^^^^ ambiguous name
     |
     = note: ambiguous because of a conflict between a `macro_rules` name and a non-`macro_rules` name from another module
note: `modifier` could refer to the macro defined here
    --> tests/integration/main.rs:61:1
     |
61   | / macro_rules! modifier {
62   | |     ($name:ident {
63   | |         $($field:ident $(: $value:expr)?),+ $(,)?
64   | |     }) => {{
...    |
71   | |     (@value $field:ident $value:expr) => ($value);
72   | | }
     | |_^
note: `modifier` could also refer to the unresolved item imported here
    --> tests/integration/parsing.rs:4:32
     |
4    | use time::format_description::{modifier, Component, FormatItem};
     |                                ^^^^^^^^
     = help: use `self::modifier` to refer to this unresolved item unambiguously

error[E0659]: `modifier` is ambiguous
    --> tests/integration/main.rs:66:26
     |
66   |           $(value.$field = modifier!(@value $field $($value)?);)+
     |                            ^^^^^^^^ ambiguous name
     |
    ::: tests/integration/parsing.rs:1061:28
     |
1061 |           Component::Weekday(modifier!(Weekday {
     |  ____________________________-
1062 | |             repr: modifier::WeekdayRepr::Short,
1063 | |             one_indexed: false,
1064 | |             case_sensitive: true,
1065 | |         })),
     | |__________- in this macro invocation
     |
     = note: ambiguous because of a conflict between a `macro_rules` name and a non-`macro_rules` name from another module
note: `modifier` could refer to the macro defined here
    --> tests/integration/main.rs:61:1
     |
61   | / macro_rules! modifier {
62   | |     ($name:ident {
63   | |         $($field:ident $(: $value:expr)?),+ $(,)?
64   | |     }) => {{
...    |
71   | |     (@value $field:ident $value:expr) => ($value);
72   | | }
     | |_^
note: `modifier` could also refer to the unresolved item imported here
    --> tests/integration/parsing.rs:4:32
     |
4    | use time::format_description::{modifier, Component, FormatItem};
     |                                ^^^^^^^^
     = help: use `self::modifier` to refer to this unresolved item unambiguously
     = note: this error originates in the macro `modifier` (in Nightly builds, run with -Z macro-backtrace for more info)

error[E0659]: `modifier` is ambiguous
    --> tests/integration/parsing.rs:1070:28
     |
1070 |         Component::Weekday(modifier!(Weekday {
     |                            ^^^^^^^^ ambiguous name
     |
     = note: ambiguous because of a conflict between a `macro_rules` name and a non-`macro_rules` name from another module
note: `modifier` could refer to the macro defined here
    --> tests/integration/main.rs:61:1
     |
61   | / macro_rules! modifier {
62   | |     ($name:ident {
63   | |         $($field:ident $(: $value:expr)?),+ $(,)?
64   | |     }) => {{
...    |
71   | |     (@value $field:ident $value:expr) => ($value);
72   | | }
     | |_^
note: `modifier` could also refer to the unresolved item imported here
    --> tests/integration/parsing.rs:4:32
     |
4    | use time::format_description::{modifier, Component, FormatItem};
     |                                ^^^^^^^^
     = help: use `self::modifier` to refer to this unresolved item unambiguously

error[E0659]: `modifier` is ambiguous
    --> tests/integration/main.rs:66:26
     |
66   |           $(value.$field = modifier!(@value $field $($value)?);)+
     |                            ^^^^^^^^ ambiguous name
     |
    ::: tests/integration/parsing.rs:1070:28
     |
1070 |           Component::Weekday(modifier!(Weekday {
     |  ____________________________-
1071 | |             repr: modifier::WeekdayRepr::Short,
1072 | |             one_indexed: false,
1073 | |             case_sensitive: false,
1074 | |         })),
     | |__________- in this macro invocation
     |
     = note: ambiguous because of a conflict between a `macro_rules` name and a non-`macro_rules` name from another module
note: `modifier` could refer to the macro defined here
    --> tests/integration/main.rs:61:1
     |
61   | / macro_rules! modifier {
62   | |     ($name:ident {
63   | |         $($field:ident $(: $value:expr)?),+ $(,)?
64   | |     }) => {{
...    |
71   | |     (@value $field:ident $value:expr) => ($value);
72   | | }
     | |_^
note: `modifier` could also refer to the unresolved item imported here
    --> tests/integration/parsing.rs:4:32
     |
4    | use time::format_description::{modifier, Component, FormatItem};
     |                                ^^^^^^^^
     = help: use `self::modifier` to refer to this unresolved item unambiguously
     = note: this error originates in the macro `modifier` (in Nightly builds, run with -Z macro-backtrace for more info)

error[E0659]: `modifier` is ambiguous
    --> tests/integration/parsing.rs:1079:28
     |
1079 |         Component::Weekday(modifier!(Weekday {
     |                            ^^^^^^^^ ambiguous name
     |
     = note: ambiguous because of a conflict between a `macro_rules` name and a non-`macro_rules` name from another module
note: `modifier` could refer to the macro defined here
    --> tests/integration/main.rs:61:1
     |
61   | / macro_rules! modifier {
62   | |     ($name:ident {
63   | |         $($field:ident $(: $value:expr)?),+ $(,)?
64   | |     }) => {{
...    |
71   | |     (@value $field:ident $value:expr) => ($value);
72   | | }
     | |_^
note: `modifier` could also refer to the unresolved item imported here
    --> tests/integration/parsing.rs:4:32
     |
4    | use time::format_description::{modifier, Component, FormatItem};
     |                                ^^^^^^^^
     = help: use `self::modifier` to refer to this unresolved item unambiguously

error[E0659]: `modifier` is ambiguous
    --> tests/integration/main.rs:66:26
     |
66   |           $(value.$field = modifier!(@value $field $($value)?);)+
     |                            ^^^^^^^^ ambiguous name
     |
    ::: tests/integration/parsing.rs:1079:28
     |
1079 |           Component::Weekday(modifier!(Weekday {
     |  ____________________________-
1080 | |             repr: modifier::WeekdayRepr::Long,
1081 | |             one_indexed: false,
1082 | |             case_sensitive: true,
1083 | |         })),
     | |__________- in this macro invocation
     |
     = note: ambiguous because of a conflict between a `macro_rules` name and a non-`macro_rules` name from another module
note: `modifier` could refer to the macro defined here
    --> tests/integration/main.rs:61:1
     |
61   | / macro_rules! modifier {
62   | |     ($name:ident {
63   | |         $($field:ident $(: $value:expr)?),+ $(,)?
64   | |     }) => {{
...    |
71   | |     (@value $field:ident $value:expr) => ($value);
72   | | }
     | |_^
note: `modifier` could also refer to the unresolved item imported here
    --> tests/integration/parsing.rs:4:32
     |
4    | use time::format_description::{modifier, Component, FormatItem};
     |                                ^^^^^^^^
     = help: use `self::modifier` to refer to this unresolved item unambiguously
     = note: this error originates in the macro `modifier` (in Nightly builds, run with -Z macro-backtrace for more info)

error[E0659]: `modifier` is ambiguous
    --> tests/integration/parsing.rs:1088:28
     |
1088 |         Component::Weekday(modifier!(Weekday {
     |                            ^^^^^^^^ ambiguous name
     |
     = note: ambiguous because of a conflict between a `macro_rules` name and a non-`macro_rules` name from another module
note: `modifier` could refer to the macro defined here
    --> tests/integration/main.rs:61:1
     |
61   | / macro_rules! modifier {
62   | |     ($name:ident {
63   | |         $($field:ident $(: $value:expr)?),+ $(,)?
64   | |     }) => {{
...    |
71   | |     (@value $field:ident $value:expr) => ($value);
72   | | }
     | |_^
note: `modifier` could also refer to the unresolved item imported here
    --> tests/integration/parsing.rs:4:32
     |
4    | use time::format_description::{modifier, Component, FormatItem};
     |                                ^^^^^^^^
     = help: use `self::modifier` to refer to this unresolved item unambiguously

error[E0659]: `modifier` is ambiguous
    --> tests/integration/main.rs:66:26
     |
66   |           $(value.$field = modifier!(@value $field $($value)?);)+
     |                            ^^^^^^^^ ambiguous name
     |
    ::: tests/integration/parsing.rs:1088:28
     |
1088 |           Component::Weekday(modifier!(Weekday {
     |  ____________________________-
1089 | |             repr: modifier::WeekdayRepr::Long,
1090 | |             one_indexed: false,
1091 | |             case_sensitive: false,
1092 | |         })),
     | |__________- in this macro invocation
     |
     = note: ambiguous because of a conflict between a `macro_rules` name and a non-`macro_rules` name from another module
note: `modifier` could refer to the macro defined here
    --> tests/integration/main.rs:61:1
     |
61   | / macro_rules! modifier {
62   | |     ($name:ident {
63   | |         $($field:ident $(: $value:expr)?),+ $(,)?
64   | |     }) => {{
...    |
71   | |     (@value $field:ident $value:expr) => ($value);
72   | | }
     | |_^
note: `modifier` could also refer to the unresolved item imported here
    --> tests/integration/parsing.rs:4:32
     |
4    | use time::format_description::{modifier, Component, FormatItem};
     |                                ^^^^^^^^
     = help: use `self::modifier` to refer to this unresolved item unambiguously
     = note: this error originates in the macro `modifier` (in Nightly builds, run with -Z macro-backtrace for more info)

error[E0659]: `modifier` is ambiguous
    --> tests/integration/parsing.rs:1097:28
     |
1097 |         Component::Weekday(modifier!(Weekday {
     |                            ^^^^^^^^ ambiguous name
     |
     = note: ambiguous because of a conflict between a `macro_rules` name and a non-`macro_rules` name from another module
note: `modifier` could refer to the macro defined here
    --> tests/integration/main.rs:61:1
     |
61   | / macro_rules! modifier {
62   | |     ($name:ident {
63   | |         $($field:ident $(: $value:expr)?),+ $(,)?
64   | |     }) => {{
...    |
71   | |     (@value $field:ident $value:expr) => ($value);
72   | | }
     | |_^
note: `modifier` could also refer to the unresolved item imported here
    --> tests/integration/parsing.rs:4:32
     |
4    | use time::format_description::{modifier, Component, FormatItem};
     |                                ^^^^^^^^
     = help: use `self::modifier` to refer to this unresolved item unambiguously

error[E0659]: `modifier` is ambiguous
    --> tests/integration/main.rs:66:26
     |
66   |           $(value.$field = modifier!(@value $field $($value)?);)+
     |                            ^^^^^^^^ ambiguous name
     |
    ::: tests/integration/parsing.rs:1097:28
     |
1097 |           Component::Weekday(modifier!(Weekday {
     |  ____________________________-
1098 | |             repr: modifier::WeekdayRepr::Sunday,
1099 | |             one_indexed: false,
1100 | |         })),
     | |__________- in this macro invocation
     |
     = note: ambiguous because of a conflict between a `macro_rules` name and a non-`macro_rules` name from another module
note: `modifier` could refer to the macro defined here
    --> tests/integration/main.rs:61:1
     |
61   | / macro_rules! modifier {
62   | |     ($name:ident {
63   | |         $($field:ident $(: $value:expr)?),+ $(,)?
64   | |     }) => {{
...    |
71   | |     (@value $field:ident $value:expr) => ($value);
72   | | }
     | |_^
note: `modifier` could also refer to the unresolved item imported here
    --> tests/integration/parsing.rs:4:32
     |
4    | use time::format_description::{modifier, Component, FormatItem};
     |                                ^^^^^^^^
     = help: use `self::modifier` to refer to this unresolved item unambiguously
     = note: this error originates in the macro `modifier` (in Nightly builds, run with -Z macro-backtrace for more info)

error[E0659]: `modifier` is ambiguous
    --> tests/integration/parsing.rs:1105:28
     |
1105 |         Component::Weekday(modifier!(Weekday {
     |                            ^^^^^^^^ ambiguous name
     |
     = note: ambiguous because of a conflict between a `macro_rules` name and a non-`macro_rules` name from another module
note: `modifier` could refer to the macro defined here
    --> tests/integration/main.rs:61:1
     |
61   | / macro_rules! modifier {
62   | |     ($name:ident {
63   | |         $($field:ident $(: $value:expr)?),+ $(,)?
64   | |     }) => {{
...    |
71   | |     (@value $field:ident $value:expr) => ($value);
72   | | }
     | |_^
note: `modifier` could also refer to the unresolved item imported here
    --> tests/integration/parsing.rs:4:32
     |
4    | use time::format_description::{modifier, Component, FormatItem};
     |                                ^^^^^^^^
     = help: use `self::modifier` to refer to this unresolved item unambiguously

error[E0659]: `modifier` is ambiguous
    --> tests/integration/main.rs:66:26
     |
66   |           $(value.$field = modifier!(@value $field $($value)?);)+
     |                            ^^^^^^^^ ambiguous name
     |
    ::: tests/integration/parsing.rs:1105:28
     |
1105 |           Component::Weekday(modifier!(Weekday {
     |  ____________________________-
1106 | |             repr: modifier::WeekdayRepr::Sunday,
1107 | |             one_indexed: true,
1108 | |         })),
     | |__________- in this macro invocation
     |
     = note: ambiguous because of a conflict between a `macro_rules` name and a non-`macro_rules` name from another module
note: `modifier` could refer to the macro defined here
    --> tests/integration/main.rs:61:1
     |
61   | / macro_rules! modifier {
62   | |     ($name:ident {
63   | |         $($field:ident $(: $value:expr)?),+ $(,)?
64   | |     }) => {{
...    |
71   | |     (@value $field:ident $value:expr) => ($value);
72   | | }
     | |_^
note: `modifier` could also refer to the unresolved item imported here
    --> tests/integration/parsing.rs:4:32
     |
4    | use time::format_description::{modifier, Component, FormatItem};
     |                                ^^^^^^^^
     = help: use `self::modifier` to refer to this unresolved item unambiguously
     = note: this error originates in the macro `modifier` (in Nightly builds, run with -Z macro-backtrace for more info)

error[E0659]: `modifier` is ambiguous
    --> tests/integration/parsing.rs:1113:28
     |
1113 |         Component::Weekday(modifier!(Weekday {
     |                            ^^^^^^^^ ambiguous name
     |
     = note: ambiguous because of a conflict between a `macro_rules` name and a non-`macro_rules` name from another module
note: `modifier` could refer to the macro defined here
    --> tests/integration/main.rs:61:1
     |
61   | / macro_rules! modifier {
62   | |     ($name:ident {
63   | |         $($field:ident $(: $value:expr)?),+ $(,)?
64   | |     }) => {{
...    |
71   | |     (@value $field:ident $value:expr) => ($value);
72   | | }
     | |_^
note: `modifier` could also refer to the unresolved item imported here
    --> tests/integration/parsing.rs:4:32
     |
4    | use time::format_description::{modifier, Component, FormatItem};
     |                                ^^^^^^^^
     = help: use `self::modifier` to refer to this unresolved item unambiguously

error[E0659]: `modifier` is ambiguous
    --> tests/integration/main.rs:66:26
     |
66   |           $(value.$field = modifier!(@value $field $($value)?);)+
     |                            ^^^^^^^^ ambiguous name
     |
    ::: tests/integration/parsing.rs:1113:28
     |
1113 |           Component::Weekday(modifier!(Weekday {
     |  ____________________________-
1114 | |             repr: modifier::WeekdayRepr::Monday,
1115 | |             one_indexed: false,
1116 | |         })),
     | |__________- in this macro invocation
     |
     = note: ambiguous because of a conflict between a `macro_rules` name and a non-`macro_rules` name from another module
note: `modifier` could refer to the macro defined here
    --> tests/integration/main.rs:61:1
     |
61   | / macro_rules! modifier {
62   | |     ($name:ident {
63   | |         $($field:ident $(: $value:expr)?),+ $(,)?
64   | |     }) => {{
...    |
71   | |     (@value $field:ident $value:expr) => ($value);
72   | | }
     | |_^
note: `modifier` could also refer to the unresolved item imported here
    --> tests/integration/parsing.rs:4:32
     |
4    | use time::format_description::{modifier, Component, FormatItem};
     |                                ^^^^^^^^
     = help: use `self::modifier` to refer to this unresolved item unambiguously
     = note: this error originates in the macro `modifier` (in Nightly builds, run with -Z macro-backtrace for more info)

error[E0659]: `modifier` is ambiguous
    --> tests/integration/parsing.rs:1121:28
     |
1121 |         Component::Weekday(modifier!(Weekday {
     |                            ^^^^^^^^ ambiguous name
     |
     = note: ambiguous because of a conflict between a `macro_rules` name and a non-`macro_rules` name from another module
note: `modifier` could refer to the macro defined here
    --> tests/integration/main.rs:61:1
     |
61   | / macro_rules! modifier {
62   | |     ($name:ident {
63   | |         $($field:ident $(: $value:expr)?),+ $(,)?
64   | |     }) => {{
...    |
71   | |     (@value $field:ident $value:expr) => ($value);
72   | | }
     | |_^
note: `modifier` could also refer to the unresolved item imported here
    --> tests/integration/parsing.rs:4:32
     |
4    | use time::format_description::{modifier, Component, FormatItem};
     |                                ^^^^^^^^
     = help: use `self::modifier` to refer to this unresolved item unambiguously

error[E0659]: `modifier` is ambiguous
    --> tests/integration/main.rs:66:26
     |
66   |           $(value.$field = modifier!(@value $field $($value)?);)+
     |                            ^^^^^^^^ ambiguous name
     |
    ::: tests/integration/parsing.rs:1121:28
     |
1121 |           Component::Weekday(modifier!(Weekday {
     |  ____________________________-
1122 | |             repr: modifier::WeekdayRepr::Monday,
1123 | |             one_indexed: true,
1124 | |         })),
     | |__________- in this macro invocation
     |
     = note: ambiguous because of a conflict between a `macro_rules` name and a non-`macro_rules` name from another module
note: `modifier` could refer to the macro defined here
    --> tests/integration/main.rs:61:1
     |
61   | / macro_rules! modifier {
62   | |     ($name:ident {
63   | |         $($field:ident $(: $value:expr)?),+ $(,)?
64   | |     }) => {{
...    |
71   | |     (@value $field:ident $value:expr) => ($value);
72   | | }
     | |_^
note: `modifier` could also refer to the unresolved item imported here
    --> tests/integration/parsing.rs:4:32
     |
4    | use time::format_description::{modifier, Component, FormatItem};
     |                                ^^^^^^^^
     = help: use `self::modifier` to refer to this unresolved item unambiguously
     = note: this error originates in the macro `modifier` (in Nightly builds, run with -Z macro-backtrace for more info)

error[E0659]: `modifier` is ambiguous
    --> tests/integration/parsing.rs:1129:31
     |
1129 |         Component::WeekNumber(modifier!(WeekNumber {
     |                               ^^^^^^^^ ambiguous name
     |
     = note: ambiguous because of a conflict between a `macro_rules` name and a non-`macro_rules` name from another module
note: `modifier` could refer to the macro defined here
    --> tests/integration/main.rs:61:1
     |
61   | / macro_rules! modifier {
62   | |     ($name:ident {
63   | |         $($field:ident $(: $value:expr)?),+ $(,)?
64   | |     }) => {{
...    |
71   | |     (@value $field:ident $value:expr) => ($value);
72   | | }
     | |_^
note: `modifier` could also refer to the unresolved item imported here
    --> tests/integration/parsing.rs:4:32
     |
4    | use time::format_description::{modifier, Component, FormatItem};
     |                                ^^^^^^^^
     = help: use `self::modifier` to refer to this unresolved item unambiguously

error[E0659]: `modifier` is ambiguous
    --> tests/integration/main.rs:66:26
     |
66   |           $(value.$field = modifier!(@value $field $($value)?);)+
     |                            ^^^^^^^^ ambiguous name
     |
    ::: tests/integration/parsing.rs:1129:31
     |
1129 |           Component::WeekNumber(modifier!(WeekNumber {
     |  _______________________________-
1130 | |             padding: modifier::Padding::None,
1131 | |             repr: modifier::WeekNumberRepr::Sunday,
1132 | |         })),
     | |__________- in this macro invocation
     |
     = note: ambiguous because of a conflict between a `macro_rules` name and a non-`macro_rules` name from another module
note: `modifier` could refer to the macro defined here
    --> tests/integration/main.rs:61:1
     |
61   | / macro_rules! modifier {
62   | |     ($name:ident {
63   | |         $($field:ident $(: $value:expr)?),+ $(,)?
64   | |     }) => {{
...    |
71   | |     (@value $field:ident $value:expr) => ($value);
72   | | }
     | |_^
note: `modifier` could also refer to the unresolved item imported here
    --> tests/integration/parsing.rs:4:32
     |
4    | use time::format_description::{modifier, Component, FormatItem};
     |                                ^^^^^^^^
     = help: use `self::modifier` to refer to this unresolved item unambiguously
     = note: this error originates in the macro `modifier` (in Nightly builds, run with -Z macro-backtrace for more info)

error[E0659]: `modifier` is ambiguous
    --> tests/integration/parsing.rs:1137:31
     |
1137 |         Component::WeekNumber(modifier!(WeekNumber {
     |                               ^^^^^^^^ ambiguous name
     |
     = note: ambiguous because of a conflict between a `macro_rules` name and a non-`macro_rules` name from another module
note: `modifier` could refer to the macro defined here
    --> tests/integration/main.rs:61:1
     |
61   | / macro_rules! modifier {
62   | |     ($name:ident {
63   | |         $($field:ident $(: $value:expr)?),+ $(,)?
64   | |     }) => {{
...    |
71   | |     (@value $field:ident $value:expr) => ($value);
72   | | }
     | |_^
note: `modifier` could also refer to the unresolved item imported here
    --> tests/integration/parsing.rs:4:32
     |
4    | use time::format_description::{modifier, Component, FormatItem};
     |                                ^^^^^^^^
     = help: use `self::modifier` to refer to this unresolved item unambiguously

error[E0659]: `modifier` is ambiguous
    --> tests/integration/main.rs:66:26
     |
66   |           $(value.$field = modifier!(@value $field $($value)?);)+
     |                            ^^^^^^^^ ambiguous name
     |
    ::: tests/integration/parsing.rs:1137:31
     |
1137 |           Component::WeekNumber(modifier!(WeekNumber {
     |  _______________________________-
1138 | |             padding: modifier::Padding::None,
1139 | |             repr: modifier::WeekNumberRepr::Monday,
1140 | |         })),
     | |__________- in this macro invocation
     |
     = note: ambiguous because of a conflict between a `macro_rules` name and a non-`macro_rules` name from another module
note: `modifier` could refer to the macro defined here
    --> tests/integration/main.rs:61:1
     |
61   | / macro_rules! modifier {
62   | |     ($name:ident {
63   | |         $($field:ident $(: $value:expr)?),+ $(,)?
64   | |     }) => {{
...    |
71   | |     (@value $field:ident $value:expr) => ($value);
72   | | }
     | |_^
note: `modifier` could also refer to the unresolved item imported here
    --> tests/integration/parsing.rs:4:32
     |
4    | use time::format_description::{modifier, Component, FormatItem};
     |                                ^^^^^^^^
     = help: use `self::modifier` to refer to this unresolved item unambiguously
     = note: this error originates in the macro `modifier` (in Nightly builds, run with -Z macro-backtrace for more info)

error[E0659]: `modifier` is ambiguous
    --> tests/integration/parsing.rs:1145:31
     |
1145 |         Component::WeekNumber(modifier!(WeekNumber {
     |                               ^^^^^^^^ ambiguous name
     |
     = note: ambiguous because of a conflict between a `macro_rules` name and a non-`macro_rules` name from another module
note: `modifier` could refer to the macro defined here
    --> tests/integration/main.rs:61:1
     |
61   | / macro_rules! modifier {
62   | |     ($name:ident {
63   | |         $($field:ident $(: $value:expr)?),+ $(,)?
64   | |     }) => {{
...    |
71   | |     (@value $field:ident $value:expr) => ($value);
72   | | }
     | |_^
note: `modifier` could also refer to the unresolved item imported here
    --> tests/integration/parsing.rs:4:32
     |
4    | use time::format_description::{modifier, Component, FormatItem};
     |                                ^^^^^^^^
     = help: use `self::modifier` to refer to this unresolved item unambiguously

error[E0659]: `modifier` is ambiguous
    --> tests/integration/main.rs:66:26
     |
66   |           $(value.$field = modifier!(@value $field $($value)?);)+
     |                            ^^^^^^^^ ambiguous name
     |
    ::: tests/integration/parsing.rs:1145:31
     |
1145 |           Component::WeekNumber(modifier!(WeekNumber {
     |  _______________________________-
1146 | |             padding: modifier::Padding::None,
1147 | |             repr: modifier::WeekNumberRepr::Iso,
1148 | |         })),
     | |__________- in this macro invocation
     |
     = note: ambiguous because of a conflict between a `macro_rules` name and a non-`macro_rules` name from another module
note: `modifier` could refer to the macro defined here
    --> tests/integration/main.rs:61:1
     |
61   | / macro_rules! modifier {
62   | |     ($name:ident {
63   | |         $($field:ident $(: $value:expr)?),+ $(,)?
64   | |     }) => {{
...    |
71   | |     (@value $field:ident $value:expr) => ($value);
72   | | }
     | |_^
note: `modifier` could also refer to the unresolved item imported here
    --> tests/integration/parsing.rs:4:32
     |
4    | use time::format_description::{modifier, Component, FormatItem};
     |                                ^^^^^^^^
     = help: use `self::modifier` to refer to this unresolved item unambiguously
     = note: this error originates in the macro `modifier` (in Nightly builds, run with -Z macro-backtrace for more info)

error[E0659]: `modifier` is ambiguous
    --> tests/integration/parsing.rs:1153:30
     |
1153 |         Component::Subsecond(modifier!(Subsecond {
     |                              ^^^^^^^^ ambiguous name
     |
     = note: ambiguous because of a conflict between a `macro_rules` name and a non-`macro_rules` name from another module
note: `modifier` could refer to the macro defined here
    --> tests/integration/main.rs:61:1
     |
61   | / macro_rules! modifier {
62   | |     ($name:ident {
63   | |         $($field:ident $(: $value:expr)?),+ $(,)?
64   | |     }) => {{
...    |
71   | |     (@value $field:ident $value:expr) => ($value);
72   | | }
     | |_^
note: `modifier` could also refer to the unresolved item imported here
    --> tests/integration/parsing.rs:4:32
     |
4    | use time::format_description::{modifier, Component, FormatItem};
     |                                ^^^^^^^^
     = help: use `self::modifier` to refer to this unresolved item unambiguously

error[E0659]: `modifier` is ambiguous
    --> tests/integration/main.rs:66:26
     |
66   |           $(value.$field = modifier!(@value $field $($value)?);)+
     |                            ^^^^^^^^ ambiguous name
     |
    ::: tests/integration/parsing.rs:1153:30
     |
1153 |           Component::Subsecond(modifier!(Subsecond {
     |  ______________________________-
1154 | |             digits: modifier::SubsecondDigits::One
1155 | |         })),
     | |__________- in this macro invocation
     |
     = note: ambiguous because of a conflict between a `macro_rules` name and a non-`macro_rules` name from another module
note: `modifier` could refer to the macro defined here
    --> tests/integration/main.rs:61:1
     |
61   | / macro_rules! modifier {
62   | |     ($name:ident {
63   | |         $($field:ident $(: $value:expr)?),+ $(,)?
64   | |     }) => {{
...    |
71   | |     (@value $field:ident $value:expr) => ($value);
72   | | }
     | |_^
note: `modifier` could also refer to the unresolved item imported here
    --> tests/integration/parsing.rs:4:32
     |
4    | use time::format_description::{modifier, Component, FormatItem};
     |                                ^^^^^^^^
     = help: use `self::modifier` to refer to this unresolved item unambiguously
     = note: this error originates in the macro `modifier` (in Nightly builds, run with -Z macro-backtrace for more info)

error[E0659]: `modifier` is ambiguous
    --> tests/integration/parsing.rs:1160:30
     |
1160 |         Component::Subsecond(modifier!(Subsecond {
     |                              ^^^^^^^^ ambiguous name
     |
     = note: ambiguous because of a conflict between a `macro_rules` name and a non-`macro_rules` name from another module
note: `modifier` could refer to the macro defined here
    --> tests/integration/main.rs:61:1
     |
61   | / macro_rules! modifier {
62   | |     ($name:ident {
63   | |         $($field:ident $(: $value:expr)?),+ $(,)?
64   | |     }) => {{
...    |
71   | |     (@value $field:ident $value:expr) => ($value);
72   | | }
     | |_^
note: `modifier` could also refer to the unresolved item imported here
    --> tests/integration/parsing.rs:4:32
     |
4    | use time::format_description::{modifier, Component, FormatItem};
     |                                ^^^^^^^^
     = help: use `self::modifier` to refer to this unresolved item unambiguously

error[E0659]: `modifier` is ambiguous
    --> tests/integration/main.rs:66:26
     |
66   |           $(value.$field = modifier!(@value $field $($value)?);)+
     |                            ^^^^^^^^ ambiguous name
     |
    ::: tests/integration/parsing.rs:1160:30
     |
1160 |           Component::Subsecond(modifier!(Subsecond {
     |  ______________________________-
1161 | |             digits: modifier::SubsecondDigits::Two
1162 | |         })),
     | |__________- in this macro invocation
     |
     = note: ambiguous because of a conflict between a `macro_rules` name and a non-`macro_rules` name from another module
note: `modifier` could refer to the macro defined here
    --> tests/integration/main.rs:61:1
     |
61   | / macro_rules! modifier {
62   | |     ($name:ident {
63   | |         $($field:ident $(: $value:expr)?),+ $(,)?
64   | |     }) => {{
...    |
71   | |     (@value $field:ident $value:expr) => ($value);
72   | | }
     | |_^
note: `modifier` could also refer to the unresolved item imported here
    --> tests/integration/parsing.rs:4:32
     |
4    | use time::format_description::{modifier, Component, FormatItem};
     |                                ^^^^^^^^
     = help: use `self::modifier` to refer to this unresolved item unambiguously
     = note: this error originates in the macro `modifier` (in Nightly builds, run with -Z macro-backtrace for more info)

error[E0659]: `modifier` is ambiguous
    --> tests/integration/parsing.rs:1167:30
     |
1167 |         Component::Subsecond(modifier!(Subsecond {
     |                              ^^^^^^^^ ambiguous name
     |
     = note: ambiguous because of a conflict between a `macro_rules` name and a non-`macro_rules` name from another module
note: `modifier` could refer to the macro defined here
    --> tests/integration/main.rs:61:1
     |
61   | / macro_rules! modifier {
62   | |     ($name:ident {
63   | |         $($field:ident $(: $value:expr)?),+ $(,)?
64   | |     }) => {{
...    |
71   | |     (@value $field:ident $value:expr) => ($value);
72   | | }
     | |_^
note: `modifier` could also refer to the unresolved item imported here
    --> tests/integration/parsing.rs:4:32
     |
4    | use time::format_description::{modifier, Component, FormatItem};
     |                                ^^^^^^^^
     = help: use `self::modifier` to refer to this unresolved item unambiguously

error[E0659]: `modifier` is ambiguous
    --> tests/integration/main.rs:66:26
     |
66   |           $(value.$field = modifier!(@value $field $($value)?);)+
     |                            ^^^^^^^^ ambiguous name
     |
    ::: tests/integration/parsing.rs:1167:30
     |
1167 |           Component::Subsecond(modifier!(Subsecond {
     |  ______________________________-
1168 | |             digits: modifier::SubsecondDigits::Three
1169 | |         })),
     | |__________- in this macro invocation
     |
     = note: ambiguous because of a conflict between a `macro_rules` name and a non-`macro_rules` name from another module
note: `modifier` could refer to the macro defined here
    --> tests/integration/main.rs:61:1
     |
61   | / macro_rules! modifier {
62   | |     ($name:ident {
63   | |         $($field:ident $(: $value:expr)?),+ $(,)?
64   | |     }) => {{
...    |
71   | |     (@value $field:ident $value:expr) => ($value);
72   | | }
     | |_^
note: `modifier` could also refer to the unresolved item imported here
    --> tests/integration/parsing.rs:4:32
     |
4    | use time::format_description::{modifier, Component, FormatItem};
     |                                ^^^^^^^^
     = help: use `self::modifier` to refer to this unresolved item unambiguously
     = note: this error originates in the macro `modifier` (in Nightly builds, run with -Z macro-backtrace for more info)

error[E0659]: `modifier` is ambiguous
    --> tests/integration/parsing.rs:1174:30
     |
1174 |         Component::Subsecond(modifier!(Subsecond {
     |                              ^^^^^^^^ ambiguous name
     |
     = note: ambiguous because of a conflict between a `macro_rules` name and a non-`macro_rules` name from another module
note: `modifier` could refer to the macro defined here
    --> tests/integration/main.rs:61:1
     |
61   | / macro_rules! modifier {
62   | |     ($name:ident {
63   | |         $($field:ident $(: $value:expr)?),+ $(,)?
64   | |     }) => {{
...    |
71   | |     (@value $field:ident $value:expr) => ($value);
72   | | }
     | |_^
note: `modifier` could also refer to the unresolved item imported here
    --> tests/integration/parsing.rs:4:32
     |
4    | use time::format_description::{modifier, Component, FormatItem};
     |                                ^^^^^^^^
     = help: use `self::modifier` to refer to this unresolved item unambiguously

error[E0659]: `modifier` is ambiguous
    --> tests/integration/main.rs:66:26
     |
66   |           $(value.$field = modifier!(@value $field $($value)?);)+
     |                            ^^^^^^^^ ambiguous name
     |
    ::: tests/integration/parsing.rs:1174:30
     |
1174 |           Component::Subsecond(modifier!(Subsecond {
     |  ______________________________-
1175 | |             digits: modifier::SubsecondDigits::Four
1176 | |         })),
     | |__________- in this macro invocation
     |
     = note: ambiguous because of a conflict between a `macro_rules` name and a non-`macro_rules` name from another module
note: `modifier` could refer to the macro defined here
    --> tests/integration/main.rs:61:1
     |
61   | / macro_rules! modifier {
62   | |     ($name:ident {
63   | |         $($field:ident $(: $value:expr)?),+ $(,)?
64   | |     }) => {{
...    |
71   | |     (@value $field:ident $value:expr) => ($value);
72   | | }
     | |_^
note: `modifier` could also refer to the unresolved item imported here
    --> tests/integration/parsing.rs:4:32
     |
4    | use time::format_description::{modifier, Component, FormatItem};
     |                                ^^^^^^^^
     = help: use `self::modifier` to refer to this unresolved item unambiguously
     = note: this error originates in the macro `modifier` (in Nightly builds, run with -Z macro-backtrace for more info)

error[E0659]: `modifier` is ambiguous
    --> tests/integration/parsing.rs:1181:30
     |
1181 |         Component::Subsecond(modifier!(Subsecond {
     |                              ^^^^^^^^ ambiguous name
     |
     = note: ambiguous because of a conflict between a `macro_rules` name and a non-`macro_rules` name from another module
note: `modifier` could refer to the macro defined here
    --> tests/integration/main.rs:61:1
     |
61   | / macro_rules! modifier {
62   | |     ($name:ident {
63   | |         $($field:ident $(: $value:expr)?),+ $(,)?
64   | |     }) => {{
...    |
71   | |     (@value $field:ident $value:expr) => ($value);
72   | | }
     | |_^
note: `modifier` could also refer to the unresolved item imported here
    --> tests/integration/parsing.rs:4:32
     |
4    | use time::format_description::{modifier, Component, FormatItem};
     |                                ^^^^^^^^
     = help: use `self::modifier` to refer to this unresolved item unambiguously

error[E0659]: `modifier` is ambiguous
    --> tests/integration/main.rs:66:26
     |
66   |           $(value.$field = modifier!(@value $field $($value)?);)+
     |                            ^^^^^^^^ ambiguous name
     |
    ::: tests/integration/parsing.rs:1181:30
     |
1181 |           Component::Subsecond(modifier!(Subsecond {
     |  ______________________________-
1182 | |             digits: modifier::SubsecondDigits::Five
1183 | |         })),
     | |__________- in this macro invocation
     |
     = note: ambiguous because of a conflict between a `macro_rules` name and a non-`macro_rules` name from another module
note: `modifier` could refer to the macro defined here
    --> tests/integration/main.rs:61:1
     |
61   | / macro_rules! modifier {
62   | |     ($name:ident {
63   | |         $($field:ident $(: $value:expr)?),+ $(,)?
64   | |     }) => {{
...    |
71   | |     (@value $field:ident $value:expr) => ($value);
72   | | }
     | |_^
note: `modifier` could also refer to the unresolved item imported here
    --> tests/integration/parsing.rs:4:32
     |
4    | use time::format_description::{modifier, Component, FormatItem};
     |                                ^^^^^^^^
     = help: use `self::modifier` to refer to this unresolved item unambiguously
     = note: this error originates in the macro `modifier` (in Nightly builds, run with -Z macro-backtrace for more info)

error[E0659]: `modifier` is ambiguous
    --> tests/integration/parsing.rs:1188:30
     |
1188 |         Component::Subsecond(modifier!(Subsecond {
     |                              ^^^^^^^^ ambiguous name
     |
     = note: ambiguous because of a conflict between a `macro_rules` name and a non-`macro_rules` name from another module
note: `modifier` could refer to the macro defined here
    --> tests/integration/main.rs:61:1
     |
61   | / macro_rules! modifier {
62   | |     ($name:ident {
63   | |         $($field:ident $(: $value:expr)?),+ $(,)?
64   | |     }) => {{
...    |
71   | |     (@value $field:ident $value:expr) => ($value);
72   | | }
     | |_^
note: `modifier` could also refer to the unresolved item imported here
    --> tests/integration/parsing.rs:4:32
     |
4    | use time::format_description::{modifier, Component, FormatItem};
     |                                ^^^^^^^^
     = help: use `self::modifier` to refer to this unresolved item unambiguously

error[E0659]: `modifier` is ambiguous
    --> tests/integration/main.rs:66:26
     |
66   |           $(value.$field = modifier!(@value $field $($value)?);)+
     |                            ^^^^^^^^ ambiguous name
     |
    ::: tests/integration/parsing.rs:1188:30
     |
1188 |           Component::Subsecond(modifier!(Subsecond {
     |  ______________________________-
1189 | |             digits: modifier::SubsecondDigits::Six
1190 | |         })),
     | |__________- in this macro invocation
     |
     = note: ambiguous because of a conflict between a `macro_rules` name and a non-`macro_rules` name from another module
note: `modifier` could refer to the macro defined here
    --> tests/integration/main.rs:61:1
     |
61   | / macro_rules! modifier {
62   | |     ($name:ident {
63   | |         $($field:ident $(: $value:expr)?),+ $(,)?
64   | |     }) => {{
...    |
71   | |     (@value $field:ident $value:expr) => ($value);
72   | | }
     | |_^
note: `modifier` could also refer to the unresolved item imported here
    --> tests/integration/parsing.rs:4:32
     |
4    | use time::format_description::{modifier, Component, FormatItem};
     |                                ^^^^^^^^
     = help: use `self::modifier` to refer to this unresolved item unambiguously
     = note: this error originates in the macro `modifier` (in Nightly builds, run with -Z macro-backtrace for more info)

error[E0659]: `modifier` is ambiguous
    --> tests/integration/parsing.rs:1195:30
     |
1195 |         Component::Subsecond(modifier!(Subsecond {
     |                              ^^^^^^^^ ambiguous name
     |
     = note: ambiguous because of a conflict between a `macro_rules` name and a non-`macro_rules` name from another module
note: `modifier` could refer to the macro defined here
    --> tests/integration/main.rs:61:1
     |
61   | / macro_rules! modifier {
62   | |     ($name:ident {
63   | |         $($field:ident $(: $value:expr)?),+ $(,)?
64   | |     }) => {{
...    |
71   | |     (@value $field:ident $value:expr) => ($value);
72   | | }
     | |_^
note: `modifier` could also refer to the unresolved item imported here
    --> tests/integration/parsing.rs:4:32
     |
4    | use time::format_description::{modifier, Component, FormatItem};
     |                                ^^^^^^^^
     = help: use `self::modifier` to refer to this unresolved item unambiguously

error[E0659]: `modifier` is ambiguous
    --> tests/integration/main.rs:66:26
     |
66   |           $(value.$field = modifier!(@value $field $($value)?);)+
     |                            ^^^^^^^^ ambiguous name
     |
    ::: tests/integration/parsing.rs:1195:30
     |
1195 |           Component::Subsecond(modifier!(Subsecond {
     |  ______________________________-
1196 | |             digits: modifier::SubsecondDigits::Seven
1197 | |         })),
     | |__________- in this macro invocation
     |
     = note: ambiguous because of a conflict between a `macro_rules` name and a non-`macro_rules` name from another module
note: `modifier` could refer to the macro defined here
    --> tests/integration/main.rs:61:1
     |
61   | / macro_rules! modifier {
62   | |     ($name:ident {
63   | |         $($field:ident $(: $value:expr)?),+ $(,)?
64   | |     }) => {{
...    |
71   | |     (@value $field:ident $value:expr) => ($value);
72   | | }
     | |_^
note: `modifier` could also refer to the unresolved item imported here
    --> tests/integration/parsing.rs:4:32
     |
4    | use time::format_description::{modifier, Component, FormatItem};
     |                                ^^^^^^^^
     = help: use `self::modifier` to refer to this unresolved item unambiguously
     = note: this error originates in the macro `modifier` (in Nightly builds, run with -Z macro-backtrace for more info)

error[E0659]: `modifier` is ambiguous
    --> tests/integration/parsing.rs:1202:30
     |
1202 |         Component::Subsecond(modifier!(Subsecond {
     |                              ^^^^^^^^ ambiguous name
     |
     = note: ambiguous because of a conflict between a `macro_rules` name and a non-`macro_rules` name from another module
note: `modifier` could refer to the macro defined here
    --> tests/integration/main.rs:61:1
     |
61   | / macro_rules! modifier {
62   | |     ($name:ident {
63   | |         $($field:ident $(: $value:expr)?),+ $(,)?
64   | |     }) => {{
...    |
71   | |     (@value $field:ident $value:expr) => ($value);
72   | | }
     | |_^
note: `modifier` could also refer to the unresolved item imported here
    --> tests/integration/parsing.rs:4:32
     |
4    | use time::format_description::{modifier, Component, FormatItem};
     |                                ^^^^^^^^
     = help: use `self::modifier` to refer to this unresolved item unambiguously

error[E0659]: `modifier` is ambiguous
    --> tests/integration/main.rs:66:26
     |
66   |           $(value.$field = modifier!(@value $field $($value)?);)+
     |                            ^^^^^^^^ ambiguous name
     |
    ::: tests/integration/parsing.rs:1202:30
     |
1202 |           Component::Subsecond(modifier!(Subsecond {
     |  ______________________________-
1203 | |             digits: modifier::SubsecondDigits::Eight
1204 | |         })),
     | |__________- in this macro invocation
     |
     = note: ambiguous because of a conflict between a `macro_rules` name and a non-`macro_rules` name from another module
note: `modifier` could refer to the macro defined here
    --> tests/integration/main.rs:61:1
     |
61   | / macro_rules! modifier {
62   | |     ($name:ident {
63   | |         $($field:ident $(: $value:expr)?),+ $(,)?
64   | |     }) => {{
...    |
71   | |     (@value $field:ident $value:expr) => ($value);
72   | | }
     | |_^
note: `modifier` could also refer to the unresolved item imported here
    --> tests/integration/parsing.rs:4:32
     |
4    | use time::format_description::{modifier, Component, FormatItem};
     |                                ^^^^^^^^
     = help: use `self::modifier` to refer to this unresolved item unambiguously
     = note: this error originates in the macro `modifier` (in Nightly builds, run with -Z macro-backtrace for more info)

error[E0659]: `modifier` is ambiguous
    --> tests/integration/parsing.rs:1209:30
     |
1209 |         Component::Subsecond(modifier!(Subsecond {
     |                              ^^^^^^^^ ambiguous name
     |
     = note: ambiguous because of a conflict between a `macro_rules` name and a non-`macro_rules` name from another module
note: `modifier` could refer to the macro defined here
    --> tests/integration/main.rs:61:1
     |
61   | / macro_rules! modifier {
62   | |     ($name:ident {
63   | |         $($field:ident $(: $value:expr)?),+ $(,)?
64   | |     }) => {{
...    |
71   | |     (@value $field:ident $value:expr) => ($value);
72   | | }
     | |_^
note: `modifier` could also refer to the unresolved item imported here
    --> tests/integration/parsing.rs:4:32
     |
4    | use time::format_description::{modifier, Component, FormatItem};
     |                                ^^^^^^^^
     = help: use `self::modifier` to refer to this unresolved item unambiguously

error[E0659]: `modifier` is ambiguous
    --> tests/integration/main.rs:66:26
     |
66   |           $(value.$field = modifier!(@value $field $($value)?);)+
     |                            ^^^^^^^^ ambiguous name
     |
    ::: tests/integration/parsing.rs:1209:30
     |
1209 |           Component::Subsecond(modifier!(Subsecond {
     |  ______________________________-
1210 | |             digits: modifier::SubsecondDigits::Nine
1211 | |         })),
     | |__________- in this macro invocation
     |
     = note: ambiguous because of a conflict between a `macro_rules` name and a non-`macro_rules` name from another module
note: `modifier` could refer to the macro defined here
    --> tests/integration/main.rs:61:1
     |
61   | / macro_rules! modifier {
62   | |     ($name:ident {
63   | |         $($field:ident $(: $value:expr)?),+ $(,)?
64   | |     }) => {{
...    |
71   | |     (@value $field:ident $value:expr) => ($value);
72   | | }
     | |_^
note: `modifier` could also refer to the unresolved item imported here
    --> tests/integration/parsing.rs:4:32
     |
4    | use time::format_description::{modifier, Component, FormatItem};
     |                                ^^^^^^^^
     = help: use `self::modifier` to refer to this unresolved item unambiguously
     = note: this error originates in the macro `modifier` (in Nightly builds, run with -Z macro-backtrace for more info)

error[E0659]: `modifier` is ambiguous
    --> tests/integration/parsing.rs:1216:30
     |
1216 |         Component::Subsecond(modifier!(Subsecond {
     |                              ^^^^^^^^ ambiguous name
     |
     = note: ambiguous because of a conflict between a `macro_rules` name and a non-`macro_rules` name from another module
note: `modifier` could refer to the macro defined here
    --> tests/integration/main.rs:61:1
     |
61   | / macro_rules! modifier {
62   | |     ($name:ident {
63   | |         $($field:ident $(: $value:expr)?),+ $(,)?
64   | |     }) => {{
...    |
71   | |     (@value $field:ident $value:expr) => ($value);
72   | | }
     | |_^
note: `modifier` could also refer to the unresolved item imported here
    --> tests/integration/parsing.rs:4:32
     |
4    | use time::format_description::{modifier, Component, FormatItem};
     |                                ^^^^^^^^
     = help: use `self::modifier` to refer to this unresolved item unambiguously

error[E0659]: `modifier` is ambiguous
    --> tests/integration/main.rs:66:26
     |
66   |           $(value.$field = modifier!(@value $field $($value)?);)+
     |                            ^^^^^^^^ ambiguous name
     |
    ::: tests/integration/parsing.rs:1216:30
     |
1216 |           Component::Subsecond(modifier!(Subsecond {
     |  ______________________________-
1217 | |             digits: modifier::SubsecondDigits::OneOrMore
1218 | |         })),
     | |__________- in this macro invocation
     |
     = note: ambiguous because of a conflict between a `macro_rules` name and a non-`macro_rules` name from another module
note: `modifier` could refer to the macro defined here
    --> tests/integration/main.rs:61:1
     |
61   | / macro_rules! modifier {
62   | |     ($name:ident {
63   | |         $($field:ident $(: $value:expr)?),+ $(,)?
64   | |     }) => {{
...    |
71   | |     (@value $field:ident $value:expr) => ($value);
72   | | }
     | |_^
note: `modifier` could also refer to the unresolved item imported here
    --> tests/integration/parsing.rs:4:32
     |
4    | use time::format_description::{modifier, Component, FormatItem};
     |                                ^^^^^^^^
     = help: use `self::modifier` to refer to this unresolved item unambiguously
     = note: this error originates in the macro `modifier` (in Nightly builds, run with -Z macro-backtrace for more info)

error[E0659]: `modifier` is ambiguous
    --> tests/integration/parsing.rs:1223:27
     |
1223 |         Component::Period(modifier!(Period {
     |                           ^^^^^^^^ ambiguous name
     |
     = note: ambiguous because of a conflict between a `macro_rules` name and a non-`macro_rules` name from another module
note: `modifier` could refer to the macro defined here
    --> tests/integration/main.rs:61:1
     |
61   | / macro_rules! modifier {
62   | |     ($name:ident {
63   | |         $($field:ident $(: $value:expr)?),+ $(,)?
64   | |     }) => {{
...    |
71   | |     (@value $field:ident $value:expr) => ($value);
72   | | }
     | |_^
note: `modifier` could also refer to the unresolved item imported here
    --> tests/integration/parsing.rs:4:32
     |
4    | use time::format_description::{modifier, Component, FormatItem};
     |                                ^^^^^^^^
     = help: use `self::modifier` to refer to this unresolved item unambiguously

error[E0659]: `modifier` is ambiguous
    --> tests/integration/main.rs:66:26
     |
66   |           $(value.$field = modifier!(@value $field $($value)?);)+
     |                            ^^^^^^^^ ambiguous name
     |
    ::: tests/integration/parsing.rs:1223:27
     |
1223 |           Component::Period(modifier!(Period {
     |  ___________________________-
1224 | |             is_uppercase: false,
1225 | |             case_sensitive: true,
1226 | |         })),
     | |__________- in this macro invocation
     |
     = note: ambiguous because of a conflict between a `macro_rules` name and a non-`macro_rules` name from another module
note: `modifier` could refer to the macro defined here
    --> tests/integration/main.rs:61:1
     |
61   | / macro_rules! modifier {
62   | |     ($name:ident {
63   | |         $($field:ident $(: $value:expr)?),+ $(,)?
64   | |     }) => {{
...    |
71   | |     (@value $field:ident $value:expr) => ($value);
72   | | }
     | |_^
note: `modifier` could also refer to the unresolved item imported here
    --> tests/integration/parsing.rs:4:32
     |
4    | use time::format_description::{modifier, Component, FormatItem};
     |                                ^^^^^^^^
     = help: use `self::modifier` to refer to this unresolved item unambiguously
     = note: this error originates in the macro `modifier` (in Nightly builds, run with -Z macro-backtrace for more info)

error[E0659]: `modifier` is ambiguous
    --> tests/integration/parsing.rs:1231:27
     |
1231 |         Component::Period(modifier!(Period {
     |                           ^^^^^^^^ ambiguous name
     |
     = note: ambiguous because of a conflict between a `macro_rules` name and a non-`macro_rules` name from another module
note: `modifier` could refer to the macro defined here
    --> tests/integration/main.rs:61:1
     |
61   | / macro_rules! modifier {
62   | |     ($name:ident {
63   | |         $($field:ident $(: $value:expr)?),+ $(,)?
64   | |     }) => {{
...    |
71   | |     (@value $field:ident $value:expr) => ($value);
72   | | }
     | |_^
note: `modifier` could also refer to the unresolved item imported here
    --> tests/integration/parsing.rs:4:32
     |
4    | use time::format_description::{modifier, Component, FormatItem};
     |                                ^^^^^^^^
     = help: use `self::modifier` to refer to this unresolved item unambiguously

error[E0659]: `modifier` is ambiguous
    --> tests/integration/main.rs:66:26
     |
66   |           $(value.$field = modifier!(@value $field $($value)?);)+
     |                            ^^^^^^^^ ambiguous name
     |
    ::: tests/integration/parsing.rs:1231:27
     |
1231 |           Component::Period(modifier!(Period {
     |  ___________________________-
1232 | |             is_uppercase: false,
1233 | |             case_sensitive: false,
1234 | |         })),
     | |__________- in this macro invocation
     |
     = note: ambiguous because of a conflict between a `macro_rules` name and a non-`macro_rules` name from another module
note: `modifier` could refer to the macro defined here
    --> tests/integration/main.rs:61:1
     |
61   | / macro_rules! modifier {
62   | |     ($name:ident {
63   | |         $($field:ident $(: $value:expr)?),+ $(,)?
64   | |     }) => {{
...    |
71   | |     (@value $field:ident $value:expr) => ($value);
72   | | }
     | |_^
note: `modifier` could also refer to the unresolved item imported here
    --> tests/integration/parsing.rs:4:32
     |
4    | use time::format_description::{modifier, Component, FormatItem};
     |                                ^^^^^^^^
     = help: use `self::modifier` to refer to this unresolved item unambiguously
     = note: this error originates in the macro `modifier` (in Nightly builds, run with -Z macro-backtrace for more info)

Some errors have detailed explanations: E0412, E0422, E0425, E0432, E0433, E0463, E0659.
For more information about an error, try `rustc --explain E0412`.
error: could not compile `time` due to 2162 previous errors

Exit: 101
Timed out: False
