Command: rustup run 1.42.0 cargo test --locked --offline --lib sort::test::test_quicksort -- --exact --nocapture --test-threads=1
Started: 2026-09-24T18:00:44.578871+00:00
STDOUT:

running 1 test
test sort::test::test_quicksort ... FAILED

failures:

failures:
    sort::test::test_quicksort

test result: FAILED. 0 passed; 1 failed; 0 ignored; 0 measured; 101 filtered out


STDERR:
   Compiling im v14.3.0 (/home/runner/work/_temp/upstream)
    Finished test [unoptimized + debuginfo] target(s) in 1.92s
     Running /home/runner/work/_temp/build-20260924T175916Z-b53db80e/debug/deps/im-a8b4f4139fe7ee5d
thread 'main' panicked at 'index out of bounds', src/vector/focus.rs:524:9
note: run with `RUST_BACKTRACE=1` environment variable to display a backtrace
thread 'main' panicked at 'index out of bounds', src/vector/focus.rs:524:9
thread 'main' panicked at 'index out of bounds', src/vector/focus.rs:524:9
thread 'main' panicked at 'index out of bounds', src/vector/focus.rs:524:9
thread 'main' panicked at 'index out of bounds', src/vector/focus.rs:524:9
thread 'main' panicked at 'index out of bounds', src/vector/focus.rs:524:9
thread 'main' panicked at 'index out of bounds', src/vector/focus.rs:524:9
thread 'main' panicked at 'index out of bounds', src/vector/focus.rs:524:9
thread 'main' panicked at 'index out of bounds', src/vector/focus.rs:524:9
thread 'main' panicked at 'index out of bounds', src/vector/focus.rs:524:9
thread 'main' panicked at 'index out of bounds', src/vector/focus.rs:524:9
thread 'main' panicked at 'index out of bounds', src/vector/focus.rs:524:9
thread 'main' panicked at 'index out of bounds', src/vector/focus.rs:524:9
thread 'main' panicked at 'index out of bounds', src/vector/focus.rs:524:9
thread 'main' panicked at 'index out of bounds', src/vector/focus.rs:524:9
thread 'main' panicked at 'index out of bounds', src/vector/focus.rs:524:9
thread 'main' panicked at 'index out of bounds', src/vector/focus.rs:524:9
thread 'main' panicked at 'index out of bounds', src/vector/focus.rs:524:9
thread 'main' panicked at 'index out of bounds', src/vector/focus.rs:524:9
thread 'main' panicked at 'index out of bounds', src/vector/focus.rs:524:9
thread 'main' panicked at 'index out of bounds', src/vector/focus.rs:524:9
thread 'main' panicked at 'index out of bounds', src/vector/focus.rs:524:9
thread 'main' panicked at 'index out of bounds', src/vector/focus.rs:524:9
thread 'main' panicked at 'index out of bounds', src/vector/focus.rs:524:9
thread 'main' panicked at 'index out of bounds', src/vector/focus.rs:524:9
thread 'main' panicked at 'index out of bounds', src/vector/focus.rs:524:9
thread 'main' panicked at 'index out of bounds', src/vector/focus.rs:524:9
thread 'main' panicked at 'index out of bounds', src/vector/focus.rs:524:9
thread 'main' panicked at 'index out of bounds', src/vector/focus.rs:524:9
thread 'main' panicked at 'index out of bounds', src/vector/focus.rs:524:9
thread 'main' panicked at 'index out of bounds', src/vector/focus.rs:524:9
thread 'main' panicked at 'index out of bounds', src/vector/focus.rs:524:9
thread 'main' panicked at 'index out of bounds', src/vector/focus.rs:524:9
thread 'main' panicked at 'index out of bounds', src/vector/focus.rs:524:9
thread 'main' panicked at 'index out of bounds', src/vector/focus.rs:524:9
thread 'main' panicked at 'index out of bounds', src/vector/focus.rs:524:9
thread 'main' panicked at 'index out of bounds', src/vector/focus.rs:524:9
thread 'main' panicked at 'index out of bounds', src/vector/focus.rs:524:9
thread 'main' panicked at 'index out of bounds', src/vector/focus.rs:524:9
thread 'main' panicked at 'index out of bounds', src/vector/focus.rs:524:9
thread 'main' panicked at 'index out of bounds', src/vector/focus.rs:524:9
thread 'main' panicked at 'index out of bounds', src/vector/focus.rs:524:9
thread 'main' panicked at 'index out of bounds', src/vector/focus.rs:524:9
thread 'main' panicked at 'index out of bounds', src/vector/focus.rs:524:9
thread 'main' panicked at 'index out of bounds', src/vector/focus.rs:524:9
thread 'main' panicked at 'index out of bounds', src/vector/focus.rs:524:9
thread 'main' panicked at 'index out of bounds', src/vector/focus.rs:524:9
thread 'main' panicked at 'index out of bounds', src/vector/focus.rs:524:9
thread 'main' panicked at 'index out of bounds', src/vector/focus.rs:524:9
thread 'main' panicked at 'index out of bounds', src/vector/focus.rs:524:9
thread 'main' panicked at 'index out of bounds', src/vector/focus.rs:524:9
thread 'main' panicked at 'index out of bounds', src/vector/focus.rs:524:9
thread 'main' panicked at 'index out of bounds', src/vector/focus.rs:524:9
thread 'main' panicked at 'index out of bounds', src/vector/focus.rs:524:9
thread 'main' panicked at 'index out of bounds', src/vector/focus.rs:524:9
thread 'main' panicked at 'index out of bounds', src/vector/focus.rs:524:9
thread 'main' panicked at 'index out of bounds', src/vector/focus.rs:524:9
thread 'main' panicked at 'index out of bounds', src/vector/focus.rs:524:9
thread 'main' panicked at 'index out of bounds', src/vector/focus.rs:524:9
thread 'main' panicked at 'index out of bounds', src/vector/focus.rs:524:9
thread 'main' panicked at 'index out of bounds', src/vector/focus.rs:524:9
thread 'main' panicked at 'index out of bounds', src/vector/focus.rs:524:9
thread 'main' panicked at 'index out of bounds', src/vector/focus.rs:524:9
thread 'main' panicked at 'index out of bounds', src/vector/focus.rs:524:9
thread 'main' panicked at 'index out of bounds', src/vector/focus.rs:524:9
thread 'main' panicked at 'index out of bounds', src/vector/focus.rs:524:9
thread 'main' panicked at 'index out of bounds', src/vector/focus.rs:524:9
thread 'main' panicked at 'index out of bounds', src/vector/focus.rs:524:9
thread 'main' panicked at 'index out of bounds', src/vector/focus.rs:524:9
thread 'main' panicked at 'index out of bounds', src/vector/focus.rs:524:9
thread 'main' panicked at 'index out of bounds', src/vector/focus.rs:524:9
thread 'main' panicked at 'index out of bounds', src/vector/focus.rs:524:9
thread 'main' panicked at 'index out of bounds', src/vector/focus.rs:524:9
thread 'main' panicked at 'index out of bounds', src/vector/focus.rs:524:9
thread 'main' panicked at 'index out of bounds', src/vector/focus.rs:524:9
thread 'main' panicked at 'index out of bounds', src/vector/focus.rs:524:9
thread 'main' panicked at 'index out of bounds', src/vector/focus.rs:524:9
thread 'main' panicked at 'index out of bounds', src/vector/focus.rs:524:9
thread 'main' panicked at 'index out of bounds', src/vector/focus.rs:524:9
thread 'main' panicked at 'index out of bounds', src/vector/focus.rs:524:9
thread 'main' panicked at 'index out of bounds', src/vector/focus.rs:524:9
thread 'main' panicked at 'index out of bounds', src/vector/focus.rs:524:9
thread 'main' panicked at 'index out of bounds', src/vector/focus.rs:524:9
thread 'main' panicked at 'index out of bounds', src/vector/focus.rs:524:9
thread 'main' panicked at 'index out of bounds', src/vector/focus.rs:524:9
thread 'main' panicked at 'index out of bounds', src/vector/focus.rs:524:9
thread 'main' panicked at 'index out of bounds', src/vector/focus.rs:524:9
thread 'main' panicked at 'index out of bounds', src/vector/focus.rs:524:9
thread 'main' panicked at 'index out of bounds', src/vector/focus.rs:524:9
thread 'main' panicked at 'index out of bounds', src/vector/focus.rs:524:9
thread 'main' panicked at 'index out of bounds', src/vector/focus.rs:524:9
thread 'main' panicked at 'index out of bounds', src/vector/focus.rs:524:9
thread 'main' panicked at 'index out of bounds', src/vector/focus.rs:524:9
thread 'main' panicked at 'index out of bounds', src/vector/focus.rs:524:9
thread 'main' panicked at 'index out of bounds', src/vector/focus.rs:524:9
thread 'main' panicked at 'index out of bounds', src/vector/focus.rs:524:9
thread 'main' panicked at 'index out of bounds', src/vector/focus.rs:524:9
thread 'main' panicked at 'index out of bounds', src/vector/focus.rs:524:9
thread 'main' panicked at 'index out of bounds', src/vector/focus.rs:524:9
thread 'main' panicked at 'index out of bounds', src/vector/focus.rs:524:9
thread 'main' panicked at 'index out of bounds', src/vector/focus.rs:524:9
thread 'main' panicked at 'index out of bounds', src/vector/focus.rs:524:9
thread 'main' panicked at 'index out of bounds', src/vector/focus.rs:524:9
thread 'main' panicked at 'index out of bounds', src/vector/focus.rs:524:9
thread 'main' panicked at 'index out of bounds', src/vector/focus.rs:524:9
thread 'main' panicked at 'index out of bounds', src/vector/focus.rs:524:9
thread 'main' panicked at 'index out of bounds', src/vector/focus.rs:524:9
thread 'main' panicked at 'index out of bounds', src/vector/focus.rs:524:9
thread 'main' panicked at 'index out of bounds', src/vector/focus.rs:524:9
thread 'main' panicked at 'index out of bounds', src/vector/focus.rs:524:9
thread 'main' panicked at 'index out of bounds', src/vector/focus.rs:524:9
thread 'main' panicked at 'index out of bounds', src/vector/focus.rs:524:9
thread 'main' panicked at 'index out of bounds', src/vector/focus.rs:524:9
thread 'main' panicked at 'index out of bounds', src/vector/focus.rs:524:9
thread 'main' panicked at 'index out of bounds', src/vector/focus.rs:524:9
thread 'main' panicked at 'index out of bounds', src/vector/focus.rs:524:9
thread 'main' panicked at 'index out of bounds', src/vector/focus.rs:524:9
thread 'main' panicked at 'index out of bounds', src/vector/focus.rs:524:9
thread 'main' panicked at 'index out of bounds', src/vector/focus.rs:524:9
thread 'main' panicked at 'index out of bounds', src/vector/focus.rs:524:9
thread 'main' panicked at 'index out of bounds', src/vector/focus.rs:524:9
thread 'main' panicked at 'index out of bounds', src/vector/focus.rs:524:9
thread 'main' panicked at 'index out of bounds', src/vector/focus.rs:524:9
thread 'main' panicked at 'index out of bounds', src/vector/focus.rs:524:9
thread 'main' panicked at 'index out of bounds', src/vector/focus.rs:524:9
thread 'main' panicked at 'index out of bounds', src/vector/focus.rs:524:9
thread 'main' panicked at 'index out of bounds', src/vector/focus.rs:524:9
thread 'main' panicked at 'index out of bounds', src/vector/focus.rs:524:9
thread 'main' panicked at 'index out of bounds', src/vector/focus.rs:524:9
thread 'main' panicked at 'index out of bounds', src/vector/focus.rs:524:9
thread 'main' panicked at 'index out of bounds', src/vector/focus.rs:524:9
thread 'main' panicked at 'index out of bounds', src/vector/focus.rs:524:9
thread 'main' panicked at 'index out of bounds', src/vector/focus.rs:524:9
thread 'main' panicked at 'index out of bounds', src/vector/focus.rs:524:9
thread 'main' panicked at 'index out of bounds', src/vector/focus.rs:524:9
thread 'main' panicked at 'index out of bounds', src/vector/focus.rs:524:9
thread 'main' panicked at 'index out of bounds', src/vector/focus.rs:524:9
thread 'main' panicked at 'index out of bounds', src/vector/focus.rs:524:9
thread 'main' panicked at 'index out of bounds', src/vector/focus.rs:524:9
thread 'main' panicked at 'index out of bounds', src/vector/focus.rs:524:9
thread 'main' panicked at 'index out of bounds', src/vector/focus.rs:524:9
thread 'main' panicked at 'index out of bounds', src/vector/focus.rs:524:9
thread 'main' panicked at 'index out of bounds', src/vector/focus.rs:524:9
thread 'main' panicked at 'index out of bounds', src/vector/focus.rs:524:9
thread 'main' panicked at 'index out of bounds', src/vector/focus.rs:524:9
thread 'main' panicked at 'index out of bounds', src/vector/focus.rs:524:9
thread 'main' panicked at 'index out of bounds', src/vector/focus.rs:524:9
thread 'main' panicked at 'index out of bounds', src/vector/focus.rs:524:9
thread 'main' panicked at 'index out of bounds', src/vector/focus.rs:524:9
thread 'main' panicked at 'index out of bounds', src/vector/focus.rs:524:9
thread 'main' panicked at 'index out of bounds', src/vector/focus.rs:524:9
thread 'main' panicked at 'index out of bounds', src/vector/focus.rs:524:9
thread 'main' panicked at 'index out of bounds', src/vector/focus.rs:524:9
thread 'main' panicked at 'index out of bounds', src/vector/focus.rs:524:9
thread 'main' panicked at 'index out of bounds', src/vector/focus.rs:524:9
thread 'main' panicked at 'index out of bounds', src/vector/focus.rs:524:9
thread 'main' panicked at 'index out of bounds', src/vector/focus.rs:524:9
thread 'main' panicked at 'index out of bounds', src/vector/focus.rs:524:9
thread 'main' panicked at 'index out of bounds', src/vector/focus.rs:524:9
thread 'main' panicked at 'index out of bounds', src/vector/focus.rs:524:9
thread 'main' panicked at 'index out of bounds', src/vector/focus.rs:524:9
thread 'main' panicked at 'index out of bounds', src/vector/focus.rs:524:9
thread 'main' panicked at 'index out of bounds', src/vector/focus.rs:524:9
thread 'main' panicked at 'index out of bounds', src/vector/focus.rs:524:9
thread 'main' panicked at 'index out of bounds', src/vector/focus.rs:524:9
thread 'main' panicked at 'index out of bounds', src/vector/focus.rs:524:9
thread 'main' panicked at 'index out of bounds', src/vector/focus.rs:524:9
thread 'main' panicked at 'index out of bounds', src/vector/focus.rs:524:9
thread 'main' panicked at 'index out of bounds', src/vector/focus.rs:524:9
thread 'main' panicked at 'index out of bounds', src/vector/focus.rs:524:9
thread 'main' panicked at 'index out of bounds', src/vector/focus.rs:524:9
thread 'main' panicked at 'index out of bounds', src/vector/focus.rs:524:9
thread 'main' panicked at 'index out of bounds', src/vector/focus.rs:524:9
thread 'main' panicked at 'index out of bounds', src/vector/focus.rs:524:9
thread 'main' panicked at 'index out of bounds', src/vector/focus.rs:524:9
thread 'main' panicked at 'index out of bounds', src/vector/focus.rs:524:9
thread 'main' panicked at 'index out of bounds', src/vector/focus.rs:524:9
thread 'main' panicked at 'index out of bounds', src/vector/focus.rs:524:9
thread 'main' panicked at 'index out of bounds', src/vector/focus.rs:524:9
thread 'main' panicked at 'index out of bounds', src/vector/focus.rs:524:9
thread 'main' panicked at 'index out of bounds', src/vector/focus.rs:524:9
thread 'main' panicked at 'index out of bounds', src/vector/focus.rs:524:9
thread 'main' panicked at 'index out of bounds', src/vector/focus.rs:524:9
thread 'main' panicked at 'index out of bounds', src/vector/focus.rs:524:9
thread 'main' panicked at 'index out of bounds', src/vector/focus.rs:524:9
thread 'main' panicked at 'index out of bounds', src/vector/focus.rs:524:9
thread 'main' panicked at 'index out of bounds', src/vector/focus.rs:524:9
thread 'main' panicked at 'index out of bounds', src/vector/focus.rs:524:9
thread 'main' panicked at 'index out of bounds', src/vector/focus.rs:524:9
thread 'main' panicked at 'index out of bounds', src/vector/focus.rs:524:9
thread 'main' panicked at 'index out of bounds', src/vector/focus.rs:524:9
thread 'main' panicked at 'index out of bounds', src/vector/focus.rs:524:9
thread 'main' panicked at 'index out of bounds', src/vector/focus.rs:524:9
thread 'main' panicked at 'index out of bounds', src/vector/focus.rs:524:9
thread 'main' panicked at 'index out of bounds', src/vector/focus.rs:524:9
thread 'main' panicked at 'index out of bounds', src/vector/focus.rs:524:9
thread 'main' panicked at 'index out of bounds', src/vector/focus.rs:524:9
thread 'main' panicked at 'index out of bounds', src/vector/focus.rs:524:9
thread 'main' panicked at 'index out of bounds', src/vector/focus.rs:524:9
thread 'main' panicked at 'index out of bounds', src/vector/focus.rs:524:9
thread 'main' panicked at 'index out of bounds', src/vector/focus.rs:524:9
thread 'main' panicked at 'index out of bounds', src/vector/focus.rs:524:9
thread 'main' panicked at 'index out of bounds', src/vector/focus.rs:524:9
thread 'main' panicked at 'index out of bounds', src/vector/focus.rs:524:9
thread 'main' panicked at 'index out of bounds', src/vector/focus.rs:524:9
thread 'main' panicked at 'index out of bounds', src/vector/focus.rs:524:9
thread 'main' panicked at 'index out of bounds', src/vector/focus.rs:524:9
thread 'main' panicked at 'index out of bounds', src/vector/focus.rs:524:9
thread 'main' panicked at 'index out of bounds', src/vector/focus.rs:524:9
thread 'main' panicked at 'index out of bounds', src/vector/focus.rs:524:9
thread 'main' panicked at 'index out of bounds', src/vector/focus.rs:524:9
thread 'main' panicked at 'index out of bounds', src/vector/focus.rs:524:9
thread 'main' panicked at 'index out of bounds', src/vector/focus.rs:524:9
thread 'main' panicked at 'index out of bounds', src/vector/focus.rs:524:9
thread 'main' panicked at 'index out of bounds', src/vector/focus.rs:524:9
thread 'main' panicked at 'index out of bounds', src/vector/focus.rs:524:9
thread 'main' panicked at 'index out of bounds', src/vector/focus.rs:524:9
thread 'main' panicked at 'index out of bounds', src/vector/focus.rs:524:9
thread 'main' panicked at 'index out of bounds', src/vector/focus.rs:524:9
thread 'main' panicked at 'index out of bounds', src/vector/focus.rs:524:9
thread 'main' panicked at 'index out of bounds', src/vector/focus.rs:524:9
thread 'main' panicked at 'index out of bounds', src/vector/focus.rs:524:9
thread 'main' panicked at 'index out of bounds', src/vector/focus.rs:524:9
thread 'main' panicked at 'index out of bounds', src/vector/focus.rs:524:9
thread 'main' panicked at 'index out of bounds', src/vector/focus.rs:524:9
thread 'main' panicked at 'index out of bounds', src/vector/focus.rs:524:9
thread 'main' panicked at 'index out of bounds', src/vector/focus.rs:524:9
thread 'main' panicked at 'index out of bounds', src/vector/focus.rs:524:9
thread 'main' panicked at 'index out of bounds', src/vector/focus.rs:524:9
thread 'main' panicked at 'index out of bounds', src/vector/focus.rs:524:9
thread 'main' panicked at 'index out of bounds', src/vector/focus.rs:524:9
thread 'main' panicked at 'index out of bounds', src/vector/focus.rs:524:9
thread 'main' panicked at 'index out of bounds', src/vector/focus.rs:524:9
thread 'main' panicked at 'index out of bounds', src/vector/focus.rs:524:9
thread 'main' panicked at 'index out of bounds', src/vector/focus.rs:524:9
thread 'main' panicked at 'index out of bounds', src/vector/focus.rs:524:9
thread 'main' panicked at 'index out of bounds', src/vector/focus.rs:524:9
thread 'main' panicked at 'index out of bounds', src/vector/focus.rs:524:9
thread 'main' panicked at 'index out of bounds', src/vector/focus.rs:524:9
thread 'main' panicked at 'index out of bounds', src/vector/focus.rs:524:9
thread 'main' panicked at 'index out of bounds', src/vector/focus.rs:524:9
thread 'main' panicked at 'index out of bounds', src/vector/focus.rs:524:9
thread 'main' panicked at 'index out of bounds', src/vector/focus.rs:524:9
thread 'main' panicked at 'index out of bounds', src/vector/focus.rs:524:9
thread 'main' panicked at 'index out of bounds', src/vector/focus.rs:524:9
thread 'main' panicked at 'index out of bounds', src/vector/focus.rs:524:9
thread 'main' panicked at 'index out of bounds', src/vector/focus.rs:524:9
thread 'main' panicked at 'index out of bounds', src/vector/focus.rs:524:9
thread 'main' panicked at 'index out of bounds', src/vector/focus.rs:524:9
thread 'main' panicked at 'index out of bounds', src/vector/focus.rs:524:9
thread 'main' panicked at 'index out of bounds', src/vector/focus.rs:524:9
thread 'main' panicked at 'index out of bounds', src/vector/focus.rs:524:9
thread 'main' panicked at 'index out of bounds', src/vector/focus.rs:524:9
thread 'main' panicked at 'index out of bounds', src/vector/focus.rs:524:9
thread 'main' panicked at 'index out of bounds', src/vector/focus.rs:524:9
thread 'main' panicked at 'index out of bounds', src/vector/focus.rs:524:9
thread 'main' panicked at 'index out of bounds', src/vector/focus.rs:524:9
thread 'main' panicked at 'index out of bounds', src/vector/focus.rs:524:9
thread 'main' panicked at 'index out of bounds', src/vector/focus.rs:524:9
thread 'main' panicked at 'index out of bounds', src/vector/focus.rs:524:9
thread 'main' panicked at 'index out of bounds', src/vector/focus.rs:524:9
thread 'main' panicked at 'index out of bounds', src/vector/focus.rs:524:9
thread 'main' panicked at 'index out of bounds', src/vector/focus.rs:524:9
thread 'main' panicked at 'index out of bounds', src/vector/focus.rs:524:9
thread 'main' panicked at 'index out of bounds', src/vector/focus.rs:524:9
thread 'main' panicked at 'index out of bounds', src/vector/focus.rs:524:9
thread 'main' panicked at 'index out of bounds', src/vector/focus.rs:524:9
thread 'main' panicked at 'index out of bounds', src/vector/focus.rs:524:9
thread 'main' panicked at 'index out of bounds', src/vector/focus.rs:524:9
thread 'main' panicked at 'index out of bounds', src/vector/focus.rs:524:9
thread 'main' panicked at 'index out of bounds', src/vector/focus.rs:524:9
thread 'main' panicked at 'index out of bounds', src/vector/focus.rs:524:9
thread 'main' panicked at 'index out of bounds', src/vector/focus.rs:524:9
thread 'main' panicked at 'index out of bounds', src/vector/focus.rs:524:9
thread 'main' panicked at 'index out of bounds', src/vector/focus.rs:524:9
thread 'main' panicked at 'index out of bounds', src/vector/focus.rs:524:9
thread 'main' panicked at 'index out of bounds', src/vector/focus.rs:524:9
thread 'main' panicked at 'index out of bounds', src/vector/focus.rs:524:9
thread 'main' panicked at 'index out of bounds', src/vector/focus.rs:524:9
thread 'main' panicked at 'index out of bounds', src/vector/focus.rs:524:9
thread 'main' panicked at 'index out of bounds', src/vector/focus.rs:524:9
thread 'main' panicked at 'index out of bounds', src/vector/focus.rs:524:9
thread 'main' panicked at 'index out of bounds', src/vector/focus.rs:524:9
thread 'main' panicked at 'index out of bounds', src/vector/focus.rs:524:9
thread 'main' panicked at 'index out of bounds', src/vector/focus.rs:524:9
thread 'main' panicked at 'index out of bounds', src/vector/focus.rs:524:9
thread 'main' panicked at 'index out of bounds', src/vector/focus.rs:524:9
thread 'main' panicked at 'index out of bounds', src/vector/focus.rs:524:9
thread 'main' panicked at 'index out of bounds', src/vector/focus.rs:524:9
thread 'main' panicked at 'index out of bounds', src/vector/focus.rs:524:9
thread 'main' panicked at 'index out of bounds', src/vector/focus.rs:524:9
thread 'main' panicked at 'index out of bounds', src/vector/focus.rs:524:9
thread 'main' panicked at 'index out of bounds', src/vector/focus.rs:524:9
thread 'main' panicked at 'index out of bounds', src/vector/focus.rs:524:9
thread 'main' panicked at 'index out of bounds', src/vector/focus.rs:524:9
thread 'main' panicked at 'index out of bounds', src/vector/focus.rs:524:9
thread 'main' panicked at 'index out of bounds', src/vector/focus.rs:524:9
thread 'main' panicked at 'index out of bounds', src/vector/focus.rs:524:9
thread 'main' panicked at 'index out of bounds', src/vector/focus.rs:524:9
thread 'main' panicked at 'index out of bounds', src/vector/focus.rs:524:9
thread 'main' panicked at 'index out of bounds', src/vector/focus.rs:524:9
thread 'main' panicked at 'index out of bounds', src/vector/focus.rs:524:9
thread 'main' panicked at 'index out of bounds', src/vector/focus.rs:524:9
thread 'main' panicked at 'index out of bounds', src/vector/focus.rs:524:9
thread 'main' panicked at 'index out of bounds', src/vector/focus.rs:524:9
thread 'main' panicked at 'index out of bounds', src/vector/focus.rs:524:9
thread 'main' panicked at 'index out of bounds', src/vector/focus.rs:524:9
thread 'main' panicked at 'index out of bounds', src/vector/focus.rs:524:9
thread 'main' panicked at 'index out of bounds', src/vector/focus.rs:524:9
thread 'main' panicked at 'index out of bounds', src/vector/focus.rs:524:9
thread 'main' panicked at 'index out of bounds', src/vector/focus.rs:524:9
thread 'main' panicked at 'index out of bounds', src/vector/focus.rs:524:9
thread 'main' panicked at 'index out of bounds', src/vector/focus.rs:524:9
thread 'main' panicked at 'index out of bounds', src/vector/focus.rs:524:9
thread 'main' panicked at 'index out of bounds', src/vector/focus.rs:524:9
thread 'main' panicked at 'index out of bounds', src/vector/focus.rs:524:9
thread 'main' panicked at 'index out of bounds', src/vector/focus.rs:524:9
thread 'main' panicked at 'index out of bounds', src/vector/focus.rs:524:9
thread 'main' panicked at 'index out of bounds', src/vector/focus.rs:524:9
thread 'main' panicked at 'index out of bounds', src/vector/focus.rs:524:9
thread 'main' panicked at 'index out of bounds', src/vector/focus.rs:524:9
thread 'main' panicked at 'index out of bounds', src/vector/focus.rs:524:9
thread 'main' panicked at 'index out of bounds', src/vector/focus.rs:524:9
thread 'main' panicked at 'index out of bounds', src/vector/focus.rs:524:9
thread 'main' panicked at 'index out of bounds', src/vector/focus.rs:524:9
thread 'main' panicked at 'index out of bounds', src/vector/focus.rs:524:9
thread 'main' panicked at 'index out of bounds', src/vector/focus.rs:524:9
thread 'main' panicked at 'index out of bounds', src/vector/focus.rs:524:9
thread 'main' panicked at 'index out of bounds', src/vector/focus.rs:524:9
thread 'main' panicked at 'index out of bounds', src/vector/focus.rs:524:9
thread 'main' panicked at 'index out of bounds', src/vector/focus.rs:524:9
thread 'main' panicked at 'index out of bounds', src/vector/focus.rs:524:9
thread 'main' panicked at 'index out of bounds', src/vector/focus.rs:524:9
thread 'main' panicked at 'index out of bounds', src/vector/focus.rs:524:9
thread 'main' panicked at 'index out of bounds', src/vector/focus.rs:524:9
thread 'main' panicked at 'index out of bounds', src/vector/focus.rs:524:9
thread 'main' panicked at 'index out of bounds', src/vector/focus.rs:524:9
thread 'main' panicked at 'index out of bounds', src/vector/focus.rs:524:9
thread 'main' panicked at 'index out of bounds', src/vector/focus.rs:524:9
thread 'main' panicked at 'index out of bounds', src/vector/focus.rs:524:9
thread 'main' panicked at 'index out of bounds', src/vector/focus.rs:524:9
thread 'main' panicked at 'index out of bounds', src/vector/focus.rs:524:9
thread 'main' panicked at 'index out of bounds', src/vector/focus.rs:524:9
thread 'main' panicked at 'index out of bounds', src/vector/focus.rs:524:9
thread 'main' panicked at 'index out of bounds', src/vector/focus.rs:524:9
thread 'main' panicked at 'index out of bounds', src/vector/focus.rs:524:9
thread 'main' panicked at 'index out of bounds', src/vector/focus.rs:524:9
thread 'main' panicked at 'index out of bounds', src/vector/focus.rs:524:9
thread 'main' panicked at 'index out of bounds', src/vector/focus.rs:524:9
thread 'main' panicked at 'index out of bounds', src/vector/focus.rs:524:9
thread 'main' panicked at 'index out of bounds', src/vector/focus.rs:524:9
thread 'main' panicked at 'index out of bounds', src/vector/focus.rs:524:9
thread 'main' panicked at 'index out of bounds', src/vector/focus.rs:524:9
thread 'main' panicked at 'index out of bounds', src/vector/focus.rs:524:9
thread 'main' panicked at 'index out of bounds', src/vector/focus.rs:524:9
thread 'main' panicked at 'index out of bounds', src/vector/focus.rs:524:9
thread 'main' panicked at 'index out of bounds', src/vector/focus.rs:524:9
thread 'main' panicked at 'index out of bounds', src/vector/focus.rs:524:9
thread 'main' panicked at 'index out of bounds', src/vector/focus.rs:524:9
thread 'main' panicked at 'index out of bounds', src/vector/focus.rs:524:9
thread 'main' panicked at 'index out of bounds', src/vector/focus.rs:524:9
thread 'main' panicked at 'index out of bounds', src/vector/focus.rs:524:9
thread 'main' panicked at 'index out of bounds', src/vector/focus.rs:524:9
thread 'main' panicked at 'index out of bounds', src/vector/focus.rs:524:9
thread 'main' panicked at 'index out of bounds', src/vector/focus.rs:524:9
thread 'main' panicked at 'index out of bounds', src/vector/focus.rs:524:9
thread 'main' panicked at 'index out of bounds', src/vector/focus.rs:524:9
thread 'main' panicked at 'index out of bounds', src/vector/focus.rs:524:9
thread 'main' panicked at 'index out of bounds', src/vector/focus.rs:524:9
thread 'main' panicked at 'index out of bounds', src/vector/focus.rs:524:9
thread 'main' panicked at 'index out of bounds', src/vector/focus.rs:524:9
thread 'main' panicked at 'index out of bounds', src/vector/focus.rs:524:9
thread 'main' panicked at 'index out of bounds', src/vector/focus.rs:524:9
thread 'main' panicked at 'index out of bounds', src/vector/focus.rs:524:9
thread 'main' panicked at 'index out of bounds', src/vector/focus.rs:524:9
thread 'main' panicked at 'index out of bounds', src/vector/focus.rs:524:9
thread 'main' panicked at 'index out of bounds', src/vector/focus.rs:524:9
thread 'main' panicked at 'index out of bounds', src/vector/focus.rs:524:9
thread 'main' panicked at 'index out of bounds', src/vector/focus.rs:524:9
thread 'main' panicked at 'index out of bounds', src/vector/focus.rs:524:9
thread 'main' panicked at 'index out of bounds', src/vector/focus.rs:524:9
thread 'main' panicked at 'index out of bounds', src/vector/focus.rs:524:9
thread 'main' panicked at 'index out of bounds', src/vector/focus.rs:524:9
thread 'main' panicked at 'index out of bounds', src/vector/focus.rs:524:9
thread 'main' panicked at 'index out of bounds', src/vector/focus.rs:524:9
thread 'main' panicked at 'index out of bounds', src/vector/focus.rs:524:9
thread 'main' panicked at 'index out of bounds', src/vector/focus.rs:524:9
thread 'main' panicked at 'index out of bounds', src/vector/focus.rs:524:9
thread 'main' panicked at 'index out of bounds', src/vector/focus.rs:524:9
thread 'main' panicked at 'index out of bounds', src/vector/focus.rs:524:9
thread 'main' panicked at 'index out of bounds', src/vector/focus.rs:524:9
thread 'main' panicked at 'index out of bounds', src/vector/focus.rs:524:9
thread 'main' panicked at 'index out of bounds', src/vector/focus.rs:524:9
thread 'main' panicked at 'index out of bounds', src/vector/focus.rs:524:9
thread 'main' panicked at 'index out of bounds', src/vector/focus.rs:524:9
thread 'main' panicked at 'index out of bounds', src/vector/focus.rs:524:9
thread 'main' panicked at 'index out of bounds', src/vector/focus.rs:524:9
thread 'main' panicked at 'index out of bounds', src/vector/focus.rs:524:9
thread 'main' panicked at 'index out of bounds', src/vector/focus.rs:524:9
thread 'main' panicked at 'index out of bounds', src/vector/focus.rs:524:9
thread 'main' panicked at 'index out of bounds', src/vector/focus.rs:524:9
thread 'main' panicked at 'index out of bounds', src/vector/focus.rs:524:9
thread 'main' panicked at 'index out of bounds', src/vector/focus.rs:524:9
thread 'main' panicked at 'index out of bounds', src/vector/focus.rs:524:9
thread 'main' panicked at 'index out of bounds', src/vector/focus.rs:524:9
thread 'main' panicked at 'index out of bounds', src/vector/focus.rs:524:9
thread 'main' panicked at 'index out of bounds', src/vector/focus.rs:524:9
thread 'main' panicked at 'index out of bounds', src/vector/focus.rs:524:9
thread 'main' panicked at 'index out of bounds', src/vector/focus.rs:524:9
thread 'main' panicked at 'index out of bounds', src/vector/focus.rs:524:9
thread 'main' panicked at 'index out of bounds', src/vector/focus.rs:524:9
thread 'main' panicked at 'index out of bounds', src/vector/focus.rs:524:9
thread 'main' panicked at 'index out of bounds', src/vector/focus.rs:524:9
thread 'main' panicked at 'index out of bounds', src/vector/focus.rs:524:9
thread 'main' panicked at 'index out of bounds', src/vector/focus.rs:524:9
thread 'main' panicked at 'index out of bounds', src/vector/focus.rs:524:9
thread 'main' panicked at 'index out of bounds', src/vector/focus.rs:524:9
thread 'main' panicked at 'index out of bounds', src/vector/focus.rs:524:9
thread 'main' panicked at 'index out of bounds', src/vector/focus.rs:524:9
thread 'main' panicked at 'index out of bounds', src/vector/focus.rs:524:9
thread 'main' panicked at 'index out of bounds', src/vector/focus.rs:524:9
thread 'main' panicked at 'index out of bounds', src/vector/focus.rs:524:9
thread 'main' panicked at 'index out of bounds', src/vector/focus.rs:524:9
thread 'main' panicked at 'index out of bounds', src/vector/focus.rs:524:9
thread 'main' panicked at 'index out of bounds', src/vector/focus.rs:524:9
thread 'main' panicked at 'index out of bounds', src/vector/focus.rs:524:9
thread 'main' panicked at 'index out of bounds', src/vector/focus.rs:524:9
thread 'main' panicked at 'index out of bounds', src/vector/focus.rs:524:9
thread 'main' panicked at 'index out of bounds', src/vector/focus.rs:524:9
thread 'main' panicked at 'index out of bounds', src/vector/focus.rs:524:9
thread 'main' panicked at 'index out of bounds', src/vector/focus.rs:524:9
thread 'main' panicked at 'index out of bounds', src/vector/focus.rs:524:9
thread 'main' panicked at 'index out of bounds', src/vector/focus.rs:524:9
thread 'main' panicked at 'index out of bounds', src/vector/focus.rs:524:9
thread 'main' panicked at 'index out of bounds', src/vector/focus.rs:524:9
thread 'main' panicked at 'index out of bounds', src/vector/focus.rs:524:9
thread 'main' panicked at 'index out of bounds', src/vector/focus.rs:524:9
thread 'main' panicked at 'index out of bounds', src/vector/focus.rs:524:9
thread 'main' panicked at 'index out of bounds', src/vector/focus.rs:524:9
thread 'main' panicked at 'index out of bounds', src/vector/focus.rs:524:9
thread 'main' panicked at 'index out of bounds', src/vector/focus.rs:524:9
thread 'main' panicked at 'index out of bounds', src/vector/focus.rs:524:9
thread 'main' panicked at 'index out of bounds', src/vector/focus.rs:524:9
thread 'main' panicked at 'index out of bounds', src/vector/focus.rs:524:9
thread 'main' panicked at 'index out of bounds', src/vector/focus.rs:524:9
thread 'main' panicked at 'index out of bounds', src/vector/focus.rs:524:9
thread 'main' panicked at 'index out of bounds', src/vector/focus.rs:524:9
thread 'main' panicked at 'index out of bounds', src/vector/focus.rs:524:9
thread 'main' panicked at 'index out of bounds', src/vector/focus.rs:524:9
thread 'main' panicked at 'index out of bounds', src/vector/focus.rs:524:9
thread 'main' panicked at 'index out of bounds', src/vector/focus.rs:524:9
thread 'main' panicked at 'index out of bounds', src/vector/focus.rs:524:9
thread 'main' panicked at 'index out of bounds', src/vector/focus.rs:524:9
thread 'main' panicked at 'index out of bounds', src/vector/focus.rs:524:9
thread 'main' panicked at 'index out of bounds', src/vector/focus.rs:524:9
thread 'main' panicked at 'index out of bounds', src/vector/focus.rs:524:9
thread 'main' panicked at 'index out of bounds', src/vector/focus.rs:524:9
thread 'main' panicked at 'index out of bounds', src/vector/focus.rs:524:9
thread 'main' panicked at 'index out of bounds', src/vector/focus.rs:524:9
thread 'main' panicked at 'index out of bounds', src/vector/focus.rs:524:9
thread 'main' panicked at 'index out of bounds', src/vector/focus.rs:524:9
thread 'main' panicked at 'index out of bounds', src/vector/focus.rs:524:9
thread 'main' panicked at 'index out of bounds', src/vector/focus.rs:524:9
thread 'main' panicked at 'index out of bounds', src/vector/focus.rs:524:9
thread 'main' panicked at 'index out of bounds', src/vector/focus.rs:524:9
thread 'main' panicked at 'index out of bounds', src/vector/focus.rs:524:9
thread 'main' panicked at 'index out of bounds', src/vector/focus.rs:524:9
thread 'main' panicked at 'index out of bounds', src/vector/focus.rs:524:9
thread 'main' panicked at 'index out of bounds', src/vector/focus.rs:524:9
thread 'main' panicked at 'index out of bounds', src/vector/focus.rs:524:9
thread 'main' panicked at 'index out of bounds', src/vector/focus.rs:524:9
thread 'main' panicked at 'index out of bounds', src/vector/focus.rs:524:9
thread 'main' panicked at 'index out of bounds', src/vector/focus.rs:524:9
thread 'main' panicked at 'index out of bounds', src/vector/focus.rs:524:9
thread 'main' panicked at 'index out of bounds', src/vector/focus.rs:524:9
thread 'main' panicked at 'index out of bounds', src/vector/focus.rs:524:9
thread 'main' panicked at 'index out of bounds', src/vector/focus.rs:524:9
thread 'main' panicked at 'index out of bounds', src/vector/focus.rs:524:9
thread 'main' panicked at 'index out of bounds', src/vector/focus.rs:524:9
thread 'main' panicked at 'index out of bounds', src/vector/focus.rs:524:9
thread 'main' panicked at 'index out of bounds', src/vector/focus.rs:524:9
thread 'main' panicked at 'index out of bounds', src/vector/focus.rs:524:9
thread 'main' panicked at 'index out of bounds', src/vector/focus.rs:524:9
thread 'main' panicked at 'index out of bounds', src/vector/focus.rs:524:9
thread 'main' panicked at 'index out of bounds', src/vector/focus.rs:524:9
thread 'main' panicked at 'index out of bounds', src/vector/focus.rs:524:9
thread 'main' panicked at 'index out of bounds', src/vector/focus.rs:524:9
thread 'main' panicked at 'index out of bounds', src/vector/focus.rs:524:9
thread 'main' panicked at 'index out of bounds', src/vector/focus.rs:524:9
thread 'main' panicked at 'index out of bounds', src/vector/focus.rs:524:9
thread 'main' panicked at 'index out of bounds', src/vector/focus.rs:524:9
thread 'main' panicked at 'index out of bounds', src/vector/focus.rs:524:9
thread 'main' panicked at 'index out of bounds', src/vector/focus.rs:524:9
thread 'main' panicked at 'index out of bounds', src/vector/focus.rs:524:9
thread 'main' panicked at 'index out of bounds', src/vector/focus.rs:524:9
thread 'main' panicked at 'index out of bounds', src/vector/focus.rs:524:9
thread 'main' panicked at 'index out of bounds', src/vector/focus.rs:524:9
thread 'main' panicked at 'index out of bounds', src/vector/focus.rs:524:9
thread 'main' panicked at 'index out of bounds', src/vector/focus.rs:524:9
thread 'main' panicked at 'index out of bounds', src/vector/focus.rs:524:9
thread 'main' panicked at 'index out of bounds', src/vector/focus.rs:524:9
thread 'main' panicked at 'index out of bounds', src/vector/focus.rs:524:9
thread 'main' panicked at 'index out of bounds', src/vector/focus.rs:524:9
thread 'main' panicked at 'index out of bounds', src/vector/focus.rs:524:9
thread 'main' panicked at 'index out of bounds', src/vector/focus.rs:524:9
thread 'main' panicked at 'index out of bounds', src/vector/focus.rs:524:9
thread 'main' panicked at 'index out of bounds', src/vector/focus.rs:524:9
thread 'main' panicked at 'index out of bounds', src/vector/focus.rs:524:9
thread 'main' panicked at 'index out of bounds', src/vector/focus.rs:524:9
thread 'main' panicked at 'index out of bounds', src/vector/focus.rs:524:9
thread 'main' panicked at 'index out of bounds', src/vector/focus.rs:524:9
thread 'main' panicked at 'index out of bounds', src/vector/focus.rs:524:9
thread 'main' panicked at 'index out of bounds', src/vector/focus.rs:524:9
thread 'main' panicked at 'index out of bounds', src/vector/focus.rs:524:9
thread 'main' panicked at 'index out of bounds', src/vector/focus.rs:524:9
thread 'main' panicked at 'index out of bounds', src/vector/focus.rs:524:9
thread 'main' panicked at 'index out of bounds', src/vector/focus.rs:524:9
thread 'main' panicked at 'index out of bounds', src/vector/focus.rs:524:9
thread 'main' panicked at 'index out of bounds', src/vector/focus.rs:524:9
thread 'main' panicked at 'index out of bounds', src/vector/focus.rs:524:9
thread 'main' panicked at 'index out of bounds', src/vector/focus.rs:524:9
thread 'main' panicked at 'index out of bounds', src/vector/focus.rs:524:9
thread 'main' panicked at 'index out of bounds', src/vector/focus.rs:524:9
thread 'main' panicked at 'index out of bounds', src/vector/focus.rs:524:9
thread 'main' panicked at 'index out of bounds', src/vector/focus.rs:524:9
thread 'main' panicked at 'index out of bounds', src/vector/focus.rs:524:9
thread 'main' panicked at 'index out of bounds', src/vector/focus.rs:524:9
thread 'main' panicked at 'index out of bounds', src/vector/focus.rs:524:9
thread 'main' panicked at 'index out of bounds', src/vector/focus.rs:524:9
thread 'main' panicked at 'index out of bounds', src/vector/focus.rs:524:9
thread 'main' panicked at 'index out of bounds', src/vector/focus.rs:524:9
thread 'main' panicked at 'index out of bounds', src/vector/focus.rs:524:9
thread 'main' panicked at 'index out of bounds', src/vector/focus.rs:524:9
thread 'main' panicked at 'index out of bounds', src/vector/focus.rs:524:9
thread 'main' panicked at 'index out of bounds', src/vector/focus.rs:524:9
thread 'main' panicked at 'index out of bounds', src/vector/focus.rs:524:9
thread 'main' panicked at 'index out of bounds', src/vector/focus.rs:524:9
thread 'main' panicked at 'index out of bounds', src/vector/focus.rs:524:9
thread 'main' panicked at 'index out of bounds', src/vector/focus.rs:524:9
thread 'main' panicked at 'index out of bounds', src/vector/focus.rs:524:9
thread 'main' panicked at 'index out of bounds', src/vector/focus.rs:524:9
thread 'main' panicked at 'index out of bounds', src/vector/focus.rs:524:9
thread 'main' panicked at 'index out of bounds', src/vector/focus.rs:524:9
thread 'main' panicked at 'index out of bounds', src/vector/focus.rs:524:9
thread 'main' panicked at 'index out of bounds', src/vector/focus.rs:524:9
thread 'main' panicked at 'index out of bounds', src/vector/focus.rs:524:9
thread 'main' panicked at 'index out of bounds', src/vector/focus.rs:524:9
thread 'main' panicked at 'index out of bounds', src/vector/focus.rs:524:9
thread 'main' panicked at 'index out of bounds', src/vector/focus.rs:524:9
thread 'main' panicked at 'index out of bounds', src/vector/focus.rs:524:9
thread 'main' panicked at 'index out of bounds', src/vector/focus.rs:524:9
thread 'main' panicked at 'index out of bounds', src/vector/focus.rs:524:9
thread 'main' panicked at 'index out of bounds', src/vector/focus.rs:524:9
thread 'main' panicked at 'index out of bounds', src/vector/focus.rs:524:9
thread 'main' panicked at 'index out of bounds', src/vector/focus.rs:524:9
thread 'main' panicked at 'index out of bounds', src/vector/focus.rs:524:9
thread 'main' panicked at 'index out of bounds', src/vector/focus.rs:524:9
thread 'main' panicked at 'index out of bounds', src/vector/focus.rs:524:9
thread 'main' panicked at 'index out of bounds', src/vector/focus.rs:524:9
thread 'main' panicked at 'index out of bounds', src/vector/focus.rs:524:9
thread 'main' panicked at 'index out of bounds', src/vector/focus.rs:524:9
thread 'main' panicked at 'index out of bounds', src/vector/focus.rs:524:9
thread 'main' panicked at 'index out of bounds', src/vector/focus.rs:524:9
thread 'main' panicked at 'index out of bounds', src/vector/focus.rs:524:9
thread 'main' panicked at 'index out of bounds', src/vector/focus.rs:524:9
thread 'main' panicked at 'index out of bounds', src/vector/focus.rs:524:9
thread 'main' panicked at 'index out of bounds', src/vector/focus.rs:524:9
thread 'main' panicked at 'index out of bounds', src/vector/focus.rs:524:9
thread 'main' panicked at 'index out of bounds', src/vector/focus.rs:524:9
thread 'main' panicked at 'index out of bounds', src/vector/focus.rs:524:9
thread 'main' panicked at 'index out of bounds', src/vector/focus.rs:524:9
thread 'main' panicked at 'index out of bounds', src/vector/focus.rs:524:9
thread 'main' panicked at 'index out of bounds', src/vector/focus.rs:524:9
thread 'main' panicked at 'index out of bounds', src/vector/focus.rs:524:9
thread 'main' panicked at 'index out of bounds', src/vector/focus.rs:524:9
thread 'main' panicked at 'index out of bounds', src/vector/focus.rs:524:9
thread 'main' panicked at 'index out of bounds', src/vector/focus.rs:524:9
thread 'main' panicked at 'index out of bounds', src/vector/focus.rs:524:9
thread 'main' panicked at 'index out of bounds', src/vector/focus.rs:524:9
thread 'main' panicked at 'index out of bounds', src/vector/focus.rs:524:9
thread 'main' panicked at 'index out of bounds', src/vector/focus.rs:524:9
thread 'main' panicked at 'index out of bounds', src/vector/focus.rs:524:9
thread 'main' panicked at 'index out of bounds', src/vector/focus.rs:524:9
thread 'main' panicked at 'index out of bounds', src/vector/focus.rs:524:9
thread 'main' panicked at 'index out of bounds', src/vector/focus.rs:524:9
thread 'main' panicked at 'index out of bounds', src/vector/focus.rs:524:9
thread 'main' panicked at 'index out of bounds', src/vector/focus.rs:524:9
thread 'main' panicked at 'index out of bounds', src/vector/focus.rs:524:9
thread 'main' panicked at 'index out of bounds', src/vector/focus.rs:524:9
thread 'main' panicked at 'index out of bounds', src/vector/focus.rs:524:9
thread 'main' panicked at 'index out of bounds', src/vector/focus.rs:524:9
thread 'main' panicked at 'index out of bounds', src/vector/focus.rs:524:9
thread 'main' panicked at 'index out of bounds', src/vector/focus.rs:524:9
thread 'main' panicked at 'index out of bounds', src/vector/focus.rs:524:9
thread 'main' panicked at 'index out of bounds', src/vector/focus.rs:524:9
thread 'main' panicked at 'index out of bounds', src/vector/focus.rs:524:9
thread 'main' panicked at 'index out of bounds', src/vector/focus.rs:524:9
thread 'main' panicked at 'index out of bounds', src/vector/focus.rs:524:9
thread 'main' panicked at 'index out of bounds', src/vector/focus.rs:524:9
thread 'main' panicked at 'index out of bounds', src/vector/focus.rs:524:9
thread 'main' panicked at 'index out of bounds', src/vector/focus.rs:524:9
thread 'main' panicked at 'index out of bounds', src/vector/focus.rs:524:9
thread 'main' panicked at 'index out of bounds', src/vector/focus.rs:524:9
thread 'main' panicked at 'index out of bounds', src/vector/focus.rs:524:9
thread 'main' panicked at 'index out of bounds', src/vector/focus.rs:524:9
thread 'main' panicked at 'index out of bounds', src/vector/focus.rs:524:9
thread 'main' panicked at 'index out of bounds', src/vector/focus.rs:524:9
thread 'main' panicked at 'index out of bounds', src/vector/focus.rs:524:9
thread 'main' panicked at 'index out of bounds', src/vector/focus.rs:524:9
thread 'main' panicked at 'index out of bounds', src/vector/focus.rs:524:9
thread 'main' panicked at 'index out of bounds', src/vector/focus.rs:524:9
thread 'main' panicked at 'index out of bounds', src/vector/focus.rs:524:9
thread 'main' panicked at 'index out of bounds', src/vector/focus.rs:524:9
thread 'main' panicked at 'index out of bounds', src/vector/focus.rs:524:9
thread 'main' panicked at 'index out of bounds', src/vector/focus.rs:524:9
thread 'main' panicked at 'index out of bounds', src/vector/focus.rs:524:9
thread 'main' panicked at 'index out of bounds', src/vector/focus.rs:524:9
thread 'main' panicked at 'index out of bounds', src/vector/focus.rs:524:9
thread 'main' panicked at 'index out of bounds', src/vector/focus.rs:524:9
thread 'main' panicked at 'index out of bounds', src/vector/focus.rs:524:9
thread 'main' panicked at 'index out of bounds', src/vector/focus.rs:524:9
thread 'main' panicked at 'index out of bounds', src/vector/focus.rs:524:9
thread 'main' panicked at 'index out of bounds', src/vector/focus.rs:524:9
thread 'main' panicked at 'index out of bounds', src/vector/focus.rs:524:9
thread 'main' panicked at 'index out of bounds', src/vector/focus.rs:524:9
thread 'main' panicked at 'index out of bounds', src/vector/focus.rs:524:9
thread 'main' panicked at 'index out of bounds', src/vector/focus.rs:524:9
thread 'main' panicked at 'index out of bounds', src/vector/focus.rs:524:9
thread 'main' panicked at 'index out of bounds', src/vector/focus.rs:524:9
thread 'main' panicked at 'index out of bounds', src/vector/focus.rs:524:9
thread 'main' panicked at 'index out of bounds', src/vector/focus.rs:524:9
thread 'main' panicked at 'index out of bounds', src/vector/focus.rs:524:9
thread 'main' panicked at 'index out of bounds', src/vector/focus.rs:524:9
thread 'main' panicked at 'index out of bounds', src/vector/focus.rs:524:9
thread 'main' panicked at 'index out of bounds', src/vector/focus.rs:524:9
thread 'main' panicked at 'index out of bounds', src/vector/focus.rs:524:9
thread 'main' panicked at 'index out of bounds', src/vector/focus.rs:524:9
thread 'main' panicked at 'index out of bounds', src/vector/focus.rs:524:9
thread 'main' panicked at 'index out of bounds', src/vector/focus.rs:524:9
thread 'main' panicked at 'index out of bounds', src/vector/focus.rs:524:9
thread 'main' panicked at 'index out of bounds', src/vector/focus.rs:524:9
thread 'main' panicked at 'index out of bounds', src/vector/focus.rs:524:9
thread 'main' panicked at 'index out of bounds', src/vector/focus.rs:524:9
thread 'main' panicked at 'index out of bounds', src/vector/focus.rs:524:9
thread 'main' panicked at 'index out of bounds', src/vector/focus.rs:524:9
thread 'main' panicked at 'index out of bounds', src/vector/focus.rs:524:9
proptest: Aborting shrinking after the PROPTEST_MAX_SHRINK_ITERS environment variable or ProptestConfig.max_shrink_iters iterations (set 1024 to a large(r) value to shrink more; current configuration: 1024 iterations)
thread 'main' panicked at 'Test failed: index out of bounds; minimal failing input: ref input = [-858198268, 896693412, 1422937963, 517023193, -1291073385, -232883184, -665884984, 251342201, 251932234, 1347088887, 177193808, -507952238, -234416876, -50397678, -1380266750, 1742717460, 879317288, 1064056793, 1153777643, -577529339, -1559400306, -41858615, -1865020427, -774576040, 429226988, -838565483, -1193007579, 169631950, 1667254801, 333416653, -1995223367, -398283448, 1981438779, -1720963883, -1978015801, 2009860897, -743750304, 727306564, 2021150674, 340244835, 387482097, 521892991, 532335419, -323605079, 1877154135, 571269378, -1399918942, -607095867, -990262198, -2118639322, 136260871, 1223593011, -1595536900, 1365278706, 1842605817, 2103303180, -1423360066, 2114117447, -1674261514, 436847535, -1758130006, 2132891412, 285488135, 1598279382, 716155869, 1794512551, 2082793407, -1091962458, 1685095410, 1565087733, 101407484, -136399022, 1582755851, -952855268, -1730555534, 1910947018, -375181786, -1079566303, -68953101, -740529420, 1712868356, 1453523449, -468071067, -1832776081, 597702147, -52872188, 2129323142, 306257887, 812852154, 92209324, -1610949516, 1652413767, 458615349, -1047704186, -367153976, 1096232304, -1998246852, -574181368, 1050145012, -1615675434, 1998330584, -1841139194, 332603626, 429220169, -1899466119, 261878756, -2050664819, 715841299, -2055957003, -6216737, -1569333306, -731350887, 584128089, 136062218, -1624819680, 38889433, 1095077496, -419080120, 1860404446, -769412071, -15701014, 1679175584, -1420108729, 534315681, -134184430, -545814119, 1594160155, -912309745, -1429790236, 922256406, 88356860, 1327114577, 647609461, -156108301, 1906022993, -2128053644, -1733243069, -1866555185, -817307420, 535731115, -1002730788, -1578700212, 1115266072, 1510773729, -507543119, 836969677, 1731973842, 1383719774, 1670887139, 65207249, 1088558702, -2146867154, -1809762419, -392541123, 279806625, 711778093, -9090929, -2085526198, -815245402, -1759323059, -1035546858, 1200476858, 839317250, 2051706053, -649067520, -588560689, 617886697, 261080885, -1733844658, 493454024, -1046581725, -1336299702, 1990388644, 201079237, -1877446063, 789268134, -141281012, -2099286226, 1729520746, -1451433589, -8982031, 1380468389, 1422329560, -1743045815, -2005517439, 545654564, 872945554, 343837309, 210333419, 1793867116, -845633865, 1371399253, -605525980, -749879056, 580504939, -2049681254, 1817164075, -514940457, -521174917, 2044382429, -701703458, 948555459, 199946647, -1147133922, -26550454, 1279589883, 818386502, 860712857, 1485694766, 1782481683, 1715953076, -874276184, -2084618175, -445778149, -591806094, 190330519, 1922876149, -362558807, -1269149589, 1439471572, -1393982770, -900315600, -82503015, -878817048, -1283331987, -535564970, -1049178744, -128525218, 992914743, 1279475031, 45722797, 43827210, -696603521, 839039530, -2055599948, -1567743525, 1461550073, -749504892, -2043020302, -401285970, -370208367, -1476772299, -1834108401, 1050653493, -1055061205, 942218392, 1528060440, -1731113900, 714953048, -1300020543, -1426088501, -1653866586, -609922745, 1907731108, 748116720, -582411956, 24471755, -1106824706, 345908677, -1324753570, 1415345847, -64717288, 1778180662, 1012486142, 1886683358, 2054907248, -199699109, 2006974262, -1770993412, 2092716172, 1989568398, 1722906248, -322781250, -1345311018, 109461879, 687543415, -264431377, -2096902480, -1679735713, 1682184351, 1761430591, 135022143, 1288185665, 1319023438, 617167132, -1458513367, 705856372, -1330627563, -414619694, -1932791201, -1169793213, 670834123, -877248715, 592761918, 1499531510, 1318844174, 74072760, -798155454, 1109409021, -1610360100, -1477695452, -1780674326, -1533601373, 946750049, 1162436550, -1558014627, 498873985, 1008014100, 1419918868, -1654145614, 159289529, -872589742, -1897233497, -741960740, 679826041, 130360721, -528871738, 1382103929, 1349893590, 2125657060, 1317981898, 359632529, -402056473, 1350534410, -1637081248, -875986066, 1731336392, -1672021859, 1648321384, -446017870, 308936335, 969965135, -1603436994, 398830431, 1003131652, 24074353, 1846432018, -933159063, -1797901217, -1804901924, -1497117761, -1330466757, -756149174, -1461745098, 2062066877, -670653458, -312369185, -2041995079, -1966895230, -357869461, 938093744, -2026749402, 2095957945, 1136437181, 2128402905, 2019396840, 1934415192, -339575487, 2137822749, 1788832445, 1582167898, 499621246, 1444714488, 999542915, 502317602, 1023246479, -1897106497, -1339782222, 1611504833, -1919849740, -954904244, -873318661, -852352069, 1603594094, 1752821688, 873084663, -869520721, 711609984, 590492717, 1532256389, 798962751, -2054809380, 933742365, -821044956, 434582070, -1408071378, -1518064482, 351471603, 883290585, 214324634, -2002622400, 81930808, 533870660, 562484385, -1157801799, -1352985036, 566561667, 921825478, 1721327153, 285478496, 412387024, -1587924284, 228497416, 1020846293, -2134490216, -260403882, 165483913, -218594769, 1083229547, 1688526866, -2060140462, -1276394719, 1972827050, 913385850, 358894006, -126127376, 984794614, -2059992797, -1305886262, -1847146099, 1037513522, 13898674, -66083341, 1526903134, -540518481, 2132903527, -25127859, -1337572734, 766381578, 1590667110, -1541967346, 650602076, 2068112080, 1486065225, 1191903319, 1524857708, 116211842, -1027053616, -572600730, -1666713942, -266183444, 1901417439, 1523781229, -110972613, 457529287, -1068157733, 37219034, -298817330, -537206368, -1235163800, 196913220, 1722271717, 1851317616, -543015306, 833770318, 1769087602, -1050033807, 267781796, -1401091017, 1424280184, -620106788, 1685394751, 539865394, 1390938181, -970236209, 171669464, 1205007244, 1433039123, -919895977, 411020061, -924748531, -838506517, 1538879300, -1099235219, 2112963506, -1741796904, 142464726, 1852032988, -1720126095, 1945243407, -1780503359, -437074815, -1149274573, 1477876772, 818383427, 1130534422, 65846951, -268962494, -479269011, -1259665616, -762016116, -2103890823, 370716352, -98109004, -1934563182, -956176487, 347881239, -644182163, -765126476, 445648974, -282996596, -489829406, 412602295, -2111848821, 1666956276, -280625498, 1225358990, 916290242, -2002263042, 1222085762, 1244165656, -1749131531, 548530159, -722023193, -580388649, -1203020680, 392845825, 1972977151, -1747266853, 1972434116, 812585509, -1935300846, -844566441, 1064045554, 2010826752, -689541922, 1548096541, 53131260, -1575885487, 1198845265, 738131806, 2101164170, 1345020177, -1328213984, 1812794731, -127889144, -213367556, -352051547, -278515461, 326243534, -1565729288, 1771441726, -1213658593, 889105472, -260443078, 692581365, -700318416, 387766036, 687548905, 1043705688, -414941741, 370258520, -413899502, 1955092943, -1327097752, 738131806, 1875276742, 1505106384, -653037610, 97222565, 1506763929, -1335980311, -227464469, -1407625897, -1898969119, -893519596, -1310673702, -684327844, -640416172, -58445533, 1215695885, 819580483, 1229359274, -1802066552, 1819854195, -1842498199, -279741346, -825737511, 1680943406, -1689756100, -275943289, 1614587225, -1918269399, 1422499358, -800795320, 1440199796, -1795254745, -1931488312, 2059909518, -1839475018, -227269260, -2142770847, -955565266, -1951814881, -660250469, 1729533455, -111541368, 1064156911, -868245471, 525005127, 908457829, 1693298056, 1440888732, 493499566, 82671289, 224729665, 1233097382, 100405347, 1791751899, 1331257041, -100262082, 530347797, 718546707, -1342284978, 1707826784, -1726764781, 309651869, 1326310582, 1879739241, 1951788874, -1042753444, -506413947, -979029483, 508672596, 424451066, 2099001538, -1849321234, 47518616, 2134625139, -478333314, 1589821463, -199143036, 1440775200, 1596227108, 397332399, -369290833, -1079348788, -1023152829, -1565421253, -1547658069, 1325972750, -1816319911, -1112847524, 438943110, 281252608, 1783008929, -1924081378, -624787265, -694856844, -1996948351, -2090115927, 1298330371, 823133992, 2118379903, -1491829750, -38504192, 1277954265, 759502898, 699778492, 2006435315, 1540448536, 1582327512, -649080693, 272510476, -1070115662, 495750346, -1159672712, 1531960166, 564627065, 1479849051, -469028823, -1044753627, -600600283, 559444116, -1670412562, -1889546947, -811212982, 765184762, -853319343, -1134269459, 1574612132, -1360694785, 2015011995, -406940810, 1871297705, -362393042, 1207242117, 1422066478, 1988989419, -1365095882, 1104470850, 222446117, 391809199, -1424653432, 1295887195, 1383177139, -1850900830, -1767659812, 912564256, -401208996, 313795218, -1716849826, -1965283861, -757563131, 1640728958, -1355434470, -995283606, -764720045, -271143143, -313437793, 1077606178, -927259998, -1840254261, -168454988, 1658973903, 1935572483, -1637219575, -949783484, -1432785423, 716681415, -469005101, 940967234, 1501630804, -836263125, 1995621160, -28908383, -1357102708, 1557238207, -1126501746, 1970301528, 942495067, -392075384, -2088454512, 1968188946, 663038574, -990145487, 1651345928, -1766254359, -1738439158, -2145135829, -1911540499, -802157674, 1156945484, -623792270, -714514535, -2057989607, 1845113609, 973581307, -1525829963, -1931401897, 809446841, 929038390, -3114903, 2057187673, -1291482794, -2074915152, -130253469, 1940099012, -327944225, -229965265, -376983968, -2043297477, -175434963, 1601908169, -1956938520, -1555085151, 250623390, -2006760212, -661662412, 22840516, -1903223372, 475622573, -1160168345, 1598485852, -1445846595, 2117667886, 225459594, 1710540141, 1561583527, -335679401, 1743592655, -1527684366, 1742503724, 1671906504, 1822631703, 1131036291, -942994211, -1642884632, -335706462, -110025864, 1715697007, 1692218526, 1662150193, 319349704, 1855784139, -479611838, 330982896, 1207489260, -1044038268, 1872775770, -1342883909, 773586715, -958738879, -1421492646, -1391784858, 1545199099, 1285667071, -896505761, 1057826135, -1385574072, -330374566, -1512719076, -207350932, 279216065, -1956441155, -2091490672, 1354383077, 1674778948, -255979400, -1060327907, 1090579959, -1159543382, -1159774370, 533123678, 1508895492, -175326714, -1226158554, -1617482105, -1190772294, 701136918, -843751305, -344945584, 1626344213, 491257133, 2073530410, 350912772, -190674897, -701584125, 301949228, 1365057718, -1319225022, 314301663, -123262555, 1078460055, 9653236, -872271331, 220839993, 1927623757, -390914802, 905726175, 1989635665, 764115858, 1570785344, -1966257765, 1206213493, 834990064, 1853440960, -1911005691, -481590720, -169456970, 1361408137, 495051998, -1570292564, 1695769004, 533263551, 226313356, -1771791405, 1753519794, 816970257, -686849617, 1694966430, 695867786, -1767632954, 1024321092, 1631723689, -1743924414, 778118586, 2081217012, 205257140, -94720846, -583988554, -941053027, 348986509, 1004346778, 1861010669, -321241362, -1869644148, 1131253962, 1269759974, 1992201523, -1657864586, -1293236519, -1903735123, 202523971, -433727495, 35461610, -1235497694, 687718135, -525386226, 177715640, 1657624341, -1493018691, 1053053469, -1993771516, -2125140533, 878640611, 672536015, -363995233, -867086936, 253952036, -1761356702, 322326586, 1431069689, 1115253588, -883947587, 1782983021, 1545854071, -712425620, -1632655473, -973473674, -2021964582, 462780678, -119196124, -220898554, -1344959470, 523799975, -826422158, -1763134520, -1788999653, 1322318498, 1848537430, -1114900056, -655351598, 289199236, 210088756, -299807307, -1215425005, 1088515218, 1641835433, -2055942462, 1116565233, 155393998, -1958691732, -1470009064, -2119010301, -1877034348, 506713895, -1116107704, -1357280892, -894022423, 1253847159, 1003941540, 1491080691, 541707010, -1948419852, 133301477, 1608894053, 832177984, 1373684575, -962449238, -1224404747, 1447338322, 32074494, -702993143, 1225002375, 976845764, 1892505831, 1872970386, 111284948, -139153761, -307963154, -1738104294, -1908131984, -589909903, 393114287, -1162513366, 367340475, 2094613582, 407288432, 155421046, 902284054, -2088105260, -1372408337, -1154510490, -1325716890, 1676954119, 1481774683, -1624172394, -151996148, 932540839, -4367936, -396420343, -1693128745, 126920027, 318148400, 39934260, 1047997680, -1135612904, 442923950, 314976559, -1789814997, 1455261365, 2133802183, 1552149852, 1165148456, -12554467, -108020426, -1171962282, 1770892219, -1790371568, 296444034, -2127789289, -2047332102, 1487157452, 306310186, -141500082, -1280614234, -894415801, -678573689, -1486366551, 1327575731, 129736036, -1094472219, 670599172, 1628082914, -1165921510, 428756266, -86679881, -813867379, 2127953371, 358156342, 1160367308, 1619360722, -1318098628, 1823137695, 1743663466, 754879918, -435017852, -595703042, -905095814, 306586216, 1696532899, 1259902532, -350307112, -932669775, 1437060110, -628958648, -1000061508, 1211473567, 597290027, -284876150, 162190195, -309365313, 26944657, -951302310, -1742592629, 244750781, -688813230, 1931636801, -89846317, 1078212683, 448102410, 2054511461, -1469314451, -913573557, 2139653536, -1342810297, 1728126902, -237571140, -901198429, -686164030, -1198866888, -24645242, 1915624992, 1787908160, -2029561772, 1187873523, 1141918484, -1528627066, 429599158, 862710380, -169521154, 1237223156, -1985429268, -436444353, 985225921, -2020740540, 1223552505, 1309579840, -1097748974, 1449555030, 1908660550, 1260753316, 2029471724, 492193888, 1915792229, 369081398, -671788734, 2018449044, -1881935493, 1730540219, 438812764, 450661946, 177536051, 1114400752, 1718446785, -1740728984, 904304440, 345253267, 430079650, 1968913707, 1946500079, -1056427967, -883617364, 1733025672, 986467021, -1161363475, -646102680, -520916400, -1204693343, 897937373, 113253892, 2111475070, 1265162426, 1435348365, 1404807430, -89952398, -150743660, -807735492, 1101503576, -1600211999, 1238924563, 1365497883, 744213299, 2031056098, -206197195, -1135013032, 1319720371, 1275302112, 312040275, 1714309515, 1647217712, 855282693, -362736950, -32015332, -397532958, 250796882, -320377084, -1454040808, 814052832, -1472917271, 2138953124, 2128715402, 1708183235, 1700931784, -199032523, -2042313483, 1694606376, 290579496, -40409698, 1565816245, 891075283, -1410176772, -317762679, 319318592, -1022197552, -73423418, 1822110247, 1016139678, 1808932060, 1835349493, -656787340, 1820537102, -1756564290, -742215361, -623760725, -1347650626, 1605731313, -1724347791, -755733361, 508136676, -317706537, -1339663866, -1043871591, -1816440087, -5132065, 2110075717, -2101756060, -874735168, -1181090004, -309154751, -1566610424, -1918700798, -72082171, -2093197674, -627403307, 1077565287, 456996432, 2060737351, 1961778677, -419578528, 343971929, -866715667, -900654489, -1051940624, -786521392, -1433612671, -397640811, 1289962820, 1758422570, -1527032460, 803209901, 2038410096, 1787980867, 347915408, 996563392, -1077521929, 1188020792, -1264249291, -1123749576, 817907334, 136748196, -1800521941, 247044535, 1014962832, 8413703, -445506989, 667177835, -475306343, -533155663, -1779593625, -1867003718, 680586139, 218655488, -194035088, -625756577, 1976586913, 1003382640, -1254302021, -226851059, 97027769, 1299551383, 519000708, 948698299, 2033666141, -1744323904, -65494986, -1693321942, 1487352757, -36482085, -990689977, -799063978, -1325073549, -701617405, -2002151940, -1562498737, 882344196, -1824079194, 1468310343, 71527593, -1940630908, 698540634, 1531896498, 1148709718, 1788432686, 1410850325, 2019622231, -2085190570, 587638063, -922013652, -1224808929, -2124590942, -1755008389, 125729515, 1190242821, 759315001, -1626889600, 1801075369, -1607461819, -1667276408, 1043252025, -2078590681, -1532393507, -1017306655, -1960704584, -693254150, 1053959581, 346708367, -1891724953, 924058989, -1740295969, -563780487, -1515494533, 839067086, -2089736039, 1992479266, -2004035782, -1551188304, -1447723080, -913900690, 660459619, -774597370, -744589253, 759018669, -466966623, -1859951993, -1319334088, 1896144226, -1063097524, 1243553413, 527400369, 1222073587, -1677941074, 698706018, 1296243218, -1082005619, -1053364475, -1009620679, -1777047333, 639191067, 1344390426, 15398278, 898439152, -650585910, -2022711326, -797029300, -1928203484, -1829727036, 1805244855, 1235739812, 1261287015, 1567448434, -123968759, -1905771910, -1462748322, -1621006853, -2063673035, 1267374138, 1655263454, -160190515, -2076772537, -1688017741, -1285195615, -670849849, -339936177, 1735908087, -11598136, 984588410, 922582500, -276514386, 1752865744, 798051029, -228720482, 954048178, -2067454366, 564597709, 603962775, -150757548, 1515733472, 1131939869, -1649076512, 1990705981, -295118008, 1842552440, 1491339060, 269654334, -1207389457, 1306352456, 897067104, -1322804072, 1279647641, -337262014, 522896502, -1838917545, -255859563, 902666010, 2089675937, -862214777, -1022399539, -1708965391, -1982308624, -1736546863, 546776080, -1606695622, -346087405, -2140897212, 424313852, 1730578426, 1969974453, -777411332, -1666086826, -805579411, -505739549, 2110378080, 1831474359, 2087449794, 1170082226, 1992793013, 1266005622, 1755027006, -572657402, -1752317125, 1907167674, -986491945, -145432650, 238636668, 385920704, 1223879196, 420095451, -578502104, -807403018, 278769692, 1492216617, -1549830243, 1824472489, -1856012942, 1109714003, 442454037, -1885834110, -448381714, -2145035671, 1612344704, 745159013, -132132534, 1380133426, -511296617, -1671784493, -1698066285, -779080894, 18540644, 1236665243, -1624420554, -810046038, 423110128, -529836137, 365617235, 1734526397, -1079149820, 96490633, 1196090394, 913608291, -489314574, -441007555, -171147099, 1733890025, 687134662, 2063622095, -363318878, 1171344711, -887756580, -1299044266, -1720923513, 1444419480, 841959055, 299632644, -300171190, 2015997638, 813335666, -1055443375, -247552087, -1001097002, 552152378, 1479815880, 1546900872, 1002865680, 1378877103, -1418451888, 1764309795, 1723913234, 1261929699, 1097564017, 1639687260, 29068349, -161742731, -321488584, 1358150074, -1913385475, -1682052194, -990028184, 151916836, 616066589, 1345163279, 2114816636, 133378984, -522420787, -598924239, -838792274, 1357975477, 1405100659, -434509674, 545510272, -120062846, -1437169071, -2094884139, -1123858718, -92828116, -462579919, 1930317147, -727899762, -1830956065, 444664490, 467990580, 642268055, 1517770666, 1219613204, 1957209710, 324780015, -210669527, 899038497, 71071275, -900328060, -1294023457, 908433552, -783336111, -1412437815, -277661357, -175579851, 1569051488, -1982271047, -15206288, 1288041426, 1067988985, 1907580044, 824704690, 1377812519, 745939554, -943043492, -921245575, 1705252740, -128168864, 1835095963, 323628910, 1444348596, 1278376794, 730341576, 1778076552, -2028476767, 1478538674, 851726366, -2117010747, -1177934160, -468018914, -196189917, -229725251, 442100962, 716920030, -1384419373, 720317058, -16454207, 266947419, 2040182914, 712128009, -222249885, -1221164301, 465855039, -1598169808, 1466519264, 1414234084, 1822833352, 582762033, 1069509320, 805602948, 1831438902, -1364755436, 1787472418, 2125345105, 1610054792, -903484226, -171862942, -85321934, 505227227, -71796550, 35881259, -1462086182, 1594793189, 1732985366, 2038414605, 57754493, 682827330, 366326448, -1849232686, 405086524, -1462473356, 271321836, -1227212199, -2016951937, -1938578626, -59202762, -1692973550, 576888886, 857316631, 172091729, 726079965, 471035795, -484591581, -434909584, -175527266, 1918970955, 2092129924, 78348076, -1127286659, -944334629, 555203031, 2115694790, -1243815320, -958413752, 1520043077, -206613744, -1590550353, -1711846075, 331729426, -1703203671, -1434693615, -1983726210, -1268096242, -147386546, -1081920159, 590759586, -995941415, -1952380548, 758058324, -1128440571, 1641880736, -491515122, -1213929567, -509095643, 1746332077, 712551362, -1166944061, 1702893649, -1174090035, 1439515892, 1632516430, 74049446, -1735969984, -1487786432, -1211697235, -52862428, 1566921676, 1802720782, -343359662, -596170683, -1409549516, 1523125091, -199926457, -1857718656, -451732025, -141328363, -1456339771, 326735381, 1861831832, 84015738, 1009566259, -482725219, 1191395310, 1306251102, 398238092, 622909244, 2072141881, -391057112, 452107635, 961032230, 1369644190, 1056284211, -1335720549, -925672783, -2116163367, 323746519, -1214125192, -436917777, -1962897752, -942587811, 2140375540, 862285240, -1130377038, -251544364, 306075433, 170848379, 1215736780, -1267902198, 1409996721, 702175331, -737165729, 175376605, 146923901, -215762618, 1517755451, -252721848, -148760543, 421881354, -78563375, 1964664950, -1843489308, -1606835045, -760946446, 1952152328, 311194066, 2147226212, -1968517607, 629565311, 1425375484, -888809676, 386077259, 27800139, -106782494, 486241429, 325430283, 1394605638, -1084825225, 2026796500, 1190497074, -357261212, -488523492, -376827839, 63748697, 1278512580, -1544358905, 440660000, 2084282179, -1802934355, -1594889225, -1524052678, 88711003, -635296688, 88988848, -420511682, -1357551361, 1692326377, 253567390, -1788232141, -1858113807, 62717102, -448054122, 1024171562, 1462319004, -1282086821, 260562227, 1847388199, 1888987055, 1683312598, 1426745386, -589369476, 297370007, -547596407, -653181072, -224424415, 804723932, 304801460, 1116778814, 1282462155, -604621467, -1632864279, 1500658755, -1824112593, -110030273, 77537735, -859335373, 1830941628, 481359053, -505643131, 289538176, 1939647751, -401528539, -365739019, -344713165, 2098619599, 472855113, 1819539154, 663604975, -378280243, -1934934832, 2141032177, 909036891, 1075642589, -1786381902, 117180405, 1190680164, -297030258, 1421447580, -1298335919, 911465488, -2050547575, 493515996, 1209609823, -536688624, 1551728625, 318712886, -1827302432, 1705085914, -761990552, 971106960, 106231007, 1875005588, 447801526, 741553178, -1923035313, -262444921, 1832115042, -669671110, 1401165760, 2024821351, -1951695144, -20839706, -1920257815, 2001889365, -1478523431, 1239709430, -1657009317, 2043201641, 576879556, 1213983416, 893408827, 183786362, 997834171, -1394565562, -1691945873, 866206714, -977030064, 1836650496, -1051716532, -120119025, 544107377, -2060286356, -998174478, -2061529548, -696694779, -949373632, 195242975, 1924426417, 1855012226, -455588187, -164137934, 654797223, -1063436824, -430528976, -1416771540, -1210333525, -1635721275, -843805437, 146665521, 1631224083, -103021562, -1872145749, 2008155375, -1036705517, -607063705, 32906428, -427494127, -1915589269, -774508929, 1618418437, -1583724953, -1086464502, -1041925756, 429063566, 1783114149, 1003775848, -787017521, 1609038318, 1959392950, -323080096, -2058955696, -452041313, -565623858, -1016507049, 1883176254, -427144133, 1917400087, -83684124, 2085867959, -938696302, -203498232, 278483875, -224008594, 1594411417, 1513843181, -2132464318, 1571700134, 1156805515, -989458695, 1814078502, 1078978313, -1610634336, 1786449760, 51615645, 1012617049, 1587233241, -332839579, 1931053058, -1780604737, 298790484, -1217707163, 143496210, 1815254628, 82290744, -377834582, -1926002797, 1967825383, 1289052446, 1879993549, 1628467776, 1098228252, -1504713027, -1524326723, 1195670059, -1412606563, 1919824983, -214000175, -1748028225, 1450179174, 1436594288, 1383563008, -1124871363, -1788431857, -988433437, 745757502, 238751670, -1368575308, -963705295, 1888690037, -1509693330, 1631360648, -549672432, 935095861, -1908035532, 189333410, 824097009, -452479711, 1180728741, 177811236, -830158922, 385011194, 1396316116, -1877347688, 2017996378, -128605772, 2069007837, 612384029, 495189289, 1217308460, -1487014011, -2112856410, -2139582088, -1108151908, -178530184, -172077797, -1324748411, -1688369111, -1326572766, -1220587855, 1229194250, 1043321291, -19338713, -1277199989, -623747154, -1707905866, -1551686651, -338165025, -1547755739, -1561820872, 418462316, 856952151, 1745451559, -1911629985, 532528808, -1940883779, -1347682990, 1474786263, -1520578691, -1430806283, 1510381980, 907223232, 2105419608, 1792643082, 75312820, -1413014565, 655338780, -2114965449, 1813358131, -6327895, -1516092405, -1512855296, 1681303479, 1612742817, -686484814, -273270023, 1047278503, 1512937795, 634556470, 2079131527, 608432726, 311595036, -1552883368, -1330504818, -1957126516, 231533963, 697481035, 165459868, 1178592469, 754317612, -1872676074, 2095914705, -984791851, 1190328777, -539835510, -874687177, 1679412085, -1242281330, -59571927, -584677507, 2010037711, 1618553218, 73864941, -309107597, -273572661, 1177390470, 2059480016, 201811975, 1865677448, 1163397973, 917780357, 29632004, -237798642, 1951712450, -473178670, -1021365335, -1451349041, 2078185718, -968425710, -50455032, -1534692853, 722491205, -631274662, -698496953, 1104998061, -388025428, -826525506, -157561122, 1351941926, 1103619275, 1855020421, 1179943863, -1311889004, -816749862, 734557120, -916257739, 153163268, 1294131784, 622644831, -191945627, -182477370, -1351282289, 1826118664, -503713286, -402542162, -268485560, 1097401763, 1865505365, -1973937444, -1672254813, -1793187689, 1880630163, 987519414, 1037904444, 1503899528, -401204332, 819986121, -460866012, -1608740141, -124848129, 929593233, -288908858, -1442249529, 632762230, 1360461998, -2083738909, 1627498849, -44960088, 346721244, -220749800, -1628351102, -328788926, -1395419527, -481610597, -150851531, 588509075, 323212758, -1458121527, 1332992582, -207566004, -29336181, -504402410, 815741319, -980390285, 968941391, -1547331137, 1784667969, 754632591, 335503352, -1669843879, 139023680, -227201671, 463252560, 1176209798, 79312720, 1610599515, -1577118248, 993193944, -286826663, 1339804618, 382944828, -1171052783, 1861925529, -1136361, 1937830512, 1353210046, -348320192, 1628546081, 360106241, 118034105, 71651094, -392572141, 1258566080, 70746847, 707018928, 201527212, 1726199261, -562371932, -699197413, -1036446958, -1190192171, -1335254638, -21699516, -199239421, 890217958, -929564700, -1856455562, -1685735265, -739434852, -1531773998, -262318018, 1185564650, -49764259, -833114043, -724460263, -1068497538, 2023888745, 184833440, 1399142540, 324975723, 2066741302, 1387203494, 678754343, -835738458, -893052131, -534918184, 1864868412, -593612310, 1046594711, 808225672, 1648949747, 1333036337, 2130818356, 723845527, 243786337, -449727603, -1746202102, -1799253799, -1520108342, -845046224, 34979532, -1697996529, 415931440, -648294137, 1981282110, -1189420502, -176307675, -223746460, 1003376904, 1437331433, 1323066259, -201640214, -1158381684, -1339417700, 491206385, 924917717, 774901410, -836368893, -353218168, -720231244, 2079942058, -2062458168, -48816653, -1184583327, 151013330, 118055704, 1119100559, -557367295, -705514788, -1716577575, 2064461573, -1624330451, -552957370, 1049770668, 754274172, -968304120, 1302011965, -495766408, 1685785061, -463271944, 1886210433, 197550848, -1219594308, 1273952874, 1372951511, 1764959374, -1392226941, -1861890077, 1823718719, -1672154253, 330554671, -1401523603, 1574795417, 1714018106, -335666059, -201013635, 1118532052, 1779691196, 1892987399, -1573804722, -1156758259, 1318992606, -1693450880, -1271193478, 1708080861, -633819024, 1044362570, 1399486983, 1330618209, 1357585864, -1816303750, -1828221624, -1602175778, -1467092901, -797715321, 2142334476, -630043800, 498759509, 1394823049, -1491694865, -277365650, 565804554, 1756308147, 2080218299, 691784550, -1013405339, -768364257, 1170012070, -1305779060, -1258414035, -83180316, 1504255460, -1336992423, -168444875, 1484090251, 1226971996, -2125503756, -654085380, 718893924, 1937274264, -1982144063, 1267529364, -1439699246, 441162426, 1153541339, 1758839425, -1118181321, -75420820, -1305497669, 1948824245, 105051223, -194353736, 1006067449, 175898152, 462050172, -1133858288, 1038824434, -390856487, -1578320128, 1224696607, 753909073, 1679147741, -1597676064, 328273276, 1120223082, -2012471611, 57507905, -1744005187, -212216391, 457901857, 1951130497, -2012863542, -1244669074, -151080711, -578678196, 1680040517, -1342385916, -1400453766, 1633399508, 504743408, 1462256583, -853544627, 1903048488, -1042004304, -725150928, -429914756, -424166929, 92648015, -382238884, 261803235, 1421440062, 2089198380, 773455487, -146943349, 1757040854, 560726318, -1066931846, -640167305, 1666258299, 578096462, -576316349, -1165678102, 1368656140, -620666611, 916994602, -1510895764, 1423716023, -2080037848, -217372696, -626500598, 1874098302, -1036175932, 1755545100, -260884706, 1019795174, 393238446, 1682970706, 233969665, 2012709055, -491821880, 114909767, -1686749043, 1347410212, -916488511, 73004791, 755150041, 61527716, 825297254, -99307527, -1035423738, -1761459939, 784404642, 1911888356, -155558052, 1932911167, 1431808251, -1934319220, -1462743047, 1948804294, -1664087352, -1254006753, -1614520631, -1459808349, -1268265410, 177733941, -1223220039, -149455369, 2106280725, -1211073480, -1175669609, -178741608, -760434491, -425122028, 977108826, 195070683, -1136838158, 318978278, -1038790029, -840110408, -1739871138, -1836747847, -93639344, 1347978635, -1783301502, 739593014, -1883774391, 458709737, 688247787, -1345363706, -1621460196, 1048312332, 971435171, -302678584, -1589937679, 1081171008, 1325146905, 144772147, 1915684903, -1200174722, 389927298, 402491330, 496622378, 329964766, -354242840, 299558881, -1035391365, -2025826624, 2016034094, -1106692059, 901309289, -1328855736, -1725833934, 1847465507, -1672539358, 1984226534, -518295727, 2133512799, -1692923749, -903172918, -261016775, -639582398, -2098780107, 489982047, 1688574011, -1201462974, 58593531, -1162799429, -224582250, 1398105014, -1604364049, -1838578031, -1983663905, 1903377026, 733056099, -181216630, 1642318267, -1985198033, 785981421, 1297905206, 848150583, -645194887, 1061900754, -1861714485, -841442395, 1275658676, 698944550, -73544963, -225352808, -158213921, -1757924841, -2098739153, -82577848, -2093179179, -708662225, 1775804424, 220052173, 1789937549, -1428996832, 111612050, -427030183, 250132010, 1038201066, 66851908, -2051271773, -827409192, -17292537, 491083432, 2013364136, -1007533044, -64116882, -873832875, -1201306433, -370776677, 2019670302, -505390927, 1966372942, -1356594738, -621218691, 960371267, -283188446, 1622910334, 2113793544, -1260908554, -1396183620, 300563727, -2081088364, -148499293, 1679797750, 610133567, 258428828, -937180705, 1372239152, -1704080088, -1354536362, 2042129240, 2111779434, -1993362316, 1032482525, -2016272225, 52043373, -144538002, -1712266535, -1892614240, 1544188253, -1078403772, -1589639616, -1450893257, -1509282621, -551446597, 2129852441, -17372312, 158182465, -635273576, 871983093, 2048747337, 511099887, -680941561, 794278864, -1092503972, 371225556, -1936471929, 512257022, -1385665243, -1195174513, -1442437664, -141787963, 425928276, -1179900006, 572406890, -1226832200, -1229862986, 1861858829, -1109972268, 196357648, 855692455, -1863695084, -1804641193, 1040262244, 194079471, -913224596, 670186733, 283582067, -1868445550, -753924922, 1706254109, 1301266782, -738953947, -2137952855, 2133164305, 1284717210, 1019097968, 927591787, 1681379226, -1314558356, 2085482139, 68646604, -561634613, 1154146681, 1474356813, -385983637, 125938885, 341001317, 1154554412, 1592669406, 1409506370, -620934453, 372321218, 961979678, 2012811066, 1197651996, -661462007, 1415631952, -346062535, -1179687402, -162369658, -1530730680, -1283199840, 1910420240, 345361650, -1478585969, 194285368, -1890124951, 891175981, 1713371624, -916629668, -236425043, 907050385, -1353117182, -1935845630, 1044525860, -1962197624, -324671511, -1964599240, -1525530285, 1999097604, -1266748250, 182951241, 1036541343, 1960766157, 927398708, 24978752, 2116461653, -47341090, -38634988, 353179591, 1581391167, -823040904, -1593981592, -583840353, -1814685469, -700351419, -1730595488, -540947375, -51132854, 562900677, 1890479521, -1579383647, -1015036090, -1949555990, -2012441257, -844041861, -255305092, 452587005, -156015144, -1128109732, 241950466, -618115785, -1227330001, 436173089, 1228678867, -790324426, -1523040749, 1206676964, -280047244, 461888128, 2133571397, 1535931913, -1026504323, -408528771, -988460461, -49196858, -1177619144, 1820211148, 56012738, 1958107150, -1172372331, 658670669, -1847846952, 1466719173, 353748497, 642140178, 1465252309, 1657942665, -649308788, -849440657, 893207360, -964134636, 2111026300, 1144491585, -1680874812, 503998576, -23441511, 103256973, -501577649, -1356974700, -2083241623, -1185607323, -1891914000, -774399978, -265726900, -504976107, -1275538441, -561841482, 1689476638, -1326851688, -973356263, 207996506, -220714394, 201525436, 402383150, 898540189, 104215888, 308583362, -631309775, -1702612563, 766446360, 455294948, 914473411, -1925998617, -661538158, -632331653, -487051480, -211480513, -1502256661, 126391268, 606764370, -15371008, -228447952, -1321823445, -964581198, -1838647273, 1906370755, 1946845719, -1090162660, 1853624107, 418125015, 953563111, -1396234895, 575431317, 1518239911, -744559360, 1189590703, 134097964, -1456738356, -1913003772, -154112806, 12165472, -166036684, -1263971022, -1049998911, 202719789, 703814464, -686974071, 1153098984, -501693832, 1367518240, -353852342, 2045149275, 1573488157, 426689064, -1240727621, -73247367, -364192386, -2057683555, 1816525994, -2052758074, 968423713, 1834655070, 783916275, -2137241673, 2115229556, -954595963, 631654289, 1197809005, -1490171262, -1341340209, -1484683632, -933205640, 30462764, -685487004, 2084234518, -1210423232, 806650916, -978933458, 1847588569, 182651698, -1639801874, 1851637457, -10148611, -305325384, 1742369028, -453844968, 845574839, -1208240487, 52273971, 1889300840, 1903052294, 457931212, -173980243, 1713732928, 1702386164, 633194894, -624005959, -1756576291, 811374905, -77146363, 1382336372, -1544060216, 2008437470, -1163559470, -829533547, -781162418, 345370652, -2058398543, 971613303, 1804175644, -802717343, 791850248, 1535934085, 2087378305, -1867876380, 709546516, 302709134, 950446235, -76485316, -2015995340, -1034615351, -809857176, -1277197650, -2031261413, -319008958, -148480902, -1197245758, 1441495420, 1533258460, -1637619642, 1035330594, 865819249, 1978147732, -196553545, 1716431592, -1880146814, -1154524568, 158387414, 444219130, -326690277, 767222265, -1574727964, 1768290740, -1108975295, 1202317869, -113043310, -1079118249, 835675274, 960436252, -665251807, 144071219, 1110934687, -2096526531, -1816044699, 691850476, -674126296, 407801740, -2117212781, 1314456298, 350424559, 2025706000, -1766702615, 276451207, 486192146, -1975400241, -1896321689, 1279003976, -2052097287, 19717427, 1290935076, -536344129, 512679925, 2032950354, -1512357016, 88007581, 1831331256, 1995631234, 156051255, -73592952, -1446690970, 1216509478, 680957086, 996425547, -1143338674, -525178027, 2082218425, 1721292566, 224604914, 2130188488, -478875833, 1140110424, 1460988534, -376142332, -1377942874, 1265530161, -1143381648, -164596567, -1448815685, -1856242621, -503718407, -1810274221, 464472160, 1431836338, 2053185525, 627424026, 1156062110, -779061193, -1552135353, -1412855463, -1342618795, -33896611, -1130525226, 1543067741, 1048533916, 362066721, 1161265016, -727843789, 284884615, -1605940734, 1584737741, 1697791572, -1560544589, 947299252, -811926990, 1001307403, 1191048879, -887384377, -750211332, -1656744069, 883016434, 589022991, -1246580002, 685019356, 307786086, -276369507, -813525775, 1130147757, -1839319583, 1249696304, -1853691246, 923082440, 1419236596, -124376820, 2126945014, 1630156984, -1947176931, -1033374170, -2009279050, -1193028623, -1332007832, 1303390875, 592435198, -2053770179, -335253365, 539786082, 2105649342, 1470074671, -1731187329, -614161812, -1412422170, 10297668, 423579645, -407438988, -849145999, 605913240, -943824063, -1751949413, 1113510559, -1970306292, -1105240713, -1283611992, 117658738, -245227395, -1244516413, -337333453, -161887495, 383286663, 844162216, -52185862, -992630883, 288673477, -1527505425, 1162947055, 751929239, -1692129746, -1623503936, 1407784857, -207302836, 1225495104, 204191210, 392511017, -1032958682, -673030471, -2043206326, -1197615149, 137018011, -839370063, -220574927, -1532020234, -116608614, -181587528, -712085521, 137600033, -1808827172, 135479056, -1371219734, 973245335, -719005289, 1147049884, -866806667, -500834213, 289306089, -1586699739, -1040565183, 202390301, -295463349, 685259880, 953160966, -1248523822, 1203110117, -1369157881, 379848680, 190990199, -64692266, 1890888482, 1176074651, 1599723472, -2057737854, 1348546480, -583446138, 1280309926, 34906068, 1532046473, 1291055876, 2136648438, -652840714, 200358457, -666270832, 1928236917, 404082718, -1699282473, 242631698, 149288846, -1094302804, -1671605222, 548914519, 130621256, -1952520386, -48918573, 1662414939, 745148462, 1353819530, 25940824, -774901862, -1386709267, 1880621881, 794169201, -2125756866, -276156436, 1597765871, -1064740354, 489573799, -1553599327, 588881058, -1445628010, -956738434, 1253404924, -1515845244, -1479691423, -1415882430, 1246293597, -550034247, 363582085, 1686882363, 1773992177, 264768403, 1153224469, 2118917545, -256304671, -1084096266, 486847592, 62604084, 1005921459, -1807747445, -1398753392, 1977344979, -409370265, -1938179919, 634159769, -1885128568, -1541799262, -437806432, -1535241009, 848240560, 1190397009, -1625316171, -879557643, -2119436376, 1738259776, 96700170, 1444716780, -1999369424, 840947415, 738065481, -1739251174, -1326434389, 2090198540, -1202830749, -1992629630, -1203318431, 1798366691, -1582829636, -2676744, 1905536186, -1654144874, 52627081, 1166871026, -1783886843, 913050966, 761287260, 9374875, -172563285, -1545190922, -1942284956, -190301268, -1233581522, 654378214, 1942332759, -972716584, -1202466996, -1755657580, -907335115, 589979029, 86368019, 1147845449, -733967501, -1510497637, -1912525711, -1616871925, 1332438431, 1469117843, -797623884, 1287214487, 1491764738, -2012816159, -238555956, 2001996430, 2072135920, -975342923, 196233038, -597345076, -1245107592, -1682985298, 46006946, -137831067, 195998478, -309152245, 533402121, -1369847968, -804182170, -1471417983, -279452197, -1890230890, -702123763, 555111857, 1899959669, 1419988777, -1310133591, 583041784, -1411535000, -448174275, 331529351, 892545861, 1943233636, -586312276, -617796594, 2011716909, -1611601936, 786538839, -1675708967, -1456827838, -1308807184, -1841968255, -68414365, 111751646, 1584602196, 1646706136, -101518605, -1231418414, 1892495593, 659721045, 1230602278, 805033540, 917037354, -2062300023, 13513917, -243889386, -2136570461, -1681234246, -355417438, -1346647339, 461687068, -743210144, -1088778650, -830073294, -210244905, -1131356326, -678289648, 693875798, 1698087672, 1600563979, 407590248, -330912973, 1068799297, 1440767823, 390242446, -830173594, 1426134122, 38544290, 570805, -367657876, -1209399552, -724012180, -1858547361, -729044600, 868115998, 619327510, 1930407933, -96366595, 974096445, 1326474730, 1097751474, -1213855227, -240242004, 1029514822, 249387412, -1985180568, 152564899, -575894319, 962166537, -730104954, 1652506438, -619905572, 694120579, 653760869, -1108797454, 28835726, -742503341, 1226365936, -1128594522, 38719536, 598989054, -1392820189, -935739351, -1132313010, 21695752, 2009575258, 1912148227, -538470076, -2036470531, -865452533, 1973575564, -1771256379, -54799, 1660471907, 96577423, -177010657, -205191199, 1472880680, 1597982849, 845250697, -381652181, -309361397, 1213309819, 1980368688, -1673921551, 219124384, -931094015, -292221018, -1121941514, -859072416, 26655570, 1194880249, -23180065, 1845937140, -620844723, 1579501903, 1389432544, 177241645, 621480691, 1360023596, -1955794208, 42243254, 2141543047, -1394084753, 1089530081, 1727522157, 869530198, -1610337073, 1735686094, -1099879744, 316438034, -1811965238, 1475429756, 1625375336, -1854094208, -29739601, 591222193, 1235591612, 1049244876, 288549375, -664033611, -1129884603, -740017335, 1428114907, -792455229, 1447523554, -1534381296, 190170063, -69224599, -1772999532, 1807523581, -833461250, -936320606, -822000964, 1086678743, 500543650, 1386708811, -1753824511, -51446554, 1275990905, 624582804, 74826233, -1879636899, -1285661951, 1167504190, -280573828, -660280283, -1721556381, 1771863346, -1337959083, 1333414588, -813037302, 1165330468, -143794390, 1793017041, -175975719, 476008677, -2058204981, 356216188, -154377960, 284352348, 133290393, -915471210, 1547597826, -625982234, 1392800568, -486635910, 1303317583, 358671976, 1703791183, 1935039954, 1185868419, 1424955288, 1597731064, -1639838208, -1349970503, -2080996345, 130979889, -1988975418, 1857113228, 1498426337, 707543018, 912587517, -766179951, 176304921, 1092259532, 1354245888, 716953867, 834289086, -1539065429, 894568964, -1042940380, 560102509, -1739254005, 1039281199, 1404621163, 1628130917, 1373036544, -35050175, 1750042654, 1393335060, -1254316139, 17504086, 353394705, 586386844, 1923319384, 726376189, -1110613139, 65832485, 1829982534, 450401903, -858240942, -1419632062, 1544343305, -2101788407, -1943202860, 921124897, 212448627, 1146096870, -1610152949, -1393705374, -307329887, 693998286, -1310528334, 1883064898, -382778520, 740390753, -1979676373, 284536179, -2091739130, -1527812750, 707322133, -1760866538, -2138151079, 1607798471, 848850017, -14227749, 207741641, -80382284, 171964119, -1024992907, -1047323574, -1857859046, 1681885099, -1729112536, -1043859405, 1251979667, -771398220, 884848458, -901392498, 2111960188, -2077223247, 1575937690, -1175211250, -876350888, -817696753, -441318069, -1040338640, 360237669, -849182131, -1198563593, -1797845785, 1194317818, -1635367496, 1547487353, 1889552173, 1225383620, -452003368, 1607178752, 757082107, 718807909, -1198858273, -1148040876, -1751007710, 2089379000, -1844234031, -1142809810, 556331742, 380894951, 493721936, -1224881480, -802856773, 1508440222, 675171818, 1892608607, -1961526203, -1792587343, 1336678370, 1211600986, 1759525453, -953836511, -400977888, 475559993, 1963137965, -1641265736, -1164943667, 1708548118, 140886386, -191347645, -859436501, 449189237, 1015949582, 167954560, -160887623, -600915268, -1851439506, -1912612334, 860685264, -1713628121, 586264388, 1370345026, 178590756, 1944128627, -591067452, -484107072, -1056755532, -1158005133, 1325268174, -2047530291, 1571499095, 919177271, -1754064468, -1141052723, -1087266703, -977072240, -898445059, -1769676292, -1534793355, 2045169146, 625938179, -1804238505, 389619181, 1493142509, 93692134, 1037231674, -488947176, 1189027149, -286976032, 1152180016, 2086641215, -1026240116, 71861281, 641699527, -1508818343, -1037189210, -2113650098, 1486335359, 1958227902, -607683072, 2071019780, -1637292224, 723054316, -875584783, 977773549, -473165566, 256896025, -1189011669, -1098998999, 1035586021, 1306969455, -57715777, -1235076908, 1164392732, 1053901154, -1203372116, 524735720, 1670750661, -671406460, 1087642440, 1763468846, -1488357055, -1450662870, 1231479816, -1010706916, 799947860, -1007983489, -1110204754, 1886375486, 779948283, -1238548009, -1758814382, -1724207689, 1594264739, -2080809619, 1089114703, 217176304, 1744383577, 782370302, 986616463, -1199899778, 375357902, 686619406, 1727549046, 154593500, -477279803, -1393104335, 148474407, -1239944216, 1063077774, 618759478, -525485249, -382952335, 1016649709, 343420285, -1719592818, 348377307, -300004847, 1004044650, -1442010121, -1606159515, -1139708994, 1128103559, -1935591932, 868623406, 79558003, -1394836955, 692611244, 732815103, -1068457836, -1894586391, -445254737, -1603628072, -444869823, -45199960, -1209257691, 1139572819, 2016850612, -140864745, 556397016, 115344310, -879840564, -391150975, -2040133251, -2137172044, 1044090297, -1441481867, 479158955, 1992668793, -1804489891, -1682872907, -62073262, -1486765604, -1101808338, -1361052772, 884692563, -1652744647, -1092322699, -273255122, 22130501, 1957229952, -385737038, -1254024775, 971416531, 181491098, -203477508, 1324248815, 1109042394, -1025026938, -933416469, -168188135, 1649602824, -1695950176, -1155894657, -2082223254, 1993126063, -1574676468, -893038659, 1474327828, 1153105551, -992073172, 612773293, 1889187068, -481856794, -688018456, -1023205409, 1721462295, -1097600928, -2062897487, 1579983912, -478506452, -1035243821, 316944141, 701678749, 504289401, -2018897763, -1274684638, 189536019, 1676266259, -1274015477, 777392224, 1170828854, 1750435023, 1559844999, -1028483480, -872093482, 145981029, -1642585452, -934287639, 602334574, -1338640607, -278499535, 1487512730, 1282471796, 1407421732, -1893695602, -1699178620, 1371019504, 511522126, -1842486016, -864598922, 1570355856, -1430707416, 1463932570, 560168176, -1312944266, -763504118, -1949223975, -1318102353, -253020597, -864415786, -835214725, 88482608, -1397353283, -1330726334, -1007029674, -141420870, -341973239, 774122642, 574816322, 1157883254, 1101195120, 1324159850, 1956006885, 786708564, 2016134047, 1585183155, -1737205510, -1755450056, -1320359049, 813378188, 183638001, 1920915362, -1530946103, 1299836056, -676448423, 1407789513, 199272360, -1988126880, 801992169, 896577208, 1000575577, 1309853402, 183781588, -1170136484, -1655218665, 1168867185, -307155464, 1582408144, 2043800555, 1738490711, 52788401, -794230236, 651240809, -1144430817, -1826522077, 184677441, -1537973723, 1435820055, -842248478, -915732250, -836165980, 1011862318, -1822742245, 48639918, -2068001432, -957845398, -1934521763, -1088856262, -575925700, 1480737475, 1486997748, 758426709, -1867225539, -626361678, -1944391813, 79998121, 930260866, -1098632140, -440502872, -1002558382, 1725091296, -110595942, -278050518, -637225943, 709484356, -1876978121, 364820743, -354098587, -1909214334, -487513507, 40356229, -815926170, -589176404, -1217801305, -1954672850, -1415568157, 2023709882, -2121118491, -85056378, 1354989572, -767853526, -1042417684, 1251750213, 101931954, 264285558, 562846197, -1976479080, 375604903, 482537984, 1606566812, 1600618350, 1396530267, 1483011790, 368541949, 1896812834, -932625188, -1211889255, 513640436, 387056388, -1780487522, 46182781, -258984714, 1998390211, 503094436, 447778111, 1811299611, -194369347, 227185448, -1815265581, 1225381716, -326946552, -1245057949, 1325950895, 1220323949, -1119692541, 1192398908, 1261154926, -429287772, 1296613803, -1643631794, -2002370013, 584071461, 698278221, -166466197, 1277042384, -274456729, 837689175, 1493161140, -458511899, 725339440, 1785625511, -862824406, 1976509660, -2140654312, -1715284495, -942694933, -886396918, 170624130, -2050378389, 1045577980, -1599679036, -151037242, 1045810079, -1834206967, 70440557, 135763271, -1735479575, 1796843648, -116745680, 1292080635, -1609071788, 116155006, -1415928951, -93890740, -428448137, -2081679531, -48993718, 1024040851, 1746469787, -1951602830, -709588361, -1540332971, 76916883, -387037180, -1720156068, -1099072532, 386239872, -1926149876, -803847530, -2048794269, -1095559726, -1177726431, -609372804, 1372437907, 2012622845, -1535563912, 315187422, 785671729, -392483375, -2051762851, -601695579, 1363856126, 1619955875, 1102184338, -1953697037, -1936276410, -1735829761, 1443522323, -1157817269, -2139927642, 1386204153, 1470630982, 98917820, 533792989, -1279407907, -1537201968, -1958246051, 474476296, 1105278845, -463294151, 1406714249, 1891916629, 953602287, -909359691, 1552744844, 247588795, -2145509596, 726926207, 534898424, 505161344, 1854668120, -447790067, -175527814, 173979757, 990831939, -1526816509, 478939038, -470922830, -1350136719, -31336901, -2098360682, 333440160, -2002712658, 2025949327, -1766449089, 2057317549, -88291296, -1907514872, -1445077978, -765245196, -830314672, 758956394, 1783043079, -1565797037, 2144247473, -1271777357, -427300322, 444250832, 290100280, 887141901, -303137387, 579729090, 1730366975, 1447219144, -924970432, -2052532609, -124174464, -1192913964, -2137924966, 1128923097, 1914547471, -420287573, -390481691, -469621476, 2078841158, 171346467, 795698448, -625832156, -441507939, 1534523033, 527916290, 1374829159, -868445133, 538079507, -2060933282, 1170838686, 1836846360, -564825267, 512175502, 400762788, -1703215987, -272614508, -938700609, -958640099, -1961934113, 1711133873, -908576295, -308231097, 474512022, -1751417358, -1618638807, 1961682274, 724549027, 1729569241, -731895342, -944504375, -1860141511, 1340578861, -1709440326, -37625223, 1870830158, 485975399, 1719975313, -1801172718, -275783390, 1223982569, 199174483, -1115349533, 764640640, -966568210, 872704704, -1577385050, 389158244, -885332662, -595606393, -1512043875, 587117168, 1056052176, 478917493, -1181030757, 1847635690, -1058907027, -2118955233, -277622900, -2075165834, 1453088422, 1296836829, 1009942871, -1017521812, 2005190351, 1537344034, -214824904, -22200949, -1353830865, -457794826, -2019148400, 275777930, -829332739, -1633668877, 677172234, -1192184622, -46944325, 1653292870, -1397142631, -1848496904, -235141362, -894015624, -1405806540, -1400875866, -1118440881, -996028614, -1068393694, 1859830506, 2081391348, -1239594416, -86417606, 1118576409, 1119104410, 514302038, 783748151, 214010415, -268783920, -864287127, 1513913701, 1521227007, 1612365140, 1283043440, -183026737, -819543426, 2053322451, -82250785, -1214421456, 1313961871, 770114872, 291343696, 1303233965, -2004537704, -1654770571, 1620319619, 1127693457, -496555135, -1896458716, 1313749628, -1268296560, 1871141566, 1409050140, 1818110917, -502058742, -1223371428, 124291364, -1695184369, -518692038, -256183183, -1277664533, -2058673299, -821195699, -399249247, -1735649162, 1140854849, -406023320, -1878146616, 1757033495, 746365785, -1347935635, 1364571601, -386520736, 559495500, -821244864, 856363853, 1794081125, -2104211923, 726922483, 1084824495, 1448828534, 1994317758, -1029813766, -891140507, 1187387809, -966451736, -159101625, 781053084, 1492186109, -1231802538, 1655612086, 587615091, -55165963, -347122262, -52174489, -307269541, -1601464440, 838362166, -755805257, 1145621530, -1199364916, 1252539966, 42906167, 10782304, -1583323140, -1426922440, -577051557, -114692594, 1528097104, 1727665454, 1816698262, -626567281, 637893602, -1864349335, -1200827698, 1486352739, 1430277112, -948311240, 425569211, -22651622, -1443965251, -1580808045, 1429385059, -1716492718, 1177817319, -786314526, 296234514, 187717763, -312098262, 852259774, 1648628555, -348542016, 680415263, 2039383859, 991042818, 492033547, 1191670550, 1253954522, -504615550, 1653365818, 510594238, -1159188566, 988317000, 981820323, 1558811313, -1484295175, -650420092, -927819653, -656480314, 1146773407, 1181165776, 441061671, 897918335, -1548410121, -588529671, -1771942294, -1966067964, -2139617741, 32339378, -2055701765, -1898197665, -825095383, -1527203932, -502157726, -1292880310, -333059970, -1929304119, -502469963, -780283176, 316192401, -1771838356, 331345239, 745215722, -70237752, 1914280538, -1642064869, -360145549, -1825611797, 760925342, -1287354910, 495580668, -189783647, 259341717, -1735802356, -889330956, -1087017181, 420115653, -817542070, -359989996, -19735791, -1271647150, 1375082882, -332845835, -2075432910, -1849144755, 1880321023, -705122420, 170739705, -647692589, 851655315, 576157576, 1109782196, -1136061883, -1753894659, 235372204, 1664770454, -1760195442, -1378011959, -1743073856, 681326980, 332837349, 1474933802, 433260506, -800436867, 1991612168, 1827091728, -309656959, 1864932328, -1241559854, -521822008, 1439639903, 2115178453, 835011865, -51691511, -800978150, 919198560, 759151917, -1955439733, 1269336868, 868371434, -473674134, -93061222, -175261093, -734977509, 357011945, 1890399220, -395706152, -1256798668, -1661484634, -2049150113, 1023987708, 1043106063, 485787037, 2060733399, 30940254, 1541835163, -477743337, 1003770435, -97549429, -1779800316, 1191625761, -556154680, 1483486019, -1636258547, -282176209, -2025598, -970009322, -1654319077, 8364469, -136971457, 1206060726, -218928239, 259788403, 1462239392, 144796229, 1634150179, -1903709462, -1715630438, -1706218326, -1035247873, 1911076030, 72625479, -141592293, 1873509811, 1540520380, -28747372, 1921163495, 1190137313, -1910013158, 974581427, 1576334478, -1683135020, 689969896, -1530000887, 1583663770, -1374189753, -2016854217, 1401156485, 734778229, 972309748, -150276998, -1151783227, -830729568, 1429486719, -180503673, -2023715613, -1448646723, 1568956722, 1165822086, -956722338, 1425120947, 704833774, -2020152304, -1912603425, 1428418517, 1750808583, 1486729072, 720812472, 1625400948, -775212689, 1687740937, -79909797, -1769773234, 508263608, -1117757998, -1558159279, 773118572, 1811926442, -724663350, 1951159274, -66903883, 1761882114, -915128773, -541984772, 978477623, 1923006815, 443788497, 1244509812, -473487652, 1742182338, -532305203, -939770201, 500633922, -966394691, 196818302, 764689320, -2006162855, 1627777021, -1278787994, 1057102541, -728249890, -1696340290, 274583434, 1067871038, 1427475501, -800700889, 781836858, 577405772, -605612088, 963773933, -669271861, -1373818777, 1302801211, -464317937, -510970962, -1504527888, -757554958, -1368976436, 382292973, 627570173, 850337427, -1530883463, -120919241, -501734962, -1475747688, 150666426, -1480180287, -2064421210, 1662604160, -1126601611, 711419418, 905886638, -1663931454, -350288151, -94766554, 985271560, 892992998, 637705702, 331340746, -108574984, 61555427, 829686493, -587665742, 529253203, 1181623835, -677533983, -871673890, -1914987433, -1162728183, -2145239536, 381805685, 1202322398, 1817726023, -48550558, -455041800, -325059407, 1108061969, 1717561871, -2034713248, -1781423246, -1967266306, 321612084, 1346078092, 1223259850, 757004348, 1697928802, -374363987, -353121164, 821433870, -139013836, 1674110383, 388765134, -1746258109, -694916101, -229308133, -2053050118, 1127653154, 914943756, 1825514775, -295030956, 424833588, 1758662301, 2099345677, -1030821518, 1221058757, -1198479194, -837859416, 2071978594, 214557696, 824289447, -2052613332, 21959944, 1122310341, 2126374062, -948277586, -1092303844, -726810571, 1168430746, 1371525022, -907860591, 1945499888, 277274642, -1075175773, 1878354786, -1290064876, -1799697387, 2068498215, -1088414377, -718144213, -1750509060, -1158166575, 92454781, 1593885251, -2101668122, -2039054289, -1776304437, -816552815, -1795008581, -1488467252, -859451127, -1596369684, 669085891, -1100361895, 1556483076, 919752004, 446252085, -361082056, -2035235745, 581697952, -222015188, -903921697, -896694017, -2006044401, 1492343839, 1797353753, -850540814, 877817885, -159137492, -1773482148, 898887985, -1830372090, 2055505111, -1166764812, 281338098, -1217568415, -376313497, -144960619, -1062682884, 470985185, 2058265045, 1836701102, -391915101, 1635203319, 1859689733, -844111403, 993482498, -480288749, 1237711304, -69855124, 2061029203, 1654613987, 83024321, 1336718411, -206419782, 1787529552, -131765999, -771648334, -1281891888, -2057289733, 1457431463, -2002515510, -2077106065, 2787573, -1555377972, 185104182, 3267744, 1409847667, -1590564978, -372734631, 1737658396, 1996560020, 1495433837, -194173347, 126638780, 2017876335, 893029856, -1460135212, -842732339, -2029823685, 1723306422, 250677518, -457625959, 2045671860, -1559335650, 624015624, 147953361, 49835430, -766601606, 2048888002, -16975282, 1067986282, -1712090717, 520906691, 104579302, 2022080054, 2113766924, 28558351, -648607697, -1838437635, 53973850, -1673806705, -45299369, 851421249, -1918025713, -869053711, 1471030353, -1734577339, 2144793953, 702831784, 256801129, 1949509022, -1132024956, -1215520352, -881523959, 646434860, -1345026573, 2106044424, 512334330, 110570679, 224905867, 1293958367, 523516616, -1602658547, -1820726757, -537658769, 1638889763, 189055788, 1462884717, 391213414, 221082830, 543001572, -109132749, 1698185275, 64340822, -820286877, -1068797713, 1742063941, -893945446, -555001123, 1169982951, -1930759180, -35639206, 2035916937, -664043016, 63290450, -10797424, 1269994522, -816662315, -514086335, -942495932, 404744672, 1121021478, 2128924063, 744402304, -873918206, 42006023, 1515211773, -2084839526, 5877742, 90984748, -574882337, -2136887555, 1296713688, 717789804, 681562095, -1513858489, -1162887776, -723891357, 49022624, -2055376168, 1123589482, 1149191941, 650416172, 1212272030, -824960463, 1882008449, 1919586392, 872517302, 1516904341, 1124222586, 1707931154, 1568714787, 1461492401, 108804030, 67251461, 1549501454, -283028442, 134696891, 494412219, -1652314642, 2028362268, 1252964396, -1777910469, 376118984, 1545048227, 1665608917, -872010909, -2099908235, 1655175940, 953963009, -981714102, -401660727, -1255301865, 1874566633, 1262050623, -629075459, 60680863, -1334154288, 824903749, -470288028, 265436823, 1821765718, 93697185, 1509249454, -951190911, 77182334, -1409205776, 1602909695, -138734211, 1044413617, -1691677648, -1761429721, -1203943353, -2052780539, 1177344013, -1005198240, -1774652459, 994054705, 462178788, 1892784145, 556166021, 449586186, 1668713950, -1617198927, -1913410940, -161209532, 564877355, 1651952295, 1925311463, -1519871752, -562436482, 177089764, 2003656833, -1776051764, -2022123680, -51764633, -526435309, 1794651189, 729427421, -2043753521, -1622671171, 884659965, -833355406, 1054137284, -515475125, 61429408, 1838716982, -183868230, 659871601, 1845598573, -940448333, 1635280451, -535373246, -2101412388, -903197627, 1757569341, 1045455533, 1265969318, -744157719, -1474996951, 367857548, -146856561, 202290372, 246420593, 1935469380, 2101455869, 76584965, -1978853510, 513788852, 1861326297, -299796302, 208999627, -329794406, 250258324, -336876013, 1335635177, 511638252, 1171459252, -201414357, 1571498201, -1259663334, 1770003615, 1865504629, 1809340330, -2023755509, -296590949, 188549595, -1561236975, -631373587, -1484915580, 1156401761, 1835335951, 1192639782, 264728732, 559385927, 1686084891, -1837734977, -1509842179, 1000423119, -1548817435, -2098982988, 693715807, 456939517, -820418884, 1830963524, -1904034812, 2012778902, 1943024979, 214383108, -1757494012, 620331604, -697216715, -481081627, -2111526546, 1780969564, 914586836, 1335783567, -396963893, -1180506355, -1796585167, 676088107, 1983574910, -670111685, 510366154, 1411679805, -182178108, 1522814827, 409165880, 1745229927, -1132443219, -1001916863, -953799599, -1615080974, 566767241, -624549617, 745855650, 1828825759, 232619472, -419894467, 1825807498, 216438493, -365733524, -877402604, 997458980, 52178409, 1939139807, 658712575, -1131589097, 1578914570, -1975861758, -1267200923, 1655958807, -561289656, -2128733899, -177129897, 139962043, -1922352929, -53653514, -2140004938, 900010365, -505644330, 2012752868, 1735857920, 2051329130, 2018247486, -832724776, 290283780, 1295440091, 1434154928, 1979926183, 205278242, -147341954, 2038403807, 354800937, -74000653, -1325377358, 879545639, 266066462, 1119335512, -238964364, -1550426210, 1917610712, -1918499395, 1896894316, 1617659007, 1902131200, -866758532, 1070468533, 62537295, 1936369152, 230804897, 1110297097, -1867002811, -1228201227, -1251713720, -1724533649, -1211197720, 1493030510, -807121372, -79295109, 956087597, -1912319238, 1669118064, -1466282831, 1968347482, -647133560, 1599347437, 634464882, -995557413, 1900312576, -1908897865, 571911864, -1580999930, -216714426, -1185278036, 783158609, -1861552023, -874551795, -1571688531, -53757389, 985980019, 169556520, 656052289, -2036224845, -1701126320, 1233353809, -1159170632, 833065570, 2106305369, 800600397, -704330569, -616732521, -70467126, 353416615, -440276274, -712483023, 1222055643, -654692373, 847722912, -1520330474, 1441800879, 1551686285, 1463657115, -29546429, 705464433, -1877043441, 713938669, 1038458063, 1944376322, 388404126, 1398281513, 1112209513, 391868646, 885173232, -1482686180, -1304679375, 2116855504, 1603280846, -123773503, -1416512697, -1332702525, 1864467824, 1834134528, 1262446958, 2131618880, 476376276, -458329612, 1416232982, 1142262071, 2133643053, -392548115, -319490216, 71337920, 487355842, 606614486, 1865240124, 1867758238, 294613203, 1952204727, 1896201134, -2089781158, -384595697, 2145651301, 593499900, 600967266, 1459398374, 152320382, 719329622, -1715301008, 716888888, -2100442920, -1462936706, 623456770, -642363772, 902944354, -150639347, -1680807731, -260483235, 1268837878, -1760457590, -1952741339, -1318918732, -35561165, -426780711, -1325223539, 401321308, -503988629, 2036108435, -579414804, -1749220525, -604507863, 1179829968, 770222914, 1378914871, 908746721, -425821262, -1908117864, 1479799885, 1015184893, 701813300, -2075571912, 1126126688, 1818076267, -476602714, 760810341, -1805850886, 363034342, 1251915866, -1350987697, -597567380, -763653824, 1838726973, 234922281, -596592067, -762330782, 2051468633, 1900282577, 683474838, -2070630606, -906643748, -1728677959, 1467575166, 1991619484, 311601344, 972185236, -1521688497, 2126417449, -101843562, 1379932865, -1865628066, 445242792, -1944153566, -556136590, 684905665, 2095196398, 68496082, 184179893, -1271859721, -638050617, 1947663504, -1395582637, -1619141005, -2039814787, 1163623260, 1634003237, 278605116, -1056218273, 1595171257, 427787967, -800802207, 1255090861, -1238723612, 1401270752, -1494770109, -1790029200, 1998145166, 158200636, -1813880364, 1960344586, -918001367, -1344628945, 800501697, -1741046255, 313691422, 1772749704, -201825829, -1503362941, 540554028, 431473376, 695307956, -1416399999, 1255380108, -304807948, 1215678676, 2018161952, -1360316079, -460695513, 39788298, 798050772, -666379066, 1857744009, -1796798181, 832384442, -673552733, 1857881717, -1027705496, 446062712, 511570679, -1737109021, -1454251344, 7193154, -243899662, -944091146, -505908781, -1882603400, -840285567, -667262667, -95501048, 994381881, -1541102694, -1357099550, 603372428, 807510803, -1315377410, -56174990, 1780103345, 1461598170, 562547929, -346514467, 1346169271, -163928947, -373006441, -965888255, 1907068714, 1385583454, -1721399684, 840695790, 535098456, -16230311, 1256945570, -1478355554, -1617136882, 585841204, 866914220, -2074762590, -131222235, -2090071410, -789666784, -108573651, 1821788837, -1890777661, 707231662, -385697565, 924779524, -795116487, -1051675765, 1030344418, -224800145, -102235471, -1117766932, -837948036, -230992776, 1266629892, -143336995, 1454615618, 2114169464, -869912671, -1647460919, 1456980878, 904196934, -935163524, 949044808, -793626265, -1025597708, 504096442, -1407565771, -316527152, -616749122, -1706937259, -467151680, 412559673, 715521346, -1580301089, 2073413106, -622135976, -543142742, 178111485, -537776887, 1379877786, -1893232533, 1799432281, 630577757, -1927385370, 1040782310, 1550383006, -677082756, -1447844816, -548207421, -996356944, 931156534, 52880082, 1142197097, 1724855831, 1407961370, 1743749575, -2025848432, -1742675743, -1785837082, -1904999639, 163569654, -1777921592, 1898036119, 1600295889, -1462388828, 116554279, 2054390893, 834956521, 883529186, -1591741934, 1202281136, 1427690888, 761683020, 1941419152, 2126912652, -304008631, -226846843, 1017622126, 1925969674, -1772294048, -1329816687, -1318484170, -1674099274, -308708960, -1179838575, 1140877221, 1648132198, 1146003960, -1785845889, -755742940, 1414386348, 1698560188, -2123587909, -237951787, -885829391, 1094822195, -1539473690, -592309960, -1923651961, -1055699409, -1902718299, -1025431138, -189527013, -1349695852, -1749636550, 1557187723, 139511774, -852715098, -269935293, 898048161, -1150844936, 305078427, -1249172328, -1190815584, 958245063, 1381858439, -1105314384, 726364747, -3883915, 1187274318, 158865563, 2043800277, -1557342578, -947987829, 235650623, -126190999, 1025989454, 213677283, 1595263245, 1956075956, 1936556355, -1667630943, 1832195998, -1549682315, -1126607909, -271128559, 714775442, -2074155611, -227591810, -1432235710, 1410959759, 655965540, -1405725648, 146385717, -1871442340, 2120807211, 1625407234, -1513861080, -1779258334, -1405426660, -1051834570, 1183582759, 1176448360, 1031682995, -1900364579, -1472118241, 394939922, -605729549, -2132648186, 571581631, 1739490353, -1763844381, 72726865, -1412509384, -1202567300, -1073693613, 1765149235, -1263775428, -1628468878, 1539857624, -2106154496, 1418012355, -1228697288, -1342949980, -1733958408, -445941231, 1334541781, 1104951445, -152463758, 1223475532, 1553823825, -64619577, 1187362871, 1745745666, -538618462, 214791770, 1738699764, 1611673061, -1783813120, -222959799, -2030299336, 1734507783, -1689022265, -964582581, -1599985292, -732106206, -745630266, 417263367, -1450799903, -1703365103, 1040130109, -759802286, 1338648929, 274585271, -731389367, -1274856879, -1432580975, 1418338075, -1089156503, 308854376, 1558069424, 1487470327, 1106653193, 372923809, -1202764778, -1492170066, 1468616766, -1818568645, 1362579882, -1934607592, -1851424240, -725890273, 1072327203, 848297533, -1886957698, -2056352094, -373729442, -1534451134, 298022162, -534121962, -1022801174, 912587003, 1006989504, -1827435500, 449108614, 192305669, 484616411, 329184383, 800197728, -1766990367, -1627382881, 2077833484, -994579685, 1007510713, -1555145660, 300744824, 1786371693, 1023825719, -327450449, -1779649640, 834838014, 1047710494, 238832263, -21215061, -608954385, 1932926396, -1615722193, -2091388062, -131627128, 994033357, 885732340, 138091244, -857421916, 183222563, 1741817625, -1209098891, 1574811083, 158041482, -25779855, 1034981119, -1921837201, -664693602, -1822958646, 707360809, 1073011308, -337281944, -968793259, -1480023164, 1047931563, -22014159, 858167417, -787429094, 1589412577, 550182808, 657043112, 1881598798, -902314975, -1300744928, -665939671, -1619694091, -350771978, -1732944511, 886984807, 15763916, 1452715312, 1694346038, -1570336090, 643617231, -985659623, 1282252956, -636946411, 437950514, -542692185, -17883505, 1673173271, -1381022118, 1267434844, -854134332, 2060696400, -1382432826, -1171296692, -1060294628, 656611950, 1193604803, -2034717339, 794566782, 278118289, 1885454766, 871471426, -44035950, 1887590296, 244352151, -1324075122, 1275938238, 777119024, -1536202671, -1260940523, -1831792508, 856170379, -319105957, -457327126, -17644343, -1921685285, -1223217886, -1102281529, -688862389, -253406466, -23785475, 606455380, 1960835848, -1367923249, -120898277, -220835024, 2036003289, 1846868576, -812240548, -1885752243, 568543326, -387091976, -1768971928, -722054104, -278112432, 1821219316, -2015170068, -506224084, 1820901265, 1825229261, -63490007, -2138495167, -1445694218, -1821752160, -690368364, 530798113, 366666471, -732632136, -871244586, -922318549, 185173814, 2020844740, 986067056, -948655662, -2147240387, 1706260349, 1862110731, 212172863, -1853198904, 1870456859, -311181783, -839417920, 265400219, -2023382454, -141048199, -2115457484, 63399141, -1457856219, -520659343, 615175509, 477265257, 1646240779, 943815407, 1244856527, -987388459, 1518698118, 1763762491, -1144544856, 1394913288, 572818852, 1281593826, -902843609, -1124204902, -1158527740, -363970759, 1565466588, 236270529, 652709218, -1110718096, -1738567446, 1064514331, 635774218, -964237169, -1573197707, 74972354, 146162739, -108718278, -1937166017, 933453184, -1920069477, 1550056151, -1717159763, -1262208700, 1228139919, 180687676, -1576132199, 932520581, -518197651, -1016963711, 280211101, -1901320444, -2000298182, 1503270390, -724525282, 1001068167, -1657724217, 344826162, 1156965586, 663346661, 867886281, 1246189501, -1585448621, -932151700, 738744071, 1552029572, 40486950, 1235309849, 662668101, 1796050457, 661214118, 1680065487, -1080229467, -1192809207, -713118256, -1355206389, -117531296, 2045798419, 1505778384, 1058507146, 856557205, -918274025, -1844865739, 298911015, 1386779430, -1190713956, 1736028084, -31955391, -398464249, 1754536025, -1036378384, -13811048, -396498519, 549679659, 840705373, -1481598972, -1599652358, -1680977425, 1210824966, 1803057343, -223751993, 453092948, 251121595, -1495076006, 443621545, 206837429, -1133606253, 229099111, -1639916782, 839751633, -83904239, -916927273, 1364723365, 263561280, 142976918, 129297445, -1773621416, 878553713, 297861755, -1313599070, 1649760931, -1149076806, -1572248213, -1285469823, 2066324748, -740921479, 979184213, -2083962402, -1270911658, -722308849, 120514118, -836726580, -2126904957, -972594526, -1234456334, 2080894979, 761319449, -795888283, 998794150, 2018249532, 1401420852, -32616516, -2031905144, -1628538749, -219918026, 2115736441, -455729692, 152128413, -642988440, 2072905343, 803409367, -1406278123, 319679102, 414952350, 788631787, -320879024, -1862426705, 1440690549, 1987737069, 1686491188, 418986988, -1274940129, 292629359, 1530879237, -1966593067, 836411038, -1452744295, 136206020, -1019002223, 646453769, -939371672, 844141786, -337768501, -1914693397, 1470333740, -505201850, -94842650, 2012391430, 1006894903, -993867014, -131994268, 443668734, 967337664, -336597483, 475165889, -2005866083, -225181643, 1721747252, -370916518, -422091782, -1274002755, 741250412, -417596128, -1165059446, -1933761844, -731888702, -324381037, 574544710, 1206924943, -1856498720, 804835734, -70722620, 1028312700, 1826364710, -2059336374, 954923229, 1404627090, -553518354, 1390927633, 1034217856, -1446221090, 2043290499, 364471548, 256599842, -988060017, -303721580, 866489424, 1736677233, 2041752080, -1207242879, -1491932220, -598615992, 811535352, -540631915, -273022878, -1116006843, 1974717145, -1636117810, -1577293709, -1001354441, 794719334, 1744453601, 621247645, 1699627577, -1183844430, 266129993, 287417531, 107574060, -1065499084, 702155496, 901936916, 2021626515, 1444788174, -1352041809, -1992965503, 224014910, -1237166180, 1377501177, 1964777201, -1458890322, 223430052, -2010016064, 491780769, -327657777, 1803768449, 1862291111, 234367764, 588827210, 1384023026, 1063684716, -217405921, 379938990, -1335748453, -1151545071, 499163707, 538794293, -2145698963, -577591770, -983886123, 256191418, 1457305964, 506955271, 63428266, 637089171, -1772224615, 888689899, 163030616, -452042928, -1663642273, 1786746146, -565281965, 1227705109, 1669010242, -180663158, 1476535709, 2069149803, -1072802496, -276951337, -1508249496, 2018546464, -901354177, -716060138, -1130169756, 1083684675, -1186920965, -501519937, 1237442114, -1273932394, 97447986, 1017198501, 2077609405, 1163303604, 929807692, 37926939, -684775989, 643663520, 1287053050, 1529034007, -175357243, 1060024914, -980026813, -2023955349, 273744943, 1520932949, 814364320, 1352004454, -931269337, -1367426739, -819944172, 819032405, 388132517, 1288505821, -2045833899, 1039114008, 968657222, 488369229, -478138594, -1563002071, 2147295372, -1119432006, 1599922899, 1313002786, -668113626, 1400221595, -343435940, -1288395061, 8643038, -25911518, 697227461, 1067065793, 537443069, 2061483089, 633867071, -877481362, -1375197513, 699546131, 1279679977, 305772493, -34924893, 1160890799, 1004961269, -457301349, 1095069345, -1963807849, -2097977623, -1756617002, -48864520, -492322594, -75876787, 234276194, 1136224134, -1614479841, -1255769100, 239101415, -2041727234, 1052873774, -1195462183, -1243835276, 1590509175, 1822404964, 568522071, 1892465195, 1204096195, -700415538, -532767204, -180978222, -1694837597, 1214675139, 1555874221, 438501125, 1446080302, 770352459, -1746814734, -1707694116, 1201922987, 1058789097, -1515724848, -1971288833, -765030209, 858503300, -1461077906, 650147568, -1060767233, -1371236613, 1267425685, 1859774946, -2126712889, 189088341, 466750817, -1159372544, -591273140, -38320789, 1988486841, -403086328, 888217656, 1932175312, 717436706, 104255318, -1149509816, -1656095792, -1375685252, 519869333, 2065206941, -1453494955, 39683671, -121119310, 1192544337, 90255907, -337615898, 755767653, -860157227, -1069037237, 676363766, 1708822184, 1898171748, -1882169446, 616840283, -1780852315, -84021609, -136555811, -218132839, -1246759406, -1607254170, -1251157241, -1142357899, 1899785852, 1221437234, -1683293745, 1756604519, -93428605, -541083445, 320292466, -435018521, 1875971802, 1300929035, -469278434, -1824172955, 1946500873, 1833347392, -1298777497, 197768748, 1449737515, 238916111, 226219181, 1262844920, 1423611870, -1231693152, 1704504931, 90342291, -2054782842, -1646392756, 1033192482, 754591256, -1647767119, -265755602, 1728780893, -1707328958, 1336800301, -132947870, -940223281, -1134524327, -1672736924, -12616449, -1845420805, 714828962, -699371078, -762562805, 1223692133, -1174436699, -327684223, 1609607531, -1749872937, -768841176, -2123064309, 1528153791, 1423949500, -451681499, -1063080120, 897034717, -1661674607, -427554335, 864625302, -1153934213, -2127941410, 1193798171, 1036054011, 1147319740, -1809919698, -334395772, -695991864, -2028305935, -437278819, -2052442110, 1943462718, 546369980, -1193580164, 1818573901, -1469125140, 265614412, 1814555715, 702886622, -163857533, 1592084380, 234094071, 226512213, 642517189, 1390506551, -1066458663, -813025692, -1983511184, -789598539, 1765227672, -141549876, 1321494731, -470549088, 871419578, 1155649654, 688810513, 1433177197, -530834076, -1435237511, -261051708, -1051828413, -1040593613, -878939714, -1093679997, 231219294, 39314561, 711881972, -364558618, -1497153248, 453888661, 1117639892, -2110793705, 1046037299, 1265991439, -404604479, 468822602, -280677668, 254321980, -101533399, 1875378087, -1445792943, -476470766, -1882295111, -542861280, -506285826, -814409756, 870504719, -931388725, -1134743942, -604978142, -16821006, -675521636, -2100850193, -548699071, -619248738, -297614373, 1354006293, -748777266, -1338608952, 1217536782, -1154633250, -1663918443, -1619976203, 1176687942, -1873330403, -1736884812, -1881139207, -549950554, -155318133, -1485103243, 682331068, 886222932, 841882645, 1305554322, 961788415, -1734148463, -634480860, 509054030, -1167109574, 901146000, -1685109835, 957913462, -114892051, 2134540988, -1639320571, 1667702163, -1382503784, 102560501, -685455377, -1930112227, -464493455, 87730516, -187691613, -560577505, -1182613424, 1763880509, 501943215, 1899037361, -568406905, -1573797313, -406711387, 505389414, 911027414, 440479770, -303474740, 236900230, 1365932303, 1119376088, -448251276, 500349860, 527571728, -1612929868, 1004779169, -1285282334, 1010893317, 1187182653, 1622284538, -227841477, -972157095, -1755577163, 1742318444, -833999074, 2022212937, 260464449, -1515317482, 973336162, 110986918, 1004318051, -299951191, -884307722, 554209167, -10385032, -374012050, 1982279574, 322347562, -521157763, -1591728519, -298518956, 1219837514, -689969142, 1986793286, 1067700617, -570032295, -139214037, -508300124, -1061331326, 833851131, 1483782525, 639135747, 209416972, -1592598482, 2087984672, -1727405627, 1312621307, 2014873730, -1539236673, 1922090555, -736348088, 1761404625, -990598251, 815860782, 88779786, -1978726372, -339299637, -750906399, -2092638352, 1912170732, -1351099150, -1930071066, 703562327, -1813302898, -2106917043, -1524119899, -259058324, 975318450, -278450900, 1961806987, -62745841, -685343096, 33433357, 58079533, -347862873, 259193209, -12291627, 1296662593, -2038187905, 513941735, -1028378561, -1006703712, 1478882272, 1469007131, 886682141, 5176525, 2005120471, 1510572449, -1548117593, -731467383, -1105097761, -1473048269, -953626317, 639883942, -1796287794, -1536887831, 625217311, 495589371, -15675866, 2087227798, 2035373555, 875143405, 1295071664, 1978529185, -2032089054, -4768037, 999253028, 567664137, -1577802807, -403500854, -1491212716, 683098408, 744047900, 1397978397, 456398437, -1994872278, 1871671216, -1480850239, 478194029, 1350900013, 1147342434, 62820387, 443325176, 1649976553, 1041540830, -908323145, -1223037394, 281111496, -1955062440, -1573336274, -634902055, -1045657985, -1971990065, -294643180, 1972207842, -793284782, -194500830, -1700388095, -2093667801, -393017108, 1568109547, -161288849, -601061994, -1400364393, 1250358470, -1418829460, 332808610, -22592043, -2080719357, 1531431441, -96646262, 1047539957, 1747753886, 224314312, 489666802, -1570253766, -1365550205, 1428196635, 900220773, -1443724306, -574516720, -1931963162, -79922825, -957581299, 392963026, 1599863421, 1203029792, -499256373, -1808191763, 338798085, -178393500, -118228817, -1511985382, 1014527021, 642552584, 1092428270, -483946776, 469850045, 1586975718, -164815989, 698522472, 1057529182, -605753030, 1166760078, 2026893964, 55997094, -3719465, -526956919, -406088827, 1471680152, -1857047746, -877261680, 1885010392, -419302011, 188447768, 1888625507, -677281648, 1071966780, -269514140, 243738049, -705068671, -850123768, 1585130348, 1776657487, 1879692667, 470928150, -1682529357, -550130858, -509009978, 1936863646, 1576513400, 803917963, -2045465185, 1678279170, -2073793132, -42755301, -567760513, -32491478, 1505747633, 947192286, -1551026946, -601646643, 2049917586, -356202504, 539243674, -536269662, -533538333, 738539802, 763648228, -2076111414, -221634208, -150856758, -129089866, 1961710376, -678445580, 817115268, -1182399574, -1477676127, 220601013, -1668859003, 362143980, -786372476, -319900761, 1225844396, -214368798, 629821385, -1134513324, 1921714162, 1181234092, 837535919, -2002245675, -1573513819, -1513838820, -905597509, 56274337, 299043666, -1850756557, 1981857224, -1597955832, 700524505, -988596488, -1230103185, 533636051, 1058123804, 1676273136, -1519728249, -808438078, 2113138292, 1360609887, -1563648246, -320549961, 243669009, -1793677276, 1407467843, -1718124037, -1477491640, -2020045031, -167302928, -742721646, 246031529, 1292468770, -2105121829, -2038164866, -648748693, -666013455, 1768179864, -808079320, -1309389056, 42822455, 1239860086, 735080082, 944744615, 1374857290, 779103345, -2038664237, -1020004053, 122137087, -1459937598, -847510811, -1847967552, -1410856107, -610984476, -153925799, -1253260029, 1578484316, 756846151, 1100606770, -1842455329, 1658416100, -1417756850, 620767086, -987213899, 1812437695, 853400766, 381859548, -1861220778, -1047354199, 494315529, 503417133, 254942733, 1540441262, -212887235, -518705512, 2118682305, -1351792238, 543468339, 1749885001, 1376378127, -1746063611, -1831521288, -1818556797, -1889120166, 1896731572, 1249666206, 26795084, -1128154971, -1555149574, 180327577, -855485634, 2092424875, -1387305893, 1537357367, -2065300002, 1181143407, -1864562620, -628848666, 1861788061, 509995140, 1719819300, -1731765083, 865661545, 42474838, 1990132319, -736142755, 551612685, 1656765162, -322748137, -1038081184, -445658448, -2045006947, 1881573808, -1277255689, 679475574, 1935931559, 927765618, 1881838667, -1488361615, -880601601, -1740642311, -1131171719, 1343044213, -2081230490, -459944242, -979060131, -62657010, -399619807, -1568208556, 1108424971, -1581146919, 993832577, -1586770661, 1786339676, -940367970, 426109255, -426115995, 1196102251, 404486899, 771884902, 122792983, 412499676, -543321249, -509966595, 1797373901, -1024979797, -237209406, -1002134166, -1560431112, 552761432, 855248620, -747335124, -1670795313, 803878050, -846867747, -1172841293, 1808862185, 367029525, -166705586, -219746693, 294337933, 118846060, 1933797110, -1240216621, -29560887, 1377199216, 973786130, 309319123, 187970288, -354360830, -2031695600, -364161710, 1078090073, -1386261599, 490840403, -1391425940, -3503610, -1470166011, -1207669916, -1861305874, 977242995, 1783666453, -241922448, 363960421, -753668685, 1024794875, 1755827751, -246677018, -1115810807, 704178597, 2138623051, -290803341, -1556533517, 1298288368, -188626557, 1331420993, 629092079, 2050355582, -2143116694, 292734196, -844720029, 416104104, -1928749527, 182173208, -213427552, -2113011170, 1127693472, -1798610528, 1569766339, -1350804323, 1431611374, -1705178491, 1120662702, 253677790, -8033020, -1912710829, -1869765946, 1777076265, -1110071971, -1029814411, 1073239666, 912047332, 649267263, 371607155, -342832893, 955839241, -2034960679, -1568330334, -818925536, 816837236, 294439046, -1695604952, -737112731, -1687946815, -321070381, 237538879, 1577275706, -634779958, -802532066, -1707515822, -554207058, 1415653868, -698284837, -2029267531, -497221646, -1087405028, 1639319806, -1194729728, -1116797820, 2124642385, -1350336893, 1497662892, -1664425692, -103914724, 1292725696, 807004200, -82711346, 1900914227, 1460184759, -1464902442, -592665967, -1060308215, -756825927, 7897055, -1183191701, 516578814, -757026666, 296070034, 1740705400, 732465875, -65279184, -1059178982, -1358736713, -1064129642, -470574369, -760476067, 1737451605, 840216873, 1297019094, -14499388, -470559819, 1962519323, 1309355282, -1479611914, -622991167, 1673863666, 1957819173, -1528814308, -1857140063, -607247413, 538823500, -2056207722, 1720224731, -856544070, 41671107, 18665320, 602426051, 2116167160, -1572118978, 1170973328, 605308600, 1266068007, -1288390695, -1410114547, 760540749, -745709998, -988696187, -197947874, 2124361811, -950432228, -1886612757, -408437126, 1614616437, 1797217280, -2131787710, 1516350027, -764438323, 1124147676, -1089448850, -395017675, 1181992454, 204865749, 834180633, 2106711857, -1526045325, 428272047, -327435048, 534814257, -382254781, -942537125, -159449339, -311105811, -1105551527, -374491617, -399836424, -1574753634, -928413228, 1278264208, -210629164, 1220460286, -857900780, 104533852, 1699004130, -659507718, -8232415, 555602786, 1643039245, 1017953455, -791461263, 530193866, 137560726, 1361284859, 464096868, -736971626, 1151679280, 163328265, 1580287220, 533134752, 1926707667, -1710523655, 1321835432, 1724531756, -1390874489, 1812302703, 1846757788, 1523354454, 809161792, 1881440219, -2070968342, -1171834346, 1549361606, 265295665, -141004298, 1961628313, -483648877, 1825239128, 1491676150, 1283818152, -805375703, -192048962, -450190526, -2049249907, -1114295386, 621104330, -1786393701, -949884381, -746718870, -602825517, 1735609817, -1349811226, -1828615724, -1012504477, 1044834379, -853423914, 1391572879, -1562105662, -1410758555, 1749910198, -1210118657, 889094654, -743207516, -672137898, -1743740255, 1478570284, 397429025, -1088617524, -1576682716, -201566695, 1720774662, 834968699, -1097343492, -1345709911, 1312546198, 1527363438, 1534196174, -1535005351, 885392178, 576876547, -167165432, 1598804725, 1536202173, 1782781092, -689569050, -683950411, 148497554, 2051880729, -1671758972, -1768017748, 1369746329, 1111665483, 160431708, 1861465233, 444539573, 1295043138, 993763494, -929051540, 722875712, -524318534, 107428507, 816671383, -1433672201, -1234349500, -1981737488, -767348855, 655543403, -80656961, 2063499708, -1324689907, 13247955, 1906803912, -2484191, 411501417, 1228036375, 83760445, 734666387, 192335048, -799549872, 619996826, 1605491217, -501461597, -1936203034, 198215000, -631195807, -636385061, -375209555, 1725391748, -1177351296, -271443151, 276955343, -845903336, -331737311, -1823567356, -1815446310, -93855503, -958897277, 568399854, -519203932, 615024412, 560544881, 136184277, -2063391807, -437009382, -1928206751, 1979272895, -377981206, -1831818037, -1863290338, 801331721, 86423101, 310899878, 32773226, 886183247, 74832566, 695876698, -2004080037, 743452264, -2040864450, 2117764419, -1760713171, 981727690, 1803664565, -1053082597, 1006491359, 513095107, 2023179952, 1616148061, -1245044826, 38150129, -1071219761, 50535176, -422509599, -732286627, 659673114, 1016157347, 1378981595, 1474598169, -23310593, 1209936323, -1773672107, -445060391, -108025025, 1080481276, -373124636, -875659225, 1335630898, 958654728, -996994439, 2078506356, -734952522, -226731119, -1373593731, -834117872, -1774429860, -2037630759, 754811906, -1597903278, -733760081, 871240974, -202155291, 1559202231, -1782013624, -691171174, -1082073900, -1627236190, 1326475499, -169645869, 1279028423, -1049171286, 233674079, -475610687, 1280561958, 973489084, 1528852174, -1906506590, 1548041388, 1414958907, 207146337, 1783013468, 529748452, -10737030, 900055861, 1790886301, -282615457, -248100549, -359563197, 1992230565, -1539277708, -411269546, -2121690782, 260908504, -1467393151, -1413204240, 1712037995, 13560471, -495326116, 1753232725, 1404291286, 610142821, 157817278, 1613475675, -1391251728, 2043286549, 807819131, 222984019, 958053540, 274296110, 314998225, 1281908789, -1602549120, 2073047996, 1520034282, 1442794308, 766010481, -681590869, 1113358875, -313113473, -2085405112, -1455723662, 265381908, 1358667821, 1252037892, 951191513, -1129883373, 835746914, 2140588009, -676164851, 1364934441, -472225268, 716853265, 1762876584, -516324140, -779937547, 692183052, -633073776, -143249624, 1056687491, 412877776, -497109028, -1541944368, 1143002380, -1134895909, -1414693669, -1308726475, -214679373, -1713183222, 1500060233, 462189970, 1257021320, -995036567, -719715356, -1388127184, -2089023793, -1071870093, -987975241, 2114213496, 489516297, 963518152, 434078043, 1161077646, 856148740, 2060848114, -1612281686, 2133745675, 1920785153, -1203779801, 322415442, 521518855, -1960457417, -849009781, 1671851086, -772207942, 1948262337, -1866656843, -1070999056, -644040811, -1388944016, -714150952, 1527140060, 1729788470, 2031717952, -611607920, -1299030125, 116213821, -1288458962, 887881410, 346378507, 2019909378, 1444009981, 1030172179, 57937341, 1371266974, -1983036309, -1914768137, 778311956, -1582533527, 1117884971, 950185924, 906018173, -187856664, -1162646384, -1757271923, -1533377459, 1015599870, 494857747, -1677808783, -348722001, -1856779243, 2075633242, 360460158, 1232333546, 1179628725, -2146676912, 1962903536, -1576200385, -1713572393, 2068340595, -218064915, 964612701, 1198713576, 2130220722, -1984898689, 1184046638, -1771660866, 747749574, 602251018, -44460234, 1599097418, -43702634, -227021825, -1012518240, 511259268, -889391541, -2019961608, 1968752025, -1570622300, -1895710707, -965281023, 1974573659, -960149667, 1195767328, 916103994, -822049552, 588500450, 1267714902, -1460718994, 1661142151, -557667880, -350086099, 982466405, 1104356239, -1969959420, 1907124239, 849020232, -359884849, -968589196, -725982045, 1054968377, -1336061755, 1391993242, 1432406042, 1742876877, 1029939084, -1375429301, -42487671, -1956277326, -1428430163, 549444728, 1611453214, -950852434, -1293387677, 1818898010, 1794675946, 886094671, -989137194, -131135277, 1457425656, -412790865, 1967892947, -173908423, 1471788345, -1704161194, -1304315911, 1442145310, -813759516, 829412477, -1909566506, 1879376793, 1196576350, 147961589, -190978854, -1394857957, 2032771936, -53816146, -412465959, -1430571809, -1631735733, 880306326, -2122207668, -219189393, -2119981423, 1986548459, -99130972, 1930100126, -285128128, -607477183, -1701715235, -1101850084, 1541739740, -709661365, -1071515094, -427516984, -1783353296, -618410248, 337415964, -695989108, -494562340, 655676794, -679421205, 563498235, -280813466, 1853720561, -1074045097, 748236231, -634423262, 1492070041, 1032569652, -661051817, 2044115726, 1483524427, 1000157969, 707199403, -421150422, -654480852, 170577817, 403881262, -801717353, -475430985, -1079823780, 852824907, 1419330813, -60433122, 1525817628, -1071174078, 1577526295, -1940353052, 1198106034, -1094334941, -645567888, -1846871797, -1683711311, 197174072, -102457638, 1056965196, -2133957105, -1910911923, 1406566682, 1828453198, -1611262272, -540157225, 955534949, -1956191298, -1542872060, 363055408, -1883362681, 863589341, -625346510, -782745572, -1345543518, 1456663357, 1136652733, 1358168438, -1696112520, 1538128666, -417080373, 388794856, -1234579499, -2111273175, 2066540836, 138169440, -254591531, 906296617, 712857348, -1060617881, -1449332418, -1201619823, 2019891694, -98259716, -1266702457, 155582893, 1505542914, -2044672123, -819328167, -161992584, 1229150562, -908090592, 1445988737, 1641818319, 839378399, 116753948, -799016126, 1346710486, 1566643484, -150028854, -660288126, -1580837157, -195396086, 1983409574, -2012318146, 468556138, 1012932147, -1988095676, 1925462476, 93706295, 960024368, -1329859742, -471681312, 1209900747, -1214015049, -655602494, 776975497, -1979671475, 566608539, -1678438339, -934472650, 1176574854, 1241503939, 2058902841, -621536516, -1807231217, 600390788, -1692337071, -512149965, 1261206204, 560677441, -1120538551, -1781169806, -1123749650, -972630971, -727465100, -314304893, 2002585669, -2029429225, 1299944929, -2142870845, 533089710, -755871321, 1136067205, -262922166, -573396781, -1645369945, 1723154357, 934417753, 2137962316, -1889606245, 1087974226, -412686643, -306644550, -1783452757, 481853940, -868721632, -429450956, -427288160, 1055364004, 808456452, -297795441, 1218658814, 1255899645, -86834797, 343482942, 1183268350, -792360774, -1300704088, 1875736587, 282775745, -324662728, -1743823216, -1677303622, 1520236323, -2034777726, 1689187354, -889042043, 1989842985, 1310325929, 1560600404, -2071729902, 645558907, -1492697431, -595416222, 1204945561, -1295103566, 748870452, -441271175, 849587356, -220139357, -928911696, -1199517015, -1754771863, 1660473807, -1511299250, 457243840, -829496633, 1784423536, -1804341406, -2000050224, 837350612, -1172559555, -1323316765, 1949110071, 34937650, 1494978444, 369362333, 172811485, -1607818707, 633880139, 332857218, 2127665961, -1960876780, -280942502, 1271918815, -1187700132, -915224661, 798434599, 468345090, 199067617, 1422743214, -1025114355, -1974504414, 1833568261, 1393318692, -1090724897, 1340294726, 1926522271, 1127269786, 457886720, 1322149977, -1612249982, 1514020593, 391771002, 719904104, -1920200797, 669991285, -678703, -1818614310, 2122764573, 591385425, 1908287691, 860383187, 2064537246, -1502173195, 638466944, 1443411565, 1606131860, 1289874841, 459541950, 147614561, -1963862548, -918590450, -233995926, -1712231639, -1649700018, -1345928215, 828244394, 602180747, -501982630, 2069107834, -1161422357, -1119790356, -37289580, 652946834, -1402445339, 457824446, -565726750, -1581281275, 1312271006, 468584398, -121278992, -1515719339, 1446500389, 1032615258, -285919754, 1952610336, -1669566343, -1039867895, -2061949126, -488772415, -1654802597, 2025588817, 886100107, 963021108, 1240532524, -778604093, 1668397042, 1850981761, -1353574911, -987663551, 721519152, -666006172, -409965966, 702920378, 248684980, -1170199641, -555285145, -625792921, 1106767236, -95294706, 477824286, 1607001830, -1582449834, -724484618, 273056135, 144812735, -1004873738, -1720091634, -1122526177, -1192874672, -1437468451, -124094315, -110299907, 1885981229, 1440433133, 2125383443, -520413401, -553805385, 1370910126, 1495838420, 1628602609, 1393597765, -1322692204, -1385490581, 1485512511, -1884922914, 1962417743, -2116186124, -2119235049, 1013631319, -1999330573, -451199438, 471691060, 1985428881, 1538902674, 1735361913, -1862524305, 1602764372, -890207635, -777022969, -1607385849, -1101673013, -252128378, 1567250484, 1956286363, 1689333590, 1390650533, 1564998965, -50247855, 270994488, 1605256213, 1029878912, -894548046, -490679277, -815551822, -410140310, 1604753918, -1155350955, 1774626233, -523649158, -1949588492, 632648910, 2030237356, -727866215, 44001789, -1945993628, -488943906, -614758544, 577949031, -1122212333, -2054593840, -2098326250, 910420441, 1748057596, -1503638072, 1423227575, 2112920789, -1664118710, 946176022, -912948049, 813350780, -791202567, -995722299, -1586286846, 1142416655, 755917192, -629059649, -491626286, 427220502, 1194000017, -1761165956, -423367746, 1240080158, 1495580356, -76872255, 34381577, 453468857, 1739140483, -1001428550, -1562553619, -2098200923, -1409016242, 330936525, 1539031661, -1503918743, 707168642, -188257325, 1911191436, 937116565, 699381365, -419833504, -997358556, 698855627, 2112862100, 1442141072, -34516562, -372996301, -375923064, 369195513, 1628055222, -1405433669, -82960342, -421707773, -690817544, -1395162999, 642968137, 713255896, 1807689285, 2071736435, -892494345, -81661219, 1765699314, -212126706, 1440689591, -1583576373, 995043828, 295604695, -1115638586, -133186705, -1169347309, 1605895076, -416896495, 1652007257, -1316930127, 784051462, -65012510, 599652177, -1687606750, 1749645268, 1806855891, -1485235317, 1972571516, 1447502797, -1367663840, -1045305305, 749004160, 1133703826, 893797339, 2079876484, 1887111070, -1532400287, -1544111436, 463093515, -1284142063, 1549286779, 1248661342, -2134572161, -1613823374, 48318229, 550809576, -2002612618, 1872351618, 1732831883, -496590235, 2116768097, -543192345, -6078675, 671211318, 210051854, 795760843, -908963748, -284369345, -894169725, -1757299682, -867545574, 1161727114, 797723067, -1246256872, 722670378, -1694986210, -680209557, -540862468, 1828373869, 853332108, 1128444471, -2064043692, 1049779467, -367086875, -1130662245, -240811059, 1567875831, 1122368038, 632124239, -120903716, 980223592, 1463091145, 424528235, -1206257575, -367659148, 439326536, 1834877943, 452126005, 1595481928, 971658804, -1539921083, 694167995, -1105948544, -719050112, -1000742942, -329508061, -153745736, 38945480, 150875055, 74951824, 1121093984, -771307536, 727461196, -1829365861, 1152980268, -1604033780, 1788349441, 1223721990, -999495615, 1200852931, -306087116, 568132158, -2108634972, 1499898554, -1080530311, 1990017862, 1921822937, 512999232, 1646581065, -29414088, -383631266, 1791527813, 771921160, 693316381, -762790183, -63794258, -962399243, 1981359103, -504355437, -1992854048, 1490748008, -412953513, -2015450731, -1250667269, 893175935, -1005755677, -1225922058, -1591107492, 1921383222, -584018433, 72054262, -393470365, -1249045489, -330567636, -1276064618, 990356365, -419961458, 1435411436, 1613709751, 1714593268, 1068556073, 520194800, 87642718, -149507536, 1323725420, 1570973514, -1832442622, -805141928, -1391788250, -371784518, 1116980151, -2042127873, 2085533150, 770546745, -239113144, 1267571681, 1113863947, 53045034, 167679531, 780883558, 1295311059, 91016808, -119648480, -1936585157, 1716147458, 87476269, 261824740, 325326074, 666022353, -1804180822, 1111289024, 1909253049, -1019025304, -469327464, 1106840372, 1463744921, -2081727810, 1378885946, -619110173, 2068576296, -1565760683, 1900462027, 1665832760, 1206168001, -2037130077, -1032875171, -173330561, -1755104598, -1894933983, 826672614, -1657142170, 318950145, -264402990, -246037242, -1140722050, -1184991172, -1522435118, -94115959, 1231178941, 62341685, -1383713158, 1211945964, 325089778, -1434503359, 920056210, -1730418921, -2006666729, -604874395, 1512667624, 495832805, -1328270519, -106664633, -397169246, -1680167765, -1970959646, 1351680160, 635079085, 1798030921, -849378476, 353570399, -462062927, -782634504, -533885532, 1841366536, 573463027, 1021753983, -1339404054, -708906591, -2062562524, -1942770504, 1853624532, 1282266947, -1212128511, -1501081811, 687018393, 168168459, -1100300767, 570978534, -1832398105, -1466174752, 1139526244, 570756543, -1896238094, -108897217, -467201663, -297430961, -1386166186, 1189616225, -1700814812, 1486527696, -216805907, -181470468, -1831339267, 505907307, 1932940007, -246562969, -597642335, -31056746, 1061603551, -1553137961, 2051583136, -1270559277, -1118966860, 2031296652, 1174515362, -726017564, 108763276, -426979441, -1380771518, -1210088471, 1840960102, -305489687, -662244069, -1827805911, 681524428, -1859394330, 2129327605, -2110622804, 1402619514, -1655139269, -1271619784, -1517669119, 614604380, 2097328063, 1843343992, -1727454977, -1385325188, -981819335, 1369572892, -2122524145, 1077621025, 1347431031, 293819527, 1984452634, -278667829, 1051808194, 899489279, 18947038, -262335564, 1154904892, -1720062788, -1869616218, -2007528784, 2146387733, 698701912, -963095535, -223460232, -142843177, -199719944, -266045002, 1881763406, 1683476550, 1415616631, -2024099196, -1136990401, 1714799902, 918964879, 1683624001, 254935274, -941151961, -1015967386, 1998408017, -390651384, 384270376, 1498601779, -996653943, -1787913872, -1079857867, 1895194803, 1984749096, -1761055608, 1030336601, -27673409, -285966142, 978116024, 1255623120, 2035857521, 870372616, 1864200145, -1619774933, 592677508, 372134771, -1832266368, -1408087912, 329969716, 2004585721, -1413336509, -1783957205, -775581446, 2054345343, -1063737512, 37322177, -7962820, 327920537, 372010199, -550318938, 327235555, 1561887081, 673649865, 1631173271, 2065540988, -493391169, -234441864, 1581728429, -923326370, -1850951307, 1458980171, 851457810, 1124359372, -1214831928, 1404040556, 1625563308, 23589440, 266867142, 599818690, 1650467926, 1554722728, 327312346, 879443705, 1464528566, 1385782680, 1376090274, 1072961773, 1070300923, -1490644729, -559993559, 1093891431, 627828508, -1235819489, -1853398631, 1271244419, 837614560, 815503326, -1699040259, -64098409, -1438107639, 1182887929, 166402447, -1708581262, 1900737870, 1022992953, 1838146376, -1081624059, -1723742146, 1750620485, 2061460133, -133519255, 1872596846, -979017303, 1156512242, -385197850, 1785683030, -2077634405, -1220835195, 206388204, 483417055, -692585002, -1113376731, -665524698, 1187270736, 804539411, -1959642152, -198665906, -1878388405, 487801741, 132470540, -1212720041, 2012709795, -260068869, -586162737, -799574051, 460725487, 374038027, -1257695064, -561285045, 1974572561, 960898474, -998787470, 1102825367, -1203515217, -1340024456, -912446168, 1451609331, -253384668, 1186481241, 1718408651, 519466913, -1014021933, 1200705143, 1196624323, -361370129, 1397072298, -1637171389, 1101570140, 83306259, 2059509462, -1315264918, -1254860219, 138820687, 2114397375, 449475811, 222028685, 883294753, 1942223574, 988280097, -401449349, -324927918, -2133279654, -2053955683, -16226094, 481839631, 1506221998, 1152748796, -129551808, 645003125, 1193977466, -1357901809, 1845813919, -949519755, -714338923, -86773921, -1282737536, 1338149462, -92854626, -1615100008, 2063675413, 550147353, 1674183752, 537839854, 1392366946, 652992633, 355485864, 1127201624, -3858278, -2041249997, 297177689, 796728908, -110482743, -655949904, 2103941807, -1171299279, 314256863, -45135033, -1128528733, 2104750569, -1234305459, 838831796, 1832521012, -1893448253, 1449287164, -1692011606, 650845783, -1955836656, -811242436, 2074701505, 99548741, -335333595, 136536597, 952949430, 1252136764, -1074939054, -1395829392, -225823947, -1463041617, 2049886415, -1131514833, 524217104, -384919583, -446016833, 713714993, -1039899365, 1596478245, -396358187, -1845881331, 1882690964, 1838895564, -2055342321, -998845485, 136406524, -1081917435, -718529163, -1481202616, -1531233337, 27116605, -1259358514, -1503014657, -613309706, 874654089, -38621179, 364144996, 1132732214, 1724848302, 244694762, -1193539307, -607990633, -975784663, 1712791959, 1054546145, -206516775, -2084613765, 1551614722, -1165900676, -819328784, -1234719513, 881199866, -2138011086, 526548824, -1796609849, -1875054214, -1795606443, -1737683667, 1125736759, 886701839, 1774146129, -1723122130, 299099369, -368492453, 2042079889, -1177726521, 934747835, -1759736946, 1396398302, -2136246249, 258403455, 2085967590, -182383590, 781302121, 380415440, -1063769211, 1025814096, -1629683092, -311624118, -324459423, -186170998, -2107641064, 139187127, -1385925389, 1665244100, 519791495, 1216077188, -969475180, -1446590675, 1826909897, -85653204, -1954633793, 337569362, 1539526718, -1984061949, -142568492, 340776704, 1431058199, 811923003, -1014374960, -1458248330, -1647014964, -1978244253, 133974188, 164438640, 813580910, 155857529, -334060844, -1935096956, 1309117773, 377923342, 1340057352, -2052982380, -138518136, -735897946, 1719012557, -326028082, -400049419, 612177777, -222599337, -1746335094, 1120729744, -1899582681, -1485904777, 2014058314, 1563523745, -434799181, 914911322, 774276998, -132901743, -1247734075, -1059149173, -622977119, -2110379785]
	successes: 0
	local rejects: 0
	global rejects: 0
', src/sort.rs:192:5
error: test failed, to rerun pass '--lib'

Exit: 101
Timed out: False
